model,price,brand,chipset,memory,tdp,core_clock,raw_first_word,category,year,core_count,microarchitecture,speed,modules,cas_latency,first_word_latency,capacity,type,form_factor,interface
msi geforce rtx 3060 ventus 2x 12g,289.0,MSI,GeForce RTX 3060 12GB,12 GB,170 W,1320 MHz,MSI,GPU,2023,,,,,,,,,,
gigabyte windforce oc,581.19,Gigabyte,GeForce RTX 4070,12 GB,200 W,1920 MHz,Gigabyte,GPU,2023,,,,,,,,,,
asus rog strix gaming oc,1979.99,Asus,GeForce RTX 4090,24 GB,450 W,2235 MHz,Asus,GPU,2023,,,,,,,,,,
gigabyte windforce oc,799.99,Gigabyte,GeForce RTX 4070 Ti SUPER,16 GB,285 W,2340 MHz,Gigabyte,GPU,2023,,,,,,,,,,
asus dual oc,309.99,Asus,GeForce RTX 4060,8 GB,115 W,1830 MHz,Asus,GPU,2023,,,,,,,,,,
gigabyte gaming oc,499.0,Gigabyte,Radeon RX 7800 XT,16 GB,263 W,1295 MHz,Gigabyte,GPU,2023,,,,,,,,,,
gigabyte windforce oc,599.99,Gigabyte,GeForce RTX 4070 SUPER,12 GB,220 W,1980 MHz,Gigabyte,GPU,2023,,,,,,,,,,
asrock challenger d,189.99,ASRock,Radeon RX 6600,8 GB,132 W,1626 MHz,ASRock,GPU,2023,,,,,,,,,,
pny vcnrtx6000ada-pb,9999.0,PNY,RTX 6000 Ada Generation,48 GB,300 W,915 MHz,PNY,GPU,2023,,,,,,,,,,
xfx speedster swft 309,299.99,XFX,Radeon RX 6700 XT,12 GB,230 W,2321 MHz,XFX,GPU,2023,,,,,,,,,,
nvidia founders edition,1972.99,NVIDIA,GeForce RTX 4090,24 GB,450 W,2230 MHz,NVIDIA,GPU,2023,,,,,,,,,,
gigabyte eagle,390.99,Gigabyte,GeForce RTX 4060 Ti,8 GB,165 W,2310 MHz,Gigabyte,GPU,2023,,,,,,,,,,
asus rog strix gaming oc,2029.0,Asus,GeForce RTX 4090,24 GB,450 W,2235 MHz,Asus,GPU,2023,,,,,,,,,,
gigabyte aero oc,319.99,Gigabyte,GeForce RTX 4060,8 GB,115 W,1830 MHz,Gigabyte,GPU,2023,,,,,,,,,,
xfx speedster swft 210 core,219.99,XFX,Radeon RX 6650 XT,8 GB,180 W,2055 MHz,XFX,GPU,2023,,,,,,,,,,
asus tuf gaming,999.99,Asus,GeForce RTX 4080 SUPER,16 GB,320 W,2210 MHz,Asus,GPU,2023,,,,,,,,,,
gigabyte eagle,199.99,Gigabyte,Radeon RX 6600,8 GB,132 W,1626 MHz,Gigabyte,GPU,2023,,,,,,,,,,
xfx speedster merc 310 black edition,926.77,XFX,Radeon RX 7900 XTX,24 GB,355 W,2300 MHz,XFX,GPU,2023,,,,,,,,,,
asus dual oc,609.0,Asus,GeForce RTX 4070 SUPER,12 GB,220 W,1980 MHz,Asus,GPU,2023,,,,,,,,,,
gigabyte gaming oc,409.99,Gigabyte,Radeon RX 7700 XT,12 GB,245 W,1700 MHz,Gigabyte,GPU,2023,,,,,,,,,,
xfx gts xxx,129.99,XFX,Radeon RX 580,8 GB,185 W,1366 MHz,XFX,GPU,2023,,,,,,,,,,
xfx speedster swft 319,369.99,XFX,Radeon RX 6800,16 GB,250 W,1700 MHz,XFX,GPU,2023,,,,,,,,,,
msi ventus 2x black oc,293.0,MSI,GeForce RTX 4060,8 GB,115 W,1830 MHz,MSI,GPU,2023,,,,,,,,,,
gigabyte windforce oc,299.99,Gigabyte,GeForce RTX 4060,8 GB,115 W,1830 MHz,Gigabyte,GPU,2023,,,,,,,,,,
sapphire pulse,689.99,Sapphire,Radeon RX 7900 XT,20 GB,331 W,2000 MHz,Sapphire,GPU,2023,,,,,,,,,,
asus dual oc,609.99,Asus,GeForce RTX 4070,12 GB,200 W,2520 MHz,Asus,GPU,2023,,,,,,,,,,
msi rtx 3060 ventus 3x 12g oc,299.0,MSI,GeForce RTX 3060 12GB,12 GB,170 W,1320 MHz,MSI,GPU,2023,,,,,,,,,,
asus tuf gaming oc,849.99,Asus,GeForce RTX 4070 Ti SUPER,16 GB,285 W,2340 MHz,Asus,GPU,2023,,,,,,,,,,
asrock challenger oc,399.99,ASRock,Radeon RX 7700 XT,12 GB,245 W,1700 MHz,ASRock,GPU,2023,,,,,,,,,,
asus rog matrix platinum,4699.0,Asus,GeForce RTX 4090,24 GB,450 W,2670 MHz,Asus,GPU,2023,,,,,,,,,,
asus dual oc,569.99,Asus,GeForce RTX 4070,12 GB,200 W,2520 MHz,Asus,GPU,2023,,,,,,,,,,
xfx speedster qick 319 core,309.99,XFX,Radeon RX 6750 XT,12 GB,250 W,2150 MHz,XFX,GPU,2023,,,,,,,,,,
asus dual oc,384.99,Asus,GeForce RTX 4060 Ti,8 GB,165 W,2310 MHz,Asus,GPU,2023,,,,,,,,,,
zotac gaming trinity,1112.44,Zotac,GeForce RTX 4080 SUPER,16 GB,320 W,2210 MHz,Zotac,GPU,2023,,,,,,,,,,
msi ventus 3x oc,1029.99,MSI,GeForce RTX 4080 SUPER,16 GB,320 W,2210 MHz,MSI,GPU,2023,,,,,,,,,,
sapphire pulse,509.99,Sapphire,Radeon RX 7800 XT,16 GB,266 W,1295 MHz,Sapphire,GPU,2023,,,,,,,,,,
gigabyte gaming oc,549.99,Gigabyte,Radeon RX 7900 GRE,16 GB,260 W,1270 MHz,Gigabyte,GPU,2023,,,,,,,,,,
gigabyte gaming oc,329.99,Gigabyte,Radeon RX 7600 XT,16 GB,190 W,1720 MHz,Gigabyte,GPU,2023,,,,,,,,,,
gigabyte aero oc,659.99,Gigabyte,GeForce RTX 4070 SUPER,12 GB,220 W,1980 MHz,Gigabyte,GPU,2023,,,,,,,,,,
zotac gaming trinity oc,789.99,Zotac,GeForce RTX 4070 Ti SUPER,16 GB,285 W,2340 MHz,Zotac,GPU,2023,,,,,,,,,,
gigabyte windforce v2,1192.0,Gigabyte,GeForce RTX 4080 SUPER,16 GB,320 W,2210 MHz,Gigabyte,GPU,2023,,,,,,,,,,
sapphire nitro+,999.99,Sapphire,Radeon RX 7900 XTX,24 GB,420 W,2300 MHz,Sapphire,GPU,2023,,,,,,,,,,
sapphire pure,524.99,Sapphire,Radeon RX 7800 XT,16 GB,270 W,1295 MHz,Sapphire,GPU,2023,,,,,,,,,,
nvidia founders edition,495.0,NVIDIA,GeForce RTX 3060 Ti,8 GB,200 W,1410 MHz,NVIDIA,GPU,2023,,,,,,,,,,
asus tuf gaming oc,1779.99,Asus,GeForce RTX 4090,24 GB,450 W,2235 MHz,Asus,GPU,2023,,,,,,,,,,
gigabyte gaming oc,1799.99,Gigabyte,GeForce RTX 4090,24 GB,450 W,2235 MHz,Gigabyte,GPU,2023,,,,,,,,,,
sapphire pulse,899.99,Sapphire,Radeon RX 7900 XTX,24 GB,370 W,2300 MHz,Sapphire,GPU,2023,,,,,,,,,,
asrock challenger oc,479.99,ASRock,Radeon RX 7800 XT,16 GB,263 W,1295 MHz,ASRock,GPU,2023,,,,,,,,,,
asus proart oc,1129.99,Asus,GeForce RTX 4080 SUPER,16 GB,320 W,2210 MHz,Asus,GPU,2023,,,,,,,,,,
sapphire pulse,389.99,Sapphire,Radeon RX 7700 XT,12 GB,230 W,1700 MHz,Sapphire,GPU,2023,,,,,,,,,,
msi ventus 2x oc,179.99,MSI,GeForce RTX 3050 6GB,6 GB,70 W,1040 MHz,MSI,GPU,2023,,,,,,,,,,
powercolor fighter,199.99,PowerColor,Radeon RX 6600,8 GB,132 W,1626 MHz,PowerColor,GPU,2023,,,,,,,,,,
nvidia founders edition,703.99,NVIDIA,GeForce RTX 4070,12 GB,200 W,1920 MHz,NVIDIA,GPU,2023,,,,,,,,,,
asus rog strix gaming oc,1299.99,Asus,GeForce RTX 4080 SUPER,16 GB,320 W,2210 MHz,Asus,GPU,2023,,,,,,,,,,
gigabyte gaming oc rev 2.0,537.98,Gigabyte,GeForce RTX 3070 LHR,8 GB,220 W,1500 MHz,Gigabyte,GPU,2023,,,,,,,,,,
xfx speedster swft 210,199.99,XFX,Radeon RX 6600,8 GB,132 W,1626 MHz,XFX,GPU,2023,,,,,,,,,,
zotac twin edge,589.99,Zotac,GeForce RTX 4070 SUPER,12 GB,220 W,1980 MHz,Zotac,GPU,2023,,,,,,,,,,
sapphire pulse,269.99,Sapphire,Radeon RX 7600,8 GB,185 W,1720 MHz,Sapphire,GPU,2023,,,,,,,,,,
asus tuf gaming oc,1099.99,Asus,GeForce RTX 4080 SUPER,16 GB,320 W,2210 MHz,Asus,GPU,2023,,,,,,,,,,
zotac gaming trinity,799.99,Zotac,GeForce RTX 4070 Ti SUPER,16 GB,285 W,2340 MHz,Zotac,GPU,2023,,,,,,,,,,
sapphire pulse,539.99,Sapphire,Radeon RX 7900 GRE,16 GB,268 W,1270 MHz,Sapphire,GPU,2023,,,,,,,,,,
gigabyte windforce oc,801.36,Gigabyte,GeForce RTX 4070 Ti,12 GB,285 W,2310 MHz,Gigabyte,GPU,2023,,,,,,,,,,
asus dual geforce rtx 3060 v2 oc edition,299.99,Asus,GeForce RTX 3060 12GB,12 GB,170 W,1320 MHz,Asus,GPU,2023,,,,,,,,,,
msi ventus 2x black oc,449.99,MSI,GeForce RTX 4060 Ti,16 GB,165 W,2310 MHz,MSI,GPU,2023,,,,,,,,,,
asus rog strix gaming oc,1249.99,Asus,GeForce RTX 4080 SUPER,16 GB,320 W,2210 MHz,Asus,GPU,2023,,,,,,,,,,
zotac gaming trinity oc,1009.99,Zotac,GeForce RTX 4080 SUPER,16 GB,320 W,2210 MHz,Zotac,GPU,2023,,,,,,,,,,
asrock phantom gaming oc,689.99,ASRock,Radeon RX 7900 XT,20 GB,300 W,2000 MHz,ASRock,GPU,2023,,,,,,,,,,
xfx speedster qick 319 core,499.99,XFX,Radeon RX 7800 XT,16 GB,263 W,1295 MHz,XFX,GPU,2023,,,,,,,,,,
asus dual,692.75,Asus,GeForce RTX 4070,12 GB,200 W,2475 MHz,Asus,GPU,2023,,,,,,,,,,
xfx rx-79gmercb9,540.53,XFX,Radeon RX 7900 GRE,16 GB,260 W,1270 MHz,XFX,GPU,2023,,,,,,,,,,
sapphire pure,429.99,Sapphire,Radeon RX 7700 XT,12 GB,240 W,1700 MHz,Sapphire,GPU,2023,,,,,,,,,,
pny verto oc,989.99,PNY,GeForce RTX 4080 SUPER,16 GB,320 W,2210 MHz,PNY,GPU,2023,,,,,,,,,,
powercolor hellhound oc,622.03,PowerColor,Radeon RX 7800 XT,16 GB,263 W,1295 MHz,PowerColor,GPU,2023,,,,,,,,,,
gigabyte aero oc,879.99,Gigabyte,GeForce RTX 4070 Ti SUPER,16 GB,285 W,2340 MHz,Gigabyte,GPU,2023,,,,,,,,,,
msi ventus 3x oc,629.99,MSI,GeForce RTX 4070 SUPER,12 GB,220 W,1980 MHz,MSI,GPU,2023,,,,,,,,,,
msi gaming x slim,845.0,MSI,GeForce RTX 4070 Ti SUPER,16 GB,285 W,2340 MHz,MSI,GPU,2023,,,,,,,,,,
asrock phantom gaming oc,699.99,ASRock,Radeon RX 7900 XT,20 GB,300 W,2000 MHz,ASRock,GPU,2023,,,,,,,,,,
asus tuf gaming,2099.98,Asus,GeForce RTX 4090,24 GB,450 W,2235 MHz,Asus,GPU,2023,,,,,,,,,,
msi suprim liquid x,1749.99,MSI,GeForce RTX 4090,24 GB,450 W,2235 MHz,MSI,GPU,2023,,,,,,,,,,
msi ventus 2x oc,299.0,MSI,GeForce RTX 4060,8 GB,115 W,1830 MHz,MSI,GPU,2023,,,,,,,,,,
gigabyte eagle oc,304.99,Gigabyte,GeForce RTX 4060,8 GB,115 W,1830 MHz,Gigabyte,GPU,2023,,,,,,,,,,
gigabyte aero oc,427.99,Gigabyte,GeForce RTX 4060 Ti,8 GB,165 W,2310 MHz,Gigabyte,GPU,2023,,,,,,,,,,
asrock challenger d oc,229.99,ASRock,Radeon RX 6600 XT,8 GB,160 W,1968 MHz,ASRock,GPU,2023,,,,,,,,,,
gigabyte aero oc,1149.99,Gigabyte,GeForce RTX 4080 SUPER,16 GB,320 W,2210 MHz,Gigabyte,GPU,2023,,,,,,,,,,
msi gaming x slim,700.47,MSI,GeForce RTX 4070,12 GB,215 W,1920 MHz,MSI,GPU,2023,,,,,,,,,,
gigabyte aero oc,1849.72,Gigabyte,GeForce RTX 4090,24 GB,450 W,2520 MHz,Gigabyte,GPU,2023,,,,,,,,,,
asus proart oc,509.99,Asus,GeForce RTX 4060 Ti,16 GB,165 W,2310 MHz,Asus,GPU,2023,,,,,,,,,,
asus tuf gaming oc,879.99,Asus,GeForce RTX 4070 Ti SUPER,16 GB,285 W,2340 MHz,Asus,GPU,2023,,,,,,,,,,
xfx speedster swft 210 core,259.99,XFX,Radeon RX 7600,8 GB,165 W,1875 MHz,XFX,GPU,2023,,,,,,,,,,
asus dual oc,619.99,Asus,GeForce RTX 4070 SUPER,12 GB,220 W,1980 MHz,Asus,GPU,2023,,,,,,,,,,
sapphire nitro+,539.99,Sapphire,Radeon RX 7800 XT,16 GB,288 W,1295 MHz,Sapphire,GPU,2023,,,,,,,,,,
msi ventus xs oc,299.89,MSI,GeForce GTX 1660 SUPER,6 GB,125 W,1530 MHz,MSI,GPU,2023,,,,,,,,,,
gigabyte gaming oc,1099.99,Gigabyte,GeForce RTX 4080 SUPER,16 GB,320 W,2210 MHz,Gigabyte,GPU,2023,,,,,,,,,,
asrock challenger,224.99,ASRock,Radeon RX 6600,8 GB,132 W,1626 MHz,ASRock,GPU,2023,,,,,,,,,,
evga ftw3 ultra gaming,739.99,EVGA,GeForce RTX 3080 10GB,10 GB,320 W,1440 MHz,EVGA,GPU,2023,,,,,,,,,,
zotac gaming twin edge oc,319.99,Zotac,GeForce RTX 4060,8 GB,115 W,1830 MHz,Zotac,GPU,2023,,,,,,,,,,
msi ventus 2x xs oc,199.99,MSI,GeForce RTX 3050 8GB,8 GB,115 W,1550 MHz,MSI,GPU,2023,,,,,,,,,,
asrock challenger pro oc,329.99,ASRock,Radeon RX 6750 XT,12 GB,250 W,2150 MHz,ASRock,GPU,2023,,,,,,,,,,
pny verto oc,799.99,PNY,GeForce RTX 4070 Ti SUPER,16 GB,285 W,2340 MHz,PNY,GPU,2023,,,,,,,,,,
asus dual oc,179.99,Asus,GeForce RTX 3050 6GB,6 GB,70 W,1040 MHz,Asus,GPU,2023,,,,,,,,,,
sapphire pure,549.99,Sapphire,Radeon RX 7900 GRE,16 GB,275 W,1270 MHz,Sapphire,GPU,2023,,,,,,,,,,
msi ventus 2x oc,259.0,MSI,GeForce RTX 3060 8GB,8 GB,170 W,1320 MHz,MSI,GPU,2023,,,,,,,,,,
nvidia founders edition,1329.99,NVIDIA,GeForce RTX 4080,16 GB,320 W,2210 MHz,NVIDIA,GPU,2023,,,,,,,,,,
asus dual v2,224.98,Asus,Radeon RX 6600,8 GB,132 W,1626 MHz,Asus,GPU,2023,,,,,,,,,,
gigabyte gaming oc,599.99,Gigabyte,GeForce RTX 4070 SUPER,12 GB,220 W,1980 MHz,Gigabyte,GPU,2023,,,,,,,,,,
msi gaming trio classic,1029.99,MSI,Radeon RX 7900 XTX,24 GB,355 W,2300 MHz,MSI,GPU,2023,,,,,,,,,,
gigabyte gaming oc,309.99,Gigabyte,GeForce RTX 4060,8 GB,115 W,1830 MHz,Gigabyte,GPU,2023,,,,,,,,,,
asrock challenger d oc,199.99,ASRock,Radeon RX 5700 XT,8 GB,225 W,1650 MHz,ASRock,GPU,2023,,,,,,,,,,
asrock taichi oc,1289.99,ASRock,Radeon RX 7900 XTX,24 GB,355 W,2300 MHz,ASRock,GPU,2023,,,,,,,,,,
zotac gaming twin edge oc,584.99,Zotac,GeForce RTX 4070 SUPER,12 GB,220 W,1980 MHz,Zotac,GPU,2023,,,,,,,,,,
gigabyte gaming oc rev 2.0,385.47,Gigabyte,GeForce RTX 3060 12GB,12 GB,170 W,1320 MHz,Gigabyte,GPU,2023,,,,,,,,,,
asus tuf gaming oc,999.99,Asus,GeForce RTX 4070 Ti,12 GB,285 W,2310 MHz,Asus,GPU,2023,,,,,,,,,,
gigabyte gaming oc,919.99,Gigabyte,Radeon RX 7900 XTX,24 GB,355 W,2300 MHz,Gigabyte,GPU,2023,,,,,,,,,,
msi geforce rtx 2060 ventus gp oc,329.0,MSI,GeForce RTX 2060,6 GB,160 W,1365 MHz,MSI,GPU,2023,,,,,,,,,,
asus dual oc,339.99,Asus,Radeon RX 7600 XT,16 GB,190 W,1720 MHz,Asus,GPU,2023,,,,,,,,,,
asus phoenix oc,215.43,Asus,GeForce GTX 1650 G6,4 GB,75 W,1410 MHz,Asus,GPU,2023,,,,,,,,,,
xfx speedster merc 310,710.54,XFX,Radeon RX 7900 XT,20 GB,300 W,2000 MHz,XFX,GPU,2023,,,,,,,,,,
asrock challenger oc,164.99,ASRock,Arc A580,8 GB,175 W,1700 MHz,ASRock,GPU,2023,,,,,,,,,,
gigabyte aero oc,514.99,Gigabyte,GeForce RTX 4060 Ti,16 GB,165 W,2310 MHz,Gigabyte,GPU,2023,,,,,,,,,,
asus tuf gaming oc,700.09,Asus,Radeon RX 7800 XT,16 GB,263 W,1295 MHz,Asus,GPU,2023,,,,,,,,,,
gigabyte windforce v2,1999.0,Gigabyte,GeForce RTX 4090,24 GB,450 W,2235 MHz,Gigabyte,GPU,2023,,,,,,,,,,
asus tuf gaming oc,649.99,Asus,GeForce RTX 4070,12 GB,200 W,2550 MHz,Asus,GPU,2023,,,,,,,,,,
xfx speedster merc 310 black edition,729.99,XFX,Radeon RX 7900 XT,20 GB,300 W,2000 MHz,XFX,GPU,2023,,,,,,,,,,
nvidia founders edition,969.99,NVIDIA,GeForce RTX 3080 Ti,12 GB,350 W,1370 MHz,NVIDIA,GPU,2023,,,,,,,,,,
msi gaming x slim,619.99,MSI,GeForce RTX 4070 SUPER,12 GB,220 W,1980 MHz,MSI,GPU,2023,,,,,,,,,,
gigabyte windforce oc,449.99,Gigabyte,GeForce RTX 4060 Ti,16 GB,165 W,2310 MHz,Gigabyte,GPU,2023,,,,,,,,,,
asus tuf gaming oc,1069.99,Asus,Radeon RX 7900 XTX,24 GB,355 W,2300 MHz,Asus,GPU,2023,,,,,,,,,,
xfx speedster qick 319 core,294.99,XFX,Radeon RX 6750 XT,12 GB,250 W,2150 MHz,XFX,GPU,2023,,,,,,,,,,
gigabyte eagle oc,799.99,Gigabyte,GeForce RTX 4070 Ti SUPER,16 GB,285 W,2340 MHz,Gigabyte,GPU,2023,,,,,,,,,,
intel limited edition,239.99,Intel,Arc A750,8 GB,225 W,2050 MHz,Intel,GPU,2023,,,,,,,,,,
gigabyte windforce oc rev 2.0,294.99,Gigabyte,GeForce RTX 3060 12GB,12 GB,170 W,1320 MHz,Gigabyte,GPU,2023,,,,,,,,,,
acer predator bifrost oc,299.99,Acer,Arc A770,16 GB,225 W,2200 MHz,Acer,GPU,2023,,,,,,,,,,
msi rtx 4090 gaming slim 24g,1799.99,MSI,GeForce RTX 4090,24 GB,450 W,2235 MHz,MSI,GPU,2023,,,,,,,,,,
sapphire pulse,339.99,Sapphire,Radeon RX 7600 XT,16 GB,190 W,1720 MHz,Sapphire,GPU,2023,,,,,,,,,,
asrock challenger oc,539.99,ASRock,Radeon RX 7900 GRE,16 GB,260 W,1270 MHz,ASRock,GPU,2023,,,,,,,,,,
sapphire pulse,133.44,Sapphire,Radeon RX 550 - 512,4 GB,65 W,1100 MHz,Sapphire,GPU,2023,,,,,,,,,,
sapphire nitro+,599.99,Sapphire,Radeon RX 7900 GRE,16 GB,295 W,1270 MHz,Sapphire,GPU,2023,,,,,,,,,,
msi gaming x trio,1819.99,MSI,GeForce RTX 4090,24 GB,450 W,2235 MHz,MSI,GPU,2023,,,,,,,,,,
msi ventus 2x oc,544.99,MSI,GeForce RTX 4070,12 GB,200 W,1920 MHz,MSI,GPU,2023,,,,,,,,,,
msi gaming x slim,1313.99,MSI,GeForce RTX 4080 SUPER,16 GB,320 W,2210 MHz,MSI,GPU,2023,,,,,,,,,,
xfx speedster merc 319 black,509.99,XFX,Radeon RX 7800 XT,16 GB,263 W,1295 MHz,XFX,GPU,2023,,,,,,,,,,
msi ventus 2x oc,599.99,MSI,GeForce RTX 4070 SUPER,12 GB,220 W,1980 MHz,MSI,GPU,2023,,,,,,,,,,
pny rtx a-series,4539.99,PNY,RTX A6000,48 GB,300 W,1455 MHz,PNY,GPU,2023,,,,,,,,,,
nvidia 9001g4112520001,214.99,NVIDIA,GeForce GTX 1070,8 GB,150 W,1506 MHz,NVIDIA,GPU,2023,,,,,,,,,,
asus dual oc,309.99,Asus,GeForce RTX 4060,8 GB,115 W,1830 MHz,Asus,GPU,2023,,,,,,,,,,
asrock steel legend oc,689.99,ASRock,Radeon RX 7800 XT,16 GB,263 W,1295 MHz,ASRock,GPU,2023,,,,,,,,,,
asrock phantom gaming d oc,139.99,ASRock,Radeon RX 6500 XT,4 GB,107 W,2365 MHz,ASRock,GPU,2023,,,,,,,,,,
msi gt 710 2gd3h lp,62.53,MSI,GeForce GT 710,2 GB,19 W,954 MHz,MSI,GPU,2023,,,,,,,,,,
asrock phantom gaming oc,929.99,ASRock,Radeon RX 7900 XTX,24 GB,355 W,2300 MHz,ASRock,GPU,2023,,,,,,,,,,
sapphire pulse,199.99,Sapphire,Radeon RX 6600,8 GB,140 W,1626 MHz,Sapphire,GPU,2023,,,,,,,,,,
msi gt 710 2gd3 lp,49.0,MSI,GeForce GT 710,2 GB,19 W,954 MHz,MSI,GPU,2023,,,,,,,,,,
powercolor fighter,329.99,PowerColor,Radeon RX 7600 XT,16 GB,190 W,1720 MHz,PowerColor,GPU,2023,,,,,,,,,,
asus rog strix gaming oc,949.99,Asus,GeForce RTX 4070 Ti SUPER,16 GB,285 W,2340 MHz,Asus,GPU,2023,,,,,,,,,,
asus dual oc,499.99,Asus,Radeon RX 7800 XT,16 GB,263 W,1295 MHz,Asus,GPU,2023,,,,,,,,,,
zotac twin edge oc,289.99,Zotac,GeForce RTX 4060,8 GB,115 W,1830 MHz,Zotac,GPU,2023,,,,,,,,,,
msi gaming x,319.99,MSI,GeForce RTX 4060,8 GB,115 W,1830 MHz,MSI,GPU,2023,,,,,,,,,,
msi suprim x,2384.81,MSI,GeForce RTX 4090,24 GB,450 W,2235 MHz,MSI,GPU,2023,,,,,,,,,,
msi ventus 3x oc,781.33,MSI,GeForce RTX 4070 Ti,12 GB,285 W,2310 MHz,MSI,GPU,2023,,,,,,,,,,
msi d6 ventus xs ocv3,154.99,MSI,GeForce GTX 1650 G6,4 GB,90 W,1410 MHz,MSI,GPU,2023,,,,,,,,,,
zotac gaming twin edge,879.99,Zotac,GeForce RTX 3060 12GB,12 GB,170 W,1320 MHz,Zotac,GPU,2023,,,,,,,,,,
powercolor hellhound oc,579.99,PowerColor,Radeon RX 7900 GRE,16 GB,260 W,1270 MHz,PowerColor,GPU,2023,,,,,,,,,,
msi geforce rtx 3080 ventus 3x 10g oc,844.99,MSI,GeForce RTX 3080 10GB,10 GB,320 W,1440 MHz,MSI,GPU,2023,,,,,,,,,,
evga ftw3 ultra gaming,656.02,EVGA,GeForce RTX 3070 Ti,8 GB,290 W,1575 MHz,EVGA,GPU,2023,,,,,,,,,,
gigabyte gaming oc,809.99,Gigabyte,GeForce RTX 4070 Ti SUPER,16 GB,285 W,2340 MHz,Gigabyte,GPU,2023,,,,,,,,,,
gigabyte eagle oc,629.99,Gigabyte,GeForce RTX 4070 SUPER,12 GB,220 W,1980 MHz,Gigabyte,GPU,2023,,,,,,,,,,
powercolor hellhound,729.99,PowerColor,Radeon RX 7900 XT,20 GB,300 W,2000 MHz,PowerColor,GPU,2023,,,,,,,,,,
xfx speedster swft 210,319.99,XFX,Radeon RX 7600 XT,16 GB,190 W,1720 MHz,XFX,GPU,2023,,,,,,,,,,
msi gaming x slim,1859.0,MSI,GeForce RTX 4090,24 GB,450 W,2235 MHz,MSI,GPU,2023,,,,,,,,,,
zotac gaming solo,363.79,Zotac,GeForce RTX 4060,8 GB,115 W,1830 MHz,Zotac,GPU,2023,,,,,,,,,,
asus proart oc,859.99,Asus,GeForce RTX 4070 Ti SUPER,16 GB,285 W,2340 MHz,Asus,GPU,2023,,,,,,,,,,
gigabyte aorus xtreme waterforce,1999.99,Gigabyte,GeForce RTX 4090,24 GB,450 W,2235 MHz,Gigabyte,GPU,2023,,,,,,,,,,
msi ventus 3x oc,829.99,MSI,GeForce RTX 4070 Ti SUPER,16 GB,285 W,2340 MHz,MSI,GPU,2023,,,,,,,,,,
msi expert,1069.99,MSI,GeForce RTX 4080 SUPER,16 GB,320 W,2210 MHz,MSI,GPU,2023,,,,,,,,,,
asrock challenger oc,279.99,ASRock,Arc A770,16 GB,225 W,2100 MHz,ASRock,GPU,2023,,,,,,,,,,
asrock steel legend oc,269.99,ASRock,Radeon RX 7600,8 GB,165 W,1720 MHz,ASRock,GPU,2023,,,,,,,,,,
msi suprim x,1199.99,MSI,GeForce RTX 4080 SUPER,16 GB,320 W,2210 MHz,MSI,GPU,2023,,,,,,,,,,
msi ventus 2x oc,619.99,MSI,GeForce RTX 4070 SUPER,12 GB,220 W,1980 MHz,MSI,GPU,2023,,,,,,,,,,
gigabyte gaming oc,259.99,Gigabyte,Radeon RX 7600,8 GB,165 W,1720 MHz,Gigabyte,GPU,2023,,,,,,,,,,
asrock intel arc a380 challenger itx,109.99,ASRock,Arc A380,6 GB,75 W,2250 MHz,ASRock,GPU,2023,,,,,,,,,,
asus dual oc,399.99,Asus,GeForce RTX 4060 Ti,8 GB,165 W,2310 MHz,Asus,GPU,2023,,,,,,,,,,
nvidia founders edition,1525.99,NVIDIA,GeForce RTX 3090 Ti,24 GB,450 W,1560 MHz,NVIDIA,GPU,2023,,,,,,,,,,
msi ventus 2x black oc,379.99,MSI,GeForce RTX 4060 Ti,8 GB,160 W,2310 MHz,MSI,GPU,2023,,,,,,,,,,
asus tuf gaming og oc,1779.99,Asus,GeForce RTX 4090,24 GB,450 W,2235 MHz,Asus,GPU,2023,,,,,,,,,,
asus tuf gaming oc,329.99,Asus,GeForce GTX 1660 SUPER,6 GB,125 W,1530 MHz,Asus,GPU,2023,,,,,,,,,,
gigabyte oc low profile,319.99,Gigabyte,GeForce RTX 4060,8 GB,115 W,1830 MHz,Gigabyte,GPU,2023,,,,,,,,,,
zotac gaming trinity oc,829.99,Zotac,GeForce RTX 4070 Ti,12 GB,285 W,2310 MHz,Zotac,GPU,2023,,,,,,,,,,
asus gt730-4h-sl-2gd5,115.4,Asus,GeForce GT 730,2 GB,49 W,902 MHz,Asus,GPU,2023,,,,,,,,,,
gigabyte gaming oc,589.99,Gigabyte,GeForce RTX 4070,12 GB,200 W,1920 MHz,Gigabyte,GPU,2023,,,,,,,,,,
msi ventus 3x oc,399.0,MSI,GeForce RTX 4060 Ti,8 GB,160 W,2310 MHz,MSI,GPU,2023,,,,,,,,,,
gigabyte gaming oc,749.99,Gigabyte,Radeon RX 7900 XT,20 GB,300 W,2000 MHz,Gigabyte,GPU,2023,,,,,,,,,,
powercolor hellhound spectral,579.99,PowerColor,Radeon RX 7800 XT,16 GB,263 W,1295 MHz,PowerColor,GPU,2023,,,,,,,,,,
asus tuf gaming oc,659.99,Asus,GeForce RTX 4070 SUPER,12 GB,220 W,1980 MHz,Asus,GPU,2023,,,,,,,,,,
msi ventus 3x oc,479.99,MSI,GeForce RTX 4060 Ti,16 GB,165 W,2310 MHz,MSI,GPU,2023,,,,,,,,,,
msi geforce rtx 2070 super ventus gp oc,679.0,MSI,GeForce RTX 2070 SUPER,8 GB,235 W,1605 MHz,MSI,GPU,2023,,,,,,,,,,
asrock taichi oc,969.99,ASRock,Radeon RX 7900 XTX,24 GB,355 W,2300 MHz,ASRock,GPU,2023,,,,,,,,,,
evga ftw3 ultra gaming,1369.95,EVGA,GeForce RTX 3090,24 GB,350 W,1395 MHz,EVGA,GPU,2023,,,,,,,,,,
powercolor fighter oc,420.69,PowerColor,Radeon RX 7700 XT,12 GB,245 W,1700 MHz,PowerColor,GPU,2023,,,,,,,,,,
asus dual,609.99,Asus,GeForce RTX 4070 SUPER,12 GB,220 W,1980 MHz,Asus,GPU,2023,,,,,,,,,,
xfx speedster merc 319 core,479.99,XFX,Radeon RX 6800 XT,16 GB,300 W,1825 MHz,XFX,GPU,2023,,,,,,,,,,
asus tuf gaming oc,577.82,Asus,GeForce RTX 3070,8 GB,220 W,1500 MHz,Asus,GPU,2023,,,,,,,,,,
asus dual oc v2,279.99,Asus,Radeon RX 7600,8 GB,165 W,1720 MHz,Asus,GPU,2023,,,,,,,,,,
asrock steel legend oc,569.99,ASRock,Radeon RX 7900 GRE,16 GB,260 W,1270 MHz,ASRock,GPU,2023,,,,,,,,,,
asus strix gaming,599.0,Asus,GeForce GTX 1080 Ti,11 GB,250 W,1493 MHz,Asus,GPU,2023,,,,,,,,,,
asus tuf gaming oc,799.99,Asus,Radeon RX 7900 XT,20 GB,300 W,2000 MHz,Asus,GPU,2023,,,,,,,,,,
powercolor red devil oc,559.99,PowerColor,Radeon RX 7800 XT,16 GB,263 W,1295 MHz,PowerColor,GPU,2023,,,,,,,,,,
msi ventus 3x e oc,1999.99,MSI,GeForce RTX 4090,24 GB,450 W,2235 MHz,MSI,GPU,2023,,,,,,,,,,
powercolor red devil,1239.99,PowerColor,Radeon RX 7900 XTX,24 GB,355 W,2300 MHz,PowerColor,GPU,2023,,,,,,,,,,
powercolor fighter,249.99,PowerColor,Radeon RX 6650 XT,8 GB,180 W,2055 MHz,PowerColor,GPU,2023,,,,,,,,,,
asus tuf gaming oc,379.99,Asus,Radeon RX 7600 XT,16 GB,190 W,1720 MHz,Asus,GPU,2023,,,,,,,,,,
gigabyte aero oc v2,809.99,Gigabyte,GeForce RTX 4070 Ti,12 GB,285 W,2310 MHz,Gigabyte,GPU,2023,,,,,,,,,,
msi ventus 2x oc,549.99,MSI,GeForce RTX 4070,12 GB,200 W,1920 MHz,MSI,GPU,2023,,,,,,,,,,
asrock phantom gaming d oc,499.99,ASRock,Radeon RX 6800 XT,16 GB,300 W,1825 MHz,ASRock,GPU,2023,,,,,,,,,,
gigabyte aorus master,1199.99,Gigabyte,GeForce RTX 4080 SUPER,16 GB,320 W,2210 MHz,Gigabyte,GPU,2023,,,,,,,,,,
gigabyte gaming oc,559.0,Gigabyte,GeForce RTX 3070,8 GB,220 W,1500 MHz,Gigabyte,GPU,2023,,,,,,,,,,
pny verto,439.99,PNY,GeForce RTX 4060 Ti,16 GB,165 W,2310 MHz,PNY,GPU,2023,,,,,,,,,,
nvidia founders edition,353.22,NVIDIA,GeForce RTX 2060 SUPER,8 GB,175 W,1470 MHz,NVIDIA,GPU,2023,,,,,,,,,,
powercolor fighter oc,529.99,PowerColor,Radeon RX 7900 GRE,16 GB,260 W,1270 MHz,PowerColor,GPU,2023,,,,,,,,,,
evga ftw3 ultra gaming,487.54,EVGA,GeForce RTX 3070,8 GB,220 W,1500 MHz,EVGA,GPU,2023,,,,,,,,,,
msi ventus 3x oc,395.99,MSI,GeForce RTX 3060 Ti LHR,8 GB,200 W,1410 MHz,MSI,GPU,2023,,,,,,,,,,
asus dual evo oc,599.99,Asus,GeForce RTX 4070 SUPER,12 GB,220 W,1980 MHz,Asus,GPU,2023,,,,,,,,,,
msi ventus 3x,799.99,MSI,GeForce RTX 4070 Ti SUPER,16 GB,285 W,2340 MHz,MSI,GPU,2023,,,,,,,,,,
asus dual advanced,449.99,Asus,GeForce RTX 4060 Ti,16 GB,165 W,2310 MHz,Asus,GPU,2023,,,,,,,,,,
sapphire 21330-01-20g,479.99,Sapphire,Radeon RX 7800 XT,16 GB,263 W,1295 MHz,Sapphire,GPU,2023,,,,,,,,,,
pny xlr8 gaming verto epic-x rgb oc,1019.99,PNY,GeForce RTX 4080 SUPER,16 GB,320 W,2210 MHz,PNY,GPU,2023,,,,,,,,,,
zotac gaming twin edge oc,449.0,Zotac,GeForce RTX 3070,8 GB,220 W,1500 MHz,Zotac,GPU,2023,,,,,,,,,,
gigabyte gaming oc,616.53,Gigabyte,GeForce RTX 4060 Ti,16 GB,165 W,2310 MHz,Gigabyte,GPU,2023,,,,,,,,,,
asus rog strix gaming,2049.98,Asus,GeForce RTX 4090,24 GB,450 W,2235 MHz,Asus,GPU,2023,,,,,,,,,,
evga ftw3 ultra gaming le icx3,975.0,EVGA,GeForce RTX 3080 Ti,12 GB,350 W,1365 MHz,EVGA,GPU,2023,,,,,,,,,,
pny verto,1729.99,PNY,GeForce RTX 4090,24 GB,450 W,2235 MHz,PNY,GPU,2023,,,,,,,,,,
powercolor fighter oc,509.99,PowerColor,Radeon RX 7800 XT,16 GB,263 W,1295 MHz,PowerColor,GPU,2023,,,,,,,,,,
gigabyte aero oc,859.99,Gigabyte,GeForce RTX 4070,12 GB,200 W,1920 MHz,Gigabyte,GPU,2023,,,,,,,,,,
pny verto,559.45,PNY,GeForce RTX 4070,12 GB,200 W,1920 MHz,PNY,GPU,2023,,,,,,,,,,
sapphire pulse,139.99,Sapphire,Radeon RX 6500 XT,4 GB,130 W,2310 MHz,Sapphire,GPU,2023,,,,,,,,,,
asus rog strix oc,387.13,Asus,GeForce RTX 4060,8 GB,115 W,1830 MHz,Asus,GPU,2023,,,,,,,,,,
powercolor hellhound spectral,1399.0,PowerColor,Radeon RX 7900 XTX,24 GB,355 W,2300 MHz,PowerColor,GPU,2023,,,,,,,,,,
msi gaming x,289.0,MSI,GeForce GTX 1660 SUPER,6 GB,125 W,1530 MHz,MSI,GPU,2023,,,,,,,,,,
sapphire pulse,529.0,Sapphire,Radeon RX 6700 XT,12 GB,230 W,2321 MHz,Sapphire,GPU,2023,,,,,,,,,,
asus dual oc,439.99,Asus,Radeon RX 7700 XT,12 GB,245 W,1700 MHz,Asus,GPU,2023,,,,,,,,,,
msi gaming x slim,1069.99,MSI,GeForce RTX 4080,16 GB,320 W,2205 MHz,MSI,GPU,2023,,,,,,,,,,
msi ventus 3x oc,599.99,MSI,GeForce RTX 3070 Ti,8 GB,290 W,1575 MHz,MSI,GPU,2023,,,,,,,,,,
zotac gaming twin edge oc,314.99,Zotac,GeForce RTX 3060 12GB,12 GB,170 W,1320 MHz,Zotac,GPU,2023,,,,,,,,,,
evga xc3 ultra gaming,494.02,EVGA,GeForce RTX 3070,8 GB,220 W,1500 MHz,EVGA,GPU,2023,,,,,,,,,,
evga xc gaming,397.0,EVGA,GeForce RTX 3060 12GB,12 GB,170 W,1320 MHz,EVGA,GPU,2023,,,,,,,,,,
msi ventus 2x oc,861.25,MSI,GeForce RTX 4070 Ti SUPER,16 GB,285 W,2340 MHz,MSI,GPU,2023,,,,,,,,,,
asrock challenger d,199.99,ASRock,Arc A750,8 GB,225 W,2200 MHz,ASRock,GPU,2023,,,,,,,,,,
gigabyte aorus master,1899.99,Gigabyte,GeForce RTX 4090,24 GB,450 W,2235 MHz,Gigabyte,GPU,2023,,,,,,,,,,
xfx speedster qick 308 black,269.99,XFX,Radeon RX 7600,8 GB,165 W,1875 MHz,XFX,GPU,2023,,,,,,,,,,
msi geforce gtx 1650 super,379.0,MSI,GeForce GTX 1650 SUPER,4 GB,100 W,1530 MHz,MSI,GPU,2023,,,,,,,,,,
asus dual oc,799.99,Asus,GeForce RTX 4070 Ti SUPER,16 GB,285 W,2340 MHz,Asus,GPU,2023,,,,,,,,,,
msi ventus 3x oc,1166.89,MSI,GeForce RTX 4080,16 GB,320 W,2205 MHz,MSI,GPU,2023,,,,,,,,,,
gigabyte windforce oc,438.2,Gigabyte,GeForce RTX 3060 12GB,12 GB,170 W,1320 MHz,Gigabyte,GPU,2023,,,,,,,,,,
asus noctua oc,1349.99,Asus,GeForce RTX 4080 SUPER,16 GB,320 W,2210 MHz,Asus,GPU,2023,,,,,,,,,,
asus rog strix gaming oc,749.0,Asus,GeForce RTX 4070 SUPER,12 GB,220 W,1980 MHz,Asus,GPU,2023,,,,,,,,,,
gigabyte windforce oc,390.99,Gigabyte,GeForce RTX 4060 Ti,8 GB,165 W,2310 MHz,Gigabyte,GPU,2023,,,,,,,,,,
asus phoenix oc,243.0,Asus,GeForce GTX 1660 SUPER,6 GB,125 W,1530 MHz,Asus,GPU,2023,,,,,,,,,,
zotac gaming twin edge oc,631.46,Zotac,GeForce RTX 4070,12 GB,200 W,1920 MHz,Zotac,GPU,2023,,,,,,,,,,
xfx speedster merc 319,569.99,XFX,Radeon RX 6950 XT,16 GB,335 W,2009 MHz,XFX,GPU,2023,,,,,,,,,,
asus tuf gaming oc,905.0,Asus,GeForce RTX 4070 Ti,12 GB,285 W,2310 MHz,Asus,GPU,2023,,,,,,,,,,
msi gaming trio,1879.99,MSI,GeForce RTX 4090,24 GB,450 W,2235 MHz,MSI,GPU,2023,,,,,,,,,,
asus tuf gaming oc,615.0,Asus,GeForce RTX 3060 Ti,8 GB,200 W,1410 MHz,Asus,GPU,2023,,,,,,,,,,
asus dual,279.0,Asus,Radeon RX 6600,8 GB,132 W,1626 MHz,Asus,GPU,2023,,,,,,,,,,
msi ventus 2x oc,795.99,MSI,GeForce RTX 4070 Ti SUPER,16 GB,285 W,2340 MHz,MSI,GPU,2023,,,,,,,,,,
msi gaming x slim,626.43,MSI,GeForce RTX 4060 Ti,16 GB,165 W,2310 MHz,MSI,GPU,2023,,,,,,,,,,
gigabyte gaming oc,799.01,Gigabyte,GeForce RTX 3070 Ti,8 GB,290 W,1575 MHz,Gigabyte,GPU,2023,,,,,,,,,,
asus dual oc,499.0,Asus,GeForce RTX 4060 Ti,16 GB,165 W,2310 MHz,Asus,GPU,2023,,,,,,,,,,
evga sc ultra gaming,210.0,EVGA,GeForce GTX 1660,6 GB,120 W,1530 MHz,EVGA,GPU,2023,,,,,,,,,,
asus proart oc,579.99,Asus,GeForce RTX 4070,12 GB,200 W,1920 MHz,Asus,GPU,2023,,,,,,,,,,
pny verto,319.99,PNY,GeForce RTX 3060 Ti LHR,8 GB,200 W,1410 MHz,PNY,GPU,2023,,,,,,,,,,
gigabyte gaming oc,399.99,Gigabyte,Radeon RX 5700 XT,8 GB,225 W,1650 MHz,Gigabyte,GPU,2023,,,,,,,,,,
asrock low profile,104.99,ASRock,Arc A380,6 GB,75 W,2000 MHz,ASRock,GPU,2023,,,,,,,,,,
msi ventus 2x oc,749.99,MSI,GeForce RTX 4070 Ti,12 GB,285 W,2310 MHz,MSI,GPU,2023,,,,,,,,,,
powercolor hellhound oc,829.99,PowerColor,Radeon RX 7900 XT,20 GB,300 W,2000 MHz,PowerColor,GPU,2023,,,,,,,,,,
gigabyte oc,380.0,Gigabyte,GeForce GTX 1660 Ti,6 GB,120 W,1500 MHz,Gigabyte,GPU,2023,,,,,,,,,,
asrock challenger oc,259.99,ASRock,Radeon RX 7600,8 GB,165 W,1720 MHz,ASRock,GPU,2023,,,,,,,,,,
gigabyte gaming oc,799.99,Gigabyte,GeForce RTX 4070 Ti,12 GB,285 W,2310 MHz,Gigabyte,GPU,2023,,,,,,,,,,
sparkle orc oc,179.99,Sparkle,Arc A580,8 GB,175 W,1700 MHz,Sparkle,GPU,2023,,,,,,,,,,
gigabyte eagle oc,167.0,Gigabyte,GeForce RTX 3050 6GB,6 GB,70 W,1040 MHz,Gigabyte,GPU,2023,,,,,,,,,,
msi rx 6600 xt mech 2x 8g oc,433.78,MSI,Radeon RX 6600 XT,8 GB,160 W,1968 MHz,MSI,GPU,2023,,,,,,,,,,
sparkle titan oc,319.99,Sparkle,Arc A770,16 GB,225 W,2100 MHz,Sparkle,GPU,2023,,,,,,,,,,
asus dual oc,530.65,Asus,GeForce RTX 3060 Ti,8 GB,200 W,1410 MHz,Asus,GPU,2023,,,,,,,,,,
asus dual oc,449.0,Asus,GeForce RTX 3060 12GB,12 GB,170 W,1320 MHz,Asus,GPU,2023,,,,,,,,,,
asrock phantom gaming oc,299.99,ASRock,Arc A770,16 GB,225 W,2100 MHz,ASRock,GPU,2023,,,,,,,,,,
msi rtx 3070 gaming x trio,550.66,MSI,GeForce RTX 3070,8 GB,240 W,1500 MHz,MSI,GPU,2023,,,,,,,,,,
asrock phantom gaming oc,519.99,ASRock,Radeon RX 7800 XT,16 GB,263 W,1295 MHz,ASRock,GPU,2023,,,,,,,,,,
asus strix gaming oc,979.0,Asus,GeForce RTX 2080 Ti,11 GB,250 W,1350 MHz,Asus,GPU,2023,,,,,,,,,,
msi gaming x,409.99,MSI,GeForce RTX 4060 Ti,8 GB,160 W,2310 MHz,MSI,GPU,2023,,,,,,,,,,
msi gaming x trio,1587.0,MSI,GeForce RTX 4080,16 GB,320 W,2205 MHz,MSI,GPU,2023,,,,,,,,,,
gigabyte gaming oc,259.99,Gigabyte,GeForce RTX 3050 8GB,8 GB,130 W,1550 MHz,Gigabyte,GPU,2023,,,,,,,,,,
pny xlr8 gaming verto epic-x rgb oc,1779.99,PNY,GeForce RTX 4090,24 GB,450 W,2230 MHz,PNY,GPU,2023,,,,,,,,,,
nvidia founders edition,746.96,NVIDIA,GeForce RTX 2070 SUPER,8 GB,215 W,1605 MHz,NVIDIA,GPU,2023,,,,,,,,,,
pny xlr8 gaming verto epic-x rgb,389.99,PNY,GeForce RTX 4060 Ti,8 GB,160 W,2310 MHz,PNY,GPU,2023,,,,,,,,,,
zotac gaming trinity oc,1089.99,Zotac,GeForce RTX 3090,24 GB,350 W,1395 MHz,Zotac,GPU,2023,,,,,,,,,,
zotac gaming twin edge,480.72,Zotac,GeForce RTX 4060 Ti,8 GB,160 W,2310 MHz,Zotac,GPU,2023,,,,,,,,,,
asus rog strix lc gaming oc,3458.49,Asus,GeForce RTX 4090,24 GB,450 W,2235 MHz,Asus,GPU,2023,,,,,,,,,,
msi lp oc,179.99,MSI,GeForce RTX 3050 6GB,6 GB,70 W,1040 MHz,MSI,GPU,2023,,,,,,,,,,
xfx speedster swft 210 core,229.99,XFX,Radeon RX 6650 XT,8 GB,180 W,2055 MHz,XFX,GPU,2023,,,,,,,,,,
asus dual,512.43,Asus,GeForce GTX 1060 6GB,6 GB,120 W,1594 MHz,Asus,GPU,2023,,,,,,,,,,
asus rog strix gaming oc,699.99,Asus,GeForce RTX 4070,12 GB,200 W,1920 MHz,Asus,GPU,2023,,,,,,,,,,
evga sc2,485.0,EVGA,GeForce GTX 1080 Ti,11 GB,250 W,1556 MHz,EVGA,GPU,2023,,,,,,,,,,
asus tuf gaming oc,439.99,Asus,GeForce RTX 4060 Ti,8 GB,165 W,2310 MHz,Asus,GPU,2023,,,,,,,,,,
msi gaming x,252.45,MSI,GeForce GTX 1660 Ti,6 GB,120 W,1500 MHz,MSI,GPU,2023,,,,,,,,,,
msi rx 580 8g,260.0,MSI,Radeon RX 580,8 GB,185 W,1257 MHz,MSI,GPU,2023,,,,,,,,,,
asus rog strix-gtx1070-o8g-gaming,599.97,Asus,GeForce GTX 1070,8 GB,150 W,1632 MHz,Asus,GPU,2023,,,,,,,,,,
asrock challenger itx,124.99,ASRock,Radeon RX 6400,4 GB,53 W,1923 MHz,ASRock,GPU,2023,,,,,,,,,,
gigabyte gv-n1030d4-2gl,64.98,Gigabyte,GeForce GT 1030 DDR4,2 GB,30 W,1151 MHz,Gigabyte,GPU,2023,,,,,,,,,,
powercolor red dragon oc,698.0,PowerColor,Radeon RX 6800 XT,16 GB,300 W,1825 MHz,PowerColor,GPU,2023,,,,,,,,,,
asus gt1030-2g-csm,89.99,Asus,GeForce GT 1030,2 GB,30 W,1266 MHz,Asus,GPU,2023,,,,,,,,,,
gigabyte gaming oc,409.99,Gigabyte,GeForce RTX 4060 Ti,8 GB,165 W,2310 MHz,Gigabyte,GPU,2023,,,,,,,,,,
asus strix gaming oc,1489.95,Asus,GeForce RTX 3090,24 GB,350 W,1395 MHz,Asus,GPU,2023,,,,,,,,,,
asus rog strix gaming,1949.99,Asus,GeForce RTX 4090,24 GB,450 W,2235 MHz,Asus,GPU,2023,,,,,,,,,,
gigabyte aorus master,899.99,Gigabyte,GeForce RTX 4070 Ti SUPER,16 GB,285 W,2340 MHz,Gigabyte,GPU,2023,,,,,,,,,,
asus rog strix gaming oc,1599.99,Asus,GeForce RTX 4080,16 GB,320 W,2205 MHz,Asus,GPU,2023,,,,,,,,,,
pny xlr8 gaming verto epic-x rgb oc,829.99,PNY,GeForce RTX 4070 Ti SUPER,16 GB,285 W,2340 MHz,PNY,GPU,2023,,,,,,,,,,
asus proart oc,849.99,Asus,GeForce RTX 4070 Ti,12 GB,285 W,2310 MHz,Asus,GPU,2023,,,,,,,,,,
msi mech 2x oc,299.99,MSI,Radeon RX 6650 XT,8 GB,175 W,2055 MHz,MSI,GPU,2023,,,,,,,,,,
asrock challenger d oc,139.0,ASRock,Radeon RX 5500 XT,4 GB,130 W,1685 MHz,ASRock,GPU,2023,,,,,,,,,,
sapphire nitro+,850.99,Sapphire,Radeon RX 7900 XT,20 GB,368 W,2000 MHz,Sapphire,GPU,2023,,,,,,,,,,
msi gaming x slim mlg,609.99,MSI,GeForce RTX 4070 SUPER,12 GB,245 W,1980 MHz,MSI,GPU,2023,,,,,,,,,,
zotac gaming amp,229.99,Zotac,GeForce GTX 1660 SUPER,6 GB,125 W,1530 MHz,Zotac,GPU,2023,,,,,,,,,,
gigabyte aero oc,1469.99,Gigabyte,GeForce RTX 4080,16 GB,320 W,2205 MHz,Gigabyte,GPU,2023,,,,,,,,,,
gigabyte oc low profile,176.0,Gigabyte,GeForce RTX 3050 6GB,6 GB,70 W,1040 MHz,Gigabyte,GPU,2023,,,,,,,,,,
asus rog strix gaming oc,1299.95,Asus,GeForce RTX 3080 Ti,12 GB,350 W,1365 MHz,Asus,GPU,2023,,,,,,,,,,
asus dual oc,482.58,Asus,GeForce RTX 3070,8 GB,220 W,1500 MHz,Asus,GPU,2023,,,,,,,,,,
asus tuf gaming,999.9,Asus,GeForce RTX 4070 Ti,12 GB,285 W,2310 MHz,Asus,GPU,2023,,,,,,,,,,
asus dual evo oc,309.99,Asus,GeForce RTX 4060,8 GB,115 W,1830 MHz,Asus,GPU,2023,,,,,,,,,,
msi d3h lp,46.9,MSI,GeForce GT 710,1 GB,19 W,954 MHz,MSI,GPU,2023,,,,,,,,,,
powercolor fighter,269.99,PowerColor,Radeon RX 7600,8 GB,165 W,1720 MHz,PowerColor,GPU,2023,,,,,,,,,,
asrock low profile,99.99,ASRock,Arc A310,4 GB,30 W,2000 MHz,ASRock,GPU,2023,,,,,,,,,,
acer predator bifrost oc,199.99,Acer,Arc A750,8 GB,250 W,2050 MHz,Acer,GPU,2023,,,,,,,,,,
zotac gaming amp holo,869.99,Zotac,GeForce RTX 4070 Ti SUPER,16 GB,285 W,2340 MHz,Zotac,GPU,2023,,,,,,,,,,
msi gaming x slim,869.0,MSI,GeForce RTX 4070 Ti SUPER,16 GB,285 W,2340 MHz,MSI,GPU,2023,,,,,,,,,,
sapphire nitro+,550.02,Sapphire,Radeon RX 7700 XT,12 GB,252 W,1700 MHz,Sapphire,GPU,2023,,,,,,,,,,
msi gaming x trio,699.99,MSI,GeForce RTX 3070 Ti,8 GB,310 W,1575 MHz,MSI,GPU,2023,,,,,,,,,,
msi ventus xs ocv1,159.99,MSI,GeForce GTX 1650 G6,4 GB,75 W,1410 MHz,MSI,GPU,2023,,,,,,,,,,
gigabyte gaming oc,1229.27,Gigabyte,GeForce RTX 3080 Ti,12 GB,350 W,1365 MHz,Gigabyte,GPU,2023,,,,,,,,,,
asrock phantom gaming d,139.9,ASRock,Radeon RX 570,4 GB,150 W,1168 MHz,ASRock,GPU,2023,,,,,,,,,,
asus tuf gaming oc v2,469.99,Asus,GeForce RTX 3060 12GB,12 GB,170 W,1320 MHz,Asus,GPU,2023,,,,,,,,,,
asus rog strix oc eva-02,5024.6,Asus,GeForce RTX 4090,24 GB,450 W,2235 MHz,Asus,GPU,2023,,,,,,,,,,
msi gaming x,246.11,MSI,GeForce GTX 1050 Ti,4 GB,75 W,1290 MHz,MSI,GPU,2023,,,,,,,,,,
inno3d twin x2,346.7,Inno3D,GeForce RTX 3060 12GB,12 GB,170 W,1320 MHz,Inno3D,GPU,2023,,,,,,,,,,
asus tuf gaming oc v2,929.0,Asus,GeForce RTX 3080 10GB LHR,10 GB,320 W,1440 MHz,Asus,GPU,2023,,,,,,,,,,
asus rog strix gaming oc,1649.9,Asus,GeForce RTX 4080,16 GB,320 W,2205 MHz,Asus,GPU,2023,,,,,,,,,,
zotac gaming amp extreme airo,2995.0,Zotac,GeForce RTX 4090,24 GB,450 W,2235 MHz,Zotac,GPU,2023,,,,,,,,,,
msi gaming x trio,1044.5,MSI,GeForce RTX 4070 Ti,12 GB,285 W,2310 MHz,MSI,GPU,2023,,,,,,,,,,
pny verto,384.99,PNY,GeForce RTX 4060 Ti,8 GB,160 W,2310 MHz,PNY,GPU,2023,,,,,,,,,,
gigabyte windforce 2x oc,549.99,Gigabyte,GeForce RTX 4070,12 GB,200 W,2475 MHz,Gigabyte,GPU,2023,,,,,,,,,,
gigabyte windforce,2149.0,Gigabyte,GeForce RTX 4090,24 GB,450 W,2235 MHz,Gigabyte,GPU,2023,,,,,,,,,,
gigabyte gaming oc v2,1003.21,Gigabyte,GeForce RTX 4070 Ti,12 GB,285 W,2310 MHz,Gigabyte,GPU,2023,,,,,,,,,,
asrock phantom gaming oc,449.99,ASRock,Radeon RX 7700 XT,12 GB,245 W,1700 MHz,ASRock,GPU,2023,,,,,,,,,,
zotac gaming twin edge,541.85,Zotac,GeForce RTX 4060 Ti,16 GB,165 W,2310 MHz,Zotac,GPU,2023,,,,,,,,,,
msi gaming x,499.99,MSI,GeForce GTX 1070,8 GB,150 W,1506 MHz,MSI,GPU,2023,,,,,,,,,,
msi geforce rtx 3090 ti gaming x trio 24g,1545.95,MSI,GeForce RTX 3090 Ti,24 GB,450 W,1560 MHz,MSI,GPU,2023,,,,,,,,,,
evga black gaming,1213.99,EVGA,GeForce RTX 2080 SUPER,8 GB,250 W,1650 MHz,EVGA,GPU,2023,,,,,,,,,,
asus tuf gaming oc,439.99,Asus,Radeon RX 7700 XT,12 GB,245 W,1700 MHz,Asus,GPU,2023,,,,,,,,,,
powercolor red devil,599.54,PowerColor,Radeon RX 6700 XT,12 GB,230 W,2321 MHz,PowerColor,GPU,2023,,,,,,,,,,
msi gaming x slim,779.99,MSI,GeForce RTX 4070 Ti,12 GB,285 W,2310 MHz,MSI,GPU,2023,,,,,,,,,,
powercolor hellhound sakura oc,599.99,PowerColor,Radeon RX 7800 XT,16 GB,263 W,1295 MHz,PowerColor,GPU,2023,,,,,,,,,,
nvidia founders edition,978.0,NVIDIA,GeForce RTX 2080 Ti,11 GB,260 W,1350 MHz,NVIDIA,GPU,2023,,,,,,,,,,
sapphire nitro+,459.0,Sapphire,Radeon RX 580,8 GB,225 W,1257 MHz,Sapphire,GPU,2023,,,,,,,,,,
msi ventus 2x e oc,694.92,MSI,GeForce RTX 4070,12 GB,200 W,1920 MHz,MSI,GPU,2023,,,,,,,,,,
zotac gaming twin edge oc,419.99,Zotac,GeForce RTX 4060 Ti,8 GB,160 W,2310 MHz,Zotac,GPU,2023,,,,,,,,,,
evga xc3 ultra gaming,607.95,EVGA,GeForce RTX 3070 Ti,8 GB,290 W,1575 MHz,EVGA,GPU,2023,,,,,,,,,,
pny vcqrtx8000-pb,3599.96,PNY,Quadro RTX 8000,48 GB,295 W,1395 MHz,PNY,GPU,2023,,,,,,,,,,
xfx speedster swft 319,469.99,XFX,Radeon RX 6800 XT,16 GB,300 W,1825 MHz,XFX,GPU,2023,,,,,,,,,,
asus dual oc,330.71,Asus,GeForce RTX 3050 8GB,8 GB,130 W,1550 MHz,Asus,GPU,2023,,,,,,,,,,
asus rog strix gaming oc,949.99,Asus,GeForce RTX 3070 Ti,8 GB,290 W,1575 MHz,Asus,GPU,2023,,,,,,,,,,
asus proart oc,669.99,Asus,GeForce RTX 4070 SUPER,12 GB,220 W,1980 MHz,Asus,GPU,2023,,,,,,,,,,
msi ventus 2x oc,489.9,MSI,GeForce RTX 3060 Ti,8 GB,200 W,1410 MHz,MSI,GPU,2023,,,,,,,,,,
asus rog strix white oc,1509.0,Asus,GeForce RTX 3090,24 GB,350 W,1395 MHz,Asus,GPU,2023,,,,,,,,,,
asrock steel legend oc,551.39,ASRock,Radeon RX 7700 XT,12 GB,245 W,1700 MHz,ASRock,GPU,2023,,,,,,,,,,
zotac gaming trinity oc,1307.48,Zotac,GeForce RTX 3080 Ti,12 GB,350 W,1365 MHz,Zotac,GPU,2023,,,,,,,,,,
pny rtx a-series,949.99,PNY,RTX A4000,16 GB,140 W,735 MHz,PNY,GPU,2023,,,,,,,,,,
gigabyte d6 oc rev 2.0,186.41,Gigabyte,GeForce GTX 1650 G6,4 GB,75 W,1410 MHz,Gigabyte,GPU,2023,,,,,,,,,,
asus rog strix gaming,1494.99,Asus,GeForce RTX 4080 SUPER,16 GB,320 W,2210 MHz,Asus,GPU,2023,,,,,,,,,,
evga ftw3 ultra gaming,1549.95,EVGA,GeForce RTX 3090 Ti,24 GB,450 W,1560 MHz,EVGA,GPU,2023,,,,,,,,,,
msi mech 2x oc,189.99,MSI,Radeon RX 6500 XT,4 GB,107 W,2310 MHz,MSI,GPU,2023,,,,,,,,,,
zotac gaming twin fan,227.99,Zotac,GeForce GTX 1660,6 GB,120 W,1530 MHz,Zotac,GPU,2023,,,,,,,,,,
zotac trinity black edition,649.99,Zotac,GeForce RTX 4070 SUPER,12 GB,220 W,1980 MHz,Zotac,GPU,2023,,,,,,,,,,
pny verto,259.99,PNY,GeForce RTX 3060 8GB,8 GB,170 W,1320 MHz,PNY,GPU,2023,,,,,,,,,,
asus dual evo,225.69,Asus,GeForce RTX 2060,6 GB,160 W,1395 MHz,Asus,GPU,2023,,,,,,,,,,
sparkle elf,139.99,Sparkle,Arc A380,6 GB,75 W,2000 MHz,Sparkle,GPU,2023,,,,,,,,,,
gigabyte gv-n1030oc-2gi,117.26,Gigabyte,GeForce GT 1030,2 GB,30 W,1290 MHz,Gigabyte,GPU,2023,,,,,,,,,,
pny xlr8 gaming verto epic-x rgb oc,629.99,PNY,GeForce RTX 4070 SUPER,12 GB,220 W,1980 MHz,PNY,GPU,2023,,,,,,,,,,
zotac gaming trinity oc,1110.0,Zotac,GeForce RTX 3080 10GB,10 GB,320 W,1440 MHz,Zotac,GPU,2023,,,,,,,,,,
powercolor red devil oc,699.97,PowerColor,Radeon RX 6800 XT,16 GB,300 W,1825 MHz,PowerColor,GPU,2023,,,,,,,,,,
asus dual evo oc,343.95,Asus,GeForce RTX 2060,6 GB,160 W,1365 MHz,Asus,GPU,2023,,,,,,,,,,
pny rtx a-series,609.92,PNY,RTX A2000 12GB,12 GB,70 W,562 MHz,PNY,GPU,2023,,,,,,,,,,
palit dual,696.49,Palit,GeForce RTX 4070 SUPER,12 GB,220 W,1980 MHz,Palit,GPU,2023,,,,,,,,,,
asus rog strix,598.99,Asus,GeForce GTX 1080,8 GB,180 W,1670 MHz,Asus,GPU,2023,,,,,,,,,,
gigabyte eagle oc,868.82,Gigabyte,GeForce RTX 4070,12 GB,200 W,1920 MHz,Gigabyte,GPU,2023,,,,,,,,,,
pny verto,499.99,PNY,GeForce RTX 3070 Ti,8 GB,290 W,1575 MHz,PNY,GPU,2023,,,,,,,,,,
amd 100-300000074,3709.03,AMD,Radeon PRO W7900,48 GB,295 W,1855 MHz,AMD,GPU,2023,,,,,,,,,,
asus dual evo oc,607.16,Asus,GeForce RTX 4070,12 GB,200 W,1920 MHz,Asus,GPU,2023,,,,,,,,,,
zotac gaming trinity oc,2279.0,Zotac,GeForce RTX 4090,24 GB,450 W,2235 MHz,Zotac,GPU,2023,,,,,,,,,,
gigabyte eagle oc,409.99,Gigabyte,GeForce RTX 4060 Ti,8 GB,165 W,2310 MHz,Gigabyte,GPU,2023,,,,,,,,,,
evga sc gaming,269.0,EVGA,GeForce RTX 2060,6 GB,160 W,1365 MHz,EVGA,GPU,2023,,,,,,,,,,
galax ex gamer,549.97,GALAX,GeForce RTX 4070,12 GB,200 W,1920 MHz,GALAX,GPU,2023,,,,,,,,,,
asus proart oc,364.99,Asus,GeForce RTX 4060,8 GB,115 W,1830 MHz,Asus,GPU,2023,,,,,,,,,,
asus dual oc,594.32,Asus,Radeon RX 6750 XT,12 GB,250 W,2150 MHz,Asus,GPU,2023,,,,,,,,,,
xfx speedster swft 210,399.99,XFX,Radeon RX 6600 XT,8 GB,160 W,2092 MHz,XFX,GPU,2023,,,,,,,,,,
msi radeon rx 6900 xt gaming x trio 16g,1017.8,MSI,Radeon RX 6900 XT,16 GB,300 W,1825 MHz,MSI,GPU,2023,,,,,,,,,,
zotac gaming amp extreme airo,1199.99,Zotac,GeForce RTX 4080 SUPER,16 GB,320 W,2210 MHz,Zotac,GPU,2023,,,,,,,,,,
msi geforce rtx 3090 gaming x trio 24g,1325.99,MSI,GeForce RTX 3090,24 GB,350 W,1395 MHz,MSI,GPU,2023,,,,,,,,,,
zotac twin edge oc,559.99,Zotac,GeForce RTX 4070,12 GB,200 W,1920 MHz,Zotac,GPU,2023,,,,,,,,,,
msi mech 2x oc,504.04,MSI,Radeon RX 6700 XT,12 GB,230 W,2321 MHz,MSI,GPU,2023,,,,,,,,,,
gigabyte aorus master,583.12,Gigabyte,GeForce RTX 3070,8 GB,220 W,1500 MHz,Gigabyte,GPU,2023,,,,,,,,,,
evga dt gaming,699.0,EVGA,GeForce GTX 1080 Ti,11 GB,250 W,1480 MHz,EVGA,GPU,2023,,,,,,,,,,
evga ftw acx 2.0+,319.0,EVGA,GeForce GTX 960,2 GB,120 W,1304 MHz,EVGA,GPU,2023,,,,,,,,,,
pny xlr8 gaming overclocked edition,1989.0,PNY,GeForce RTX 2080 Ti,11 GB,250 W,1350 MHz,PNY,GPU,2023,,,,,,,,,,
asus dual,700.0,Asus,GeForce RTX 2060,6 GB,160 W,1365 MHz,Asus,GPU,2023,,,,,,,,,,
gainward phoenix,1729.9,Gainward,GeForce RTX 4070 Ti,12 GB,285 W,2310 MHz,Gainward,GPU,2023,,,,,,,,,,
asus gt730-sl-1gd3-brk,138.02,Asus,GeForce GT 730,1 GB,49 W,902 MHz,Asus,GPU,2023,,,,,,,,,,
amd firepro w9000,469.96,AMD,FirePro W9000,6 GB,274 W,975 MHz,AMD,GPU,2023,,,,,,,,,,
visiontek 900614,230.87,VisionTek,Radeon HD 7750,2 GB,55 W,,VisionTek,GPU,2023,,,,,,,,,,
msi ventus 3x oc,999.0,MSI,GeForce RTX 3080 10GB LHR,10 GB,320 W,1440 MHz,MSI,GPU,2023,,,,,,,,,,
pny vcq6000-pb,349.77,PNY,Quadro 6000,6 GB,204 W,,PNY,GPU,2023,,,,,,,,,,
zotac gaming amp core holo,1599.0,Zotac,GeForce RTX 3090,24 GB,370 W,1395 MHz,Zotac,GPU,2023,,,,,,,,,,
ati firepro rg220a,120.0,ATI,FirePro RG220A,0.5 GB,35 W,800 MHz,ATI,GPU,2023,,,,,,,,,,
powercolor red devil limited edition,1999.99,PowerColor,Radeon RX 6900 XT,16 GB,300 W,1825 MHz,PowerColor,GPU,2023,,,,,,,,,,
msi ventus 2x v1,499.0,MSI,GeForce RTX 3060 Ti LHR,8 GB,200 W,1410 MHz,MSI,GPU,2023,,,,,,,,,,
evga 02g-p3-2713-kr,199.99,EVGA,GeForce GT 710,2 GB,19 W,954 MHz,EVGA,GPU,2023,,,,,,,,,,
evga 02g-p4-2663-kr,299.0,EVGA,GeForce GTX 660,2 GB,140 W,1072 MHz,EVGA,GPU,2023,,,,,,,,,,
pny vcq4000mac-pb,226.6,PNY,Quadro 4000,2 GB,142 W,,PNY,GPU,2023,,,,,,,,,,
ati firepro w7000,179.96,ATI,FirePro W7000,4 GB,150 W,950 MHz,ATI,GPU,2023,,,,,,,,,,
ati firepro w5000,149.99,ATI,FirePro W5000,2 GB,75 W,825 MHz,ATI,GPU,2023,,,,,,,,,,
ati firepro s7000,299.99,ATI,FirePro S7000,4 GB,150 W,950 MHz,ATI,GPU,2023,,,,,,,,,,
msi aero itx oc,1489.73,MSI,Radeon RX 550 - 512,2 GB,50 W,1100 MHz,MSI,GPU,2023,,,,,,,,,,
pny vcggtx9804xpb-cg,299.0,PNY,GeForce GTX 980,4 GB,165 W,1126 MHz,PNY,GPU,2023,,,,,,,,,,
amd firepro w4100,126.96,AMD,FirePro W4100,2 GB,50 W,630 MHz,AMD,GPU,2023,,,,,,,,,,
asus eah6450 silent/di/512md3(lp),112.96,Asus,Radeon HD 6450,0.5 GB,27 W,625 MHz,Asus,GPU,2023,,,,,,,,,,
powercolor turboduo,497.99,PowerColor,Radeon R9 280X,3 GB,250 W,850 MHz,PowerColor,GPU,2023,,,,,,,,,,
ati firepro w600,299.99,ATI,FirePro W600,2 GB,26 W,600 MHz,ATI,GPU,2023,,,,,,,,,,
gigabyte radeon rx vega 56 8g,479.0,Gigabyte,Radeon RX VEGA 56,8 GB,210 W,1156 MHz,Gigabyte,GPU,2023,,,,,,,,,,
visiontek 901507,219.99,VisionTek,Radeon RX 550 - 512,4 GB,50 W,1100 MHz,VisionTek,GPU,2023,,,,,,,,,,
powercolor ax5450 512mk3-sh,69.57,PowerColor,Radeon HD 5450,0.5 GB,19 W,650 MHz,PowerColor,GPU,2023,,,,,,,,,,
evga classified acx 2.0,399.0,EVGA,GeForce GTX 980,4 GB,165 W,1291 MHz,EVGA,GPU,2023,,,,,,,,,,
hp c2j93at,129.99,HP,Quadro K2000,2 GB,51 W,954 MHz,HP,GPU,2023,,,,,,,,,,
evga k|ngp|n acx 2.0+,879.85,EVGA,GeForce GTX 980,4 GB,165 W,1304 MHz,EVGA,GPU,2023,,,,,,,,,,
msi gaming x trio,579.99,MSI,Radeon RX 6750 XT,12 GB,250 W,2150 MHz,MSI,GPU,2023,,,,,,,,,,
inno3d twin x2,674.48,Inno3D,GeForce RTX 4070,12 GB,200 W,1920 MHz,Inno3D,GPU,2023,,,,,,,,,,
palit dual,354.56,Palit,GeForce RTX 3060 12GB,12 GB,170 W,1320 MHz,Palit,GPU,2023,,,,,,,,,,
msi gaming x trio,1851.0,MSI,GeForce RTX 3080 Ti,12 GB,350 W,1365 MHz,MSI,GPU,2023,,,,,,,,,,
acer predator bifrost oc,199.99,Acer,Arc A750,8 GB,250 W,2200 MHz,Acer,GPU,2023,,,,,,,,,,
asus rog strix gaming oc,739.0,Asus,GeForce RTX 3070,8 GB,220 W,1500 MHz,Asus,GPU,2023,,,,,,,,,,
asus dual oc,569.99,Asus,Radeon RX 7900 GRE,16 GB,260 W,1270 MHz,Asus,GPU,2023,,,,,,,,,,
asus rog strix gaming oc,666.86,Asus,GeForce RTX 4060 Ti,16 GB,165 W,2310 MHz,Asus,GPU,2023,,,,,,,,,,
nvidia titan rtx,1417.88,NVIDIA,TITAN RTX,24 GB,280 W,1350 MHz,NVIDIA,GPU,2023,,,,,,,,,,
evga sc gaming,443.24,EVGA,GeForce GTX 1060 6GB,6 GB,120 W,1607 MHz,EVGA,GPU,2023,,,,,,,,,,
msi gaming x,489.99,MSI,GeForce RTX 4060 Ti,16 GB,165 W,2310 MHz,MSI,GPU,2023,,,,,,,,,,
xfx speedster merc 319 black,769.99,XFX,Radeon RX 6900 XT,16 GB,300 W,1950 MHz,XFX,GPU,2023,,,,,,,,,,
zotac twin edge,708.52,Zotac,GeForce RTX 4070,12 GB,200 W,1920 MHz,Zotac,GPU,2023,,,,,,,,,,
msi gaming z trio,949.95,MSI,GeForce RTX 3080 10GB LHR,10 GB,370 W,1440 MHz,MSI,GPU,2023,,,,,,,,,,
msi geforce rtx 3070 ventus 3x oc,692.78,MSI,GeForce RTX 3070,8 GB,220 W,1500 MHz,MSI,GPU,2023,,,,,,,,,,
asus tuf gaming evo oc,359.99,Asus,GeForce GTX 1660 Ti,6 GB,120 W,1500 MHz,Asus,GPU,2023,,,,,,,,,,
asus phoenix,229.99,Asus,GeForce RTX 3050 8GB,8 GB,130 W,1550 MHz,Asus,GPU,2023,,,,,,,,,,
sapphire nitro+,599.99,Sapphire,Radeon RX 6700 XT,12 GB,260 W,2321 MHz,Sapphire,GPU,2023,,,,,,,,,,
gigabyte gaming oc,1448.0,Gigabyte,GeForce RTX 4080,16 GB,320 W,2205 MHz,Gigabyte,GPU,2023,,,,,,,,,,
asus rog strix gaming oc v2,669.99,Asus,GeForce RTX 3060 12GB,12 GB,170 W,1320 MHz,Asus,GPU,2023,,,,,,,,,,
powercolor hellhound oc,349.99,PowerColor,Radeon RX 7600 XT,16 GB,190 W,1720 MHz,PowerColor,GPU,2023,,,,,,,,,,
msi ventus xs oc,229.99,MSI,GeForce GTX 1650 G5,4 GB,75 W,1485 MHz,MSI,GPU,2023,,,,,,,,,,
msi radeon rx 5500 xt mech 8g oc,349.99,MSI,Radeon RX 5500 XT,8 GB,140 W,1647 MHz,MSI,GPU,2023,,,,,,,,,,
msi aero,819.99,MSI,GeForce RTX 4070 Ti SUPER,16 GB,285 W,2340 MHz,MSI,GPU,2023,,,,,,,,,,
nvidia founders edition,422.88,NVIDIA,GeForce RTX 2080 SUPER,8 GB,250 W,1650 MHz,NVIDIA,GPU,2023,,,,,,,,,,
asus strix gaming oc,575.0,Asus,GeForce RTX 2070,8 GB,185 W,1410 MHz,Asus,GPU,2023,,,,,,,,,,
msi mech 2x oc,529.0,MSI,Radeon RX 6750 XT,12 GB,250 W,2150 MHz,MSI,GPU,2023,,,,,,,,,,
asus rog strix gaming,849.99,Asus,GeForce RTX 4070 Ti,12 GB,285 W,2310 MHz,Asus,GPU,2023,,,,,,,,,,
msi armor oc,489.95,MSI,Radeon RX 580,8 GB,185 W,1257 MHz,MSI,GPU,2023,,,,,,,,,,
asus tuf gaming,629.99,Asus,GeForce RTX 4070,12 GB,200 W,2475 MHz,Asus,GPU,2023,,,,,,,,,,
gigabyte gaming oc,587.01,Gigabyte,Radeon RX 6600 XT,8 GB,160 W,1968 MHz,Gigabyte,GPU,2023,,,,,,,,,,
zotac gaming amp extreme airo,749.99,Zotac,GeForce RTX 4070 Ti,12 GB,285 W,2310 MHz,Zotac,GPU,2023,,,,,,,,,,
evga xc3 black gaming,840.0,EVGA,GeForce RTX 3080 10GB,10 GB,320 W,1440 MHz,EVGA,GPU,2023,,,,,,,,,,
asus tuf gaming,1494.9,Asus,GeForce RTX 4080,16 GB,320 W,2205 MHz,Asus,GPU,2023,,,,,,,,,,
msi ventus 2x ocv1,499.0,MSI,GeForce RTX 3060 Ti LHR,8 GB,200 W,1410 MHz,MSI,GPU,2023,,,,,,,,,,
gigabyte gaming oc,792.24,Gigabyte,Radeon RX 6800 XT,16 GB,300 W,1825 MHz,Gigabyte,GPU,2023,,,,,,,,,,
pny xlr8 gaming verto epic-x rgb oc,779.99,PNY,GeForce RTX 4070 Ti,12 GB,285 W,2310 MHz,PNY,GPU,2023,,,,,,,,,,
asus proart oc,1556.98,Asus,GeForce RTX 4080,16 GB,320 W,2205 MHz,Asus,GPU,2023,,,,,,,,,,
gigabyte vision oc,539.0,Gigabyte,GeForce RTX 3060 Ti,8 GB,200 W,1665 MHz,Gigabyte,GPU,2023,,,,,,,,,,
msi ventus 3x e oc,759.99,MSI,GeForce RTX 4070 Ti,12 GB,285 W,2310 MHz,MSI,GPU,2023,,,,,,,,,,
sparkle orc oc,239.99,Sparkle,Arc A750,8 GB,225 W,2050 MHz,Sparkle,GPU,2023,,,,,,,,,,
msi ventus xs oc,379.99,MSI,GeForce GTX 1660 Ti,6 GB,120 W,1500 MHz,MSI,GPU,2023,,,,,,,,,,
gainward 426018336-3798,5021.0,Gainward,GeForce GTX 1060 3GB,3 GB,120 W,1506 MHz,Gainward,GPU,2023,,,,,,,,,,
gigabyte windforce,199.0,Gigabyte,GeForce GTX 980,4 GB,165 W,1228 MHz,Gigabyte,GPU,2023,,,,,,,,,,
msi ventus 2x oc,389.35,MSI,GeForce RTX 3050 8GB,8 GB,130 W,1550 MHz,MSI,GPU,2023,,,,,,,,,,
evga xc gaming,718.0,EVGA,GeForce RTX 3060 Ti,8 GB,200 W,1410 MHz,EVGA,GPU,2023,,,,,,,,,,
asus tuf gaming oc,988.59,Asus,GeForce RTX 3080 Ti,12 GB,350 W,1365 MHz,Asus,GPU,2023,,,,,,,,,,
asus tuf gaming,599.0,Asus,GeForce RTX 3070 Ti,8 GB,290 W,1575 MHz,Asus,GPU,2023,,,,,,,,,,
asus phoenix,294.95,Asus,GeForce GTX 1050 Ti,4 GB,75 W,1290 MHz,Asus,GPU,2023,,,,,,,,,,
gigabyte gaming oc,469.5,Gigabyte,GeForce GTX 1660 SUPER,6 GB,125 W,1530 MHz,Gigabyte,GPU,2023,,,,,,,,,,
gigabyte gaming oc,1414.99,Gigabyte,GeForce RTX 3090,24 GB,350 W,1395 MHz,Gigabyte,GPU,2023,,,,,,,,,,
evga ftw3 ultra gaming,956.99,EVGA,GeForce RTX 3080 12GB LHR,12 GB,350 W,1260 MHz,EVGA,GPU,2023,,,,,,,,,,
nvidia 9001g4012510000,469.0,NVIDIA,GeForce GTX 970,4 GB,145 W,1050 MHz,NVIDIA,GPU,2023,,,,,,,,,,
evga ftw gaming acx 3.0,599.99,EVGA,GeForce GTX 1080,8 GB,215 W,1721 MHz,EVGA,GPU,2023,,,,,,,,,,
xfx speedster merc 308 black,399.99,XFX,Radeon RX 6650 XT,8 GB,180 W,2055 MHz,XFX,GPU,2023,,,,,,,,,,
palit stormx,480.22,Palit,GeForce RTX 4060 Ti,8 GB,160 W,2310 MHz,Palit,GPU,2023,,,,,,,,,,
asus dual,349.0,Asus,GeForce GTX 1060 3GB,3 GB,120 W,1594 MHz,Asus,GPU,2023,,,,,,,,,,
zotac gaming trinity oc,2599.0,Zotac,GeForce RTX 4090,24 GB,450 W,2235 MHz,Zotac,GPU,2023,,,,,,,,,,
msi ventus 2x oc,799.0,MSI,GeForce RTX 3070,8 GB,220 W,1500 MHz,MSI,GPU,2023,,,,,,,,,,
msi gt 710 1gd3h lp,69.84,MSI,GeForce GT 710,1 GB,19 W,954 MHz,MSI,GPU,2023,,,,,,,,,,
asus rog strix oc,479.99,Asus,GeForce RTX 4060 Ti,8 GB,165 W,2310 MHz,Asus,GPU,2023,,,,,,,,,,
gigabyte eagle oc,590.11,Gigabyte,GeForce RTX 3070,8 GB,220 W,1500 MHz,Gigabyte,GPU,2023,,,,,,,,,,
asus tuf gaming,449.99,Asus,GeForce RTX 4060 Ti,8 GB,165 W,2310 MHz,Asus,GPU,2023,,,,,,,,,,
sparkle eco,109.99,Sparkle,Arc A310,4 GB,50 W,1750 MHz,Sparkle,GPU,2023,,,,,,,,,,
pny vcnrtx4000adalp-pb,1308.45,PNY,RTX 4000 SFF Ada Generation,20 GB,70 W,1290 MHz,PNY,GPU,2023,,,,,,,,,,
zotac gaming amp holo,659.9,Zotac,GeForce RTX 3070 Ti,8 GB,310 W,1575 MHz,Zotac,GPU,2023,,,,,,,,,,
asus strix gaming,679.99,Asus,GeForce RTX 4070,12 GB,200 W,2475 MHz,Asus,GPU,2023,,,,,,,,,,
asus noctua oc,1999.99,Asus,GeForce RTX 4080,16 GB,320 W,2205 MHz,Asus,GPU,2023,,,,,,,,,,
gigabyte gv-n1030d5-2gl,106.48,Gigabyte,GeForce GT 1030,2 GB,30 W,1252 MHz,Gigabyte,GPU,2023,,,,,,,,,,
msi radeon rx 6800 xt gaming x trio 16g,899.99,MSI,Radeon RX 6800 XT,16 GB,300 W,1850 MHz,MSI,GPU,2023,,,,,,,,,,
msi ventus xs oc,649.0,MSI,GeForce RTX 2080 SUPER,8 GB,250 W,1650 MHz,MSI,GPU,2023,,,,,,,,,,
msi gaming x,229.99,MSI,GeForce RTX 3050 8GB,8 GB,130 W,1550 MHz,MSI,GPU,2023,,,,,,,,,,
msi expert,829.99,MSI,GeForce RTX 4070 Ti SUPER,16 GB,285 W,2340 MHz,MSI,GPU,2023,,,,,,,,,,
asus tuf gaming og,2249.98,Asus,GeForce RTX 4090,24 GB,450 W,2235 MHz,Asus,GPU,2023,,,,,,,,,,
pny xlr8 gaming verto epic-x rgb,579.0,PNY,GeForce RTX 4070,12 GB,200 W,1920 MHz,PNY,GPU,2023,,,,,,,,,,
asus dual,609.99,Asus,GeForce RTX 4070 SUPER,12 GB,220 W,1980 MHz,Asus,GPU,2023,,,,,,,,,,
palit stormx,364.89,Palit,GeForce RTX 4060,8 GB,115 W,1830 MHz,Palit,GPU,2023,,,,,,,,,,
sapphire pulse low profile,184.91,Sapphire,Radeon RX 6400,4 GB,53 W,1923 MHz,Sapphire,GPU,2023,,,,,,,,,,
amd 100-505999,121.24,AMD,Radeon Pro WX 3100,4 GB,65 W,925 MHz,AMD,GPU,2023,,,,,,,,,,
msi gaming x,598.0,MSI,GeForce GTX 1080,8 GB,180 W,1607 MHz,MSI,GPU,2023,,,,,,,,,,
pny xlr8 gaming verto epic-x rgb,329.99,PNY,GeForce RTX 4060,8 GB,115 W,1830 MHz,PNY,GPU,2023,,,,,,,,,,
xfx speedster swft 105,139.99,XFX,Radeon RX 6400,4 GB,53 W,1923 MHz,XFX,GPU,2023,,,,,,,,,,
amd ‎100-438373,999.99,AMD,Radeon RX 6900 XT,16 GB,300 W,1825 MHz,AMD,GPU,2023,,,,,,,,,,
msi gaming x trio,711.99,MSI,GeForce RTX 4070,12 GB,200 W,1920 MHz,MSI,GPU,2023,,,,,,,,,,
msi suprim liquid,1919.0,MSI,GeForce RTX 4090,24 GB,480 W,2235 MHz,MSI,GPU,2023,,,,,,,,,,
evga ftw3 ultra gaming,489.9,EVGA,GeForce RTX 3060 Ti LHR,8 GB,200 W,1410 MHz,EVGA,GPU,2023,,,,,,,,,,
msi ventus 3x e oc,716.45,MSI,GeForce RTX 4070,12 GB,200 W,1920 MHz,MSI,GPU,2023,,,,,,,,,,
msi geforce rtx 3080 rtx 3080 suprim x 10g,899.95,MSI,GeForce RTX 3080 10GB,10 GB,370 W,1440 MHz,MSI,GPU,2023,,,,,,,,,,
asus dual,399.99,Asus,GeForce RTX 4060 Ti,8 GB,165 W,2310 MHz,Asus,GPU,2023,,,,,,,,,,
pny xlr8 gaming verto epic-x rgb,799.99,PNY,GeForce RTX 4070 Ti,12 GB,285 W,2310 MHz,PNY,GPU,2023,,,,,,,,,,
gigabyte gaming oc,670.0,Gigabyte,Radeon RX 6700 XT,12 GB,230 W,2321 MHz,Gigabyte,GPU,2023,,,,,,,,,,
asus dual,614.48,Asus,Radeon RX 6700 XT,12 GB,230 W,2321 MHz,Asus,GPU,2023,,,,,,,,,,
powercolor fighter oc,199.99,PowerColor,Radeon RX 6500 XT,4 GB,107 W,2310 MHz,PowerColor,GPU,2023,,,,,,,,,,
sparkle genie,124.99,Sparkle,Arc A380,6 GB,75 W,2000 MHz,Sparkle,GPU,2023,,,,,,,,,,
pny xlr8 gaming verto epic-x rgb oc,489.99,PNY,GeForce RTX 4060 Ti,16 GB,165 W,2310 MHz,PNY,GPU,2023,,,,,,,,,,
asus rog strix,599.0,Asus,GeForce GTX 1070 Ti,8 GB,180 W,1607 MHz,Asus,GPU,2023,,,,,,,,,,
evga xc gaming,279.98,EVGA,GeForce RTX 3050 8GB,8 GB,130 W,1550 MHz,EVGA,GPU,2023,,,,,,,,,,
zotac gaming,281.98,Zotac,GeForce GTX 1660 Ti,6 GB,120 W,1500 MHz,Zotac,GPU,2023,,,,,,,,,,
evga xc ultra gaming,562.08,EVGA,GeForce GTX 1660 Ti,6 GB,160 W,1500 MHz,EVGA,GPU,2023,,,,,,,,,,
gigabyte gaming oc pro,559.99,Gigabyte,GeForce RTX 3060 Ti,8 GB,200 W,1410 MHz,Gigabyte,GPU,2023,,,,,,,,,,
gigabyte eagle,449.0,Gigabyte,Radeon RX 6700 XT,12 GB,230 W,2321 MHz,Gigabyte,GPU,2023,,,,,,,,,,
nvidia founders edition,746.96,NVIDIA,GeForce RTX 2070,8 GB,185 W,1410 MHz,NVIDIA,GPU,2023,,,,,,,,,,
msi gaming x,999.99,MSI,GeForce RTX 2070 SUPER,8 GB,215 W,1605 MHz,MSI,GPU,2023,,,,,,,,,,
pny xlr8 gaming verto epic-x rgb,1789.99,PNY,GeForce RTX 4090,24 GB,450 W,2230 MHz,PNY,GPU,2023,,,,,,,,,,
asus rog strix gaming,729.99,Asus,GeForce RTX 4070 SUPER,12 GB,220 W,1980 MHz,Asus,GPU,2023,,,,,,,,,,
gigabyte eagle,243.18,Gigabyte,Radeon RX 6500 XT,4 GB,107 W,2310 MHz,Gigabyte,GPU,2023,,,,,,,,,,
asus gt730-sl-2gd5-brk,78.99,Asus,GeForce GT 730,2 GB,49 W,902 MHz,Asus,GPU,2023,,,,,,,,,,
asus dual oc v2,499.0,Asus,GeForce RTX 3070 LHR,8 GB,220 W,1500 MHz,Asus,GPU,2023,,,,,,,,,,
asus tuf gaming oc,1557.98,Asus,GeForce RTX 4080,16 GB,320 W,2205 MHz,Asus,GPU,2023,,,,,,,,,,
asus dual oc,232.83,Asus,GeForce GTX 1650 G5,4 GB,75 W,1485 MHz,Asus,GPU,2023,,,,,,,,,,
xfx speedster qick 319 black,549.99,XFX,Radeon RX 6700 XT,12 GB,230 W,2457 MHz,XFX,GPU,2023,,,,,,,,,,
gigabyte aorus master,970.5,Gigabyte,GeForce RTX 3070 Ti,8 GB,290 W,1575 MHz,Gigabyte,GPU,2023,,,,,,,,,,
msi mech 2x classic oc,269.99,MSI,Radeon RX 7600,8 GB,165 W,1720 MHz,MSI,GPU,2023,,,,,,,,,,
msi gaming x slim,1758.5,MSI,GeForce RTX 4070 Ti,12 GB,285 W,2310 MHz,MSI,GPU,2023,,,,,,,,,,
sapphire pulse,1299.67,Sapphire,Radeon RX 6700,10 GB,220 W,1941 MHz,Sapphire,GPU,2023,,,,,,,,,,
asrock phantom gaming d oc,699.95,ASRock,Radeon RX 6900 XT,16 GB,300 W,1925 MHz,ASRock,GPU,2023,,,,,,,,,,
evga sc ultra gaming,228.0,EVGA,GeForce GTX 1650 SUPER,4 GB,100 W,1530 MHz,EVGA,GPU,2023,,,,,,,,,,
zotac gaming trinity oc,699.99,Zotac,GeForce RTX 3070 Ti,8 GB,310 W,1575 MHz,Zotac,GPU,2023,,,,,,,,,,
evga ftw3 ultra gaming icx3,466.0,EVGA,GeForce RTX 3060 Ti,8 GB,200 W,1410 MHz,EVGA,GPU,2023,,,,,,,,,,
evga ftw3 ultra gaming,1279.0,EVGA,GeForce RTX 2080 Ti,11 GB,250 W,1350 MHz,EVGA,GPU,2023,,,,,,,,,,
evga ftw3 ultra gaming lhr,839.95,EVGA,GeForce RTX 3080 10GB LHR,10 GB,320 W,1440 MHz,EVGA,GPU,2023,,,,,,,,,,
msi armor oc,249.99,MSI,Radeon RX 580,4 GB,185 W,1257 MHz,MSI,GPU,2023,,,,,,,,,,
msi d4 lp oc,106.99,MSI,GeForce GT 1030 DDR4,4 GB,20 W,1151 MHz,MSI,GPU,2023,,,,,,,,,,
pny verto,749.99,PNY,GeForce RTX 4070 Ti,12 GB,285 W,2310 MHz,PNY,GPU,2023,,,,,,,,,,
asus rog strix gaming oc,999.0,Asus,GeForce RTX 3080 12GB LHR,12 GB,350 W,1260 MHz,Asus,GPU,2023,,,,,,,,,,
evga xc3 black gaming,698.99,EVGA,GeForce RTX 3070 LHR,8 GB,220 W,1500 MHz,EVGA,GPU,2023,,,,,,,,,,
msi d6 ventus xs oc,176.99,MSI,GeForce GTX 1650 G6,4 GB,75 W,1410 MHz,MSI,GPU,2023,,,,,,,,,,
asus rog strix lc gaming,3458.48,Asus,GeForce RTX 4090,24 GB,450 W,2235 MHz,Asus,GPU,2023,,,,,,,,,,
zotac gaming twin fan,199.0,Zotac,GeForce GTX 1660 SUPER,6 GB,125 W,1530 MHz,Zotac,GPU,2023,,,,,,,,,,
evga xc3 ultra gaming,1379.99,EVGA,GeForce RTX 3090,24 GB,350 W,1395 MHz,EVGA,GPU,2023,,,,,,,,,,
evga xc ultra black gaming,274.98,EVGA,GeForce GTX 1660 Ti,6 GB,160 W,1500 MHz,EVGA,GPU,2023,,,,,,,,,,
inno3d compact,349.14,Inno3D,GeForce RTX 4060,8 GB,115 W,1830 MHz,Inno3D,GPU,2023,,,,,,,,,,
palit gamerock oc,2408.62,Palit,GeForce RTX 4090,24 GB,450 W,2235 MHz,Palit,GPU,2023,,,,,,,,,,
asus dual evo oc,399.99,Asus,GeForce RTX 4060 Ti,8 GB,165 W,2310 MHz,Asus,GPU,2023,,,,,,,,,,
asus dual evo oc,266.77,Asus,GeForce GTX 1660 SUPER,6 GB,125 W,1530 MHz,Asus,GPU,2023,,,,,,,,,,
asus lp brk oc,339.99,Asus,GeForce RTX 4060,8 GB,115 W,1830 MHz,Asus,GPU,2023,,,,,,,,,,
palit stormx,218.31,Palit,GeForce RTX 3050 6GB,6 GB,70 W,1040 MHz,Palit,GPU,2023,,,,,,,,,,
msi suprim x,1269.0,MSI,GeForce RTX 4070 Ti,12 GB,285 W,2310 MHz,MSI,GPU,2023,,,,,,,,,,
sparkle titan oc,259.99,Sparkle,Arc A750,8 GB,225 W,2050 MHz,Sparkle,GPU,2023,,,,,,,,,,
evga xc3 black gaming,733.7,EVGA,GeForce RTX 3080 10GB LHR,10 GB,320 W,1440 MHz,EVGA,GPU,2023,,,,,,,,,,
asus dual oc,363.81,Asus,GeForce RTX 3060 12GB,12 GB,170 W,1320 MHz,Asus,GPU,2023,,,,,,,,,,
pny vcqrtx4000-pb,593.94,PNY,Quadro RTX 4000,8 GB,160 W,1005 MHz,PNY,GPU,2023,,,,,,,,,,
asus dual oc,440.45,Asus,Radeon RX 6600 XT,8 GB,160 W,1968 MHz,Asus,GPU,2023,,,,,,,,,,
pny xlr8 gaming revel epic-x rgb,329.99,PNY,GeForce RTX 3060 12GB,12 GB,170 W,1320 MHz,PNY,GPU,2023,,,,,,,,,,
msi rtx 3090 suprim x 24g,1549.99,MSI,GeForce RTX 3090,24 GB,420 W,1395 MHz,MSI,GPU,2023,,,,,,,,,,
msi ventus 3x oc,1186.99,MSI,GeForce RTX 3080 Ti,12 GB,350 W,1365 MHz,MSI,GPU,2023,,,,,,,,,,
pny rtx a-series,2120.0,PNY,RTX A5000,24 GB,230 W,1170 MHz,PNY,GPU,2023,,,,,,,,,,
evga xc3 ultra gaming icx3,1149.99,EVGA,GeForce RTX 3080 Ti,12 GB,350 W,1365 MHz,EVGA,GPU,2023,,,,,,,,,,
msi msi rtx 2070 ventus 8g video card,629.0,MSI,GeForce RTX 2070,8 GB,185 W,1410 MHz,MSI,GPU,2023,,,,,,,,,,
zotac gaming,134.99,Zotac,GeForce GTX 1630,4 GB,75 W,1740 MHz,Zotac,GPU,2023,,,,,,,,,,
powercolor red dragon,89.99,PowerColor,Radeon RX 550 - 512,4 GB,50 W,1100 MHz,PowerColor,GPU,2023,,,,,,,,,,
zotac gaming amp holo,488.58,Zotac,GeForce RTX 3070,8 GB,220 W,1500 MHz,Zotac,GPU,2023,,,,,,,,,,
msi geforce gtx 1650 super,427.0,MSI,GeForce GTX 1650 SUPER,4 GB,100 W,1530 MHz,MSI,GPU,2023,,,,,,,,,,
evga xc ultra gaming,393.02,EVGA,GeForce RTX 2080,8 GB,215 W,1515 MHz,EVGA,GPU,2023,,,,,,,,,,
asrock oc formula,1006.3,ASRock,Radeon RX 6900 XT,16 GB,300 W,2125 MHz,ASRock,GPU,2023,,,,,,,,,,
asus dual oc,189.0,Asus,Radeon RX 6500 XT,4 GB,107 W,2310 MHz,Asus,GPU,2023,,,,,,,,,,
msi geforce rtx 3090 ventus 3x 24g oc,1484.99,MSI,GeForce RTX 3090,24 GB,350 W,1395 MHz,MSI,GPU,2023,,,,,,,,,,
msi suprim x,1449.99,MSI,GeForce RTX 4080,16 GB,320 W,2205 MHz,MSI,GPU,2023,,,,,,,,,,
asus tuf gaming oc,574.0,Asus,Radeon RX 6700 XT,12 GB,230 W,2321 MHz,Asus,GPU,2023,,,,,,,,,,
gigabyte aorus elite,629.9,Gigabyte,GeForce RTX 3060 Ti,8 GB,200 W,1410 MHz,Gigabyte,GPU,2023,,,,,,,,,,
evga acx 2.0,359.0,EVGA,GeForce GTX 970,4 GB,145 W,1050 MHz,EVGA,GPU,2023,,,,,,,,,,
powercolor red devil,343.99,PowerColor,Radeon RX 580,8 GB,185 W,1257 MHz,PowerColor,GPU,2023,,,,,,,,,,
zotac gaming trinity,1349.9,Zotac,GeForce RTX 4080,16 GB,320 W,2205 MHz,Zotac,GPU,2023,,,,,,,,,,
gigabyte windforce oc,252.1,Gigabyte,GeForce GTX 1650 G6,4 GB,75 W,1410 MHz,Gigabyte,GPU,2023,,,,,,,,,,
asus gt1030-2g-brk,97.7,Asus,GeForce GT 1030,2 GB,30 W,1266 MHz,Asus,GPU,2023,,,,,,,,,,
inno3d twin x2,468.39,Inno3D,GeForce RTX 4060 Ti,8 GB,165 W,2310 MHz,Inno3D,GPU,2023,,,,,,,,,,
msi gaming,729.0,MSI,GeForce GTX 1070 Ti,8 GB,180 W,1607 MHz,MSI,GPU,2023,,,,,,,,,,
powercolor red devil oc,699.0,PowerColor,Radeon RX 6900 XT,16 GB,300 W,2015 MHz,PowerColor,GPU,2023,,,,,,,,,,
asus tuf gaming oc,209.99,Asus,Radeon RX 6500 XT,4 GB,107 W,2310 MHz,Asus,GPU,2023,,,,,,,,,,
evga sc gaming acx 2.0,399.99,EVGA,GeForce GTX 1050 Ti,4 GB,75 W,1354 MHz,EVGA,GPU,2023,,,,,,,,,,
asus phoenix oc v2,150.0,Asus,GeForce GTX 1650 G6,4 GB,75 W,1410 MHz,Asus,GPU,2023,,,,,,,,,,
amd 100-506001,64.98,AMD,Radeon Pro WX 2100,2 GB,35 W,925 MHz,AMD,GPU,2023,,,,,,,,,,
powercolor itx,212.16,PowerColor,Radeon RX 6500 XT,4 GB,107 W,2310 MHz,PowerColor,GPU,2023,,,,,,,,,,
powercolor hellhound,549.99,PowerColor,Radeon RX 6700 XT,12 GB,230 W,2321 MHz,PowerColor,GPU,2023,,,,,,,,,,
msi gaming x trio,612.2,MSI,GeForce RTX 4060 Ti,8 GB,160 W,2310 MHz,MSI,GPU,2023,,,,,,,,,,
asus dual evo oc,2325.5,Asus,GeForce RTX 2070 SUPER,8 GB,215 W,1635 MHz,Asus,GPU,2023,,,,,,,,,,
pny vcggtx10502pb,239.0,PNY,GeForce GTX 1050,2 GB,71 W,1354 MHz,PNY,GPU,2023,,,,,,,,,,
msi gaming x,506.49,MSI,Radeon RX 6600 XT,8 GB,160 W,1968 MHz,MSI,GPU,2023,,,,,,,,,,
asus rog strix gaming oc v2,949.9,Asus,GeForce RTX 3080 10GB LHR,10 GB,320 W,1440 MHz,Asus,GPU,2023,,,,,,,,,,
acer predator bifrost oc,499.99,Acer,Radeon RX 7800 XT,16 GB,263 W,1295 MHz,Acer,GPU,2023,,,,,,,,,,
evga xc gaming,421.88,EVGA,GeForce RTX 3060 Ti LHR,8 GB,200 W,1410 MHz,EVGA,GPU,2023,,,,,,,,,,
asus strix gaming oc,549.0,Asus,GeForce RTX 2060,6 GB,160 W,1365 MHz,Asus,GPU,2023,,,,,,,,,,
asus rog strix gaming oc v2,714.99,Asus,GeForce RTX 3060 Ti LHR,8 GB,200 W,1410 MHz,Asus,GPU,2023,,,,,,,,,,
asrock phantom gaming d oc,339.99,ASRock,Radeon RX 6750 XT,12 GB,250 W,2150 MHz,ASRock,GPU,2023,,,,,,,,,,
zotac gaming trinity,799.99,Zotac,GeForce RTX 4070 Ti,12 GB,285 W,2310 MHz,Zotac,GPU,2023,,,,,,,,,,
asus tuf gaming oc v2,849.0,Asus,GeForce RTX 3070 Ti,8 GB,290 W,1575 MHz,Asus,GPU,2023,,,,,,,,,,
asus dual oc,359.99,Asus,GeForce RTX 3060 8GB,8 GB,170 W,1320 MHz,Asus,GPU,2023,,,,,,,,,,
msi mech 2x,738.0,MSI,Radeon RX 6700 XT,12 GB,230 W,2321 MHz,MSI,GPU,2023,,,,,,,,,,
evga sc black edition,585.0,EVGA,GeForce GTX 1080 Ti,11 GB,250 W,1556 MHz,EVGA,GPU,2023,,,,,,,,,,
msi gaming x trio,1489.99,MSI,GeForce RTX 4080,16 GB,320 W,2205 MHz,MSI,GPU,2023,,,,,,,,,,
pny vcqrtx5000-pb,824.64,PNY,Quadro RTX 5000,16 GB,265 W,1620 MHz,PNY,GPU,2023,,,,,,,,,,
asus dual oc,279.99,Asus,Radeon RX 7600,8 GB,165 W,1720 MHz,Asus,GPU,2023,,,,,,,,,,
asus dual oc v2,599.99,Asus,GeForce RTX 3060 Ti LHR,8 GB,200 W,1410 MHz,Asus,GPU,2023,,,,,,,,,,
amd radeon pro wx 7100,244.01,AMD,Radeon Pro WX 7100,8 GB,150 W,900 MHz,AMD,GPU,2023,,,,,,,,,,
asus phoenix,154.71,Asus,Radeon RX 6400,4 GB,53 W,1923 MHz,Asus,GPU,2023,,,,,,,,,,
gigabyte aorus elite,543.68,Gigabyte,Radeon RX 6750 XT,12 GB,250 W,2150 MHz,Gigabyte,GPU,2023,,,,,,,,,,
msi aero itx,154.99,MSI,Radeon RX 6400,4 GB,53 W,1923 MHz,MSI,GPU,2023,,,,,,,,,,
zotac gaming twin edge oc,399.99,Zotac,GeForce RTX 3050 8GB,8 GB,130 W,1550 MHz,Zotac,GPU,2023,,,,,,,,,,
evga gaming icx,999.99,EVGA,GeForce GTX 1080 Ti,11 GB,250 W,1569 MHz,EVGA,GPU,2023,,,,,,,,,,
asus tuf gaming oc,315.02,Asus,GeForce GTX 1650 G6,4 GB,75 W,1410 MHz,Asus,GPU,2023,,,,,,,,,,
pny xlr8 gaming verto epic-x rgb oc,1349.99,PNY,GeForce RTX 4080,16 GB,320 W,2205 MHz,PNY,GPU,2023,,,,,,,,,,
asus rog strix gaming,1559.99,Asus,GeForce RTX 4080,16 GB,320 W,2205 MHz,Asus,GPU,2023,,,,,,,,,,
asus tuf gaming oc,999.0,Asus,GeForce RTX 3080 12GB LHR,12 GB,350 W,1260 MHz,Asus,GPU,2023,,,,,,,,,,
gigabyte gaming oc,261.25,Gigabyte,Radeon RX 6500 XT,4 GB,107 W,2310 MHz,Gigabyte,GPU,2023,,,,,,,,,,
asus dual,579.68,Asus,GeForce RTX 4070,12 GB,200 W,2475 MHz,Asus,GPU,2023,,,,,,,,,,
inno3d twin x2,764.12,Inno3D,GeForce RTX 4060 Ti,16 GB,165 W,2310 MHz,Inno3D,GPU,2023,,,,,,,,,,
gigabyte windforce oc,299.99,Gigabyte,GeForce GTX 1650 SUPER,4 GB,100 W,1530 MHz,Gigabyte,GPU,2023,,,,,,,,,,
pny xlr8 gaming revel epic-x rgb,499.0,PNY,GeForce RTX 3070 LHR,8 GB,220 W,1500 MHz,PNY,GPU,2023,,,,,,,,,,
gigabyte gaming oc 3x,845.0,Gigabyte,GeForce RTX 2070 SUPER,8 GB,215 W,1605 MHz,Gigabyte,GPU,2023,,,,,,,,,,
asus phoenix fan oc,124.29,Asus,GeForce GT 1030,2 GB,30 W,1278 MHz,Asus,GPU,2023,,,,,,,,,,
zotac gaming trinity oc,1289.9,Zotac,GeForce RTX 4080,16 GB,320 W,2205 MHz,Zotac,GPU,2023,,,,,,,,,,
xfx speedster qick 308 black,649.99,XFX,Radeon RX 6600 XT,8 GB,160 W,2188 MHz,XFX,GPU,2023,,,,,,,,,,
msi gaming x,383.99,MSI,GeForce RTX 3060 Ti LHR,8 GB,220 W,1410 MHz,MSI,GPU,2023,,,,,,,,,,
gigabyte aorus elite,481.25,Gigabyte,GeForce RTX 4060,8 GB,115 W,1830 MHz,Gigabyte,GPU,2023,,,,,,,,,,
msi radeon rx 6600 xt mech 2x 8g ocv1,399.0,MSI,Radeon RX 6600 XT,8 GB,160 W,1968 MHz,MSI,GPU,2023,,,,,,,,,,
powercolor hellhound sakura oc limited,629.99,PowerColor,Radeon RX 7800 XT,16 GB,263 W,1295 MHz,PowerColor,GPU,2023,,,,,,,,,,
pny rtx a-series,1469.96,PNY,RTX A4500,20 GB,200 W,1050 MHz,PNY,GPU,2023,,,,,,,,,,
evga ssc acx 2.0+,399.0,EVGA,GeForce GTX 960,4 GB,120 W,1279 MHz,EVGA,GPU,2023,,,,,,,,,,
evga ftw3 gaming,1549.99,EVGA,GeForce RTX 3090 Ti,24 GB,450 W,1560 MHz,EVGA,GPU,2023,,,,,,,,,,
evga founders edition,499.0,EVGA,GeForce GTX 1080 Ti,11 GB,250 W,1480 MHz,EVGA,GPU,2023,,,,,,,,,,
powercolor red devil,1245.0,PowerColor,Radeon RX 7900 XT,20 GB,300 W,2000 MHz,PowerColor,GPU,2023,,,,,,,,,,
msi armor ocv1,394.0,MSI,GeForce GTX 1060 6GB,6 GB,120 W,1544 MHz,MSI,GPU,2023,,,,,,,,,,
pny vcqrtx6000-pb,1959.0,PNY,Quadro RTX 6000,24 GB,295 W,1440 MHz,PNY,GPU,2023,,,,,,,,,,
sparkle roc luna oc,319.99,Sparkle,Arc A770,16 GB,225 W,2100 MHz,Sparkle,GPU,2023,,,,,,,,,,
powercolor hellhound,269.99,PowerColor,Radeon RX 7600,8 GB,165 W,1720 MHz,PowerColor,GPU,2023,,,,,,,,,,
pny verto,1129.99,PNY,GeForce RTX 4080,16 GB,320 W,2205 MHz,PNY,GPU,2023,,,,,,,,,,
pny vcqp2000-pb,217.99,PNY,Quadro P2000,5 GB,75 W,1370 MHz,PNY,GPU,2023,,,,,,,,,,
msi gtx 1070 ti titanium 8g,499.0,MSI,GeForce GTX 1070 Ti,8 GB,180 W,1607 MHz,MSI,GPU,2023,,,,,,,,,,
asus dual,331.1,Asus,Radeon RX 6650 XT,8 GB,180 W,2055 MHz,Asus,GPU,2023,,,,,,,,,,
asus rog strix,328.66,Asus,Radeon RX 570,4 GB,150 W,1168 MHz,Asus,GPU,2023,,,,,,,,,,
asus turbo,599.0,Asus,GeForce GTX 1080 Ti,11 GB,250 W,1480 MHz,Asus,GPU,2023,,,,,,,,,,
powercolor red devil,475.48,PowerColor,Radeon RX 6600 XT,8 GB,160 W,1968 MHz,PowerColor,GPU,2023,,,,,,,,,,
powercolor red devil limited edition oc,589.99,PowerColor,Radeon RX 7800 XT,16 GB,263 W,1295 MHz,PowerColor,GPU,2023,,,,,,,,,,
msi gaming z trio,1998.0,MSI,GeForce RTX 3080 12GB LHR,12 GB,390 W,1260 MHz,MSI,GPU,2023,,,,,,,,,,
amd 100-506157,2160.44,AMD,Radeon PRO W6800,32 GB,250 W,2075 MHz,AMD,GPU,2023,,,,,,,,,,
zotac gaming twin fan,339.99,Zotac,GeForce GTX 1650 SUPER,4 GB,100 W,1530 MHz,Zotac,GPU,2023,,,,,,,,,,
asrock challenger itx,239.99,ASRock,Radeon RX 6600 XT,8 GB,160 W,1968 MHz,ASRock,GPU,2023,,,,,,,,,,
palit dual oc,348.92,Palit,GeForce RTX 3060 12GB,12 GB,180 W,1320 MHz,Palit,GPU,2023,,,,,,,,,,
maxsun icraft limited edition oc,949.99,MAXSUN,GeForce RTX 4070 Ti,12 GB,300 W,2310 MHz,MAXSUN,GPU,2023,,,,,,,,,,
pny vcqp4000-pb,392.99,PNY,Quadro P4000,8 GB,105 W,1227 MHz,PNY,GPU,2023,,,,,,,,,,
nvidia 9001g4012500000,399.0,NVIDIA,GeForce GTX 980,4 GB,165 W,1126 MHz,NVIDIA,GPU,2023,,,,,,,,,,
gigabyte aorus master,1126.95,Gigabyte,GeForce RTX 3080 Ti,12 GB,350 W,1365 MHz,Gigabyte,GPU,2023,,,,,,,,,,
msi aero itx oc,209.99,MSI,GeForce RTX 3050 8GB,8 GB,130 W,1550 MHz,MSI,GPU,2023,,,,,,,,,,
zotac zt-71115-20l,79.99,Zotac,GeForce GT 730,4 GB,49 W,902 MHz,Zotac,GPU,2023,,,,,,,,,,
asus rog strix gaming oc,449.99,Asus,Radeon RX 6600 XT,8 GB,160 W,1968 MHz,Asus,GPU,2023,,,,,,,,,,
gigabyte eagle,587.49,Gigabyte,Radeon RX 6600 XT,8 GB,160 W,1968 MHz,Gigabyte,GPU,2023,,,,,,,,,,
zotac gaming amp holo,1449.99,Zotac,GeForce RTX 3080 Ti,12 GB,350 W,1365 MHz,Zotac,GPU,2023,,,,,,,,,,
asus tuf gaming oc,1399.99,Asus,Radeon RX 6900 XT,16 GB,300 W,1825 MHz,Asus,GPU,2023,,,,,,,,,,
evga xc black gaming,442.78,EVGA,GeForce RTX 3060 12GB,12 GB,170 W,1320 MHz,EVGA,GPU,2023,,,,,,,,,,
msi n730-2gd3v3,97.1,MSI,GeForce GT 730,2 GB,49 W,700 MHz,MSI,GPU,2023,,,,,,,,,,
palit dual,664.78,Palit,GeForce RTX 4070,12 GB,200 W,1920 MHz,Palit,GPU,2023,,,,,,,,,,
asus tuf gaming,210.72,Asus,GeForce GTX 1650 SUPER,4 GB,100 W,1530 MHz,Asus,GPU,2023,,,,,,,,,,
msi armor oc,598.0,MSI,GeForce GTX 1080,8 GB,180 W,1657 MHz,MSI,GPU,2023,,,,,,,,,,
asus phoenix,108.12,Asus,Radeon RX 550 - 512,2 GB,50 W,1100 MHz,Asus,GPU,2023,,,,,,,,,,
sparkle elf,109.99,Sparkle,Arc A310,4 GB,30 W,1750 MHz,Sparkle,GPU,2023,,,,,,,,,,
pny blower,699.0,PNY,GeForce RTX 2080 Ti,11 GB,250 W,1350 MHz,PNY,GPU,2023,,,,,,,,,,
gigabyte eagle oc,999.99,Gigabyte,GeForce RTX 3080 10GB,10 GB,320 W,1440 MHz,Gigabyte,GPU,2023,,,,,,,,,,
gigabyte aorus xtreme waterforce,1799.0,Gigabyte,GeForce RTX 3090 Ti,24 GB,450 W,1560 MHz,Gigabyte,GPU,2023,,,,,,,,,,
xfx speedster merc 319 black,1014.0,XFX,Radeon RX 6700 XT,12 GB,230 W,2321 MHz,XFX,GPU,2023,,,,,,,,,,
msi ventus 3x plus oc,1199.0,MSI,GeForce RTX 3080 12GB LHR,12 GB,350 W,1260 MHz,MSI,GPU,2023,,,,,,,,,,
gigabyte aorus elite,1114.99,Gigabyte,GeForce RTX 4070 Ti,12 GB,285 W,2310 MHz,Gigabyte,GPU,2023,,,,,,,,,,
asus strix gaming oc,449.0,Asus,Radeon RX 5600 XT,6 GB,150 W,1247 MHz,Asus,GPU,2023,,,,,,,,,,
evga black,1499.99,EVGA,GeForce RTX 2080 Ti,11 GB,250 W,1350 MHz,EVGA,GPU,2023,,,,,,,,,,
gigabyte gv-n105td5-4gd,269.99,Gigabyte,GeForce GTX 1050 Ti,4 GB,75 W,1290 MHz,Gigabyte,GPU,2023,,,,,,,,,,
palit jetstream,557.12,Palit,GeForce RTX 4060 Ti,16 GB,165 W,2310 MHz,Palit,GPU,2023,,,,,,,,,,
gigabyte gaming,469.99,Gigabyte,Radeon RX 570,4 GB,150 W,1168 MHz,Gigabyte,GPU,2023,,,,,,,,,,
asus turbo-gtx1070-8g,379.0,Asus,GeForce GTX 1070,8 GB,150 W,1506 MHz,Asus,GPU,2023,,,,,,,,,,
asrock phantom gaming oc,269.99,ASRock,Radeon RX 7600,8 GB,165 W,1720 MHz,ASRock,GPU,2023,,,,,,,,,,
zotac zt-p10300a-10l,104.99,Zotac,GeForce GT 1030,2 GB,30 W,1227 MHz,Zotac,GPU,2023,,,,,,,,,,
evga xc gaming,599.0,EVGA,GeForce RTX 2070 SUPER,8 GB,215 W,1605 MHz,EVGA,GPU,2023,,,,,,,,,,
pny vcqp1000-pb,170.84,PNY,Quadro P1000,4 GB,47 W,1354 MHz,PNY,GPU,2023,,,,,,,,,,
gigabyte windforce oc,449.99,Gigabyte,GeForce GTX 1650 G5,4 GB,75 W,1485 MHz,Gigabyte,GPU,2023,,,,,,,,,,
msi aero,499.0,MSI,GeForce GTX 1070 Ti,8 GB,180 W,1607 MHz,MSI,GPU,2023,,,,,,,,,,
asus dual oc,889.0,Asus,GeForce RTX 2080 Ti,11 GB,250 W,1350 MHz,Asus,GPU,2023,,,,,,,,,,
sparkle roc luna oc,214.99,Sparkle,Arc A750,8 GB,225 W,2050 MHz,Sparkle,GPU,2023,,,,,,,,,,
msi aero,393.04,MSI,GeForce RTX 2080,8 GB,215 W,1350 MHz,MSI,GPU,2023,,,,,,,,,,
hp c2j92aa,83.63,HP,Quadro K600,1 GB,41 W,876 MHz,HP,GPU,2023,,,,,,,,,,
msi armor oc,249.42,MSI,GeForce GTX 1660 Ti,6 GB,120 W,1500 MHz,MSI,GPU,2023,,,,,,,,,,
powercolor hellhound,269.0,PowerColor,Radeon RX 6600,8 GB,132 W,1626 MHz,PowerColor,GPU,2023,,,,,,,,,,
evga ftw3 ultra gaming,1029.0,EVGA,GeForce RTX 2070 SUPER,8 GB,215 W,1605 MHz,EVGA,GPU,2023,,,,,,,,,,
gigabyte windforce oc,290.27,Gigabyte,GeForce RTX 3050 8GB,8 GB,130 W,1550 MHz,Gigabyte,GPU,2023,,,,,,,,,,
asus tuf gaming,1299.95,Asus,GeForce RTX 3080 Ti,12 GB,350 W,1365 MHz,Asus,GPU,2023,,,,,,,,,,
asus gtxtitanx-12gd5,1698.0,Asus,GeForce GTX Titan X,12 GB,250 W,1075 MHz,Asus,GPU,2023,,,,,,,,,,
asus rog strix gaming,1669.0,Asus,GeForce RTX 4080,16 GB,320 W,2205 MHz,Asus,GPU,2023,,,,,,,,,,
pny rtx a-series,495.99,PNY,RTX A2000 6GB,6 GB,70 W,562 MHz,PNY,GPU,2023,,,,,,,,,,
powercolor hellhound spectral,1323.0,PowerColor,Radeon RX 6700 XT,12 GB,230 W,2321 MHz,PowerColor,GPU,2023,,,,,,,,,,
pny vcqp620-pb,103.48,PNY,Quadro P620,2 GB,40 W,1266 MHz,PNY,GPU,2023,,,,,,,,,,
msi geforce rtx 3070 ventus 3x,692.78,MSI,GeForce RTX 3070,8 GB,220 W,1500 MHz,MSI,GPU,2023,,,,,,,,,,
gigabyte gaming oc rev 2.0,909.08,Gigabyte,GeForce RTX 3080 10GB LHR,10 GB,320 W,1440 MHz,Gigabyte,GPU,2023,,,,,,,,,,
asus turbo,579.0,Asus,GeForce GTX 1080,8 GB,180 W,1607 MHz,Asus,GPU,2023,,,,,,,,,,
asus tuf gaming oc,1799.95,Asus,GeForce RTX 3090 Ti,24 GB,450 W,1560 MHz,Asus,GPU,2023,,,,,,,,,,
asus dual evo,489.0,Asus,GeForce RTX 2060 12GB,12 GB,185 W,1470 MHz,Asus,GPU,2023,,,,,,,,,,
powercolor red dragon oc,556.04,PowerColor,Radeon RX 6800,16 GB,250 W,1700 MHz,PowerColor,GPU,2023,,,,,,,,,,
asus gt730-sl-2gd3-brk,128.02,Asus,GeForce GT 730,2 GB,49 W,902 MHz,Asus,GPU,2023,,,,,,,,,,
zotac gaming trinity,639.99,Zotac,GeForce RTX 3070 Ti,8 GB,290 W,1575 MHz,Zotac,GPU,2023,,,,,,,,,,
msi gaming,399.0,MSI,Radeon R9 390,8 GB,275 W,1000 MHz,MSI,GPU,2023,,,,,,,,,,
asus rog strix white oc v2,1699.0,Asus,GeForce RTX 3080 10GB LHR,10 GB,320 W,1440 MHz,Asus,GPU,2023,,,,,,,,,,
evga xc gaming,417.3,EVGA,GeForce RTX 2060,12 GB,185 W,1365 MHz,EVGA,GPU,2023,,,,,,,,,,
amd 100-300000075,2437.83,AMD,Radeon PRO W7800,32 GB,260 W,1855 MHz,AMD,GPU,2023,,,,,,,,,,
asus phoenix,349.9,Asus,GeForce RTX 3060 12GB,12 GB,170 W,1320 MHz,Asus,GPU,2023,,,,,,,,,,
msi ventus oc,339.6,MSI,GeForce RTX 2060,6 GB,160 W,1365 MHz,MSI,GPU,2023,,,,,,,,,,
acer nitro oc,389.99,Acer,Radeon RX 7700 XT,12 GB,245 W,1700 MHz,Acer,GPU,2023,,,,,,,,,,
evga sc ultra gaming,249.99,EVGA,GeForce GTX 1650 G5,4 GB,75 W,1485 MHz,EVGA,GPU,2023,,,,,,,,,,
gigabyte aorus master rev 2.0,699.0,Gigabyte,GeForce RTX 3070 LHR,8 GB,220 W,1500 MHz,Gigabyte,GPU,2023,,,,,,,,,,
amd 100-506115,137.31,AMD,Radeon Pro WX 3200,4 GB,50 W,1250 MHz,AMD,GPU,2023,,,,,,,,,,
gigabyte aorus elite,582.4,Gigabyte,GeForce RTX 4060 Ti,8 GB,165 W,2310 MHz,Gigabyte,GPU,2023,,,,,,,,,,
inno3d twin x2 oc,381.87,Inno3D,GeForce RTX 4060,8 GB,115 W,1830 MHz,Inno3D,GPU,2023,,,,,,,,,,
zotac gaming amp holo,1849.0,Zotac,GeForce RTX 3080 10GB,10 GB,340 W,1440 MHz,Zotac,GPU,2023,,,,,,,,,,
evga xc3 black gaming,719.99,EVGA,GeForce RTX 3070,8 GB,220 W,1500 MHz,EVGA,GPU,2023,,,,,,,,,,
msi geforce rtx 3070 ventus 3x 8g oc lhr,499.99,MSI,GeForce RTX 3070 LHR,8 GB,220 W,1500 MHz,MSI,GPU,2023,,,,,,,,,,
xfx rx-560d2sfg5,109.99,XFX,Radeon RX 560 - 896,2 GB,75 W,1196 MHz,XFX,GPU,2023,,,,,,,,,,
zotac gaming twin edge oc spider-man: across the spider-verse,699.99,Zotac,GeForce RTX 4070,12 GB,200 W,1920 MHz,Zotac,GPU,2023,,,,,,,,,,
gigabyte gaming oc,1720.23,Gigabyte,Radeon RX 6900 XT,16 GB,300 W,1825 MHz,Gigabyte,GPU,2023,,,,,,,,,,
evga ftw3 ultra gaming icx3,487.54,EVGA,GeForce RTX 3070 LHR,8 GB,220 W,1500 MHz,EVGA,GPU,2023,,,,,,,,,,
pny vcqp400-pb,99.0,PNY,Quadro P400,2 GB,30 W,1070 MHz,PNY,GPU,2023,,,,,,,,,,
asus ko gaming oc,659.0,Asus,GeForce RTX 3070,8 GB,220 W,1500 MHz,Asus,GPU,2023,,,,,,,,,,
asus proart,838.31,Asus,GeForce RTX 4070 Ti,12 GB,285 W,2310 MHz,Asus,GPU,2023,,,,,,,,,,
sapphire 11256-00,4438.0,Sapphire,Radeon RX 470,4 GB,150 W,932 MHz,Sapphire,GPU,2023,,,,,,,,,,
msi ventus,749.0,MSI,GeForce RTX 2080,8 GB,215 W,1515 MHz,MSI,GPU,2023,,,,,,,,,,
asus strix-gtx960-dc2oc-2gd5,199.99,Asus,GeForce GTX 960,2 GB,120 W,1228 MHz,Asus,GPU,2023,,,,,,,,,,
zotac zt-71310-10l,67.69,Zotac,GeForce GT 710,2 GB,19 W,954 MHz,Zotac,GPU,2023,,,,,,,,,,
msi duke oc,679.0,MSI,GeForce GTX 1080 Ti,11 GB,250 W,1531 MHz,MSI,GPU,2023,,,,,,,,,,
pny vcqm2000-pb,104.29,PNY,Quadro M2000,4 GB,75 W,872 MHz,PNY,GPU,2023,,,,,,,,,,
pny t-series,404.99,PNY,T1000 8GB,8 GB,50 W,1065 MHz,PNY,GPU,2023,,,,,,,,,,
evga xc gaming,599.0,EVGA,GeForce RTX 2070,8 GB,185 W,1410 MHz,EVGA,GPU,2023,,,,,,,,,,
zotac gaming trinity oc,1329.0,Zotac,GeForce RTX 4080,16 GB,320 W,2205 MHz,Zotac,GPU,2023,,,,,,,,,,
sparkle roc oc,299.99,Sparkle,Arc A770,16 GB,225 W,2100 MHz,Sparkle,GPU,2023,,,,,,,,,,
gigabyte eagle oc,425.0,Gigabyte,GeForce RTX 3050 8GB,8 GB,130 W,1550 MHz,Gigabyte,GPU,2023,,,,,,,,,,
msi ventus 3x plus oc,946.0,MSI,GeForce RTX 3080 10GB LHR,10 GB,320 W,1440 MHz,MSI,GPU,2023,,,,,,,,,,
powercolor red devil ultimate,1499.99,PowerColor,Radeon RX 6900 XT,16 GB,300 W,1825 MHz,PowerColor,GPU,2023,,,,,,,,,,
msi gaming x,1039.99,MSI,Radeon RX 6700 XT,12 GB,230 W,2321 MHz,MSI,GPU,2023,,,,,,,,,,
evga ssc acx 2.0+,359.0,EVGA,GeForce GTX 970,4 GB,145 W,1190 MHz,EVGA,GPU,2023,,,,,,,,,,
asus tuf gaming oc v2,610.0,Asus,GeForce RTX 3060 Ti LHR,8 GB,200 W,1410 MHz,Asus,GPU,2023,,,,,,,,,,
xfx gts,219.99,XFX,Radeon RX 580,8 GB,185 W,1257 MHz,XFX,GPU,2023,,,,,,,,,,
gigabyte gv-n105toc-4gd,408.99,Gigabyte,GeForce GTX 1050 Ti,4 GB,75 W,1341 MHz,Gigabyte,GPU,2023,,,,,,,,,,
zotac gaming trinity oc,1372.0,Zotac,GeForce RTX 3080 12GB LHR,12 GB,350 W,1260 MHz,Zotac,GPU,2023,,,,,,,,,,
pny t-series,178.0,PNY,T400 4GB,4 GB,30 W,420 MHz,PNY,GPU,2023,,,,,,,,,,
pny xlr8 gaming revel epic-x rgb,321.8,PNY,GeForce RTX 3050 8GB,8 GB,130 W,1552 MHz,PNY,GPU,2023,,,,,,,,,,
msi gaming x trio,539.0,MSI,GeForce RTX 3060 Ti,8 GB,240 W,1410 MHz,MSI,GPU,2023,,,,,,,,,,
sapphire nitro+,1299.99,Sapphire,Radeon RX 6900 XT,16 GB,340 W,1825 MHz,Sapphire,GPU,2023,,,,,,,,,,
inno3d twin x2 oc,589.38,Inno3D,GeForce RTX 4060 Ti,16 GB,165 W,2310 MHz,Inno3D,GPU,2023,,,,,,,,,,
msi duke,499.0,MSI,GeForce GTX 1070 Ti,8 GB,180 W,1607 MHz,MSI,GPU,2023,,,,,,,,,,
msi gaming x,389.0,MSI,GeForce GTX 1650 G5,4 GB,75 W,1485 MHz,MSI,GPU,2023,,,,,,,,,,
evga xc3 ultra gaming icx3,471.63,EVGA,GeForce RTX 3070 LHR,8 GB,220 W,1500 MHz,EVGA,GPU,2023,,,,,,,,,,
amd 100-300000078,429.0,AMD,Radeon PRO W7500,8 GB,70 W,1500 MHz,AMD,GPU,2023,,,,,,,,,,
asus phoenix oc,282.61,Asus,GeForce GTX 1650 G5,4 GB,75 W,1485 MHz,Asus,GPU,2023,,,,,,,,,,
diamond 6450pe31g,55.25,Diamond,Radeon HD 6450,1 GB,27 W,625 MHz,Diamond,GPU,2023,,,,,,,,,,
msi ventus 3x,1299.0,MSI,GeForce RTX 4080,16 GB,320 W,2205 MHz,MSI,GPU,2023,,,,,,,,,,
msi ventus xs oc,549.99,MSI,GeForce RTX 2060,6 GB,160 W,1365 MHz,MSI,GPU,2023,,,,,,,,,,
gigabyte gaming oc,1725.0,Gigabyte,GeForce RTX 3090 Ti,24 GB,450 W,1560 MHz,Gigabyte,GPU,2023,,,,,,,,,,
pny vcqp600-pb,84.23,PNY,Quadro P600,2 GB,40 W,1354 MHz,PNY,GPU,2023,,,,,,,,,,
palit jetstream,871.45,Palit,GeForce RTX 4070 Ti,12 GB,285 W,2310 MHz,Palit,GPU,2023,,,,,,,,,,
asus tuf gaming oc v2,599.0,Asus,GeForce RTX 3070 LHR,8 GB,220 W,1500 MHz,Asus,GPU,2023,,,,,,,,,,
gigabyte gaming oc rev 2.0,599.0,Gigabyte,GeForce RTX 3060 Ti LHR,8 GB,200 W,1410 MHz,Gigabyte,GPU,2023,,,,,,,,,,
asus strix gaming oc,445.0,Asus,GeForce RTX 2080,8 GB,215 W,1515 MHz,Asus,GPU,2023,,,,,,,,,,
gigabyte aorus master,1658.48,Gigabyte,GeForce RTX 4080,16 GB,320 W,2205 MHz,Gigabyte,GPU,2023,,,,,,,,,,
asus turbo,1289.0,Asus,GeForce RTX 2080 Ti,11 GB,250 W,1350 MHz,Asus,GPU,2023,,,,,,,,,,
zotac amp,4299.46,Zotac,GeForce GTX 1080 Ti,11 GB,270 W,1569 MHz,Zotac,GPU,2023,,,,,,,,,,
sapphire nitro+,776.95,Sapphire,Radeon RX 6800,16 GB,250 W,1700 MHz,Sapphire,GPU,2023,,,,,,,,,,
nvidia 900-1g500-2500-000,1499.0,NVIDIA,Titan V,12 GB,250 W,1200 MHz,NVIDIA,GPU,2023,,,,,,,,,,
pny xlr8 gaming revel epic-x rgb dual fan,449.73,PNY,GeForce RTX 3060 12GB,12 GB,170 W,1320 MHz,PNY,GPU,2023,,,,,,,,,,
msi radeon rx 6800 gaming x trio 16g,1115.48,MSI,Radeon RX 6800,16 GB,250 W,1700 MHz,MSI,GPU,2023,,,,,,,,,,
asus tuf gaming oc,377.9,Asus,GeForce RTX 3050 8GB,8 GB,130 W,1550 MHz,Asus,GPU,2023,,,,,,,,,,
asus dual oc,840.0,Asus,GeForce RTX 3060 Ti,8 GB,200 W,1410 MHz,Asus,GPU,2023,,,,,,,,,,
msi gaming,555.0,MSI,GeForce GTX 1060 6GB,6 GB,120 W,1506 MHz,MSI,GPU,2023,,,,,,,,,,
evga ftw3 ultra gaming,1289.0,EVGA,GeForce RTX 2080 SUPER,8 GB,250 W,1650 MHz,EVGA,GPU,2023,,,,,,,,,,
xfx speedster swft 319,769.99,XFX,Radeon RX 6900 XT,16 GB,300 W,1825 MHz,XFX,GPU,2023,,,,,,,,,,
gigabyte aorus elite rev 2.0,531.22,Gigabyte,GeForce RTX 3060 Ti LHR,8 GB,200 W,1410 MHz,Gigabyte,GPU,2023,,,,,,,,,,
evga 02g-p3-2712-kr,93.0,EVGA,GeForce GT 710,2 GB,19 W,954 MHz,EVGA,GPU,2023,,,,,,,,,,
zotac gaming trinity oc,1349.99,Zotac,GeForce RTX 3080 10GB LHR,10 GB,320 W,1440 MHz,Zotac,GPU,2023,,,,,,,,,,
msi radeon rx 6900 xt gaming z trio 16g,1126.86,MSI,Radeon RX 6900 XT,16 GB,300 W,1825 MHz,MSI,GPU,2023,,,,,,,,,,
gainward ne6306t019p2-190ab,495.0,Gainward,GeForce RTX 3060 Ti LHR,8 GB,200 W,1410 MHz,Gainward,GPU,2023,,,,,,,,,,
pny vcqp5000-pb,594.99,PNY,Quadro P5000,16 GB,180 W,1607 MHz,PNY,GPU,2023,,,,,,,,,,
gigabyte gaming oc,1239.9,Gigabyte,GeForce RTX 3080 12GB LHR,12 GB,350 W,1260 MHz,Gigabyte,GPU,2023,,,,,,,,,,
zotac zt-70601-10m,470.0,Zotac,GeForce GTX 750 Ti,2 GB,60 W,1033 MHz,Zotac,GPU,2023,,,,,,,,,,
amd 100-300000006,999.99,AMD,Radeon PRO W7700,16 GB,190 W,1900 MHz,AMD,GPU,2023,,,,,,,,,,
gigabyte windforce,1369.99,Gigabyte,GeForce RTX 4080,16 GB,320 W,2205 MHz,Gigabyte,GPU,2023,,,,,,,,,,
amd 100-506085,229.0,AMD,Radeon Pro W5700,8 GB,205 W,1243 MHz,AMD,GPU,2023,,,,,,,,,,
gigabyte aorus xtreme waterforce,1879.0,Gigabyte,GeForce RTX 3080 10GB,10 GB,320 W,1440 MHz,Gigabyte,GPU,2023,,,,,,,,,,
evga ftw2 gaming icx,699.0,EVGA,GeForce GTX 1070 Ti,8 GB,180 W,1607 MHz,EVGA,GPU,2023,,,,,,,,,,
nvidia star wars galactic empire,999.0,NVIDIA,Titan Xp,12 GB,250 W,1481 MHz,NVIDIA,GPU,2023,,,,,,,,,,
asus rog strix gaming oc v2,629.0,Asus,GeForce RTX 3070 LHR,8 GB,220 W,1500 MHz,Asus,GPU,2023,,,,,,,,,,
palit dual,456.35,Palit,GeForce RTX 4060 Ti,8 GB,160 W,2310 MHz,Palit,GPU,2023,,,,,,,,,,
sapphire pulse,466.89,Sapphire,Radeon RX VEGA 56,8 GB,180 W,1208 MHz,Sapphire,GPU,2023,,,,,,,,,,
zotac amp extreme,549.0,Zotac,GeForce GTX 1070 Ti,8 GB,180 W,1607 MHz,Zotac,GPU,2023,,,,,,,,,,
gigabyte eagle oc rev 2.0,563.29,Gigabyte,GeForce RTX 3070 LHR,8 GB,220 W,1500 MHz,Gigabyte,GPU,2023,,,,,,,,,,
gigabyte gaming oc pro rev 3.0,598.76,Gigabyte,GeForce RTX 3060 Ti LHR,8 GB,200 W,1410 MHz,Gigabyte,GPU,2023,,,,,,,,,,
pny vcqk4200-pb,110.65,PNY,Quadro K4200,4 GB,108 W,771 MHz,PNY,GPU,2023,,,,,,,,,,
evga ftw3 ultra hybrid gaming icx3,1470.0,EVGA,GeForce RTX 3080 Ti,12 GB,350 W,1365 MHz,EVGA,GPU,2023,,,,,,,,,,
gigabyte aorus master,1899.0,Gigabyte,Radeon RX 6800 XT,16 GB,300 W,1825 MHz,Gigabyte,GPU,2023,,,,,,,,,,
zotac gaming amp extreme airo,1449.9,Zotac,GeForce RTX 4080,16 GB,320 W,2205 MHz,Zotac,GPU,2023,,,,,,,,,,
sapphire toxic limited edition,1138.63,Sapphire,Radeon RX 6900 XT,16 GB,400 W,1825 MHz,Sapphire,GPU,2023,,,,,,,,,,
xfx black edition,249.95,XFX,Radeon RX 580,8 GB,185 W,1405 MHz,XFX,GPU,2023,,,,,,,,,,
gigabyte oc,249.99,Gigabyte,GeForce GTX 1050,2 GB,75 W,1379 MHz,Gigabyte,GPU,2023,,,,,,,,,,
evga sc2 gaming icx,426.0,EVGA,GeForce GTX 1070,8 GB,170 W,1594 MHz,EVGA,GPU,2023,,,,,,,,,,
gigabyte gaming oc pro,478.0,Gigabyte,Radeon RX 6600 XT,8 GB,160 W,1968 MHz,Gigabyte,GPU,2023,,,,,,,,,,
pny vcq410-pb,69.0,PNY,Quadro 410,0.5 GB,38 W,706 MHz,PNY,GPU,2023,,,,,,,,,,
xfx r9-290x enfc,214.99,XFX,Radeon R9 290X,4 GB,300 W,772 MHz,XFX,GPU,2023,,,,,,,,,,
amd 100-300000077,579.0,AMD,Radeon PRO W7600,8 GB,130 W,1720 MHz,AMD,GPU,2023,,,,,,,,,,
visiontek 900356,60.15,VisionTek,Radeon HD 5450,2 GB,19 W,,VisionTek,GPU,2023,,,,,,,,,,
amd radeon pro wx 5100,229.96,AMD,Radeon Pro WX 5100,8 GB,75 W,926 MHz,AMD,GPU,2023,,,,,,,,,,
amd 100-506095,284.56,AMD,Radeon Pro W5500,8 GB,125 W,1354 MHz,AMD,GPU,2023,,,,,,,,,,
inno3d twin x2 oc,368.55,Inno3D,GeForce RTX 4060,8 GB,115 W,1830 MHz,Inno3D,GPU,2023,,,,,,,,,,
evga 01g-p3-1302-lr,84.48,EVGA,GeForce 8400 GS,1 GB,30 W,520 MHz,EVGA,GPU,2023,,,,,,,,,,
zotac gaming twin edge oc,569.99,Zotac,GeForce RTX 3070 LHR,8 GB,220 W,1500 MHz,Zotac,GPU,2023,,,,,,,,,,
inno3d x3 oc,1058.55,Inno3D,GeForce RTX 4070,12 GB,200 W,1920 MHz,Inno3D,GPU,2023,,,,,,,,,,
pny vcqk2200-pb,117.0,PNY,Quadro K2200,4 GB,35 W,1046 MHz,PNY,GPU,2023,,,,,,,,,,
evga 01g-p4-2650-kr,171.86,EVGA,GeForce GTX 650,1 GB,64 W,1058 MHz,EVGA,GPU,2023,,,,,,,,,,
xfx speedster merc 308 black,425.99,XFX,Radeon RX 6600 XT,8 GB,160 W,2188 MHz,XFX,GPU,2023,,,,,,,,,,
asus strix,379.0,Asus,GeForce GTX 980,4 GB,165 W,1178 MHz,Asus,GPU,2023,,,,,,,,,,
amd 100-506208,569.99,AMD,Radeon PRO W6600,8 GB,120 W,2331 MHz,AMD,GPU,2023,,,,,,,,,,
evga ssc gaming,349.99,EVGA,GeForce GTX 1060 3GB,3 GB,120 W,1607 MHz,EVGA,GPU,2023,,,,,,,,,,
gigabyte aorus master,1790.0,Gigabyte,GeForce RTX 3090,24 GB,350 W,1395 MHz,Gigabyte,GPU,2023,,,,,,,,,,
xfx speedster merc 319 ultra,1799.99,XFX,Radeon RX 6900 XT,16 GB,300 W,1925 MHz,XFX,GPU,2023,,,,,,,,,,
sapphire 11197-03-40g,179.99,Sapphire,Radeon HD 7970,3 GB,250 W,950 MHz,Sapphire,GPU,2023,,,,,,,,,,
evga xc3 ultra gaming,1120.0,EVGA,GeForce RTX 3080 12GB LHR,12 GB,350 W,1260 MHz,EVGA,GPU,2023,,,,,,,,,,
asus evo,73.91,Asus,GeForce GT 730,2 GB,49 W,902 MHz,Asus,GPU,2023,,,,,,,,,,
evga acx 3.0,598.0,EVGA,GeForce GTX 1080,8 GB,180 W,1607 MHz,EVGA,GPU,2023,,,,,,,,,,
msi gt lp,61.02,MSI,GeForce GT 710,1 GB,19 W,954 MHz,MSI,GPU,2023,,,,,,,,,,
gigabyte eagle,605.07,Gigabyte,GeForce RTX 3050 8GB,8 GB,130 W,1550 MHz,Gigabyte,GPU,2023,,,,,,,,,,
evga 02g-p4-6332-kr,119.99,EVGA,GeForce GT 1030,2 GB,30 W,1290 MHz,EVGA,GPU,2023,,,,,,,,,,
xfx speedster merc 319,6373.9,XFX,Radeon RX 6800,16 GB,250 W,1700 MHz,XFX,GPU,2023,,,,,,,,,,
asus rog strix oc,426.17,Asus,Radeon RX 7600,8 GB,165 W,1720 MHz,Asus,GPU,2023,,,,,,,,,,
palit dual oc,490.42,Palit,GeForce RTX 4060 Ti,8 GB,160 W,2310 MHz,Palit,GPU,2023,,,,,,,,,,
asus strix gaming,999.0,Asus,GeForce RTX 2080 Ti,11 GB,250 W,1350 MHz,Asus,GPU,2023,,,,,,,,,,
msi gaming x trio,699.0,MSI,GeForce GTX 1080 Ti,11 GB,250 W,1569 MHz,MSI,GPU,2023,,,,,,,,,,
evga 04g-p4-2980-kr,359.0,EVGA,GeForce GTX 980,4 GB,165 W,1126 MHz,EVGA,GPU,2023,,,,,,,,,,
amd 100-506163,1011.04,AMD,Radeon Pro VII,16 GB,250 W,1400 MHz,AMD,GPU,2023,,,,,,,,,,
amd 100-505724,169.96,AMD,FirePro W7100,8 GB,150 W,824 MHz,AMD,GPU,2023,,,,,,,,,,
asus ko gaming oc v2,530.79,Asus,GeForce RTX 3070 LHR,8 GB,220 W,1500 MHz,Asus,GPU,2023,,,,,,,,,,
xfx rx-vegmtbfx6,499.0,XFX,Radeon RX VEGA 64,8 GB,295 W,1247 MHz,XFX,GPU,2023,,,,,,,,,,
pny t-series,322.99,PNY,T1000 4GB,4 GB,50 W,1065 MHz,PNY,GPU,2023,,,,,,,,,,
xfx rx-68xtacbd9,880.99,XFX,Radeon RX 6800 XT,16 GB,300 W,1925 MHz,XFX,GPU,2023,,,,,,,,,,
gigabyte aorus xtreme,1649.0,Gigabyte,GeForce RTX 3080 Ti,12 GB,350 W,1365 MHz,Gigabyte,GPU,2023,,,,,,,,,,
asus ko oc,399.0,Asus,GeForce RTX 3060 Ti,8 GB,200 W,1410 MHz,Asus,GPU,2023,,,,,,,,,,
sapphire nitro+,520.0,Sapphire,Radeon RX 6650 XT,8 GB,203 W,2055 MHz,Sapphire,GPU,2023,,,,,,,,,,
asus dual mini oc,238.0,Asus,GeForce GTX 1650 G6,4 GB,75 W,1410 MHz,Asus,GPU,2023,,,,,,,,,,
palit dual oc,670.43,Palit,GeForce RTX 4070,12 GB,200 W,1920 MHz,Palit,GPU,2023,,,,,,,,,,
evga gaming,585.0,EVGA,GeForce GTX 1070,8 GB,150 W,1506 MHz,EVGA,GPU,2023,,,,,,,,,,
evga gaming,699.0,EVGA,GeForce GTX 1070 Ti,8 GB,180 W,1607 MHz,EVGA,GPU,2023,,,,,,,,,,
pny vcqk6000-pb,299.95,PNY,Quadro K6000,12 GB,225 W,902 MHz,PNY,GPU,2023,,,,,,,,,,
pny t-series,295.0,PNY,T600,4 GB,40 W,735 MHz,PNY,GPU,2023,,,,,,,,,,
pny vcqp2200-sb,377.05,PNY,Quadro P2200,5 GB,75 W,1000 MHz,PNY,GPU,2023,,,,,,,,,,
asus rog strix lc gaming oc,1579.95,Asus,GeForce RTX 3080 Ti,12 GB,350 W,1365 MHz,Asus,GPU,2023,,,,,,,,,,
evga xc hybrid gaming,1987.98,EVGA,GeForce RTX 2080 Ti,11 GB,250 W,1350 MHz,EVGA,GPU,2023,,,,,,,,,,
evga superclocked acx,799.95,EVGA,GeForce GTX 780 Ti,3 GB,250 W,1006 MHz,EVGA,GPU,2023,,,,,,,,,,
visiontek 901491,65.75,VisionTek,Radeon HD 6570,1 GB,40 W,480 MHz,VisionTek,GPU,2023,,,,,,,,,,
xfx rx-580p427d6,489.0,XFX,Radeon RX 580,4 GB,185 W,1366 MHz,XFX,GPU,2023,,,,,,,,,,
evga black,799.9,EVGA,GeForce RTX 2080,8 GB,215 W,1515 MHz,EVGA,GPU,2023,,,,,,,,,,
asus strix gaming advanced,455.0,Asus,GeForce GTX 1660 Ti,6 GB,120 W,1500 MHz,Asus,GPU,2023,,,,,,,,,,
amd 100-505957,896.96,AMD,Radeon Pro WX 9100,16 GB,300 W,1200 MHz,AMD,GPU,2023,,,,,,,,,,
pny xlr8 gaming verto epic-x rgb oc,329.99,PNY,GeForce RTX 4060,8 GB,115 W,1830 MHz,PNY,GPU,2023,,,,,,,,,,
pny vcq2000d-pb,64.98,PNY,Quadro 2000D,1 GB,62 W,625 MHz,PNY,GPU,2023,,,,,,,,,,
evga ftw acx 2.0,349.99,EVGA,GeForce GTX 950,2 GB,90 W,1203 MHz,EVGA,GPU,2023,,,,,,,,,,
asus lp brk oc,199.99,Asus,GeForce RTX 3050 6GB,6 GB,70 W,1040 MHz,Asus,GPU,2023,,,,,,,,,,
amd 100-506189,229.0,AMD,Radeon PRO W6400,4 GB,50 W,2331 MHz,AMD,GPU,2023,,,,,,,,,,
palit jetstream,1319.27,Palit,GeForce RTX 4080,16 GB,320 W,2205 MHz,Palit,GPU,2023,,,,,,,,,,
pny xlr8 gaming verto oc,449.99,PNY,GeForce RTX 4060 Ti,16 GB,165 W,2310 MHz,PNY,GPU,2023,,,,,,,,,,
powercolor axrx 580 8gbd5-3dhdv2/oc,407.95,PowerColor,Radeon RX 580,8 GB,185 W,1257 MHz,PowerColor,GPU,2023,,,,,,,,,,
msi armor oc,399.0,MSI,GeForce GTX 1060 6GB,6 GB,120 W,1506 MHz,MSI,GPU,2023,,,,,,,,,,
pny vcqk420-2gb-pb,99.96,PNY,Quadro K420,2 GB,41 W,876 MHz,PNY,GPU,2023,,,,,,,,,,
powercolor axrx 560 4gbd5-dha,345.0,PowerColor,Radeon RX 560 - 896,4 GB,75 W,115 MHz,PowerColor,GPU,2023,,,,,,,,,,
msi ventus 3x oc lhr,999.0,MSI,GeForce RTX 3080 10GB LHR,10 GB,320 W,1440 MHz,MSI,GPU,2023,,,,,,,,,,
msi ventus 3x 8gd6x oc,627.0,MSI,GeForce RTX 3060 Ti,8 GB,225 W,1410 MHz,MSI,GPU,2023,,,,,,,,,,
nvidia star wars jedi order,999.0,NVIDIA,Titan Xp,12 GB,250 W,1481 MHz,NVIDIA,GPU,2023,,,,,,,,,,
visiontek 900574,139.99,VisionTek,Radeon HD 7750,1 GB,55 W,,VisionTek,GPU,2023,,,,,,,,,,
asus turbo,719.57,Asus,GeForce RTX 4070,12 GB,200 W,1920 MHz,Asus,GPU,2023,,,,,,,,,,
msi duke,675.0,MSI,GeForce RTX 2070,8 GB,185 W,1410 MHz,MSI,GPU,2023,,,,,,,,,,
lenovo 4x61j52234,166.25,Lenovo,T400 4GB,4 GB,30 W,420 MHz,Lenovo,GPU,2023,,,,,,,,,,
asus ko oc v2,609.18,Asus,GeForce RTX 3060 12GB,12 GB,170 W,1320 MHz,Asus,GPU,2023,,,,,,,,,,
xfx speedster qick 319 black,484.9,XFX,Radeon RX 6800,16 GB,250 W,1850 MHz,XFX,GPU,2023,,,,,,,,,,
msi duke oc,499.0,MSI,GeForce GTX 1080,8 GB,180 W,1708 MHz,MSI,GPU,2023,,,,,,,,,,
asus tuf gaming oc p,239.99,Asus,GeForce GTX 1650 G6,4 GB,75 W,1410 MHz,Asus,GPU,2023,,,,,,,,,,
powercolor red dragon,479.0,PowerColor,Radeon RX VEGA 56,8 GB,210 W,1177 MHz,PowerColor,GPU,2023,,,,,,,,,,
evga sc ultra gaming,227.7,EVGA,GeForce GTX 1650 G6,4 GB,75 W,1410 MHz,EVGA,GPU,2023,,,,,,,,,,
hp 5z7d8at,460.49,HP,T1000 8GB,8 GB,50 W,1065 MHz,HP,GPU,2023,,,,,,,,,,
zotac zt-71113-20l,98.51,Zotac,GeForce GT 730,2 GB,49 W,902 MHz,Zotac,GPU,2023,,,,,,,,,,
asus founders edition,3364.51,Asus,GeForce GTX 1080 Ti,11 GB,250 W,1480 MHz,Asus,GPU,2023,,,,,,,,,,
evga gaming,399.0,EVGA,GeForce GTX 1060 6GB,6 GB,120 W,1506 MHz,EVGA,GPU,2023,,,,,,,,,,
pny vcggtx10808pb,665.54,PNY,GeForce GTX 1080,8 GB,180 W,1607 MHz,PNY,GPU,2023,,,,,,,,,,
xfx black edition,537.0,XFX,Radeon RX 570,8 GB,150 W,1168 MHz,XFX,GPU,2023,,,,,,,,,,
pny vcqk4000-pb,120.5,PNY,Quadro K4000,3 GB,80 W,810 MHz,PNY,GPU,2023,,,,,,,,,,
zotac amp,7699.34,Zotac,GeForce GTX 1080,8 GB,270 W,1771 MHz,Zotac,GPU,2023,,,,,,,,,,
gigabyte aorus xtreme waterforce,1998.0,Gigabyte,GeForce RTX 3080 12GB LHR,12 GB,350 W,1260 MHz,Gigabyte,GPU,2023,,,,,,,,,,
pny vcqk1200dp-pb,134.09,PNY,Quadro K1200,4 GB,45 W,1058 MHz,PNY,GPU,2023,,,,,,,,,,
palit stormx,1289.0,Palit,GeForce RTX 2060,6 GB,160 W,1365 MHz,Palit,GPU,2023,,,,,,,,,,
msi d3 lp,64.99,MSI,GeForce GT 710,2 GB,19 W,954 MHz,MSI,GPU,2023,,,,,,,,,,
evga gaming,679.0,EVGA,GeForce GTX 1080 Ti,11 GB,250 W,1480 MHz,EVGA,GPU,2023,,,,,,,,,,
evga ftw2 gaming icx,579.0,EVGA,GeForce GTX 1070,8 GB,215 W,1607 MHz,EVGA,GPU,2023,,,,,,,,,,
amd firepro w9100,596.96,AMD,FirePro W9100,16 GB,275 W,930 MHz,AMD,GPU,2023,,,,,,,,,,
zotac zt-71302-20l,69.98,Zotac,GeForce GT 710,2 GB,19 W,954 MHz,Zotac,GPU,2023,,,,,,,,,,
powercolor itx,213.07,PowerColor,Radeon RX 6400,4 GB,53 W,1923 MHz,PowerColor,GPU,2023,,,,,,,,,,
pny vcg84512d3sppb,99.99,PNY,GeForce 8400 GS,0.5 GB,30 W,520 MHz,PNY,GPU,2023,,,,,,,,,,
evga xc hybrid gaming,899.95,EVGA,GeForce RTX 2080 SUPER,8 GB,250 W,1650 MHz,EVGA,GPU,2023,,,,,,,,,,
ati firepro 2270,99.98,ATI,FirePro 2270,0.5 GB,15 W,600 MHz,ATI,GPU,2023,,,,,,,,,,
asus gt710-sl-2gd5,205.09,Asus,GeForce GT 710,2 GB,19 W,954 MHz,Asus,GPU,2023,,,,,,,,,,
xfx rx-79gmercbr,569.99,XFX,Radeon RX 7900 GRE,16 GB,260 W,1270 MHz,XFX,GPU,2023,,,,,,,,,,
sapphire toxic limited edition,1334.93,Sapphire,Radeon RX 6900 XT,16 GB,400 W,1825 MHz,Sapphire,GPU,2023,,,,,,,,,,
lenovo 4x61d97085,2549.99,Lenovo,RTX A5000,24 GB,230 W,1170 MHz,Lenovo,GPU,2023,,,,,,,,,,
asus 90yv0810-u0na00,1698.0,Asus,GeForce GTX Titan X,12 GB,250 W,1000 MHz,Asus,GPU,2023,,,,,,,,,,
matrox luma,659.0,Matrox,Arc A380,6 GB,75 W,2000 MHz,Matrox,GPU,2023,,,,,,,,,,
asus strix gaming advanced,979.0,Asus,GeForce RTX 2080 Ti,11 GB,250 W,1350 MHz,Asus,GPU,2023,,,,,,,,,,
evga founders edition,598.0,EVGA,GeForce GTX 1080,8 GB,180 W,1607 MHz,EVGA,GPU,2023,,,,,,,,,,
xfx speedster merc 319 limited,769.99,XFX,Radeon RX 6900 XT,16 GB,300 W,1825 MHz,XFX,GPU,2023,,,,,,,,,,
powercolor red devil,492.58,PowerColor,Radeon RX 570,4 GB,150 W,1168 MHz,PowerColor,GPU,2023,,,,,,,,,,
msi geforce rtx 3070 suprim x 8g lhr,799.0,MSI,GeForce RTX 3070 LHR,8 GB,280 W,1500 MHz,MSI,GPU,2023,,,,,,,,,,
pny founders edition,3135.02,PNY,GeForce GTX 1080 Ti,11 GB,250 W,1480 MHz,PNY,GPU,2023,,,,,,,,,,
evga xc black gaming,449.0,EVGA,GeForce RTX 3050 8GB,8 GB,130 W,1550 MHz,EVGA,GPU,2023,,,,,,,,,,
gigabyte aorus master rev 2.0,1185.0,Gigabyte,GeForce RTX 3080 10GB LHR,10 GB,320 W,1440 MHz,Gigabyte,GPU,2023,,,,,,,,,,
zotac amp extreme holo,2273.71,Zotac,GeForce RTX 3080 Ti,12 GB,400 W,1365 MHz,Zotac,GPU,2023,,,,,,,,,,
evga xc3 ultra hybrid gaming,1245.25,EVGA,GeForce RTX 3080 12GB LHR,12 GB,350 W,1260 MHz,EVGA,GPU,2023,,,,,,,,,,
pny vcq4000-pb,139.71,PNY,Quadro 4000,2 GB,142 W,,PNY,GPU,2023,,,,,,,,,,
inno3d twin x2 oc,669.29,Inno3D,GeForce RTX 4070,12 GB,200 W,1920 MHz,Inno3D,GPU,2023,,,,,,,,,,
asus strix-r9390-dc3oc-8gd5-gaming,299.0,Asus,Radeon R9 390,8 GB,275 W,1050 MHz,Asus,GPU,2023,,,,,,,,,,
xfx speedster merc 319,2002.49,XFX,Radeon RX 6900 XT,16 GB,300 W,1825 MHz,XFX,GPU,2023,,,,,,,,,,
evga xc black gaming,334.99,EVGA,GeForce GTX 1660 Ti,6 GB,130 W,1500 MHz,EVGA,GPU,2023,,,,,,,,,,
asus tuf gaming v2,619.9,Asus,GeForce RTX 3060 Ti LHR,8 GB,200 W,1410 MHz,Asus,GPU,2023,,,,,,,,,,
xfx speedster qick 319 core,1019.0,XFX,Radeon RX 6700 XT,12 GB,230 W,2321 MHz,XFX,GPU,2023,,,,,,,,,,
asus strix gaming advanced,575.0,Asus,GeForce RTX 2070,8 GB,185 W,1410 MHz,Asus,GPU,2023,,,,,,,,,,
asus tuf gaming oc,215.68,Asus,GeForce GTX 1630,4 GB,75 W,1740 MHz,Asus,GPU,2023,,,,,,,,,,
evga 02g-p4-3660-kr,379.0,EVGA,GeForce GTX 660 Ti,2 GB,150 W,915 MHz,EVGA,GPU,2023,,,,,,,,,,
pny vcq5000-pb,196.99,PNY,Quadro 5000,2.5 GB,152 W,,PNY,GPU,2023,,,,,,,,,,
evga superclocked,249.99,EVGA,GeForce GT 740,4 GB,64 W,1085 MHz,EVGA,GPU,2023,,,,,,,,,,
asus turbo,499.0,Asus,GeForce RTX 2060,6 GB,160 W,1365 MHz,Asus,GPU,2023,,,,,,,,,,
evga 512-p2-n430-lr,99.99,EVGA,GeForce 7200 GS,0.5 GB,30 W,,EVGA,GPU,2023,,,,,,,,,,
pny vcq450nvs-x16-pb,105.99,PNY,Quadro NVS 450,0.5 GB,35 W,,PNY,GPU,2023,,,,,,,,,,
gigabyte gaming oc,2742.76,Gigabyte,GeForce RTX 2070,8 GB,185 W,1620 MHz,Gigabyte,GPU,2023,,,,,,,,,,
gigabyte eagle oc,1595.0,Gigabyte,GeForce RTX 3090,24 GB,350 W,1395 MHz,Gigabyte,GPU,2023,,,,,,,,,,
asus phoenix oc,209.99,Asus,GeForce GTX 1650 G6,4 GB,75 W,1410 MHz,Asus,GPU,2023,,,,,,,,,,
asus founders edition,559.0,Asus,GeForce GTX 1080,8 GB,180 W,1607 MHz,Asus,GPU,2023,,,,,,,,,,
evga ftw+ gaming,399.0,EVGA,GeForce GTX 1060 3GB,3 GB,150 W,1632 MHz,EVGA,GPU,2023,,,,,,,,,,
inno3d ichill x3,799.74,Inno3D,GeForce RTX 4070 Ti,12 GB,285 W,2310 MHz,Inno3D,GPU,2023,,,,,,,,,,
pny vcqk2000-pb,107.0,PNY,Quadro K2000,2 GB,51 W,,PNY,GPU,2023,,,,,,,,,,
asus strix gaming oc,500.97,Asus,GeForce GTX 1650 G5,4 GB,75 W,1485 MHz,Asus,GPU,2023,,,,,,,,,,
pny t-series,174.99,PNY,T400 2GB,2 GB,30 W,420 MHz,PNY,GPU,2023,,,,,,,,,,
amd firepro 2460,226.99,AMD,FirePro 2460,0.5 GB,20 W,,AMD,GPU,2023,,,,,,,,,,
evga sc2 gaming icx,598.0,EVGA,GeForce GTX 1080,8 GB,180 W,1708 MHz,EVGA,GPU,2023,,,,,,,,,,
msi sea hawk x,855.0,MSI,GeForce RTX 2080,8 GB,215 W,1515 MHz,MSI,GPU,2023,,,,,,,,,,
pny vcqk1200dvi-pb,128.4,PNY,Quadro K1200,4 GB,45 W,1058 MHz,PNY,GPU,2023,,,,,,,,,,
xfx rx-vegmlbfx6,449.0,XFX,Radeon RX VEGA 56,8 GB,210 W,1156 MHz,XFX,GPU,2023,,,,,,,,,,
msi founders edition,679.0,MSI,GeForce GTX 1080 Ti,11 GB,250 W,1480 MHz,MSI,GPU,2023,,,,,,,,,,
dell 469-4186,70.98,Dell,Quadro K600,1 GB,41 W,876 MHz,Dell,GPU,2023,,,,,,,,,,
gigabyte gv-r545-1gi,89.99,Gigabyte,Radeon HD 5450,1 GB,19 W,650 MHz,Gigabyte,GPU,2023,,,,,,,,,,
evga acx 2.0,359.0,EVGA,GeForce GTX 980,4 GB,165 W,1126 MHz,EVGA,GPU,2023,,,,,,,,,,
msi aero itx oc,2328.4,MSI,Radeon RX 560 - 1024,2 GB,90 W,1175 MHz,MSI,GPU,2023,,,,,,,,,,
msi d6 aero itx oc,188.06,MSI,GeForce GTX 1650 G6,4 GB,75 W,1410 MHz,MSI,GPU,2023,,,,,,,,,,
zotac gaming trinity,1989.99,Zotac,GeForce RTX 3080 Ti,12 GB,350 W,1365 MHz,Zotac,GPU,2023,,,,,,,,,,
lenovo 4x61j52233,464.13,Lenovo,T1000 8GB,8 GB,50 W,1065 MHz,Lenovo,GPU,2023,,,,,,,,,,
pny vcnvs810dvi-pb,796.96,PNY,NVS 810,4 GB,68 W,1020 MHz,PNY,GPU,2023,,,,,,,,,,
evga 768-p3-1360-rx,447.0,EVGA,GeForce GTX 460,0.75 GB,150 W,675 MHz,EVGA,GPU,2023,,,,,,,,,,
ati firepro v7900 sdi,96.96,ATI,FirePro V7900 SDI,2 GB,150 W,725 MHz,ATI,GPU,2023,,,,,,,,,,
pny vcqk5000-pb,393.94,PNY,Quadro K5000,4 GB,122 W,706 MHz,PNY,GPU,2023,,,,,,,,,,
ati firepro 2450 multi-view,96.96,ATI,FirePro 2450,0.5 GB,32 W,600 MHz,ATI,GPU,2023,,,,,,,,,,
hp firepro w7000,179.96,HP,FirePro W7000,4 GB,150 W,950 MHz,HP,GPU,2023,,,,,,,,,,
hp firepro v3900,159.99,HP,FirePro V3900,1 GB,50 W,650 MHz,HP,GPU,2023,,,,,,,,,,
ati 100-505553,129.99,ATI,FirePro V5700,0.5 GB,58 W,,ATI,GPU,2023,,,,,,,,,,
hp j3g92at,168.96,HP,FirePro W5100,4 GB,75 W,930 MHz,HP,GPU,2023,,,,,,,,,,
ati 100-505637,129.99,ATI,FirePro V3900,1 GB,50 W,,ATI,GPU,2023,,,,,,,,,,
matrox luma,569.0,Matrox,Arc A310,4 GB,50 W,1750 MHz,Matrox,GPU,2023,,,,,,,,,,
ati firepro s9050,899.99,ATI,FirePro S9050,12 GB,225 W,900 MHz,ATI,GPU,2023,,,,,,,,,,
ati firepro w5000,149.99,ATI,FirePro W5000,2 GB,75 W,825 MHz,ATI,GPU,2023,,,,,,,,,,
evga 02g-p4-3662-kr,379.0,EVGA,GeForce GTX 660 Ti,2 GB,150 W,967 MHz,EVGA,GPU,2023,,,,,,,,,,
ati firepro v8800,269.95,ATI,FirePro V8800,2 GB,208 W,825 MHz,ATI,GPU,2023,,,,,,,,,,
hp c2j94at,179.96,HP,Quadro K4000,3 GB,80 W,810 MHz,HP,GPU,2023,,,,,,,,,,
lenovo 0b47392,129.99,Lenovo,Quadro K2000,2 GB,51 W,954 MHz,Lenovo,GPU,2023,,,,,,,,,,
ati firepro w8000,267.95,ATI,FirePro W8000,4 GB,225 W,900 MHz,ATI,GPU,2023,,,,,,,,,,
hp c2j93aa,129.99,HP,Quadro K2000,2 GB,51 W,,HP,GPU,2023,,,,,,,,,,
amd ryzen 7 7800x3d,269.0,AMD,,,120 W,,AMD,CPU,2023,8.0,Zen 4,,,,,,,,
amd ryzen 5 7600x,159.0,AMD,,,105 W,,AMD,CPU,2023,6.0,Zen 4,,,,,,,,
amd ryzen 5 5600x,129.99,AMD,,,65 W,,AMD,CPU,2023,6.0,Zen 3,,,,,,,,
amd ryzen 5 7600,189.0,AMD,,,65 W,,AMD,CPU,2023,6.0,Zen 4,,,,,,,,
intel core i9-14900k,534.99,Intel,,,125 W,,Intel,CPU,2023,24.0,Raptor Lake Refresh,,,,,,,,
intel core i7-14700k,389.99,Intel,,,125 W,,Intel,CPU,2023,20.0,Raptor Lake Refresh,,,,,,,,
intel core i5-12400f,128.33,Intel,,,65 W,,Intel,CPU,2023,6.0,Alder Lake,,,,,,,,
amd ryzen 5 3600,84.0,AMD,,,65 W,,AMD,CPU,2023,6.0,Zen 2,,,,,,,,
amd ryzen 7 7700x,287.0,AMD,,,105 W,,AMD,CPU,2023,8.0,Zen 4,,,,,,,,
amd ryzen 9 7950x3d,567.0,AMD,,,120 W,,AMD,CPU,2023,16.0,Zen 4,,,,,,,,
amd ryzen 5 5600,139.0,AMD,,,65 W,,AMD,CPU,2023,6.0,Zen 3,,,,,,,,
amd ryzen 7 5800x,159.0,AMD,,,105 W,,AMD,CPU,2023,8.0,Zen 3,,,,,,,,
amd ryzen 5 5500,92.99,AMD,,,65 W,,AMD,CPU,2023,6.0,Zen 3,,,,,,,,
intel core i5-12600kf,150.0,Intel,,,125 W,,Intel,CPU,2023,10.0,Alder Lake,,,,,,,,
intel core i7-12700k,214.98,Intel,,,125 W,,Intel,CPU,2023,12.0,Alder Lake,,,,,,,,
amd ryzen 7 5700x,149.0,AMD,,,65 W,,AMD,CPU,2023,8.0,Zen 3,,,,,,,,
intel core i7-13700k,359.0,Intel,,,125 W,,Intel,CPU,2023,16.0,Raptor Lake,,,,,,,,
intel core i5-12600k,175.34,Intel,,,125 W,,Intel,CPU,2023,10.0,Alder Lake,,,,,,,,
amd ryzen 7 5800x3d,317.91,AMD,,,105 W,,AMD,CPU,2023,8.0,Zen 3,,,,,,,,
amd ryzen 9 7900x,396.58,AMD,,,170 W,,AMD,CPU,2023,12.0,Zen 4,,,,,,,,
amd ryzen 5 5600g,132.99,AMD,,,65 W,,AMD,CPU,2023,6.0,Zen 3,,,,,,,,
amd ryzen 9 5900x,261.99,AMD,,,105 W,,AMD,CPU,2023,12.0,Zen 3,,,,,,,,
intel core i5-13600k,268.98,Intel,,,125 W,,Intel,CPU,2023,14.0,Raptor Lake,,,,,,,,
intel core i7-12700kf,228.9,Intel,,,125 W,,Intel,CPU,2023,12.0,Alder Lake,,,,,,,,
intel core i9-14900ks,662.95,Intel,,,150 W,,Intel,CPU,2023,24.0,Raptor Lake Refresh,,,,,,,,
intel core i3-12100f,94.98,Intel,,,58 W,,Intel,CPU,2023,4.0,Alder Lake,,,,,,,,
amd ryzen 7 7700,281.63,AMD,,,65 W,,AMD,CPU,2023,8.0,Zen 4,,,,,,,,
intel core i9-13900k,474.98,Intel,,,125 W,,Intel,CPU,2023,24.0,Raptor Lake,,,,,,,,
amd threadripper 3990x,4255.0,AMD,,,280 W,,AMD,CPU,2023,64.0,Zen 2,,,,,,,,
intel core i7-14700kf,363.99,Intel,,,125 W,,Intel,CPU,2023,20.0,Raptor Lake Refresh,,,,,,,,
intel core i9-12900k,334.0,Intel,,,125 W,,Intel,CPU,2023,16.0,Alder Lake,,,,,,,,
amd ryzen 9 7900x3d,360.56,AMD,,,120 W,,AMD,CPU,2023,12.0,Zen 4,,,,,,,,
amd ryzen 5 4500,77.77,AMD,,,65 W,,AMD,CPU,2023,6.0,Zen 2,,,,,,,,
amd ryzen 9 7950x,510.38,AMD,,,170 W,,AMD,CPU,2023,16.0,Zen 4,,,,,,,,
intel core i5-14600k,305.99,Intel,,,125 W,,Intel,CPU,2023,14.0,Raptor Lake Refresh,,,,,,,,
amd ryzen 7 3700x,178.89,AMD,,,65 W,,AMD,CPU,2023,8.0,Zen 2,,,,,,,,
intel core i7-13700kf,303.49,Intel,,,125 W,,Intel,CPU,2023,16.0,Raptor Lake,,,,,,,,
amd ryzen 7 5700g,174.0,AMD,,,65 W,,AMD,CPU,2023,8.0,Zen 3,,,,,,,,
amd ryzen 7 5700x3d,229.0,AMD,,,105 W,,AMD,CPU,2023,8.0,Zen 3,,,,,,,,
intel core i5-14600kf,294.0,Intel,,,125 W,,Intel,CPU,2023,14.0,Raptor Lake Refresh,,,,,,,,
amd ryzen 9 5950x,363.44,AMD,,,105 W,,AMD,CPU,2023,16.0,Zen 3,,,,,,,,
intel core i9-14900kf,509.14,Intel,,,125 W,,Intel,CPU,2023,24.0,Raptor Lake Refresh,,,,,,,,
intel core i5-10400f,97.25,Intel,,,65 W,,Intel,CPU,2023,6.0,Comet Lake,,,,,,,,
amd ryzen 5 4600g,90.0,AMD,,,65 W,,AMD,CPU,2023,6.0,Zen 2,,,,,,,,
amd ryzen 5 2600,150.0,AMD,,,65 W,,AMD,CPU,2023,6.0,Zen+,,,,,,,,
intel core i5-12400,158.03,Intel,,,65 W,,Intel,CPU,2023,6.0,Alder Lake,,,,,,,,
intel core i7-8700k,193.0,Intel,,,95 W,,Intel,CPU,2023,6.0,Coffee Lake,,,,,,,,
amd ryzen 5 8600g,228.99,AMD,,,65 W,,AMD,CPU,2023,6.0,Zen 4,,,,,,,,
intel core i9-13900kf,464.99,Intel,,,125 W,,Intel,CPU,2023,24.0,Raptor Lake,,,,,,,,
intel core i3-10100f,70.56,Intel,,,65 W,,Intel,CPU,2023,4.0,Comet Lake,,,,,,,,
amd threadripper 3970x,1675.0,AMD,,,280 W,,AMD,CPU,2023,32.0,Zen 2,,,,,,,,
intel core i7-14700f,369.0,Intel,,,65 W,,Intel,CPU,2023,20.0,Raptor Lake Refresh,,,,,,,,
amd ryzen 5 3600x,210.0,AMD,,,95 W,,AMD,CPU,2023,6.0,Zen 2,,,,,,,,
amd ryzen 7 2700x,210.0,AMD,,,105 W,,AMD,CPU,2023,8.0,Zen+,,,,,,,,
intel core i9-9900k,405.0,Intel,,,95 W,,Intel,CPU,2023,8.0,Coffee Lake Refresh,,,,,,,,
intel core i3-14100f,119.98,Intel,,,58 W,,Intel,CPU,2023,4.0,Raptor Lake Refresh,,,,,,,,
intel core i7-10700k,247.25,Intel,,,125 W,,Intel,CPU,2023,8.0,Comet Lake,,,,,,,,
intel core i5-11400f,115.98,Intel,,,65 W,,Intel,CPU,2023,6.0,Rocket Lake,,,,,,,,
amd ryzen 9 3900x,395.0,AMD,,,105 W,,AMD,CPU,2023,12.0,Zen 2,,,,,,,,
intel core i5-13500,244.85,Intel,,,65 W,,Intel,CPU,2023,14.0,Raptor Lake,,,,,,,,
intel core i9-12900kf,272.98,Intel,,,125 W,,Intel,CPU,2023,16.0,Alder Lake,,,,,,,,
intel core i7-12700f,249.99,Intel,,,65 W,,Intel,CPU,2023,12.0,Alder Lake,,,,,,,,
intel core i3-13100f,109.99,Intel,,,58 W,,Intel,CPU,2023,4.0,Raptor Lake,,,,,,,,
intel core i5-9400f,94.99,Intel,,,65 W,,Intel,CPU,2023,6.0,Coffee Lake Refresh,,,,,,,,
intel core i7-6700k,180.0,Intel,,,91 W,,Intel,CPU,2023,4.0,Skylake,,,,,,,,
intel core i9-13900ks,589.99,Intel,,,150 W,,Intel,CPU,2023,24.0,Raptor Lake,,,,,,,,
intel core i7-13700f,349.98,Intel,,,65 W,,Intel,CPU,2023,16.0,Raptor Lake,,,,,,,,
amd ryzen 7 3800x,285.0,AMD,,,105 W,,AMD,CPU,2023,8.0,Zen 2,,,,,,,,
intel core i7-11700k,233.0,Intel,,,125 W,,Intel,CPU,2023,8.0,Rocket Lake,,,,,,,,
amd ryzen 5 3400g,110.99,AMD,,,65 W,,AMD,CPU,2023,4.0,Zen+,,,,,,,,
intel core i5-9600k,137.0,Intel,,,95 W,,Intel,CPU,2023,6.0,Coffee Lake Refresh,,,,,,,,
intel core i9-11900k,257.99,Intel,,,125 W,,Intel,CPU,2023,8.0,Rocket Lake,,,,,,,,
intel core i5-10400,130.0,Intel,,,65 W,,Intel,CPU,2023,6.0,Comet Lake,,,,,,,,
intel core i5-6500,67.0,Intel,,,65 W,,Intel,CPU,2023,4.0,Skylake,,,,,,,,
intel core i7-8700,200.0,Intel,,,65 W,,Intel,CPU,2023,6.0,Coffee Lake,,,,,,,,
intel core i9-10900k,440.0,Intel,,,125 W,,Intel,CPU,2023,10.0,Comet Lake,,,,,,,,
amd ryzen 3 3100,170.0,AMD,,,65 W,,AMD,CPU,2023,4.0,Zen 2,,,,,,,,
intel core i3-14100,149.0,Intel,,,60 W,,Intel,CPU,2023,4.0,Raptor Lake Refresh,,,,,,,,
intel core i5-8400,128.04,Intel,,,65 W,,Intel,CPU,2023,6.0,Coffee Lake,,,,,,,,
amd ryzen 5 5500gt,115.0,AMD,,,65 W,,AMD,CPU,2023,6.0,Zen 3,,,,,,,,
intel core i3-10305,169.99,Intel,,,65 W,,Intel,CPU,2023,4.0,Comet Lake,,,,,,,,
amd athlon ii x4 620,59.49,AMD,,,95 W,,AMD,CPU,2023,4.0,K10,,,,,,,,
intel xeon e3-1265l v3,398.95,Intel,,,45 W,,Intel,CPU,2023,4.0,Haswell,,,,,,,,
intel core i3-2120t,60.0,Intel,,,35 W,,Intel,CPU,2023,2.0,Sandy Bridge,,,,,,,,
intel xeon e-2176g,844.02,Intel,,,80 W,,Intel,CPU,2023,6.0,Coffee Lake,,,,,,,,
intel core i7-940,149.94,Intel,,,130 W,,Intel,CPU,2023,4.0,Nehalem,,,,,,,,
amd a10-6700,112.76,AMD,,,65 W,,AMD,CPU,2023,4.0,Piledriver,,,,,,,,
intel xeon e5-2643 v4,479.0,Intel,,,135 W,,Intel,CPU,2023,6.0,Broadwell,,,,,,,,
intel core 2 duo e6750,89.95,Intel,,,65 W,,Intel,CPU,2023,2.0,Core,,,,,,,,
intel xeon e5-2470v2,229.95,Intel,,,95 W,,Intel,CPU,2023,10.0,Ivy Bridge,,,,,,,,
intel celeron g3900,53.5,Intel,,,51 W,,Intel,CPU,2023,2.0,Skylake,,,,,,,,
intel xeon e-2236,441.91,Intel,,,80 W,,Intel,CPU,2023,6.0,Coffee Lake Refresh,,,,,,,,
intel core i3-2105,60.0,Intel,,,65 W,,Intel,CPU,2023,2.0,Sandy Bridge,,,,,,,,
intel xeon e5-2630l v3,410.0,Intel,,,55 W,,Intel,CPU,2023,8.0,Haswell,,,,,,,,
intel core 2 quad q8400,155.97,Intel,,,95 W,,Intel,CPU,2023,4.0,Yorkfield,,,,,,,,
intel core i3-3220t,80.0,Intel,,,35 W,,Intel,CPU,2023,2.0,Ivy Bridge,,,,,,,,
amd opteron 6328,499.99,AMD,,,115 W,,AMD,CPU,2023,8.0,Piledriver,,,,,,,,
intel pentium g2140,45.0,Intel,,,55 W,,Intel,CPU,2023,2.0,Ivy Bridge,,,,,,,,
intel xeon e5-2695 v3,498.95,Intel,,,120 W,,Intel,CPU,2023,14.0,Haswell,,,,,,,,
intel xeon e5-2620 v3,95.07,Intel,,,85 W,,Intel,CPU,2023,6.0,Haswell,,,,,,,,
intel core i7-6900k,295.06,Intel,,,140 W,,Intel,CPU,2023,8.0,Broadwell,,,,,,,,
intel core i3-6100t,149.94,Intel,,,35 W,,Intel,CPU,2023,2.0,Skylake,,,,,,,,
intel xeon e-2136,796.0,Intel,,,80 W,,Intel,CPU,2023,6.0,Coffee Lake,,,,,,,,
intel core i7-860,189.95,Intel,,,95 W,,Intel,CPU,2023,4.0,Nehalem,,,,,,,,
intel core i3-560,60.0,Intel,,,73 W,,Intel,CPU,2023,2.0,Westmere,,,,,,,,
intel xeon e3-1275 v2,374.0,Intel,,,77 W,,Intel,CPU,2023,4.0,Ivy Bridge,,,,,,,,
intel xeon e5-2603,98.95,Intel,,,80 W,,Intel,CPU,2023,4.0,Sandy Bridge,,,,,,,,
intel xeon e5-1620 v4,136.62,Intel,,,140 W,,Intel,CPU,2023,4.0,Broadwell,,,,,,,,
intel pentium g6950,55.01,Intel,,,73 W,,Intel,CPU,2023,2.0,Westmere,,,,,,,,
intel core i5-750,403.0,Intel,,,95 W,,Intel,CPU,2023,4.0,Nehalem,,,,,,,,
amd phenom ii x4 830,55.05,AMD,,,95 W,,AMD,CPU,2023,4.0,K10,,,,,,,,
intel xeon e5-2623 v3,229.95,Intel,,,105 W,,Intel,CPU,2023,4.0,Haswell,,,,,,,,
intel core i7-6700,128.0,Intel,,,65 W,,Intel,CPU,2023,4.0,Skylake,,,,,,,,
intel core i7-10700f,218.99,Intel,,,65 W,,Intel,CPU,2023,8.0,Comet Lake,,,,,,,,
intel core i7-12700,265.49,Intel,,,65 W,,Intel,CPU,2023,12.0,Alder Lake,,,,,,,,
intel core i5-4690k,53.0,Intel,,,88 W,,Intel,CPU,2023,4.0,Haswell Refresh,,,,,,,,
intel core i9-12900ks,319.98,Intel,,,150 W,,Intel,CPU,2023,16.0,Alder Lake,,,,,,,,
intel core i5-10600k,169.65,Intel,,,125 W,,Intel,CPU,2023,6.0,Comet Lake,,,,,,,,
amd ryzen 5 5600gt,130.0,AMD,,,65 W,,AMD,CPU,2023,6.0,Zen 3,,,,,,,,
intel core i9-11900kf,232.0,Intel,,,125 W,,Intel,CPU,2023,8.0,Rocket Lake,,,,,,,,
intel core i5-14400,229.98,Intel,,,65 W,,Intel,CPU,2023,10.0,Raptor Lake Refresh,,,,,,,,
intel core i7-4770,74.95,Intel,,,84 W,,Intel,CPU,2023,4.0,Haswell,,,,,,,,
intel core i7-11700f,201.99,Intel,,,65 W,,Intel,CPU,2023,8.0,Rocket Lake,,,,,,,,
intel core i5-10600kf,123.0,Intel,,,125 W,,Intel,CPU,2023,6.0,Comet Lake,,,,,,,,
intel core i5-11600k,179.99,Intel,,,125 W,,Intel,CPU,2023,6.0,Rocket Lake,,,,,,,,
intel core i5-6600k,130.0,Intel,,,91 W,,Intel,CPU,2023,4.0,Skylake,,,,,,,,
amd ryzen 7 2700,185.0,AMD,,,65 W,,AMD,CPU,2023,8.0,Zen+,,,,,,,,
intel core i3-10100,93.74,Intel,,,65 W,,Intel,CPU,2023,4.0,Comet Lake,,,,,,,,
intel core i7-13700,371.99,Intel,,,65 W,,Intel,CPU,2023,16.0,Raptor Lake,,,,,,,,
intel core i7-3770,95.0,Intel,,,77 W,,Intel,CPU,2023,4.0,Ivy Bridge,,,,,,,,
intel core i5-12500,195.98,Intel,,,65 W,,Intel,CPU,2023,6.0,Alder Lake,,,,,,,,
intel core i7-6950x,804.98,Intel,,,140 W,,Intel,CPU,2023,10.0,Broadwell,,,,,,,,
intel core i3-10105f,79.78,Intel,,,65 W,,Intel,CPU,2023,4.0,Comet Lake,,,,,,,,
intel core i5-8600k,139.0,Intel,,,95 W,,Intel,CPU,2023,6.0,Coffee Lake,,,,,,,,
intel xeon e5-2699 v4,220.0,Intel,,,145 W,,Intel,CPU,2023,22.0,Broadwell,,,,,,,,
intel core i9-14900,554.99,Intel,,,65 W,,Intel,CPU,2023,24.0,Raptor Lake Refresh,,,,,,,,
amd ryzen 3 2200g,130.0,AMD,,,65 W,,AMD,CPU,2023,4.0,Zen,,,,,,,,
intel core i5-7500,89.0,Intel,,,65 W,,Intel,CPU,2023,4.0,Kaby Lake,,,,,,,,
amd ryzen 9 3950x,2147.03,AMD,,,105 W,,AMD,CPU,2023,16.0,Zen 2,,,,,,,,
amd athlon 200ge,69.98,AMD,,,35 W,,AMD,CPU,2023,2.0,Zen,,,,,,,,
intel core i5-7400,91.26,Intel,,,65 W,,Intel,CPU,2023,4.0,Kaby Lake,,,,,,,,
amd ryzen 5 2400g,135.0,AMD,,,65 W,,AMD,CPU,2023,4.0,Zen,,,,,,,,
intel core i5-3470,59.0,Intel,,,77 W,,Intel,CPU,2023,4.0,Ivy Bridge,,,,,,,,
intel core i9-14900f,529.0,Intel,,,65 W,,Intel,CPU,2023,24.0,Raptor Lake Refresh,,,,,,,,
intel celeron g6900,74.79,Intel,,,46 W,,Intel,CPU,2023,2.0,Alder Lake,,,,,,,,
intel core i7-4770k,135.0,Intel,,,84 W,,Intel,CPU,2023,4.0,Haswell,,,,,,,,
intel core i7-10700kf,240.0,Intel,,,125 W,,Intel,CPU,2023,8.0,Comet Lake,,,,,,,,
intel core i3-9100f,135.19,Intel,,,65 W,,Intel,CPU,2023,4.0,Coffee Lake Refresh,,,,,,,,
intel core i7-9700f,289.0,Intel,,,65 W,,Intel,CPU,2023,8.0,Coffee Lake Refresh,,,,,,,,
intel core i3-8100,110.0,Intel,,,65 W,,Intel,CPU,2023,4.0,Coffee Lake,,,,,,,,
intel core i7-3770k,175.0,Intel,,,77 W,,Intel,CPU,2023,4.0,Ivy Bridge,,,,,,,,
intel core i7-11700,249.48,Intel,,,65 W,,Intel,CPU,2023,8.0,Rocket Lake,,,,,,,,
amd ryzen 5 1600x,119.99,AMD,,,95 W,,AMD,CPU,2023,6.0,Zen,,,,,,,,
intel core i5-7600k,190.0,Intel,,,91 W,,Intel,CPU,2023,4.0,Kaby Lake,,,,,,,,
intel xeon e5-2680 v4,1975.0,Intel,,,120 W,,Intel,CPU,2023,14.0,Broadwell,,,,,,,,
amd fx-8350,217.5,AMD,,,125 W,,AMD,CPU,2023,8.0,Piledriver,,,,,,,,
intel core i5-4690,51.43,Intel,,,84 W,,Intel,CPU,2023,4.0,Haswell Refresh,,,,,,,,
intel core i5-8500,173.95,Intel,,,65 W,,Intel,CPU,2023,6.0,Coffee Lake,,,,,,,,
intel core i9-13900,490.0,Intel,,,65 W,,Intel,CPU,2023,24.0,Raptor Lake,,,,,,,,
intel core i3-13100,147.99,Intel,,,60 W,,Intel,CPU,2023,4.0,Raptor Lake,,,,,,,,
intel core i3-4130,41.13,Intel,,,54 W,,Intel,CPU,2023,2.0,Haswell,,,,,,,,
intel core i5-4460,68.56,Intel,,,84 W,,Intel,CPU,2023,4.0,Haswell Refresh,,,,,,,,
amd ryzen 7 1700x,225.0,AMD,,,95 W,,AMD,CPU,2023,8.0,Zen,,,,,,,,
amd ryzen 3 1200 (14nm),105.0,AMD,,,65 W,,AMD,CPU,2023,4.0,Zen,,,,,,,,
amd ryzen 5 1400,110.0,AMD,,,65 W,,AMD,CPU,2023,4.0,Zen,,,,,,,,
amd ryzen 3 3300x,150.0,AMD,,,65 W,,AMD,CPU,2023,4.0,Zen 2,,,,,,,,
amd a6-6400k,75.0,AMD,,,65 W,,AMD,CPU,2023,2.0,Piledriver,,,,,,,,
intel core i5-9400,160.91,Intel,,,65 W,,Intel,CPU,2023,6.0,Coffee Lake Refresh,,,,,,,,
intel core i7-9700kf,218.0,Intel,,,95 W,,Intel,CPU,2023,8.0,Coffee Lake Refresh,,,,,,,,
amd ryzen 9 3900xt,379.0,AMD,,,105 W,,AMD,CPU,2023,12.0,Zen 2,,,,,,,,
amd threadripper 1900x,109.99,AMD,,,180 W,,AMD,CPU,2023,8.0,Zen,,,,,,,,
intel core i9-10980xe,1200.0,Intel,,,165 W,,Intel,CPU,2023,18.0,Cascade Lake,,,,,,,,
amd ryzen 7 3800xt,349.99,AMD,,,105 W,,AMD,CPU,2023,8.0,Zen 2,,,,,,,,
intel core i3-10105,89.95,Intel,,,65 W,,Intel,CPU,2023,4.0,Comet Lake,,,,,,,,
intel core i5-9600kf,180.12,Intel,,,95 W,,Intel,CPU,2023,6.0,Coffee Lake Refresh,,,,,,,,
intel core i3-7350k,40.0,Intel,,,60 W,,Intel,CPU,2023,2.0,Kaby Lake,,,,,,,,
intel core i9-10900f,244.99,Intel,,,65 W,,Intel,CPU,2023,10.0,Comet Lake,,,,,,,,
amd ryzen 5 1500x,195.0,AMD,,,65 W,,AMD,CPU,2023,4.0,Zen,,,,,,,,
intel core i9-13900f,549.99,Intel,,,65 W,,Intel,CPU,2023,24.0,Raptor Lake,,,,,,,,
amd ryzen 7 1800x,235.0,AMD,,,95 W,,AMD,CPU,2023,8.0,Zen,,,,,,,,
intel core i5-2400,253.03,Intel,,,95 W,,Intel,CPU,2023,4.0,Sandy Bridge,,,,,,,,
amd threadripper 2990wx,2500.0,AMD,,,250 W,,AMD,CPU,2023,32.0,Zen+,,,,,,,,
amd a4-3300,89.95,AMD,,,65 W,,AMD,CPU,2023,2.0,Lynx,,,,,,,,
intel xeon e3-1220 v6,389.95,Intel,,,72 W,,Intel,CPU,2023,4.0,Kaby Lake,,,,,,,,
intel xeon e3-1285 v6,994.94,Intel,,,79 W,,Intel,CPU,2023,4.0,Kaby Lake,,,,,,,,
intel celeron g3920,495.09,Intel,,,35 W,,Intel,CPU,2023,2.0,Skylake,,,,,,,,
intel xeon e3-1245,245.0,Intel,,,95 W,,Intel,CPU,2023,4.0,Sandy Bridge,,,,,,,,
intel xeon e3-1225 v2,247.5,Intel,,,77 W,,Intel,CPU,2023,4.0,Ivy Bridge,,,,,,,,
intel xeon e5-2603 v4,449.95,Intel,,,85 W,,Intel,CPU,2023,6.0,Broadwell,,,,,,,,
intel core i5-660,149.94,Intel,,,73 W,,Intel,CPU,2023,2.0,Westmere,,,,,,,,
intel xeon e3-1280 v6,562.0,Intel,,,72 W,,Intel,CPU,2023,4.0,Kaby Lake,,,,,,,,
intel core i3-2125,152.0,Intel,,,65 W,,Intel,CPU,2023,2.0,Sandy Bridge,,,,,,,,
amd a4-6300b,54.44,AMD,,,65 W,,AMD,CPU,2023,2.0,Piledriver,,,,,,,,
intel xeon e5-2643 v3,235.44,Intel,,,135 W,,Intel,CPU,2023,6.0,Haswell,,,,,,,,
intel xeon e-2174g,655.27,Intel,,,71 W,,Intel,CPU,2023,4.0,Coffee Lake,,,,,,,,
intel xeon e-2146g,825.0,Intel,,,80 W,,Intel,CPU,2023,6.0,Coffee Lake,,,,,,,,
intel core 2 duo e4400,108.0,Intel,,,65 W,,Intel,CPU,2023,2.0,Core,,,,,,,,
intel core 2 duo e6550,89.95,Intel,,,65 W,,Intel,CPU,2023,2.0,Core,,,,,,,,
intel pentium g640t,84.88,Intel,,,35 W,,Intel,CPU,2023,2.0,Sandy Bridge,,,,,,,,
intel xeon e3-1235,219.0,Intel,,,95 W,,Intel,CPU,2023,4.0,Sandy Bridge,,,,,,,,
intel xeon e-2104g,589.0,Intel,,,65 W,,Intel,CPU,2023,4.0,Coffee Lake,,,,,,,,
intel pentium g4620,224.12,Intel,,,51 W,,Intel,CPU,2023,2.0,Kaby Lake,,,,,,,,
intel core i3-7300t,128.46,Intel,,,35 W,,Intel,CPU,2023,2.0,Kaby Lake,,,,,,,,
intel core 2 duo e8400,168.14,Intel,,,65 W,,Intel,CPU,2023,2.0,Wolfdale,,,,,,,,
intel core i5-4670k,62.0,Intel,,,84 W,,Intel,CPU,2023,4.0,Haswell,,,,,,,,
intel core i3-7100,70.0,Intel,,,51 W,,Intel,CPU,2023,2.0,Kaby Lake,,,,,,,,
intel core i7-4790k,185.0,Intel,,,88 W,,Intel,CPU,2023,4.0,Haswell Refresh,,,,,,,,
intel xeon e5-2630,24.32,Intel,,,95 W,,Intel,CPU,2023,6.0,Sandy Bridge,,,,,,,,
intel 300,88.1,Intel,,,46 W,,Intel,CPU,2023,2.0,Raptor Lake Refresh,,,,,,,,
intel core i5-7600,89.0,Intel,,,65 W,,Intel,CPU,2023,4.0,Kaby Lake,,,,,,,,
intel core i5-3570k,116.49,Intel,,,77 W,,Intel,CPU,2023,4.0,Ivy Bridge,,,,,,,,
intel core i7-2600k,85.0,Intel,,,95 W,,Intel,CPU,2023,4.0,Sandy Bridge,,,,,,,,
intel core i3-6100,100.0,Intel,,,51 W,,Intel,CPU,2023,2.0,Skylake,,,,,,,,
intel core i9-11900f,210.0,Intel,,,65 W,,Intel,CPU,2023,8.0,Rocket Lake,,,,,,,,
intel core i7-8700k,272.5,Intel,,,95 W,,Intel,CPU,2023,6.0,Coffee Lake,,,,,,,,
intel xeon e5-2683 v4,1998.95,Intel,,,120 W,,Intel,CPU,2023,16.0,Broadwell,,,,,,,,
intel core i5-10500,238.99,Intel,,,65 W,,Intel,CPU,2023,6.0,Comet Lake,,,,,,,,
amd threadripper 1920x,270.0,AMD,,,180 W,,AMD,CPU,2023,12.0,Zen,,,,,,,,
amd athlon ii x2 240,29.48,AMD,,,65 W,,AMD,CPU,2023,2.0,K10,,,,,,,,
intel core i7-6900k,120.0,Intel,,,140 W,,Intel,CPU,2023,8.0,Broadwell,,,,,,,,
intel core i7-6800k,103.0,Intel,,,140 W,,Intel,CPU,2023,6.0,Broadwell,,,,,,,,
intel celeron g4900,48.59,Intel,,,65 W,,Intel,CPU,2023,2.0,Coffee Lake,,,,,,,,
intel pentium gold g7400,102.75,Intel,,,46 W,,Intel,CPU,2023,2.0,Alder Lake,,,,,,,,
intel core i5-12600,334.17,Intel,,,65 W,,Intel,CPU,2023,6.0,Alder Lake,,,,,,,,
intel pentium g640,30.0,Intel,,,65 W,,Intel,CPU,2023,2.0,Sandy Bridge,,,,,,,,
intel core i9-9900k,699.99,Intel,,,95 W,,Intel,CPU,2023,8.0,Coffee Lake Refresh,,,,,,,,
intel core 2 duo e8400,27.55,Intel,,,65 W,,Intel,CPU,2023,2.0,Wolfdale,,,,,,,,
amd athlon x4 845,50.0,AMD,,,65 W,,AMD,CPU,2023,4.0,Puma+,,,,,,,,
amd threadripper 1950x,917.87,AMD,,,180 W,,AMD,CPU,2023,16.0,Zen,,,,,,,,
intel core i7-4930k,100.0,Intel,,,130 W,,Intel,CPU,2023,6.0,Ivy Bridge,,,,,,,,
intel core i9-12900f,432.99,Intel,,,65 W,,Intel,CPU,2023,16.0,Alder Lake,,,,,,,,
intel core i5-9500,160.72,Intel,,,65 W,,Intel,CPU,2023,6.0,Coffee Lake Refresh,,,,,,,,
intel xeon e5-2640 v3,67.15,Intel,,,90 W,,Intel,CPU,2023,8.0,Haswell,,,,,,,,
intel core i9-10900x,615.0,Intel,,,165 W,,Intel,CPU,2023,10.0,Cascade Lake,,,,,,,,
intel celeron g4930,48.75,Intel,,,54 W,,Intel,CPU,2023,2.0,Coffee Lake,,,,,,,,
intel core i3-4150,41.13,Intel,,,54 W,,Intel,CPU,2023,2.0,Haswell Refresh,,,,,,,,
intel core i3-9100,145.0,Intel,,,65 W,,Intel,CPU,2023,4.0,Coffee Lake Refresh,,,,,,,,
intel core i9-12900,458.0,Intel,,,65 W,,Intel,CPU,2023,16.0,Alder Lake,,,,,,,,
amd 2650,84.94,AMD,,,25 W,,AMD,CPU,2023,2.0,Jaguar,,,,,,,,
intel celeron 420,75.44,Intel,,,35 W,,Intel,CPU,2023,1.0,Core,,,,,,,,
intel core i5-11500,146.16,Intel,,,65 W,,Intel,CPU,2023,6.0,Rocket Lake,,,,,,,,
amd threadripper 2950x,1075.0,AMD,,,180 W,,AMD,CPU,2023,16.0,Zen+,,,,,,,,
intel core i9-7960x,347.48,Intel,,,165 W,,Intel,CPU,2023,16.0,Skylake,,,,,,,,
intel core i9-9900,464.15,Intel,,,65 W,,Intel,CPU,2023,8.0,Coffee Lake Refresh,,,,,,,,
intel core i5-7500t,67.63,Intel,,,35 W,,Intel,CPU,2023,4.0,Kaby Lake,,,,,,,,
intel core i7-7700,329.95,Intel,,,65 W,,Intel,CPU,2023,4.0,Kaby Lake,,,,,,,,
intel pentium e5700,19.98,Intel,,,65 W,,Intel,CPU,2023,2.0,Wolfdale,,,,,,,,
intel core i7-8700,611.05,Intel,,,65 W,,Intel,CPU,2023,6.0,Coffee Lake,,,,,,,,
intel core i7-2700k,89.0,Intel,,,95 W,,Intel,CPU,2023,4.0,Sandy Bridge,,,,,,,,
intel core i9-7900x,400.0,Intel,,,140 W,,Intel,CPU,2023,10.0,Skylake,,,,,,,,
intel core i7-7800x,489.99,Intel,,,140 W,,Intel,CPU,2023,6.0,Skylake,,,,,,,,
intel core i5-8400,249.95,Intel,,,65 W,,Intel,CPU,2023,6.0,Coffee Lake,,,,,,,,
intel pentium gold g6400,69.98,Intel,,,58 W,,Intel,CPU,2023,2.0,Comet Lake,,,,,,,,
intel core i5-4440,100.0,Intel,,,84 W,,Intel,CPU,2023,4.0,Haswell,,,,,,,,
intel core i9-10940x,780.0,Intel,,,165 W,,Intel,CPU,2023,14.0,Cascade Lake,,,,,,,,
intel core i7-7740x,234.99,Intel,,,112 W,,Intel,CPU,2023,4.0,Kaby Lake,,,,,,,,
intel core i5-8600,190.0,Intel,,,65 W,,Intel,CPU,2023,6.0,Coffee Lake,,,,,,,,
intel core i5-4670,51.48,Intel,,,84 W,,Intel,CPU,2023,4.0,Haswell,,,,,,,,
intel core i9-9900k (standard folding box),405.0,Intel,,,95 W,,Intel,CPU,2023,8.0,Coffee Lake Refresh,,,,,,,,
intel xeon e5-2667 v3,1008.93,Intel,,,135 W,,Intel,CPU,2023,8.0,Haswell,,,,,,,,
amd fx-9590,302.58,AMD,,,220 W,,AMD,CPU,2023,8.0,Piledriver,,,,,,,,
intel core i9-11900,269.99,Intel,,,65 W,,Intel,CPU,2023,8.0,Rocket Lake,,,,,,,,
amd ryzen 3 1200 (12nm),105.0,AMD,,,65 W,,AMD,CPU,2023,4.0,Zen+,,,,,,,,
intel core i3-2100,49.0,Intel,,,65 W,,Intel,CPU,2023,2.0,Sandy Bridge,,,,,,,,
intel xeon e5-2683 v4,189.95,Intel,,,120 W,,Intel,CPU,2023,16.0,Broadwell,,,,,,,,
intel core i7-6850k,115.0,Intel,,,140 W,,Intel,CPU,2023,6.0,Broadwell,,,,,,,,
intel celeron g3900,39.9,Intel,,,51 W,,Intel,CPU,2023,2.0,Skylake,,,,,,,,
intel core i9-7980xe,1156.2,Intel,,,165 W,,Intel,CPU,2023,18.0,Skylake,,,,,,,,
intel core i7-9700f,395.34,Intel,,,65 W,,Intel,CPU,2023,8.0,Coffee Lake Refresh,,,,,,,,
amd fx-8370,234.98,AMD,,,125 W,,AMD,CPU,2023,8.0,Piledriver,,,,,,,,
intel core i7-4820k,205.86,Intel,,,130 W,,Intel,CPU,2023,4.0,Ivy Bridge,,,,,,,,
amd athlon ii x4 635,58.02,AMD,,,95 W,,AMD,CPU,2023,4.0,K10,,,,,,,,
amd fx-4350,113.51,AMD,,,125 W,,AMD,CPU,2023,4.0,Piledriver,,,,,,,,
intel pentium g3470,58.31,Intel,,,53 W,,Intel,CPU,2023,2.0,Haswell Refresh,,,,,,,,
intel pentium g3470,153.1,Intel,,,53 W,,Intel,CPU,2023,2.0,Haswell Refresh,,,,,,,,
intel xeon e3-1225 v6,355.29,Intel,,,73 W,,Intel,CPU,2023,4.0,Kaby Lake,,,,,,,,
intel xeon e-2124g,292.32,Intel,,,71 W,,Intel,CPU,2023,4.0,Coffee Lake,,,,,,,,
intel pentium g2120,52.0,Intel,,,55 W,,Intel,CPU,2023,2.0,Ivy Bridge,,,,,,,,
intel xeon e3-1245 v5,399.0,Intel,,,80 W,,Intel,CPU,2023,4.0,Skylake,,,,,,,,
intel pentium g4600,169.95,Intel,,,51 W,,Intel,CPU,2023,2.0,Kaby Lake,,,,,,,,
intel core i5-7500t,199.95,Intel,,,35 W,,Intel,CPU,2023,4.0,Kaby Lake,,,,,,,,
intel xeon e3-1240 v6,429.95,Intel,,,72 W,,Intel,CPU,2023,4.0,Kaby Lake,,,,,,,,
intel xeon e5-2665,149.94,Intel,,,115 W,,Intel,CPU,2023,8.0,Sandy Bridge,,,,,,,,
intel celeron e3300,64.79,Intel,,,65 W,,Intel,CPU,2023,2.0,Wolfdale,,,,,,,,
intel core 2 duo e4300,70.0,Intel,,,65 W,,Intel,CPU,2023,2.0,Core,,,,,,,,
intel xeon e5-2620,77.0,Intel,,,95 W,,Intel,CPU,2023,6.0,Sandy Bridge,,,,,,,,
amd pro a10-7850b,148.02,AMD,,,95 W,,AMD,CPU,2023,4.0,Steamroller,,,,,,,,
intel xeon e3-1220 v5,354.97,Intel,,,80 W,,Intel,CPU,2023,4.0,Skylake,,,,,,,,
intel celeron 430,59.95,Intel,,,35 W,,Intel,CPU,2023,1.0,Core,,,,,,,,
intel core 2 duo e8300,99.95,Intel,,,65 W,,Intel,CPU,2023,2.0,Wolfdale,,,,,,,,
intel core i5-2380p,70.0,Intel,,,95 W,,Intel,CPU,2023,4.0,Sandy Bridge,,,,,,,,
intel xeon e5-2609,95.07,Intel,,,80 W,,Intel,CPU,2023,4.0,Sandy Bridge,,,,,,,,
intel xeon e5-2643 v2,403.96,Intel,,,130 W,,Intel,CPU,2023,6.0,Ivy Bridge,,,,,,,,
intel xeon e3-1230 v2,249.95,Intel,,,69 W,,Intel,CPU,2023,4.0,Ivy Bridge,,,,,,,,
amd opteron 6320,246.96,AMD,,,115 W,,AMD,CPU,2023,8.0,Piledriver,,,,,,,,
intel xeon e5-2620,139.94,Intel,,,95 W,,Intel,CPU,2023,6.0,Sandy Bridge,,,,,,,,
intel xeon e-2144g,867.0,Intel,,,71 W,,Intel,CPU,2023,4.0,Coffee Lake,,,,,,,,
intel xeon e5-2637 v3,483.62,Intel,,,135 W,,Intel,CPU,2023,4.0,Haswell,,,,,,,,
intel xeon e3-1245 v6,449.95,Intel,,,73 W,,Intel,CPU,2023,4.0,Kaby Lake,,,,,,,,
amd athlon ii x3 435,159.94,AMD,,,95 W,,AMD,CPU,2023,3.0,K10,,,,,,,,
intel pentium g4560,133.41,Intel,,,54 W,,Intel,CPU,2023,2.0,Kaby Lake,,,,,,,,
amd threadripper 2920x,707.8,AMD,,,180 W,,AMD,CPU,2023,12.0,Zen+,,,,,,,,
amd fx-8300,117.33,AMD,,,95 W,,AMD,CPU,2023,8.0,Piledriver,,,,,,,,
amd a4-6300,46.79,AMD,,,65 W,,AMD,CPU,2023,2.0,Piledriver,,,,,,,,
intel core i9-10920x,799.0,Intel,,,165 W,,Intel,CPU,2023,12.0,Cascade Lake,,,,,,,,
intel core i5-9400,110.0,Intel,,,65 W,,Intel,CPU,2023,6.0,Coffee Lake Refresh,,,,,,,,
intel core i7-6950x,506.35,Intel,,,140 W,,Intel,CPU,2023,10.0,Broadwell,,,,,,,,
intel core i9-9980xe,1498.95,Intel,,,165 W,,Intel,CPU,2023,18.0,Skylake,,,,,,,,
intel xeon e5-2630 v3,169.95,Intel,,,85 W,,Intel,CPU,2023,8.0,Haswell,,,,,,,,
intel pentium g2020,34.99,Intel,,,55 W,,Intel,CPU,2023,2.0,Ivy Bridge,,,,,,,,
intel core i5-3470s,50.0,Intel,,,65 W,,Intel,CPU,2023,4.0,Ivy Bridge,,,,,,,,
amd fx-6350,100.0,AMD,,,125 W,,AMD,CPU,2023,6.0,Piledriver,,,,,,,,
intel pentium gold g5400,72.95,Intel,,,58 W,,Intel,CPU,2023,2.0,Coffee Lake,,,,,,,,
intel core i7-3930k,298.98,Intel,,,130 W,,Intel,CPU,2023,6.0,Sandy Bridge,,,,,,,,
intel core i7-980x extreme edition,153.64,Intel,,,130 W,,Intel,CPU,2023,6.0,Westmere,,,,,,,,
intel core i5-10600,349.95,Intel,,,65 W,,Intel,CPU,2023,6.0,Comet Lake,,,,,,,,
intel xeon e5-1650 v3,54.46,Intel,,,140 W,,Intel,CPU,2023,6.0,Haswell,,,,,,,,
intel xeon e5-2690 v4,1025.58,Intel,,,135 W,,Intel,CPU,2023,14.0,Broadwell,,,,,,,,
intel xeon e5-2687w v4,1900.16,Intel,,,160 W,,Intel,CPU,2023,12.0,Broadwell,,,,,,,,
intel core 2 quad q9550,52.55,Intel,,,95 W,,Intel,CPU,2023,4.0,Yorkfield,,,,,,,,
amd a6-9500,76.97,AMD,,,65 W,,AMD,CPU,2023,2.0,Excavator,,,,,,,,
intel core i7-9700,299.8,Intel,,,65 W,,Intel,CPU,2023,8.0,Coffee Lake Refresh,,,,,,,,
intel core i3-7100t,41.13,Intel,,,35 W,,Intel,CPU,2023,2.0,Kaby Lake,,,,,,,,
intel core i7-870,100.0,Intel,,,95 W,,Intel,CPU,2023,4.0,Nehalem,,,,,,,,
amd fx-6120,58.53,AMD,,,95 W,,AMD,CPU,2023,6.0,Bulldozer,,,,,,,,
intel core i7-920,90.0,Intel,,,130 W,,Intel,CPU,2023,4.0,Nehalem,,,,,,,,
intel core i9-7920x,556.54,Intel,,,140 W,,Intel,CPU,2023,12.0,Skylake,,,,,,,,
amd fx-6100,72.8,AMD,,,95 W,,AMD,CPU,2023,6.0,Bulldozer,,,,,,,,
amd a10-7850k,139.84,AMD,,,95 W,,AMD,CPU,2023,4.0,Steamroller,,,,,,,,
intel xeon e5-2695 v2,189.0,Intel,,,115 W,,Intel,CPU,2023,12.0,Ivy Bridge,,,,,,,,
intel core i7-4960x extreme edition,775.04,Intel,,,130 W,,Intel,CPU,2023,6.0,Ivy Bridge,,,,,,,,
intel core i5-750,72.0,Intel,,,95 W,,Intel,CPU,2023,4.0,Nehalem,,,,,,,,
intel core i3-3240,106.51,Intel,,,55 W,,Intel,CPU,2023,2.0,Ivy Bridge,,,,,,,,
amd fx-4350,122.96,AMD,,,125 W,,AMD,CPU,2023,4.0,Piledriver,,,,,,,,
intel xeon e5-2630 v4,335.07,Intel,,,85 W,,Intel,CPU,2023,10.0,Broadwell,,,,,,,,
intel core i7-7800x,289.95,Intel,,,140 W,,Intel,CPU,2023,6.0,Skylake,,,,,,,,
intel pentium e2220,19.98,Intel,,,65 W,,Intel,CPU,2023,2.0,Core,,,,,,,,
intel xeon e5-2650 v2,185.0,Intel,,,95 W,,Intel,CPU,2023,8.0,Ivy Bridge,,,,,,,,
intel core i3-7320,51.1,Intel,,,51 W,,Intel,CPU,2023,2.0,Kaby Lake,,,,,,,,
intel core 2 quad q9300,42.6,Intel,,,95 W,,Intel,CPU,2023,4.0,Yorkfield,,,,,,,,
amd athlon ii x4 640,57.01,AMD,,,95 W,,AMD,CPU,2023,4.0,K10,,,,,,,,
intel core i7-8700t,304.38,Intel,,,35 W,,Intel,CPU,2023,6.0,Coffee Lake,,,,,,,,
intel core i5-6402p,80.0,Intel,,,65 W,,Intel,CPU,2023,4.0,Skylake,,,,,,,,
intel core i5-9600,195.0,Intel,,,65 W,,Intel,CPU,2023,6.0,Coffee Lake Refresh,,,,,,,,
intel celeron g4920,50.27,Intel,,,65 W,,Intel,CPU,2023,2.0,Coffee Lake,,,,,,,,
intel core i9-9960x,998.95,Intel,,,165 W,,Intel,CPU,2023,16.0,Skylake,,,,,,,,
amd fx-9370,198.5,AMD,,,220 W,,AMD,CPU,2023,8.0,Piledriver,,,,,,,,
intel core i7-860,361.21,Intel,,,95 W,,Intel,CPU,2023,4.0,Nehalem,,,,,,,,
intel core 2 duo e6420,69.95,Intel,,,65 W,,Intel,CPU,2023,2.0,Core,,,,,,,,
intel core 2 duo e6850,89.95,Intel,,,65 W,,Intel,CPU,2023,2.0,Core,,,,,,,,
intel core i5-670,119.99,Intel,,,73 W,,Intel,CPU,2023,2.0,Westmere,,,,,,,,
intel pentium g630t,75.0,Intel,,,35 W,,Intel,CPU,2023,2.0,Sandy Bridge,,,,,,,,
intel pentium g870,77.0,Intel,,,65 W,,Intel,CPU,2023,2.0,Sandy Bridge,,,,,,,,
intel xeon e5-2640 v3,189.95,Intel,,,90 W,,Intel,CPU,2023,8.0,Haswell,,,,,,,,
amd opteron 6320,242.39,AMD,,,115 W,,AMD,CPU,2023,8.0,Piledriver,,,,,,,,
intel core 2 duo e4600,98.95,Intel,,,65 W,,Intel,CPU,2023,2.0,Core,,,,,,,,
intel pentium e6500,95.71,Intel,,,65 W,,Intel,CPU,2023,2.0,Wolfdale,,,,,,,,
intel core i5-750s,125.0,Intel,,,82 W,,Intel,CPU,2023,4.0,Nehalem,,,,,,,,
intel core i7-7700t,489.95,Intel,,,35 W,,Intel,CPU,2023,4.0,Kaby Lake,,,,,,,,
intel celeron g4900t,59.95,Intel,,,35 W,,Intel,CPU,2023,2.0,Coffee Lake,,,,,,,,
intel pentium g3258,51.36,Intel,,,53 W,,Intel,CPU,2023,2.0,Haswell Refresh,,,,,,,,
amd a8-6600k,92.86,AMD,,,100 W,,AMD,CPU,2023,4.0,Piledriver,,,,,,,,
intel celeron e3400,18.98,Intel,,,65 W,,Intel,CPU,2023,2.0,Wolfdale,,,,,,,,
intel xeon e5-1620 v3,69.02,Intel,,,140 W,,Intel,CPU,2023,4.0,Haswell,,,,,,,,
intel core i5-3550,335.0,Intel,,,77 W,,Intel,CPU,2023,4.0,Ivy Bridge,,,,,,,,
intel xeon e5-2620 v4,429.95,Intel,,,85 W,,Intel,CPU,2023,8.0,Broadwell,,,,,,,,
intel celeron g5920,52.99,Intel,,,58 W,,Intel,CPU,2023,2.0,Comet Lake,,,,,,,,
amd fx-6300,78.51,AMD,,,95 W,,AMD,CPU,2023,6.0,Piledriver,,,,,,,,
intel core i9-7900x,898.95,Intel,,,140 W,,Intel,CPU,2023,10.0,Skylake,,,,,,,,
intel xeon e5-1660 v2,1129.0,Intel,,,130 W,,Intel,CPU,2023,6.0,Ivy Bridge,,,,,,,,
intel celeron 440,29.98,Intel,,,35 W,,Intel,CPU,2023,1.0,Core,,,,,,,,
intel core i3-9350kf,206.0,Intel,,,91 W,,Intel,CPU,2023,4.0,Coffee Lake Refresh,,,,,,,,
intel core 2 duo e7500,99.63,Intel,,,65 W,,Intel,CPU,2023,2.0,Wolfdale,,,,,,,,
intel core i3-7100,74.9,Intel,,,51 W,,Intel,CPU,2023,2.0,Kaby Lake,,,,,,,,
intel pentium gold g6405,89.09,Intel,,,58 W,,Intel,CPU,2023,2.0,Comet Lake,,,,,,,,
intel core i5-650,70.0,Intel,,,73 W,,Intel,CPU,2023,2.0,Westmere,,,,,,,,
intel core i5-4570t,75.89,Intel,,,35 W,,Intel,CPU,2023,2.0,Haswell,,,,,,,,
intel core i7-10700k avengers collector's edition,741.0,Intel,,,125 W,,Intel,CPU,2023,8.0,Comet Lake,,,,,,,,
intel pentium gold g6500,70.98,Intel,,,58 W,,Intel,CPU,2023,2.0,Comet Lake,,,,,,,,
intel core i5-760,100.0,Intel,,,95 W,,Intel,CPU,2023,4.0,Nehalem,,,,,,,,
intel xeon e3-1230 v2,271.85,Intel,,,69 W,,Intel,CPU,2023,4.0,Ivy Bridge,,,,,,,,
intel xeon e5-2620,36.75,Intel,,,95 W,,Intel,CPU,2023,6.0,Sandy Bridge,,,,,,,,
intel xeon e5-4620,58.67,Intel,,,95 W,,Intel,CPU,2023,8.0,Sandy Bridge,,,,,,,,
intel celeron g5925,53.99,Intel,,,58 W,,Intel,CPU,2023,2.0,Comet Lake,,,,,,,,
intel core i9-9900x,655.06,Intel,,,165 W,,Intel,CPU,2023,10.0,Skylake,,,,,,,,
intel xeon e5-2640,43.31,Intel,,,95 W,,Intel,CPU,2023,6.0,Sandy Bridge,,,,,,,,
intel xeon e-2176g,424.99,Intel,,,80 W,,Intel,CPU,2023,6.0,Coffee Lake,,,,,,,,
intel core i3-6100,98.95,Intel,,,51 W,,Intel,CPU,2023,2.0,Skylake,,,,,,,,
amd fx-8350,192.57,AMD,,,125 W,,AMD,CPU,2023,8.0,Piledriver,,,,,,,,
intel core i5-9500f,249.0,Intel,,,65 W,,Intel,CPU,2023,6.0,Coffee Lake Refresh,,,,,,,,
amd a10-6800k,467.04,AMD,,,100 W,,AMD,CPU,2023,4.0,Piledriver,,,,,,,,
intel core i3-6300,92.54,Intel,,,51 W,,Intel,CPU,2023,2.0,Skylake,,,,,,,,
intel core i7-4770k,231.05,Intel,,,84 W,,Intel,CPU,2023,4.0,Haswell,,,,,,,,
intel core 2 extreme qx9650,152.52,Intel,,,130 W,,Intel,CPU,2023,4.0,Yorkfield,,,,,,,,
intel core i7-960,220.0,Intel,,,130 W,,Intel,CPU,2023,4.0,Nehalem,,,,,,,,
intel core i7-5820k,429.95,Intel,,,140 W,,Intel,CPU,2023,6.0,Haswell,,,,,,,,
intel xeon e3-1270 v3,420.0,Intel,,,80 W,,Intel,CPU,2023,4.0,Haswell,,,,,,,,
amd fx-8320,106.55,AMD,,,125 W,,AMD,CPU,2023,8.0,Piledriver,,,,,,,,
intel core i5-8400t,139.0,Intel,,,35 W,,Intel,CPU,2023,6.0,Coffee Lake,,,,,,,,
intel xeon e5-1660 v3,204.44,Intel,,,140 W,,Intel,CPU,2023,8.0,Haswell,,,,,,,,
intel xeon e5-2650,89.0,Intel,,,95 W,,Intel,CPU,2023,8.0,Sandy Bridge,,,,,,,,
intel xeon e3-1245 v5,474.39,Intel,,,80 W,,Intel,CPU,2023,4.0,Skylake,,,,,,,,
intel celeron g4900,72.55,Intel,,,65 W,,Intel,CPU,2023,2.0,Coffee Lake,,,,,,,,
intel core i5-9600kf,339.95,Intel,,,95 W,,Intel,CPU,2023,6.0,Coffee Lake Refresh,,,,,,,,
intel core i3-540,60.0,Intel,,,73 W,,Intel,CPU,2023,2.0,Westmere,,,,,,,,
intel xeon e5-1620 v4,148.94,Intel,,,140 W,,Intel,CPU,2023,4.0,Broadwell,,,,,,,,
intel core i5-8500,173.95,Intel,,,65 W,,Intel,CPU,2023,6.0,Coffee Lake,,,,,,,,
intel core i9-7980xe,1249.95,Intel,,,165 W,,Intel,CPU,2023,18.0,Skylake,,,,,,,,
intel xeon e3-1220 v6,398.95,Intel,,,72 W,,Intel,CPU,2023,4.0,Kaby Lake,,,,,,,,
intel xeon e3-1230 v6,449.95,Intel,,,72 W,,Intel,CPU,2023,4.0,Kaby Lake,,,,,,,,
intel xeon e-2134,697.0,Intel,,,71 W,,Intel,CPU,2023,4.0,Coffee Lake,,,,,,,,
intel xeon e-2146g,988.0,Intel,,,80 W,,Intel,CPU,2023,6.0,Coffee Lake,,,,,,,,
intel core i5-7600t,229.95,Intel,,,35 W,,Intel,CPU,2023,4.0,Kaby Lake,,,,,,,,
amd a8-5600k,249.99,AMD,,,100 W,,AMD,CPU,2023,4.0,Piledriver,,,,,,,,
intel xeon e5-2620 v3,80.0,Intel,,,85 W,,Intel,CPU,2023,6.0,Haswell,,,,,,,,
intel xeon e5-2660 v3,149.94,Intel,,,105 W,,Intel,CPU,2023,10.0,Haswell,,,,,,,,
intel xeon e3-1230 v3,315.86,Intel,,,80 W,,Intel,CPU,2023,4.0,Haswell,,,,,,,,
amd a10-7700k,132.86,AMD,,,95 W,,AMD,CPU,2023,4.0,Steamroller,,,,,,,,
intel core i3-7100t,48.1,Intel,,,35 W,,Intel,CPU,2023,2.0,Kaby Lake,,,,,,,,
intel xeon e-2124,110.0,Intel,,,71 W,,Intel,CPU,2023,4.0,Coffee Lake,,,,,,,,
intel celeron g1610,37.0,Intel,,,55 W,,Intel,CPU,2023,2.0,Ivy Bridge,,,,,,,,
intel core 2 duo e6400,35.0,Intel,,,65 W,,Intel,CPU,2023,2.0,Core,,,,,,,,
intel core i5-7640x,250.0,Intel,,,112 W,,Intel,CPU,2023,4.0,Kaby Lake,,,,,,,,
intel pentium gold g5500,64.06,Intel,,,54 W,,Intel,CPU,2023,2.0,Coffee Lake,,,,,,,,
intel core i3-4130t,60.0,Intel,,,35 W,,Intel,CPU,2023,2.0,Haswell,,,,,,,,
intel core i7-4770k,155.86,Intel,,,84 W,,Intel,CPU,2023,4.0,Haswell,,,,,,,,
amd fx-8350,253.24,AMD,,,125 W,,AMD,CPU,2023,8.0,Piledriver,,,,,,,,
intel core i7-3960x extreme edition,295.16,Intel,,,130 W,,Intel,CPU,2023,6.0,Sandy Bridge,,,,,,,,
intel core i3-6098p,59.0,Intel,,,54 W,,Intel,CPU,2023,2.0,Skylake,,,,,,,,
amd a10-5700,72.51,AMD,,,65 W,,AMD,CPU,2023,4.0,Piledriver,,,,,,,,
intel celeron g3930t,46.07,Intel,,,35 W,,Intel,CPU,2023,2.0,Kaby Lake,,,,,,,,
intel core i7-7820x,489.05,Intel,,,140 W,,Intel,CPU,2023,8.0,Skylake,,,,,,,,
intel core i7-2600s,235.0,Intel,,,65 W,,Intel,CPU,2023,4.0,Sandy Bridge,,,,,,,,
intel core i3-10320,120.0,Intel,,,65 W,,Intel,CPU,2023,4.0,Comet Lake,,,,,,,,
intel celeron g3930,56.99,Intel,,,51 W,,Intel,CPU,2023,2.0,Kaby Lake,,,,,,,,
intel pentium gold g6605,176.34,Intel,,,58 W,,Intel,CPU,2023,2.0,Comet Lake,,,,,,,,
amd phenom ii x4 820,56.64,AMD,,,95 W,,AMD,CPU,2023,4.0,K10,,,,,,,,
intel core i7-980,356.02,Intel,,,130 W,,Intel,CPU,2023,6.0,Westmere,,,,,,,,
intel xeon e5-1650 v2,229.95,Intel,,,130 W,,Intel,CPU,2023,6.0,Ivy Bridge,,,,,,,,
intel core i7-5930k,529.95,Intel,,,140 W,,Intel,CPU,2023,6.0,Haswell,,,,,,,,
intel core 2 quad q9300,172.0,Intel,,,95 W,,Intel,CPU,2023,4.0,Yorkfield,,,,,,,,
intel xeon e3-1220 v3,103.6,Intel,,,80 W,,Intel,CPU,2023,4.0,Haswell,,,,,,,,
intel pentium e6600,50.0,Intel,,,65 W,,Intel,CPU,2023,2.0,Wolfdale,,,,,,,,
intel core i9-9920x,799.99,Intel,,,165 W,,Intel,CPU,2023,12.0,Skylake,,,,,,,,
intel core i7-4790t,155.86,Intel,,,45 W,,Intel,CPU,2023,4.0,Haswell Refresh,,,,,,,,
intel core 2 extreme qx9775,1298.0,Intel,,,150 W,,Intel,CPU,2023,4.0,Yorkfield,,,,,,,,
intel core i5-7400t,75.0,Intel,,,35 W,,Intel,CPU,2023,4.0,Kaby Lake,,,,,,,,
amd a10-7870k,121.67,AMD,,,95 W,,AMD,CPU,2023,4.0,Steamroller,,,,,,,,
amd a12-9800,140.0,AMD,,,65 W,,AMD,CPU,2023,4.0,Excavator,,,,,,,,
intel core i7-930,198.73,Intel,,,130 W,,Intel,CPU,2023,4.0,Nehalem,,,,,,,,
intel celeron 440,49.99,Intel,,,35 W,,Intel,CPU,2023,1.0,Core,,,,,,,,
amd a6-7400k,89.98,AMD,,,65 W,,AMD,CPU,2023,2.0,Steamroller,,,,,,,,
intel pentium gold g5400t,79.95,Intel,,,35 W,,Intel,CPU,2023,2.0,Coffee Lake,,,,,,,,
intel celeron g530,41.86,Intel,,,65 W,,Intel,CPU,2023,2.0,Sandy Bridge,,,,,,,,
intel pentium e5300,79.4,Intel,,,65 W,,Intel,CPU,2023,2.0,Wolfdale,,,,,,,,
intel pentium e5300,79.4,Intel,,,65 W,,Intel,CPU,2023,2.0,Wolfdale,,,,,,,,
intel core 2 duo e6320,89.95,Intel,,,65 W,,Intel,CPU,2023,2.0,Core,,,,,,,,
intel core 2 duo e6400,89.95,Intel,,,65 W,,Intel,CPU,2023,2.0,Core,,,,,,,,
intel pentium g3430,51.5,Intel,,,54 W,,Intel,CPU,2023,2.0,Haswell,,,,,,,,
intel pentium g3460,75.9,Intel,,,53 W,,Intel,CPU,2023,2.0,Haswell Refresh,,,,,,,,
intel xeon e5-2630 v3,459.0,Intel,,,85 W,,Intel,CPU,2023,8.0,Haswell,,,,,,,,
intel xeon e3-1275 v6,361.55,Intel,,,73 W,,Intel,CPU,2023,4.0,Kaby Lake,,,,,,,,
intel core i3-7300t,128.46,Intel,,,35 W,,Intel,CPU,2023,2.0,Kaby Lake,,,,,,,,
intel xeon e3-1225 v6,369.51,Intel,,,73 W,,Intel,CPU,2023,4.0,Kaby Lake,,,,,,,,
intel pentium e2160,49.0,Intel,,,65 W,,Intel,CPU,2023,2.0,Core,,,,,,,,
intel core 2 quad q9550,165.51,Intel,,,95 W,,Intel,CPU,2023,4.0,Yorkfield,,,,,,,,
intel pentium g3250,61.0,Intel,,,53 W,,Intel,CPU,2023,2.0,Haswell Refresh,,,,,,,,
intel core i3-8100,124.9,Intel,,,65 W,,Intel,CPU,2023,4.0,Coffee Lake,,,,,,,,
amd a10-6700,78.02,AMD,,,65 W,,AMD,CPU,2023,4.0,Piledriver,,,,,,,,
intel pentium g630,37.49,Intel,,,65 W,,Intel,CPU,2023,2.0,Sandy Bridge,,,,,,,,
intel core i3-4340,60.0,Intel,,,54 W,,Intel,CPU,2023,2.0,Haswell,,,,,,,,
intel core i5-3330s,149.94,Intel,,,65 W,,Intel,CPU,2023,4.0,Ivy Bridge,,,,,,,,
intel xeon e3-1270 v6,725.37,Intel,,,72 W,,Intel,CPU,2023,4.0,Kaby Lake,,,,,,,,
intel core i3-9300,264.13,Intel,,,62 W,,Intel,CPU,2023,4.0,Coffee Lake Refresh,,,,,,,,
intel xeon e5-2650l,129.94,Intel,,,70 W,,Intel,CPU,2023,8.0,Sandy Bridge,,,,,,,,
intel xeon e3-1245 v6,555.48,Intel,,,73 W,,Intel,CPU,2023,4.0,Kaby Lake,,,,,,,,
intel core i5-8600,269.95,Intel,,,65 W,,Intel,CPU,2023,6.0,Coffee Lake,,,,,,,,
amd athlon ii x4 630,52.6,AMD,,,95 W,,AMD,CPU,2023,4.0,K10,,,,,,,,
intel core i7-5775c,969.65,Intel,,,65 W,,Intel,CPU,2023,4.0,Broadwell,,,,,,,,
amd a12-9800e,138.02,AMD,,,35 W,,AMD,CPU,2023,4.0,Excavator,,,,,,,,
intel xeon e3-1225 v5,265.0,Intel,,,80 W,,Intel,CPU,2023,4.0,Skylake,,,,,,,,
intel core i5-3450s,95.0,Intel,,,65 W,,Intel,CPU,2023,4.0,Ivy Bridge,,,,,,,,
intel core i5-3340,278.02,Intel,,,77 W,,Intel,CPU,2023,4.0,Ivy Bridge,,,,,,,,
amd athlon ii x4 640,74.79,AMD,,,95 W,,AMD,CPU,2023,4.0,K10,,,,,,,,
intel xeon e3-1240 v2,345.0,Intel,,,69 W,,Intel,CPU,2023,4.0,Ivy Bridge,,,,,,,,
intel core i3-3245,60.0,Intel,,,55 W,,Intel,CPU,2023,2.0,Ivy Bridge,,,,,,,,
intel core i5-4440s,117.8,Intel,,,65 W,,Intel,CPU,2023,4.0,Haswell,,,,,,,,
intel core i5-6600t,184.98,Intel,,,35 W,,Intel,CPU,2023,4.0,Skylake,,,,,,,,
intel core i7-6800k,329.11,Intel,,,140 W,,Intel,CPU,2023,6.0,Broadwell,,,,,,,,
intel core i7-875k,180.0,Intel,,,95 W,,Intel,CPU,2023,4.0,Nehalem,,,,,,,,
intel xeon e3-1241 v3,298.0,Intel,,,80 W,,Intel,CPU,2023,4.0,Haswell Refresh,,,,,,,,
intel xeon e5-2609 v4,293.37,Intel,,,85 W,,Intel,CPU,2023,8.0,Broadwell,,,,,,,,
intel pentium e5300,59.49,Intel,,,65 W,,Intel,CPU,2023,2.0,Wolfdale,,,,,,,,
intel pentium e2140,79.95,Intel,,,65 W,,Intel,CPU,2023,2.0,Core,,,,,,,,
intel core i5-7640x,225.4,Intel,,,112 W,,Intel,CPU,2023,4.0,Kaby Lake,,,,,,,,
intel xeon e3-1275,376.99,Intel,,,95 W,,Intel,CPU,2023,4.0,Sandy Bridge,,,,,,,,
intel core 2 quad q6600,94.97,Intel,,,100 W,,Intel,CPU,2023,4.0,Core,,,,,,,,
intel xeon e3-1245 v2,367.5,Intel,,,77 W,,Intel,CPU,2023,4.0,Ivy Bridge,,,,,,,,
intel xeon e3-1220 v5,121.09,Intel,,,80 W,,Intel,CPU,2023,4.0,Skylake,,,,,,,,
intel core i7-870,195.02,Intel,,,95 W,,Intel,CPU,2023,4.0,Nehalem,,,,,,,,
corsair vengeance lpx 16 gb,44.99,Corsair,,,,,Corsair,RAM,2023,,,DDR4-3200,2 x 8GB,16.0,10 ns,,,,
corsair vengeance 32 gb,113.99,Corsair,,,,,Corsair,RAM,2023,,,DDR5-5600,2 x 16GB,36.0,12.857 ns,,,,
g.skill trident z5 rgb 32 gb,117.99,G.Skill,,,,,G.Skill,RAM,2023,,,DDR5-6000,2 x 16GB,36.0,12 ns,,,,
corsair vengeance 32 gb,114.99,Corsair,,,,,Corsair,RAM,2023,,,DDR5-6000,2 x 16GB,30.0,10 ns,,,,
corsair vengeance rgb pro 32 gb,94.99,Corsair,,,,,Corsair,RAM,2023,,,DDR4-3600,2 x 16GB,18.0,10 ns,,,,
g.skill trident z5 rgb 64 gb,217.99,G.Skill,,,,,G.Skill,RAM,2023,,,DDR5-6400,2 x 32GB,32.0,10 ns,,,,
corsair vengeance lpx 32 gb,81.99,Corsair,,,,,Corsair,RAM,2023,,,DDR4-3600,2 x 16GB,18.0,10 ns,,,,
corsair vengeance rgb 32 gb,127.99,Corsair,,,,,Corsair,RAM,2023,,,DDR5-6000,2 x 16GB,36.0,12 ns,,,,
teamgroup t-force delta rgb 32 gb,106.99,TEAMGROUP,,,,,TEAMGROUP,RAM,2023,,,DDR5-6000,2 x 16GB,30.0,10 ns,,,,
teamgroup t-force delta rgb 32 gb,104.21,TEAMGROUP,,,,,TEAMGROUP,RAM,2023,,,DDR5-6000,2 x 16GB,30.0,10 ns,,,,
corsair vengeance rgb pro 16 gb,54.99,Corsair,,,,,Corsair,RAM,2023,,,DDR4-3200,2 x 8GB,16.0,10 ns,,,,
corsair vengeance 16 gb,74.98,Corsair,,,,,Corsair,RAM,2023,,,DDR5-5200,2 x 8GB,40.0,15.385 ns,,,,
g.skill flare x5 32 gb,102.99,G.Skill,,,,,G.Skill,RAM,2023,,,DDR5-6000,2 x 16GB,36.0,12 ns,,,,
g.skill trident z5 neo rgb 32 gb,112.99,G.Skill,,,,,G.Skill,RAM,2023,,,DDR5-6000,2 x 16GB,30.0,10 ns,,,,
silicon power gaming 16 gb,30.99,Silicon Power,,,,,Silicon,RAM,2023,,,DDR4-3200,2 x 8GB,16.0,10 ns,,,,
g.skill ripjaws v 16 gb,3914.75,G.Skill,,,,,G.Skill,RAM,2023,,,DDR4-4800,2 x 8GB,17.0,7.083 ns,,,,
corsair vengeance 64 gb,154.99,Corsair,,,,,Corsair,RAM,2023,,,DDR5-5200,2 x 32GB,40.0,15.385 ns,,,,
g.skill flare x5 32 gb,104.99,G.Skill,,,,,G.Skill,RAM,2023,,,DDR5-6000,2 x 16GB,30.0,10 ns,,,,
teamgroup t-force vulcan z 16 gb,34.99,TEAMGROUP,,,,,TEAMGROUP,RAM,2023,,,DDR4-3200,2 x 8GB,16.0,10 ns,,,,
corsair vengeance rgb 32 gb,134.99,Corsair,,,,,Corsair,RAM,2023,,,DDR5-6000,2 x 16GB,40.0,13.333 ns,,,,
corsair vengeance lpx 16 gb,40.99,Corsair,,,,,Corsair,RAM,2023,,,DDR4-3600,2 x 8GB,18.0,10 ns,,,,
corsair vengeance rgb 32 gb,112.99,Corsair,,,,,Corsair,RAM,2023,,,DDR5-6000,2 x 16GB,36.0,12 ns,,,,
g.skill ripjaws v 32 gb,67.98,G.Skill,,,,,G.Skill,RAM,2023,,,DDR4-3200,2 x 16GB,16.0,10 ns,,,,
corsair dominator titanium 64 gb,309.99,Corsair,,,,,Corsair,RAM,2023,,,DDR5-6600,2 x 32GB,32.0,9.697 ns,,,,
g.skill flare x5 32 gb,94.99,G.Skill,,,,,G.Skill,RAM,2023,,,DDR5-6000,2 x 16GB,32.0,10.667 ns,,,,
corsair vengeance lpx 32 gb,66.98,Corsair,,,,,Corsair,RAM,2023,,,DDR4-3200,2 x 16GB,16.0,10 ns,,,,
corsair vengeance 32 gb,102.99,Corsair,,,,,Corsair,RAM,2023,,,DDR5-5200,2 x 16GB,40.0,15.385 ns,,,,
g.skill ripjaws s5 32 gb,104.99,G.Skill,,,,,G.Skill,RAM,2023,,,DDR5-6000,2 x 16GB,30.0,10 ns,,,,
corsair vengeance rgb pro sl 32 gb,99.99,Corsair,,,,,Corsair,RAM,2023,,,DDR4-3600,2 x 16GB,18.0,10 ns,,,,
corsair vengeance rgb 64 gb,224.99,Corsair,,,,,Corsair,RAM,2023,,,DDR5-6000,2 x 32GB,30.0,10 ns,,,,
teamgroup t-force vulcan z 32 gb,57.99,TEAMGROUP,,,,,TEAMGROUP,RAM,2023,,,DDR4-3600,2 x 16GB,18.0,10 ns,,,,
teamgroup t-force vulcan z 32 gb,54.99,TEAMGROUP,,,,,TEAMGROUP,RAM,2023,,,DDR4-3200,2 x 16GB,16.0,10 ns,,,,
kingston fury beast rgb 16 gb,69.98,Kingston,,,,,Kingston,RAM,2023,,,DDR5-6000,2 x 8GB,36.0,12 ns,,,,
silicon power gaming 32 gb,51.49,Silicon Power,,,,,Silicon,RAM,2023,,,DDR4-3200,2 x 16GB,16.0,10 ns,,,,
g.skill trident z5 neo 64 gb,209.99,G.Skill,,,,,G.Skill,RAM,2023,,,DDR5-6000,2 x 32GB,30.0,10 ns,,,,
silicon power value gaming 32 gb,86.99,Silicon Power,,,,,Silicon,RAM,2023,,,DDR5-6000,2 x 16GB,30.0,10 ns,,,,
g.skill trident z5 rgb 32 gb,132.99,G.Skill,,,,,G.Skill,RAM,2023,,,DDR5-7200,2 x 16GB,34.0,9.444 ns,,,,
kingston fury beast 16 gb,49.25,Kingston,,,,,Kingston,RAM,2023,,,DDR4-3200,2 x 8GB,16.0,10 ns,,,,
corsair vengeance rgb 32 gb,124.99,Corsair,,,,,Corsair,RAM,2023,,,DDR5-6000,2 x 16GB,30.0,10 ns,,,,
corsair vengeance rgb pro 16 gb,62.99,Corsair,,,,,Corsair,RAM,2023,,,DDR4-3200,2 x 8GB,16.0,10 ns,,,,
corsair vengeance lpx 64 gb,127.99,Corsair,,,,,Corsair,RAM,2023,,,DDR4-3200,2 x 32GB,16.0,10 ns,,,,
teamgroup t-force delta rgb 32 gb,69.98,TEAMGROUP,,,,,TEAMGROUP,RAM,2023,,,DDR4-3600,2 x 16GB,18.0,10 ns,,,,
kingston fury beast 32 gb,119.99,Kingston,,,,,Kingston,RAM,2023,,,DDR5-6000,2 x 16GB,36.0,12 ns,,,,
g.skill trident z5 rgb 32 gb,112.99,G.Skill,,,,,G.Skill,RAM,2023,,,DDR5-6400,2 x 16GB,32.0,10 ns,,,,
corsair vengeance rgb 128 gb,459.99,Corsair,,,,,Corsair,RAM,2023,,,DDR5-5600,4 x 32GB,40.0,14.286 ns,,,,
g.skill trident z rgb 32 gb,84.99,G.Skill,,,,,G.Skill,RAM,2023,,,DDR4-3200,2 x 16GB,16.0,10 ns,,,,
corsair vengeance 32 gb,102.99,Corsair,,,,,Corsair,RAM,2023,,,DDR5-6000,2 x 16GB,36.0,12 ns,,,,
corsair dominator titanium 64 gb,309.99,Corsair,,,,,Corsair,RAM,2023,,,DDR5-6600,2 x 32GB,32.0,9.697 ns,,,,
corsair vengeance 64 gb,219.99,Corsair,,,,,Corsair,RAM,2023,,,DDR5-6400,2 x 32GB,32.0,10 ns,,,,
g.skill trident z5 rgb 32 gb,112.99,G.Skill,,,,,G.Skill,RAM,2023,,,DDR5-6400,2 x 16GB,32.0,10 ns,,,,
teamgroup t-force delta rgb 16 gb,47.99,TEAMGROUP,,,,,TEAMGROUP,RAM,2023,,,DDR4-3600,2 x 8GB,18.0,10 ns,,,,
g.skill ripjaws v 16 gb,43.99,G.Skill,,,,,G.Skill,RAM,2023,,,DDR4-3600,2 x 8GB,16.0,8.889 ns,,,,
corsair vengeance rgb 32 gb,109.99,Corsair,,,,,Corsair,RAM,2023,,,DDR5-5200,2 x 16GB,40.0,15.385 ns,,,,
teamgroup t-force vulcan 32 gb,102.99,TEAMGROUP,,,,,TEAMGROUP,RAM,2023,,,DDR5-6000,2 x 16GB,30.0,10 ns,,,,
teamgroup t-force delta rgb 16 gb,47.99,TEAMGROUP,,,,,TEAMGROUP,RAM,2023,,,DDR4-3600,2 x 8GB,18.0,10 ns,,,,
g.skill trident z5 rgb 48 gb,399.99,G.Skill,,,,,G.Skill,RAM,2023,,,DDR5-8400,2 x 24GB,40.0,9.524 ns,,,,
silicon power sp016gblfu320b22 16 gb,29.97,Silicon Power,,,,,Silicon,RAM,2023,,,DDR4-3200,2 x 8GB,22.0,13.75 ns,,,,
kingston fury beast 16 gb,71.98,Kingston,,,,,Kingston,RAM,2023,,,DDR5-6000,2 x 8GB,40.0,13.333 ns,,,,
g.skill flare x5 64 gb,199.99,G.Skill,,,,,G.Skill,RAM,2023,,,DDR5-6000,2 x 32GB,30.0,10 ns,,,,
corsair vengeance rgb 64 gb,229.99,Corsair,,,,,Corsair,RAM,2023,,,DDR5-6000,2 x 32GB,30.0,10 ns,,,,
silicon power sp032gblvu560fd2ad 32 gb,75.97,Silicon Power,,,,,Silicon,RAM,2023,,,DDR5-5600,2 x 16GB,46.0,16.429 ns,,,,
g.skill ripjaws v 32 gb,79.98,G.Skill,,,,,G.Skill,RAM,2023,,,DDR4-3600,2 x 16GB,16.0,8.889 ns,,,,
teamgroup t-create expert 32 gb,102.99,TEAMGROUP,,,,,TEAMGROUP,RAM,2023,,,DDR5-6000,2 x 16GB,30.0,10 ns,,,,
kingston fury beast rgb 32 gb,127.99,Kingston,,,,,Kingston,RAM,2023,,,DDR5-6000,2 x 16GB,36.0,12 ns,,,,
corsair dominator platinum rgb 32 gb,174.99,Corsair,,,,,Corsair,RAM,2023,,,DDR5-6200,2 x 16GB,36.0,11.613 ns,,,,
kingston fury beast 32 gb,79.98,Kingston,,,,,Kingston,RAM,2023,,,DDR4-3200,2 x 16GB,16.0,10 ns,,,,
crucial pro 32 gb,71.31,Crucial,,,,,Crucial,RAM,2023,,,DDR4-3200,2 x 16GB,22.0,13.75 ns,,,,
crucial ct2k8g48c40u5 16 gb,54.55,Crucial,,,,,Crucial,RAM,2023,,,DDR5-4800,2 x 8GB,40.0,16.667 ns,,,,
corsair vengeance 32 gb,114.99,Corsair,,,,,Corsair,RAM,2023,,,DDR5-6000,2 x 16GB,36.0,12 ns,,,,
corsair vengeance rgb pro 256 gb,1658.29,Corsair,,,,,Corsair,RAM,2023,,,DDR4-3000,8 x 32GB,16.0,10.667 ns,,,,
teamgroup t-force delta rgb 32 gb,69.98,TEAMGROUP,,,,,TEAMGROUP,RAM,2023,,,DDR4-3600,2 x 16GB,18.0,10 ns,,,,
g.skill trident z rgb 16 gb,54.99,G.Skill,,,,,G.Skill,RAM,2023,,,DDR4-3600,2 x 8GB,18.0,10 ns,,,,
crucial pro overclocking 32 gb,117.99,Crucial,,,,,Crucial,RAM,2023,,,DDR5-6000,2 x 16GB,36.0,12 ns,,,,
corsair vengeance rgb 192 gb,649.99,Corsair,,,,,Corsair,RAM,2023,,,DDR5-5200,4 x 48GB,38.0,14.615 ns,,,,
teamgroup t-create expert 32 gb,94.99,TEAMGROUP,,,,,TEAMGROUP,RAM,2023,,,DDR5-6400,2 x 16GB,32.0,10 ns,,,,
corsair vengeance 32 gb,119.99,Corsair,,,,,Corsair,RAM,2023,,,DDR5-6400,2 x 16GB,32.0,10 ns,,,,
g.skill trident z5 neo rgb 64 gb,214.99,G.Skill,,,,,G.Skill,RAM,2023,,,DDR5-6000,2 x 32GB,30.0,10 ns,,,,
teamgroup t-force vulcan 32 gb,94.99,TEAMGROUP,,,,,TEAMGROUP,RAM,2023,,,DDR5-6000,2 x 16GB,38.0,12.667 ns,,,,
adata xpg lancer blade 32 gb,112.99,ADATA,,,,,ADATA,RAM,2023,,,DDR5-6000,2 x 16GB,30.0,10 ns,,,,
crucial pro 64 gb,141.99,Crucial,,,,,Crucial,RAM,2023,,,DDR5-5600,2 x 32GB,46.0,16.429 ns,,,,
g.skill ripjaws s5 32 gb,98.99,G.Skill,,,,,G.Skill,RAM,2023,,,DDR5-6000,2 x 16GB,36.0,12 ns,,,,
corsair vengeance 64 gb,217.99,Corsair,,,,,Corsair,RAM,2023,,,DDR5-6000,2 x 32GB,30.0,10 ns,,,,
silicon power xpower zenith gaming 32 gb,86.99,Silicon Power,,,,,Silicon,RAM,2023,,,DDR5-6000,2 x 16GB,30.0,10 ns,,,,
corsair vengeance rgb pro 32 gb,79.98,Corsair,,,,,Corsair,RAM,2023,,,DDR4-3200,2 x 16GB,16.0,10 ns,,,,
crucial ct25664aa667 2 gb,11.0,Crucial,,,,,Crucial,RAM,2023,,,DDR2-667,1 x 2GB,5.0,14.993 ns,,,,
corsair vengeance rgb 32 gb,122.99,Corsair,,,,,Corsair,RAM,2023,,,DDR5-6400,2 x 16GB,32.0,10 ns,,,,
patriot viper venom 16 gb,67.99,Patriot,,,,,Patriot,RAM,2023,,,DDR5-5200,2 x 8GB,36.0,13.846 ns,,,,
corsair vengeance 128 gb,429.99,Corsair,,,,,Corsair,RAM,2023,,,DDR5-5600,4 x 32GB,40.0,14.286 ns,,,,
teamgroup vulcan z 16 gb,37.99,TEAMGROUP,,,,,TEAMGROUP,RAM,2023,,,DDR4-3600,2 x 8GB,18.0,10 ns,,,,
g.skill trident z5 rgb 96 gb,399.99,G.Skill,,,,,G.Skill,RAM,2023,,,DDR5-6800,2 x 48GB,34.0,10 ns,,,,
crucial pro 32 gb,103.74,Crucial,,,,,Crucial,RAM,2023,,,DDR5-5600,2 x 16GB,46.0,16.429 ns,,,,
corsair dominator titanium 32 gb,174.99,Corsair,,,,,Corsair,RAM,2023,,,DDR5-6000,2 x 16GB,30.0,10 ns,,,,
silicon power xpower turbine 16 gb,30.99,Silicon Power,,,,,Silicon,RAM,2023,,,DDR4-3200,2 x 8GB,16.0,10 ns,,,,
teamgroup t-create expert 32 gb,60.99,TEAMGROUP,,,,,TEAMGROUP,RAM,2023,,,DDR4-3600,2 x 16GB,18.0,10 ns,,,,
kingston fury beast 16 gb,49.0,Kingston,,,,,Kingston,RAM,2023,,,DDR4-3600,2 x 8GB,17.0,9.444 ns,,,,
teamgroup t-force delta rgb 64 gb,184.99,TEAMGROUP,,,,,TEAMGROUP,RAM,2023,,,DDR5-6000,2 x 32GB,38.0,12.667 ns,,,,
corsair dominator titanium 64 gb,289.99,Corsair,,,,,Corsair,RAM,2023,,,DDR5-6000,2 x 32GB,30.0,10 ns,,,,
samsung m378a1k43cb2-crc 8 gb,15.95,Samsung,,,,,Samsung,RAM,2023,,,DDR4-2400,1 x 8GB,17.0,14.167 ns,,,,
corsair vengeance rgb 32 gb,106.28,Corsair,,,,,Corsair,RAM,2023,,,DDR5-5600,2 x 16GB,40.0,14.286 ns,,,,
g.skill trident z5 rgb 32 gb,164.99,G.Skill,,,,,G.Skill,RAM,2023,,,DDR5-7600,2 x 16GB,36.0,9.474 ns,,,,
teamgroup t-force delta rgb 32 gb,102.99,TEAMGROUP,,,,,TEAMGROUP,RAM,2023,,,DDR5-6400,2 x 16GB,32.0,10 ns,,,,
samsung m378a2k43cb1-ctd 16 gb,30.0,Samsung,,,,,Samsung,RAM,2023,,,DDR4-2666,1 x 16GB,19.0,14.254 ns,,,,
corsair vengeance 32 gb,114.99,Corsair,,,,,Corsair,RAM,2023,,,DDR5-6000,2 x 16GB,36.0,12 ns,,,,
g.skill trident z rgb 128 gb,294.99,G.Skill,,,,,G.Skill,RAM,2023,,,DDR4-3600,4 x 32GB,18.0,10 ns,,,,
patriot viper elite 5 rgb 32 gb,99.99,Patriot,,,,,Patriot,RAM,2023,,,DDR5-6200,2 x 16GB,42.0,13.548 ns,,,,
teamgroup t-force vulcan 32 gb,104.99,TEAMGROUP,,,,,TEAMGROUP,RAM,2023,,,DDR5-6400,2 x 16GB,32.0,10 ns,,,,
teamgroup elite 16 gb,31.99,TEAMGROUP,,,,,TEAMGROUP,RAM,2023,,,DDR4-3200,2 x 8GB,22.0,13.75 ns,,,,
g.skill trident z5 rgb 32 gb,189.99,G.Skill,,,,,G.Skill,RAM,2023,,,DDR5-7800,2 x 16GB,36.0,9.231 ns,,,,
teamgroup t-force delta rgb 32 gb,104.99,TEAMGROUP,,,,,TEAMGROUP,RAM,2023,,,DDR5-6000,2 x 16GB,38.0,12.667 ns,,,,
klevv bolt x 16 gb,38.99,Klevv,,,,,Klevv,RAM,2023,,,DDR4-3600,2 x 8GB,18.0,10 ns,,,,
g.skill ripjaws v 32 gb,84.99,G.Skill,,,,,G.Skill,RAM,2023,,,DDR4-4400,2 x 16GB,19.0,8.636 ns,,,,
g.skill ripjaws x 16 gb,36.99,G.Skill,,,,,G.Skill,RAM,2023,,,DDR3-1600,2 x 8GB,10.0,12.5 ns,,,,
teamgroup t-create expert 32 gb,94.99,TEAMGROUP,,,,,TEAMGROUP,RAM,2023,,,DDR5-6400,2 x 16GB,32.0,10 ns,,,,
crucial pro 64 gb,123.99,Crucial,,,,,Crucial,RAM,2023,,,DDR4-3200,2 x 32GB,22.0,13.75 ns,,,,
corsair vengeance 64 gb,169.99,Corsair,,,,,Corsair,RAM,2023,,,DDR5-5200,2 x 32GB,40.0,15.385 ns,,,,
teamgroup t-create expert 32 gb,52.99,TEAMGROUP,,,,,TEAMGROUP,RAM,2023,,,DDR4-3200,2 x 16GB,16.0,10 ns,,,,
g.skill trident z5 neo rgb 64 gb,214.99,G.Skill,,,,,G.Skill,RAM,2023,,,DDR5-6000,2 x 32GB,30.0,10 ns,,,,
g.skill trident z royal 256 gb,1499.0,G.Skill,,,,,G.Skill,RAM,2023,,,DDR4-3600,8 x 32GB,18.0,10 ns,,,,
teamgroup t-force delta rgb 32 gb,102.99,TEAMGROUP,,,,,TEAMGROUP,RAM,2023,,,DDR5-5600,2 x 16GB,32.0,11.429 ns,,,,
corsair dominator titanium 96 gb,474.99,Corsair,,,,,Corsair,RAM,2023,,,DDR5-6000,4 x 24GB,30.0,10 ns,,,,
corsair vengeance lpx 16 gb,47.99,Corsair,,,,,Corsair,RAM,2023,,,DDR4-3600,2 x 8GB,18.0,10 ns,,,,
teamgroup t-force delta rgb 32 gb,99.99,TEAMGROUP,,,,,TEAMGROUP,RAM,2023,,,DDR5-5600,2 x 16GB,32.0,11.429 ns,,,,
kingbank sharpblade rgb 32 gb,97.99,KingBank,,,,,KingBank,RAM,2023,,,DDR5-6400,2 x 16GB,32.0,10 ns,,,,
g.skill aegis 16 gb,35.99,G.Skill,,,,,G.Skill,RAM,2023,,,DDR4-3000,2 x 8GB,16.0,10.667 ns,,,,
corsair dominator titanium 32 gb,199.99,Corsair,,,,,Corsair,RAM,2023,,,DDR5-7200,2 x 16GB,34.0,9.444 ns,,,,
patriot viper 4 blackout 64 gb,114.99,Patriot,,,,,Patriot,RAM,2023,,,DDR4-3600,2 x 32GB,18.0,10 ns,,,,
kingston fury beast 64 gb,219.99,Kingston,,,,,Kingston,RAM,2023,,,DDR5-6000,2 x 32GB,36.0,12 ns,,,,
g.skill trident z5 rgb 32 gb,112.99,G.Skill,,,,,G.Skill,RAM,2023,,,DDR5-6000,2 x 16GB,30.0,10 ns,,,,
corsair vengeance 64 gb,279.99,Corsair,,,,,Corsair,RAM,2023,,,DDR5-6600,4 x 16GB,32.0,9.697 ns,,,,
teamgroup t-force delta rgb 16 gb,47.99,TEAMGROUP,,,,,TEAMGROUP,RAM,2023,,,DDR4-3200,2 x 8GB,16.0,10 ns,,,,
teamgroup t-create classic 16 gb,32.49,TEAMGROUP,,,,,TEAMGROUP,RAM,2023,,,DDR4-3200,2 x 8GB,22.0,13.75 ns,,,,
patriot viper steel 16 gb,43.99,Patriot,,,,,Patriot,RAM,2023,,,DDR4-3200,2 x 8GB,16.0,10 ns,,,,
corsair vengeance rgb pro 64 gb,149.99,Corsair,,,,,Corsair,RAM,2023,,,DDR4-3200,2 x 32GB,16.0,10 ns,,,,
g.skill ripjaws v 64 gb,128.99,G.Skill,,,,,G.Skill,RAM,2023,,,DDR4-3600,2 x 32GB,18.0,10 ns,,,,
corsair vengeance rgb 64 gb,214.99,Corsair,,,,,Corsair,RAM,2023,,,DDR5-6000,2 x 32GB,40.0,13.333 ns,,,,
teamgroup elite plus 16 gb,52.99,TEAMGROUP,,,,,TEAMGROUP,RAM,2023,,,DDR5-4800,2 x 8GB,40.0,16.667 ns,,,,
corsair vengeance lpx 128 gb,264.99,Corsair,,,,,Corsair,RAM,2023,,,DDR4-3200,4 x 32GB,16.0,10 ns,,,,
g.skill trident z5 rgb 32 gb,239.99,G.Skill,,,,,G.Skill,RAM,2023,,,DDR5-8000,2 x 16GB,38.0,9.5 ns,,,,
corsair vengeance lpx 16 gb,39.99,Corsair,,,,,Corsair,RAM,2023,,,DDR4-3000,1 x 16GB,16.0,10.667 ns,,,,
teamgroup t-create expert 32 gb,94.99,TEAMGROUP,,,,,TEAMGROUP,RAM,2023,,,DDR5-6000,2 x 16GB,38.0,12.667 ns,,,,
corsair vengeance lpx 32 gb,92.99,Corsair,,,,,Corsair,RAM,2023,,,DDR4-3600,4 x 8GB,18.0,10 ns,,,,
teamgroup elite 16 gb,39.99,TEAMGROUP,,,,,TEAMGROUP,RAM,2023,,,DDR5-4800,1 x 16GB,40.0,16.667 ns,,,,
kingston kvr1333d3n9hk2/8g 8 gb,49.99,Kingston,,,,,Kingston,RAM,2023,,,DDR3-1333,2 x 4GB,9.0,13.503 ns,,,,
corsair vengeance rgb 64 gb,279.99,Corsair,,,,,Corsair,RAM,2023,,,DDR5-6000,4 x 16GB,36.0,12 ns,,,,
crucial ct64g4yfq426s 64 gb,649.95,Crucial,,,,,Crucial,RAM,2023,,,DDR4-2666,1 x 64GB,19.0,14.254 ns,,,,
lexar thor 32 gb,85.4,Lexar,,,,,Lexar,RAM,2023,,,DDR4-3200,2 x 16GB,16.0,10 ns,,,,
corsair dominator platinum rgb 64 gb,224.99,Corsair,,,,,Corsair,RAM,2023,,,DDR5-5600,2 x 32GB,40.0,14.286 ns,,,,
corsair dominator titanium 48 gb,279.99,Corsair,,,,,Corsair,RAM,2023,,,DDR5-7600,2 x 24GB,36.0,9.474 ns,,,,
teamgroup t-create expert 32 gb,119.99,TEAMGROUP,,,,,TEAMGROUP,RAM,2023,,,DDR5-7200,2 x 16GB,34.0,9.444 ns,,,,
crucial ct2k16g48c40u5 32 gb,87.66,Crucial,,,,,Crucial,RAM,2023,,,DDR5-4800,2 x 16GB,40.0,16.667 ns,,,,
teamgroup elite 16 gb,44.99,TEAMGROUP,,,,,TEAMGROUP,RAM,2023,,,DDR5-4800,2 x 8GB,40.0,16.667 ns,,,,
oloy md4u0836180bhkda 16 gb,37.6,OLOy,,,,,OLOy,RAM,2023,,,DDR4-3600,2 x 8GB,18.0,10 ns,,,,
teamgroup t-force delta rgb 32 gb,124.99,TEAMGROUP,,,,,TEAMGROUP,RAM,2023,,,DDR5-7200,2 x 16GB,34.0,9.444 ns,,,,
g.skill trident z rgb 256 gb,886.87,G.Skill,,,,,G.Skill,RAM,2023,,,DDR4-3600,8 x 32GB,16.0,8.889 ns,,,,
oloy owl rgb 16 gb,42.99,OLOy,,,,,OLOy,RAM,2023,,,DDR4-3200,2 x 8GB,16.0,10 ns,,,,
kingston fury beast 32 gb,84.99,Kingston,,,,,Kingston,RAM,2023,,,DDR4-3600,2 x 16GB,18.0,10 ns,,,,
g.skill trident z rgb 96 gb,339.99,G.Skill,,,,,G.Skill,RAM,2023,,,DDR5-6400,2 x 48GB,32.0,10 ns,,,,
corsair vengeance rgb 32 gb,127.99,Corsair,,,,,Corsair,RAM,2023,,,DDR5-6000,2 x 16GB,36.0,12 ns,,,,
corsair dominator titanium 64 gb,274.0,Corsair,,,,,Corsair,RAM,2023,,,DDR5-6000,2 x 32GB,30.0,10 ns,,,,
corsair dominator titanium 64 gb,359.99,Corsair,,,,,Corsair,RAM,2023,,,DDR5-6400,4 x 16GB,32.0,10 ns,,,,
g.skill trident z5 rgb 64 gb,214.99,G.Skill,,,,,G.Skill,RAM,2023,,,DDR5-6000,2 x 32GB,30.0,10 ns,,,,
corsair vengeance rgb 32 gb,137.99,Corsair,,,,,Corsair,RAM,2023,,,DDR5-6400,2 x 16GB,36.0,11.25 ns,,,,
kingston fury beast 16 gb,44.85,Kingston,,,,,Kingston,RAM,2023,,,DDR4-3200,1 x 16GB,16.0,10 ns,,,,
kingston fury 32 gb,146.3,Kingston,,,,,Kingston,RAM,2023,,,DDR5-6000,2 x 16GB,40.0,13.333 ns,,,,
samsung m378b5173db0-ck0 4 gb,12.83,Samsung,,,,,Samsung,RAM,2023,,,DDR3-1600,1 x 4GB,11.0,13.75 ns,,,,
g.skill trident z rgb 32 gb,109.99,G.Skill,,,,,G.Skill,RAM,2023,,,DDR4-3200,4 x 8GB,16.0,10 ns,,,,
g.skill ripjaws s5 32 gb,107.99,G.Skill,,,,,G.Skill,RAM,2023,,,DDR5-6000,2 x 16GB,32.0,10.667 ns,,,,
teamgroup t-force delta rgb 32 gb,69.98,TEAMGROUP,,,,,TEAMGROUP,RAM,2023,,,DDR4-3200,2 x 16GB,16.0,10 ns,,,,
g.skill trident z5 rgb 32 gb,116.99,G.Skill,,,,,G.Skill,RAM,2023,,,DDR5-5600,2 x 16GB,28.0,10 ns,,,,
corsair vengeance rgb rs 16 gb,59.99,Corsair,,,,,Corsair,RAM,2023,,,DDR4-3200,2 x 8GB,16.0,10 ns,,,,
teamgroup t-force vulcan z 64 gb,114.99,TEAMGROUP,,,,,TEAMGROUP,RAM,2023,,,DDR4-3200,2 x 32GB,16.0,10 ns,,,,
corsair vengeance rgb rt 32 gb,139.99,Corsair,,,,,Corsair,RAM,2023,,,DDR4-4600,2 x 16GB,18.0,7.826 ns,,,,
corsair vengeance 64 gb,229.99,Corsair,,,,,Corsair,RAM,2023,,,DDR5-6000,2 x 32GB,30.0,10 ns,,,,
kingston fury beast rgb 128 gb,447.15,Kingston,,,,,Kingston,RAM,2023,,,DDR5-5200,4 x 32GB,40.0,15.385 ns,,,,
g.skill trident z5 rgb 96 gb,339.99,G.Skill,,,,,G.Skill,RAM,2023,,,DDR5-6400,2 x 48GB,32.0,10 ns,,,,
g.skill trident z royal 128 gb,2265.13,G.Skill,,,,,G.Skill,RAM,2023,,,DDR4-3200,4 x 32GB,16.0,10 ns,,,,
teamgroup t-force vulcan z 16 gb,34.99,TEAMGROUP,,,,,TEAMGROUP,RAM,2023,,,DDR4-3200,2 x 8GB,16.0,10 ns,,,,
teamgroup t-create expert 64 gb,184.99,TEAMGROUP,,,,,TEAMGROUP,RAM,2023,,,DDR5-6000,2 x 32GB,34.0,11.333 ns,,,,
corsair vengeance 96 gb,279.99,Corsair,,,,,Corsair,RAM,2023,,,DDR5-5600,2 x 48GB,40.0,14.286 ns,,,,
teamgroup t-create expert 64 gb,194.99,TEAMGROUP,,,,,TEAMGROUP,RAM,2023,,,DDR5-6400,2 x 32GB,34.0,10.625 ns,,,,
corsair vengeance rgb 64 gb,242.99,Corsair,,,,,Corsair,RAM,2023,,,DDR5-6600,2 x 32GB,32.0,9.697 ns,,,,
oloy owl rgb 16 gb,42.99,OLOy,,,,,OLOy,RAM,2023,,,DDR4-3200,2 x 8GB,16.0,10 ns,,,,
teamgroup elite 64 gb,108.99,TEAMGROUP,,,,,TEAMGROUP,RAM,2023,,,DDR4-3200,2 x 32GB,22.0,13.75 ns,,,,
corsair vengeance rgb rt 32 gb,104.99,Corsair,,,,,Corsair,RAM,2023,,,DDR4-3600,2 x 16GB,16.0,8.889 ns,,,,
corsair vengeance lpx 16 gb,44.99,Corsair,,,,,Corsair,RAM,2023,,,DDR4-3200,2 x 8GB,16.0,10 ns,,,,
patriot viper 3 16 gb,29.99,Patriot,,,,,Patriot,RAM,2023,,,DDR3-1866,2 x 8GB,10.0,10.718 ns,,,,
g.skill ripjaws s5 96 gb,389.99,G.Skill,,,,,G.Skill,RAM,2023,,,DDR5-6800,2 x 48GB,34.0,10 ns,,,,
corsair vengeance lpx 32 gb,69.98,Corsair,,,,,Corsair,RAM,2023,,,DDR4-2133,2 x 16GB,13.0,12.189 ns,,,,
kingston kvr13n9s6/2 2 gb,19.97,Kingston,,,,,Kingston,RAM,2023,,,DDR3-1333,1 x 2GB,9.0,13.503 ns,,,,
kingston fury beast 32 gb,115.03,Kingston,,,,,Kingston,RAM,2023,,,DDR5-5200,2 x 16GB,40.0,15.385 ns,,,,
corsair dominator platinum rgb 64 gb,289.99,Corsair,,,,,Corsair,RAM,2023,,,DDR5-5600,4 x 16GB,36.0,12.857 ns,,,,
corsair vengeance rgb 96 gb,367.99,Corsair,,,,,Corsair,RAM,2023,,,DDR5-6800,2 x 48GB,40.0,11.765 ns,,,,
adata xpg lancer blade rgb 32 gb,119.99,ADATA,,,,,ADATA,RAM,2023,,,DDR5-6000,2 x 16GB,30.0,10 ns,,,,
corsair vengeance rgb rs 32 gb,79.98,Corsair,,,,,Corsair,RAM,2023,,,DDR4-3200,2 x 16GB,16.0,10 ns,,,,
corsair vengeance rgb 48 gb,229.99,Corsair,,,,,Corsair,RAM,2023,,,DDR5-7600,2 x 24GB,36.0,9.474 ns,,,,
corsair dominator titanium 32 gb,175.99,Corsair,,,,,Corsair,RAM,2023,,,DDR5-6600,2 x 16GB,32.0,9.697 ns,,,,
corsair vengeance rgb 32 gb,124.99,Corsair,,,,,Corsair,RAM,2023,,,DDR5-6000,2 x 16GB,36.0,12 ns,,,,
corsair vengeance 32 gb,113.99,Corsair,,,,,Corsair,RAM,2023,,,DDR5-5600,2 x 16GB,36.0,12.857 ns,,,,
patriot signature line 8 gb,34.27,Patriot,,,,,Patriot,RAM,2023,,,DDR5-4800,1 x 8GB,40.0,16.667 ns,,,,
corsair vengeance lpx 32 gb,84.99,Corsair,,,,,Corsair,RAM,2023,,,DDR4-3600,2 x 16GB,18.0,10 ns,,,,
corsair vengeance 32 gb,119.99,Corsair,,,,,Corsair,RAM,2023,,,DDR5-6000,2 x 16GB,36.0,12 ns,,,,
timetec pinnacle konduit 32 gb,67.99,Timetec,,,,,Timetec,RAM,2023,,,DDR4-3600,2 x 16GB,18.0,10 ns,,,,
g.skill trident z5 rgb 64 gb,214.99,G.Skill,,,,,G.Skill,RAM,2023,,,DDR5-6000,2 x 32GB,30.0,10 ns,,,,
g.skill ripjaws v 16 gb,37.99,G.Skill,,,,,G.Skill,RAM,2023,,,DDR4-3200,1 x 16GB,16.0,10 ns,,,,
kingston fury beast rgb 32 gb,132.15,Kingston,,,,,Kingston,RAM,2023,,,DDR5-5600,2 x 16GB,36.0,12.857 ns,,,,
g.skill trident z5 rgb 48 gb,279.99,G.Skill,,,,,G.Skill,RAM,2023,,,DDR5-8200,2 x 24GB,40.0,9.756 ns,,,,
corsair vengeance lpx 32 gb,73.98,Corsair,,,,,Corsair,RAM,2023,,,DDR4-2666,2 x 16GB,16.0,12.003 ns,,,,
teamgroup elite plus 64 gb,147.99,TEAMGROUP,,,,,TEAMGROUP,RAM,2023,,,DDR5-4800,2 x 32GB,40.0,16.667 ns,,,,
kingston fury beast rgb 16 gb,91.02,Kingston,,,,,Kingston,RAM,2023,,,DDR5-5600,2 x 8GB,36.0,12.857 ns,,,,
g.skill ripjaws v 8 gb,69.98,G.Skill,,,,,G.Skill,RAM,2023,,,DDR4-2400,1 x 8GB,15.0,12.5 ns,,,,
teamgroup t-force vulcan 32 gb,94.99,TEAMGROUP,,,,,TEAMGROUP,RAM,2023,,,DDR5-5600,2 x 16GB,36.0,12.857 ns,,,,
g.skill trident z5 rgb 32 gb,132.99,G.Skill,,,,,G.Skill,RAM,2023,,,DDR5-7200,2 x 16GB,34.0,9.444 ns,,,,
crucial ct2k8g4dfra32a 16 gb,39.99,Crucial,,,,,Crucial,RAM,2023,,,DDR4-3200,2 x 8GB,22.0,13.75 ns,,,,
corsair vengeance 64 gb,167.99,Corsair,,,,,Corsair,RAM,2023,,,DDR5-4800,2 x 32GB,40.0,16.667 ns,,,,
corsair vengeance rgb pro 64 gb,159.99,Corsair,,,,,Corsair,RAM,2023,,,DDR4-3600,2 x 32GB,18.0,10 ns,,,,
g.skill ripjaws s5 64 gb,239.99,G.Skill,,,,,G.Skill,RAM,2023,,,DDR5-6800,2 x 32GB,34.0,10 ns,,,,
teamgroup t-create expert 16 gb,32.99,TEAMGROUP,,,,,TEAMGROUP,RAM,2023,,,DDR4-3200,2 x 8GB,16.0,10 ns,,,,
kingston fury beast 16 gb,71.0,Kingston,,,,,Kingston,RAM,2023,,,DDR5-4800,2 x 8GB,38.0,15.833 ns,,,,
corsair vengeance lpx 32 gb,104.99,Corsair,,,,,Corsair,RAM,2023,,,DDR4-4000,2 x 16GB,18.0,9 ns,,,,
corsair vengeance 32 gb,114.99,Corsair,,,,,Corsair,RAM,2023,,,DDR5-6000,2 x 16GB,36.0,12 ns,,,,
corsair dominator titanium 32 gb,175.99,Corsair,,,,,Corsair,RAM,2023,,,DDR5-6600,2 x 16GB,32.0,9.697 ns,,,,
crucial classic 8 gb,26.99,Crucial,,,,,Crucial,RAM,2023,,,DDR5-5600,1 x 8GB,46.0,16.429 ns,,,,
corsair vengeance rgb 32 gb,149.99,Corsair,,,,,Corsair,RAM,2023,,,DDR5-6400,2 x 16GB,32.0,10 ns,,,,
pny xlr8 16 gb,39.99,PNY,,,,,PNY,RAM,2023,,,DDR4-3200,2 x 8GB,16.0,10 ns,,,,
g.skill ripjaws x 8 gb,30.86,G.Skill,,,,,G.Skill,RAM,2023,,,DDR3-1600,2 x 4GB,9.0,11.25 ns,,,,
corsair dominator titanium 64 gb,289.99,Corsair,,,,,Corsair,RAM,2023,,,DDR5-6000,2 x 32GB,30.0,10 ns,,,,
oloy blade rgb 64 gb,192.99,OLOy,,,,,OLOy,RAM,2023,,,DDR5-6400,2 x 32GB,32.0,10 ns,,,,
g.skill trident z5 neo rgb 32 gb,117.99,G.Skill,,,,,G.Skill,RAM,2023,,,DDR5-6000,2 x 16GB,36.0,12 ns,,,,
teamgroup elite 32 gb,53.99,TEAMGROUP,,,,,TEAMGROUP,RAM,2023,,,DDR4-2666,2 x 16GB,19.0,14.254 ns,,,,
patriot viper 3 16 gb,26.49,Patriot,,,,,Patriot,RAM,2023,,,DDR3-1600,2 x 8GB,9.0,11.25 ns,,,,
g.skill trident z5 32 gb,112.99,G.Skill,,,,,G.Skill,RAM,2023,,,DDR5-6000,2 x 16GB,36.0,12 ns,,,,
corsair vengeance lpx 256 gb,689.99,Corsair,,,,,Corsair,RAM,2023,,,DDR4-3600,8 x 32GB,18.0,10 ns,,,,
corsair dominator platinum rgb 32 gb,159.99,Corsair,,,,,Corsair,RAM,2023,,,DDR5-6000,2 x 16GB,36.0,12 ns,,,,
g.skill ripjaws v 32 gb,66.98,G.Skill,,,,,G.Skill,RAM,2023,,,DDR4-3200,1 x 32GB,16.0,10 ns,,,,
corsair vengeance rgb pro 16 gb,69.98,Corsair,,,,,Corsair,RAM,2023,,,DDR4-3000,2 x 8GB,16.0,10.667 ns,,,,
teamgroup t-create classic 64 gb,164.99,TEAMGROUP,,,,,TEAMGROUP,RAM,2023,,,DDR5-5600,2 x 32GB,46.0,16.429 ns,,,,
corsair dominator titanium first edition 48 gb,289.99,Corsair,,,,,Corsair,RAM,2023,,,DDR5-7200,2 x 24GB,36.0,10 ns,,,,
corsair dominator platinum rgb 64 gb,284.99,Corsair,,,,,Corsair,RAM,2023,,,DDR5-6400,2 x 32GB,32.0,10 ns,,,,
teamgroup t-force delta rgb 32 gb,99.99,TEAMGROUP,,,,,TEAMGROUP,RAM,2023,,,DDR5-6200,2 x 16GB,38.0,12.258 ns,,,,
goodram irdm pro 16 gb,80.66,GOODRAM,,,,,GOODRAM,RAM,2023,,,DDR4-3600,2 x 8GB,18.0,10 ns,,,,
teamgroup t-create expert 48 gb,189.99,TEAMGROUP,,,,,TEAMGROUP,RAM,2023,,,DDR5-7200,2 x 24GB,34.0,9.444 ns,,,,
patriot viper venom 64 gb,164.99,Patriot,,,,,Patriot,RAM,2023,,,DDR5-5600,2 x 32GB,36.0,12.857 ns,,,,
corsair vengeance lpx 64 gb,165.0,Corsair,,,,,Corsair,RAM,2023,,,DDR4-3600,4 x 16GB,18.0,10 ns,,,,
teamgroup t-force vulcan z 8 gb,26.11,TEAMGROUP,,,,,TEAMGROUP,RAM,2023,,,DDR4-3200,1 x 8GB,16.0,10 ns,,,,
kingston valueram 1 gb,15.0,Kingston,,,,,Kingston,RAM,2023,,,DDR2-667,1 x 1GB,5.0,14.993 ns,,,,
mushkin redline lumina white 32 gb,124.99,Mushkin,,,,,Mushkin,RAM,2023,,,DDR5-6400,2 x 16GB,30.0,9.375 ns,,,,
teamgroup t-force vulcan 32 gb,94.99,TEAMGROUP,,,,,TEAMGROUP,RAM,2023,,,DDR5-6000,2 x 16GB,38.0,12.667 ns,,,,
corsair vengeance rgb 96 gb,362.99,Corsair,,,,,Corsair,RAM,2023,,,DDR5-6400,2 x 48GB,32.0,10 ns,,,,
g.skill trident z5 rgb 32 gb,127.99,G.Skill,,,,,G.Skill,RAM,2023,,,DDR5-6600,2 x 16GB,34.0,10.303 ns,,,,
patriot viper 4 blackout 16 gb,44.99,Patriot,,,,,Patriot,RAM,2023,,,DDR4-3200,2 x 8GB,16.0,10 ns,,,,
corsair vengeance rgb pro sl 32 gb,124.99,Corsair,,,,,Corsair,RAM,2023,,,DDR4-4000,2 x 16GB,18.0,9 ns,,,,
patriot viper venom 32 gb,114.99,Patriot,,,,,Patriot,RAM,2023,,,DDR5-7400,2 x 16GB,36.0,9.73 ns,,,,
patriot viper venom rgb 32 gb,114.99,Patriot,,,,,Patriot,RAM,2023,,,DDR5-6000,2 x 16GB,36.0,12 ns,,,,
mushkin enhanced redline stiletto 32 gb,82.99,Mushkin,,,,,Mushkin,RAM,2023,,,DDR4-3600,2 x 16GB,16.0,8.889 ns,,,,
adata xpg gammix d20 32 gb,130.08,ADATA,,,,,ADATA,RAM,2023,,,DDR4-3200,2 x 16GB,16.0,10 ns,,,,
kingston kth-pl426lq/64g 64 gb,632.0,Kingston,,,,,Kingston,RAM,2023,,,DDR4-2666,1 x 64GB,19.0,14.254 ns,,,,
adata xpg spectrix d50 16 gb,58.11,ADATA,,,,,ADATA,RAM,2023,,,DDR4-3600,2 x 8GB,18.0,10 ns,,,,
klevv cras x rgb 32 gb,70.98,Klevv,,,,,Klevv,RAM,2023,,,DDR4-3600,2 x 16GB,18.0,10 ns,,,,
g.skill tridentz rgb 16 gb,189.0,G.Skill,,,,,G.Skill,RAM,2023,,,DDR4-4000,2 x 8GB,17.0,8.5 ns,,,,
g.skill ripjaws v 32 gb,74.98,G.Skill,,,,,G.Skill,RAM,2023,,,DDR4-3600,2 x 16GB,18.0,10 ns,,,,
patriot viper elite 5 rgb 16 gb,55.99,Patriot,,,,,Patriot,RAM,2023,,,DDR5-6000,1 x 16GB,42.0,14 ns,,,,
timetec fba_75tt160ul1r8-4g 16 gb,19.98,Timetec,,,,,Timetec,RAM,2023,,,DDR3-1600,2 x 8GB,11.0,13.75 ns,,,,
lexar ares rgb 32 gb,116.49,Lexar,,,,,Lexar,RAM,2023,,,DDR5-7200,2 x 16GB,34.0,9.444 ns,,,,
corsair vengeance 64 gb,208.0,Corsair,,,,,Corsair,RAM,2023,,,DDR5-6000,2 x 32GB,40.0,13.333 ns,,,,
g.skill trident z5 rgb 32 gb,239.99,G.Skill,,,,,G.Skill,RAM,2023,,,DDR5-8000,2 x 16GB,38.0,9.5 ns,,,,
silicon power xpower turbine rgb 16 gb,43.99,Silicon Power,,,,,Silicon,RAM,2023,,,DDR4-3200,2 x 8GB,16.0,10 ns,,,,
teamgroup t-force delta rgb 64 gb,134.99,TEAMGROUP,,,,,TEAMGROUP,RAM,2023,,,DDR4-3600,2 x 32GB,18.0,10 ns,,,,
g.skill ripjaws s5 64 gb,197.99,G.Skill,,,,,G.Skill,RAM,2023,,,DDR5-6000,2 x 32GB,36.0,12 ns,,,,
patriot viper elite ii 64 gb,114.99,Patriot,,,,,Patriot,RAM,2023,,,DDR4-3600,2 x 32GB,20.0,11.111 ns,,,,
g.skill trident z neo 64 gb,146.99,G.Skill,,,,,G.Skill,RAM,2023,,,DDR4-3600,2 x 32GB,18.0,10 ns,,,,
patriot viper elite 5 rgb 32 gb,104.99,Patriot,,,,,Patriot,RAM,2023,,,DDR5-7000,2 x 16GB,38.0,10.857 ns,,,,
corsair vengeance rgb pro sl 16 gb,59.99,Corsair,,,,,Corsair,RAM,2023,,,DDR4-3200,2 x 8GB,16.0,10 ns,,,,
ocz fatal1ty edition 4 gb,119.96,OCZ,,,,,OCZ,RAM,2023,,,DDR2-800,2 x 2GB,5.0,12.5 ns,,,,
kingston fury renegade 64 gb,239.99,Kingston,,,,,Kingston,RAM,2023,,,DDR5-6000,2 x 32GB,32.0,10.667 ns,,,,
patriot viper 3 8 gb,17.98,Patriot,,,,,Patriot,RAM,2023,,,DDR3-1600,2 x 4GB,9.0,11.25 ns,,,,
teamgroup elite 32 gb,77.98,TEAMGROUP,,,,,TEAMGROUP,RAM,2023,,,DDR5-5600,2 x 16GB,46.0,16.429 ns,,,,
kingston fury beast 16 gb,76.16,Kingston,,,,,Kingston,RAM,2023,,,DDR5-5200,2 x 8GB,36.0,13.846 ns,,,,
teamgroup t-create expert 96 gb,355.99,TEAMGROUP,,,,,TEAMGROUP,RAM,2023,,,DDR5-6800,2 x 48GB,36.0,10.588 ns,,,,
g.skill trident z5 rgb 32 gb,124.99,G.Skill,,,,,G.Skill,RAM,2023,,,DDR5-6800,2 x 16GB,34.0,10 ns,,,,
teamgroup t-create classic 64 gb,174.99,TEAMGROUP,,,,,TEAMGROUP,RAM,2023,,,DDR5-6000,2 x 32GB,48.0,16 ns,,,,
kingston fury renegade 32 gb,192.07,Kingston,,,,,Kingston,RAM,2023,,,DDR4-3600,2 x 16GB,16.0,8.889 ns,,,,
corsair vengeance rgb pro sl 64 gb,179.99,Corsair,,,,,Corsair,RAM,2023,,,DDR4-3600,4 x 16GB,18.0,10 ns,,,,
corsair vengeance lpx 64 gb,147.99,Corsair,,,,,Corsair,RAM,2023,,,DDR4-3200,4 x 16GB,16.0,10 ns,,,,
g.skill trident z neo 64 gb,204.99,G.Skill,,,,,G.Skill,RAM,2023,,,DDR4-3600,4 x 16GB,16.0,8.889 ns,,,,
silicon power xpower zenith gaming 32 gb,55.97,Silicon Power,,,,,Silicon,RAM,2023,,,DDR4-3200,2 x 16GB,16.0,10 ns,,,,
g.skill trident z5 rgb 48 gb,249.99,G.Skill,,,,,G.Skill,RAM,2023,,,DDR5-8000,2 x 24GB,40.0,10 ns,,,,
corsair vengeance lpx 16 gb,44.99,Corsair,,,,,Corsair,RAM,2023,,,DDR4-3000,2 x 8GB,16.0,10.667 ns,,,,
g.skill trident z5 rgb 64 gb,207.99,G.Skill,,,,,G.Skill,RAM,2023,,,DDR5-6000,2 x 32GB,36.0,12 ns,,,,
crucial pro 48 gb,154.99,Crucial,,,,,Crucial,RAM,2023,,,DDR5-6000,2 x 24GB,48.0,16 ns,,,,
kingston fury beast rgb 16 gb,55.0,Kingston,,,,,Kingston,RAM,2023,,,DDR4-3600,2 x 8GB,17.0,9.444 ns,,,,
corsair dominator platinum rgb 32 gb,214.99,Corsair,,,,,Corsair,RAM,2023,,,DDR5-7600,2 x 16GB,36.0,9.474 ns,,,,
teamgroup t-force delta rgb 48 gb,257.82,TEAMGROUP,,,,,TEAMGROUP,RAM,2023,,,DDR5-8200,2 x 24GB,38.0,9.268 ns,,,,
patriot signature line 8 gb,17.98,Patriot,,,,,Patriot,RAM,2023,,,DDR4-3200,1 x 8GB,22.0,13.75 ns,,,,
g.skill flare x5 32 gb,104.99,G.Skill,,,,,G.Skill,RAM,2023,,,DDR5-5600,2 x 16GB,30.0,10.714 ns,,,,
teamgroup t-force vulcan z 16 gb,37.99,TEAMGROUP,,,,,TEAMGROUP,RAM,2023,,,DDR4-3600,2 x 8GB,18.0,10 ns,,,,
g.skill aegis 32 gb,61.99,G.Skill,,,,,G.Skill,RAM,2023,,,DDR4-3000,2 x 16GB,16.0,10.667 ns,,,,
teamgroup t-force vulcan 16 gb,64.57,TEAMGROUP,,,,,TEAMGROUP,RAM,2023,,,DDR5-5200,2 x 8GB,40.0,15.385 ns,,,,
corsair vengeance rgb pro sl 16 gb,54.99,Corsair,,,,,Corsair,RAM,2023,,,DDR4-3200,2 x 8GB,16.0,10 ns,,,,
teamgroup t-create expert 48 gb,189.99,TEAMGROUP,,,,,TEAMGROUP,RAM,2023,,,DDR5-7200,2 x 24GB,34.0,9.444 ns,,,,
kingston fury beast rgb 16 gb,79.98,Kingston,,,,,Kingston,RAM,2023,,,DDR5-5200,2 x 8GB,40.0,15.385 ns,,,,
patriot viper steel 8 gb,26.99,Patriot,,,,,Patriot,RAM,2023,,,DDR4-3200,2 x 4GB,16.0,10 ns,,,,
corsair vengeance lpx 32 gb,89.99,Corsair,,,,,Corsair,RAM,2023,,,DDR4-3200,4 x 8GB,16.0,10 ns,,,,
silicon power xpower zenith gaming 64 gb,199.99,Silicon Power,,,,,Silicon,RAM,2023,,,DDR5-6000,2 x 32GB,30.0,10 ns,,,,
teamgroup t-create expert 96 gb,355.99,TEAMGROUP,,,,,TEAMGROUP,RAM,2023,,,DDR5-6800,2 x 48GB,36.0,10.588 ns,,,,
corsair vengeance lpx 32 gb,102.46,Corsair,,,,,Corsair,RAM,2023,,,DDR4-3200,2 x 16GB,16.0,10 ns,,,,
teamgroup t-force delta rgb 32 gb,69.98,TEAMGROUP,,,,,TEAMGROUP,RAM,2023,,,DDR4-3200,2 x 16GB,16.0,10 ns,,,,
g.skill trident z royal 128 gb,829.0,G.Skill,,,,,G.Skill,RAM,2023,,,DDR4-4000,4 x 32GB,18.0,9 ns,,,,
kingston fury beast 32 gb,105.99,Kingston,,,,,Kingston,RAM,2023,,,DDR5-4800,2 x 16GB,38.0,15.833 ns,,,,
mushkin enhanced redline stiletto 16 gb,42.99,Mushkin,,,,,Mushkin,RAM,2023,,,DDR4-3600,2 x 8GB,18.0,10 ns,,,,
corsair vengeance rgb 64 gb,249.99,Corsair,,,,,Corsair,RAM,2023,,,DDR5-5600,4 x 16GB,36.0,12.857 ns,,,,
silicon power xpower zenith rgb gaming 32 gb,98.99,Silicon Power,,,,,Silicon,RAM,2023,,,DDR5-6000,2 x 16GB,30.0,10 ns,,,,
kingston fury beast 32 gb,113.88,Kingston,,,,,Kingston,RAM,2023,,,DDR5-5600,1 x 32GB,40.0,14.286 ns,,,,
silicon power xpower zenith gaming 64 gb,184.99,Silicon Power,,,,,Silicon,RAM,2023,,,DDR5-6000,2 x 32GB,30.0,10 ns,,,,
kingston fury renegade rgb 32 gb,145.99,Kingston,,,,,Kingston,RAM,2023,,,DDR5-6400,2 x 16GB,32.0,10 ns,,,,
patriot viper venom 16 gb,62.99,Patriot,,,,,Patriot,RAM,2023,,,DDR5-5600,2 x 8GB,40.0,14.286 ns,,,,
teamgroup t-force delta rgb 64 gb,134.99,TEAMGROUP,,,,,TEAMGROUP,RAM,2023,,,DDR4-3600,2 x 32GB,18.0,10 ns,,,,
teamgroup t-force xtreem argb 32 gb,79.98,TEAMGROUP,,,,,TEAMGROUP,RAM,2023,,,DDR4-3600,2 x 16GB,18.0,10 ns,,,,
corsair vengeance 32 gb,109.99,Corsair,,,,,Corsair,RAM,2023,,,DDR5-5200,2 x 16GB,40.0,15.385 ns,,,,
corsair vengeance rgb 32 gb,129.99,Corsair,,,,,Corsair,RAM,2023,,,DDR5-6600,2 x 16GB,38.0,11.515 ns,,,,
g.skill ripjaws s5 64 gb,199.99,G.Skill,,,,,G.Skill,RAM,2023,,,DDR5-6000,2 x 32GB,32.0,10.667 ns,,,,
g.skill ripjaws z 32 gb,75.05,G.Skill,,,,,G.Skill,RAM,2023,,,DDR3-1600,4 x 8GB,10.0,12.5 ns,,,,
corsair vengeance rgb pro 16 gb,64.98,Corsair,,,,,Corsair,RAM,2023,,,DDR4-3600,2 x 8GB,18.0,10 ns,,,,
mushkin redline lumina 64 gb,194.99,Mushkin,,,,,Mushkin,RAM,2023,,,DDR5-6400,2 x 32GB,32.0,10 ns,,,,
g.skill trident z5 rgb 32 gb,113.99,G.Skill,,,,,G.Skill,RAM,2023,,,DDR5-5200,2 x 16GB,36.0,13.846 ns,,,,
g.skill ripjaws v 16 gb,41.83,G.Skill,,,,,G.Skill,RAM,2023,,,DDR4-2133,2 x 8GB,15.0,14.065 ns,,,,
corsair dominator platinum rgb 16 gb,89.99,Corsair,,,,,Corsair,RAM,2023,,,DDR4-3600,2 x 8GB,18.0,10 ns,,,,
thermaltake toughram rgb 16 gb,110.42,Thermaltake,,,,,Thermaltake,RAM,2023,,,DDR4-3600,2 x 8GB,18.0,10 ns,,,,
corsair vengeance rgb pro sl 32 gb,89.99,Corsair,,,,,Corsair,RAM,2023,,,DDR4-3200,4 x 8GB,16.0,10 ns,,,,
corsair vengeance rgb pro 16 gb,64.06,Corsair,,,,,Corsair,RAM,2023,,,DDR4-2666,2 x 8GB,16.0,12.003 ns,,,,
crucial ct2k16g52c42u5 32 gb,109.7,Crucial,,,,,Crucial,RAM,2023,,,DDR5-5200,2 x 16GB,42.0,16.154 ns,,,,
corsair vengeance rgb 32 gb,109.99,Corsair,,,,,Corsair,RAM,2023,,,DDR5-5200,2 x 16GB,40.0,15.385 ns,,,,
g.skill trident z5 rgb 48 gb,229.99,G.Skill,,,,,G.Skill,RAM,2023,,,DDR5-7600,2 x 24GB,38.0,10 ns,,,,
corsair vengeance lpx 16 gb,79.99,Corsair,,,,,Corsair,RAM,2023,,,DDR4-4000,2 x 8GB,19.0,9.5 ns,,,,
g.skill trident z royal 16 gb,91.8,G.Skill,,,,,G.Skill,RAM,2023,,,DDR4-3600,2 x 8GB,18.0,10 ns,,,,
kingston fury renegade 32 gb,139.99,Kingston,,,,,Kingston,RAM,2023,,,DDR5-6400,2 x 16GB,32.0,10 ns,,,,
corsair vengeance rgb pro 32 gb,90.98,Corsair,,,,,Corsair,RAM,2023,,,DDR4-2666,2 x 16GB,16.0,12.003 ns,,,,
corsair dominator titanium first edition 32 gb,234.99,Corsair,,,,,Corsair,RAM,2023,,,DDR5-7200,2 x 16GB,34.0,9.444 ns,,,,
g.skill trident z5 32 gb,116.99,G.Skill,,,,,G.Skill,RAM,2023,,,DDR5-6000,2 x 16GB,30.0,10 ns,,,,
patriot viper elite 5 rgb 32 gb,104.99,Patriot,,,,,Patriot,RAM,2023,,,DDR5-6000,1 x 32GB,42.0,14 ns,,,,
corsair dominator titanium 48 gb,229.99,Corsair,,,,,Corsair,RAM,2023,,,DDR5-6000,2 x 24GB,30.0,10 ns,,,,
g.skill trident z royal 32 gb,104.99,G.Skill,,,,,G.Skill,RAM,2023,,,DDR4-3200,2 x 16GB,16.0,10 ns,,,,
g.skill ripjaws s5 48 gb,174.99,G.Skill,,,,,G.Skill,RAM,2023,,,DDR5-6800,2 x 24GB,34.0,10 ns,,,,
timetec pinnacle konduit 16 gb,49.55,Timetec,,,,,Timetec,RAM,2023,,,DDR4-3600,2 x 8GB,18.0,10 ns,,,,
patriot viper venom 32 gb,105.99,Patriot,,,,,Patriot,RAM,2023,,,DDR5-5600,2 x 16GB,36.0,12.857 ns,,,,
corsair vengeance rgb pro sl 16 gb,74.98,Corsair,,,,,Corsair,RAM,2023,,,DDR4-3600,2 x 8GB,16.0,8.889 ns,,,,
corsair vengeance lpx 64 gb,144.99,Corsair,,,,,Corsair,RAM,2023,,,DDR4-2400,4 x 16GB,14.0,11.667 ns,,,,
kingston fury beast 16 gb,65.98,Kingston,,,,,Kingston,RAM,2023,,,DDR5-6000,1 x 16GB,40.0,13.333 ns,,,,
g.skill aegis 16 gb,33.99,G.Skill,,,,,G.Skill,RAM,2023,,,DDR4-2666,1 x 16GB,19.0,14.254 ns,,,,
patriot viper xtreme 5 48 gb,179.99,Patriot,,,,,Patriot,RAM,2023,,,DDR5-7600,2 x 24GB,36.0,9.474 ns,,,,
g.skill ripjaws s5 32 gb,104.99,G.Skill,,,,,G.Skill,RAM,2023,,,DDR5-5600,2 x 16GB,30.0,10.714 ns,,,,
g.skill trident z5 rgb 32 gb,119.99,G.Skill,,,,,G.Skill,RAM,2023,,,DDR5-6000,2 x 16GB,32.0,10.667 ns,,,,
g.skill ripjaws x 16 gb,44.99,G.Skill,,,,,G.Skill,RAM,2023,,,DDR3-1600,2 x 8GB,9.0,11.25 ns,,,,
goodram irdm pro 32 gb,121.28,GOODRAM,,,,,GOODRAM,RAM,2023,,,DDR4-3600,2 x 16GB,18.0,10 ns,,,,
teamgroup xtreem 48 gb,249.99,TEAMGROUP,,,,,TEAMGROUP,RAM,2023,,,DDR5-8000,2 x 24GB,38.0,9.5 ns,,,,
corsair vengeance 32 gb,124.99,Corsair,,,,,Corsair,RAM,2023,,,DDR5-6200,2 x 16GB,36.0,11.613 ns,,,,
corsair vengeance 64 gb,179.99,Corsair,,,,,Corsair,RAM,2023,,,DDR5-4400,2 x 32GB,36.0,16.364 ns,,,,
corsair vengeance rgb pro 32 gb,139.99,Corsair,,,,,Corsair,RAM,2023,,,DDR4-3600,4 x 8GB,18.0,10 ns,,,,
g.skill trident z neo 16 gb,59.99,G.Skill,,,,,G.Skill,RAM,2023,,,DDR4-3600,2 x 8GB,18.0,10 ns,,,,
kingston fury renegade 32 gb,249.99,Kingston,,,,,Kingston,RAM,2023,,,DDR5-8000,2 x 16GB,38.0,9.5 ns,,,,
teamgroup t-force delta rgb 32 gb,209.99,TEAMGROUP,,,,,TEAMGROUP,RAM,2023,,,DDR5-8000,2 x 16GB,38.0,9.5 ns,,,,
corsair vengeance rgb pro sl 256 gb,1259.7,Corsair,,,,,Corsair,RAM,2023,,,DDR4-3200,8 x 32GB,16.0,10 ns,,,,
kingston valueram 1 gb,11.95,Kingston,,,,,Kingston,RAM,2023,,,DDR2-667,1 x 1GB,5.0,14.993 ns,,,,
teamgroup t-force deltaα rgb 32 gb,104.99,TEAMGROUP,,,,,TEAMGROUP,RAM,2023,,,DDR5-6000,2 x 16GB,38.0,12.667 ns,,,,
patriot viper 4 blackout 32 gb,64.98,Patriot,,,,,Patriot,RAM,2023,,,DDR4-3200,2 x 16GB,16.0,10 ns,,,,
patriot viper steel 64 gb,135.99,Patriot,,,,,Patriot,RAM,2023,,,DDR4-3200,2 x 32GB,16.0,10 ns,,,,
kingston fury renegade rgb 64 gb,249.99,Kingston,,,,,Kingston,RAM,2023,,,DDR5-6400,2 x 32GB,32.0,10 ns,,,,
teamgroup elite plus 64 gb,147.99,TEAMGROUP,,,,,TEAMGROUP,RAM,2023,,,DDR5-4800,2 x 32GB,40.0,16.667 ns,,,,
kingston fury renegade rgb 32 gb,135.75,Kingston,,,,,Kingston,RAM,2023,,,DDR4-3600,2 x 16GB,16.0,8.889 ns,,,,
g.skill trident z5 rgb 96 gb,299.99,G.Skill,,,,,G.Skill,RAM,2023,,,DDR5-5600,2 x 48GB,40.0,14.286 ns,,,,
crucial pro 48 gb,169.99,Crucial,,,,,Crucial,RAM,2023,,,DDR5-5600,2 x 24GB,46.0,16.429 ns,,,,
corsair dominator platinum rgb 128 gb,664.06,Corsair,,,,,Corsair,RAM,2023,,,DDR4-3200,4 x 32GB,16.0,10 ns,,,,
patriot viper elite ii 8 gb,24.99,Patriot,,,,,Patriot,RAM,2023,,,DDR4-4000,1 x 8GB,20.0,10 ns,,,,
g.skill ripjaws s5 32 gb,105.99,G.Skill,,,,,G.Skill,RAM,2023,,,DDR5-6000,2 x 16GB,32.0,10.667 ns,,,,
corsair vengeance rgb 48 gb,164.99,Corsair,,,,,Corsair,RAM,2023,,,DDR5-6000,2 x 24GB,36.0,12 ns,,,,
crucial ct16g52c42u5 16 gb,57.99,Crucial,,,,,Crucial,RAM,2023,,,DDR5-5200,1 x 16GB,42.0,16.154 ns,,,,
kingston fury 64 gb,269.56,Kingston,,,,,Kingston,RAM,2023,,,DDR5-5200,4 x 16GB,40.0,15.385 ns,,,,
g.skill ripjaws v 16 gb,74.99,G.Skill,,,,,G.Skill,RAM,2023,,,DDR4-4400,2 x 8GB,18.0,8.182 ns,,,,
silicon power xpower zenith rgb gaming 64 gb,199.99,Silicon Power,,,,,Silicon,RAM,2023,,,DDR5-6000,2 x 32GB,30.0,10 ns,,,,
kingston fury renegade 16 gb,70.98,Kingston,,,,,Kingston,RAM,2023,,,DDR4-3600,2 x 8GB,16.0,8.889 ns,,,,
kingston fury beast rgb 16 gb,73.04,Kingston,,,,,Kingston,RAM,2023,,,DDR5-5600,1 x 16GB,36.0,12.857 ns,,,,
corsair vengeance rgb rt 16 gb,72.98,Corsair,,,,,Corsair,RAM,2023,,,DDR4-3600,2 x 8GB,16.0,8.889 ns,,,,
teamgroup t-force vulcan z 8 gb,25.45,TEAMGROUP,,,,,TEAMGROUP,RAM,2023,,,DDR4-3200,1 x 8GB,16.0,10 ns,,,,
patriot viper 4 16 gb,74.69,Patriot,,,,,Patriot,RAM,2023,,,DDR4-3200,2 x 8GB,16.0,10 ns,,,,
corsair vengeance 64 gb,169.99,Corsair,,,,,Corsair,RAM,2023,,,DDR5-4800,2 x 32GB,40.0,16.667 ns,,,,
g.skill flare x5 32 gb,105.99,G.Skill,,,,,G.Skill,RAM,2023,,,DDR5-5600,2 x 16GB,36.0,12.857 ns,,,,
kingston fury beast rgb 64 gb,224.99,Kingston,,,,,Kingston,RAM,2023,,,DDR5-6000,2 x 32GB,40.0,13.333 ns,,,,
kingston hyperx fury 4 gb,37.99,Kingston,,,,,Kingston,RAM,2023,,,DDR4-2666,1 x 4GB,16.0,12.003 ns,,,,
crucial ct2k16g56c46s5 32 gb,97.35,Crucial,,,,,Crucial,RAM,2023,,,DDR5-5600,2 x 16GB,46.0,16.429 ns,,,,
patriot viper elite ii 64 gb,114.98,Patriot,,,,,Patriot,RAM,2023,,,DDR4-2666,2 x 32GB,18.0,13.503 ns,,,,
corsair vengeance rgb pro sl 32 gb,89.99,Corsair,,,,,Corsair,RAM,2023,,,DDR4-3200,2 x 16GB,16.0,10 ns,,,,
g.skill trident z5 rgb 48 gb,249.99,G.Skill,,,,,G.Skill,RAM,2023,,,DDR5-8000,2 x 24GB,40.0,10 ns,,,,
crucial ct2k16g48c40s5 32 gb,86.99,Crucial,,,,,Crucial,RAM,2023,,,DDR5-4800,2 x 16GB,40.0,16.667 ns,,,,
g.skill trident z5 rgb 64 gb,209.99,G.Skill,,,,,G.Skill,RAM,2023,,,DDR5-6000,2 x 32GB,32.0,10.667 ns,,,,
corsair vengeance rgb rs 8 gb,29.99,Corsair,,,,,Corsair,RAM,2023,,,DDR4-3200,1 x 8GB,16.0,10 ns,,,,
goodram irdm pro 8 gb,80.86,GOODRAM,,,,,GOODRAM,RAM,2023,,,DDR4-3600,1 x 8GB,18.0,10 ns,,,,
g.skill tridentz rgb 32 gb,459.34,G.Skill,,,,,G.Skill,RAM,2023,,,DDR4-4000,2 x 16GB,16.0,8 ns,,,,
kingston fury beast rgb 32 gb,133.35,Kingston,,,,,Kingston,RAM,2023,,,DDR5-5200,2 x 16GB,36.0,13.846 ns,,,,
g.skill ripjaws s5 32 gb,102.99,G.Skill,,,,,G.Skill,RAM,2023,,,DDR5-5200,2 x 16GB,36.0,13.846 ns,,,,
corsair vengeance rgb pro sl 32 gb,99.99,Corsair,,,,,Corsair,RAM,2023,,,DDR4-3600,2 x 16GB,18.0,10 ns,,,,
patriot viper elite ii 32 gb,59.99,Patriot,,,,,Patriot,RAM,2023,,,DDR4-3200,1 x 32GB,18.0,11.25 ns,,,,
patriot viper elite 5 rgb 96 gb,397.57,Patriot,,,,,Patriot,RAM,2023,,,DDR5-6000,2 x 48GB,42.0,14 ns,,,,
corsair dominator platinum rgb 64 gb,239.99,Corsair,,,,,Corsair,RAM,2023,,,DDR5-5600,2 x 32GB,40.0,14.286 ns,,,,
mushkin redline 16 gb,42.67,Mushkin,,,,,Mushkin,RAM,2023,,,DDR4-3200,2 x 8GB,16.0,10 ns,,,,
patriot viper elite 5 rgb 64 gb,199.99,Patriot,,,,,Patriot,RAM,2023,,,DDR5-6200,2 x 32GB,42.0,13.548 ns,,,,
corsair vengeance rgb pro sl 32 gb,114.99,Corsair,,,,,Corsair,RAM,2023,,,DDR4-3200,4 x 8GB,16.0,10 ns,,,,
g.skill trident z 32 gb,238.0,G.Skill,,,,,G.Skill,RAM,2023,,,DDR4-3200,2 x 16GB,14.0,8.75 ns,,,,
oloy blade rgb 32 gb,209.99,OLOy,,,,,OLOy,RAM,2023,,,DDR5-8000,2 x 16GB,36.0,9 ns,,,,
g.skill trident z5 neo rgb 48 gb,174.99,G.Skill,,,,,G.Skill,RAM,2023,,,DDR5-6400,2 x 24GB,32.0,10 ns,,,,
silicon power xpower turbine rgb 32 gb,62.99,Silicon Power,,,,,Silicon,RAM,2023,,,DDR4-3200,2 x 16GB,16.0,10 ns,,,,
patriot viper steel 32 gb,69.98,Patriot,,,,,Patriot,RAM,2023,,,DDR4-3600,2 x 16GB,18.0,10 ns,,,,
corsair vengeance 32 gb,119.99,Corsair,,,,,Corsair,RAM,2023,,,DDR5-6000,2 x 16GB,36.0,12 ns,,,,
corsair vengeance 32 gb,107.99,Corsair,,,,,Corsair,RAM,2023,,,DDR5-5600,2 x 16GB,40.0,14.286 ns,,,,
klevv bolt x 32 gb,59.99,Klevv,,,,,Klevv,RAM,2023,,,DDR4-3200,2 x 16GB,16.0,10 ns,,,,
corsair dominator platinum rgb 32 gb,179.99,Corsair,,,,,Corsair,RAM,2023,,,DDR4-3600,4 x 8GB,18.0,10 ns,,,,
patriot viper elite ii 16 gb,28.99,Patriot,,,,,Patriot,RAM,2023,,,DDR4-2666,1 x 16GB,16.0,12.003 ns,,,,
kingston fury beast 64 gb,216.36,Kingston,,,,,Kingston,RAM,2023,,,DDR5-5600,2 x 32GB,40.0,14.286 ns,,,,
patriot viper venom 64 gb,204.99,Patriot,,,,,Patriot,RAM,2023,,,DDR5-6400,2 x 32GB,32.0,10 ns,,,,
mushkin redline lumina 32 gb,124.99,Mushkin,,,,,Mushkin,RAM,2023,,,DDR5-6400,2 x 16GB,30.0,9.375 ns,,,,
corsair vengeance lpx 8 gb,24.99,Corsair,,,,,Corsair,RAM,2023,,,DDR4-3200,1 x 8GB,16.0,10 ns,,,,
teamgroup t-force delta rgb 32 gb,193.14,TEAMGROUP,,,,,TEAMGROUP,RAM,2023,,,DDR5-8000,2 x 16GB,38.0,9.5 ns,,,,
kingston fury beast 16 gb,69.98,Kingston,,,,,Kingston,RAM,2023,,,DDR5-6000,1 x 16GB,36.0,12 ns,,,,
corsair dominator platinum rgb 64 gb,294.99,Corsair,,,,,Corsair,RAM,2023,,,DDR5-6600,2 x 32GB,32.0,9.697 ns,,,,
corsair vengeance rgb pro 128 gb,334.99,Corsair,,,,,Corsair,RAM,2023,,,DDR4-3600,4 x 32GB,18.0,10 ns,,,,
patriot viper elite ii 32 gb,77.98,Patriot,,,,,Patriot,RAM,2023,,,DDR4-4000,2 x 16GB,20.0,10 ns,,,,
patriot viper steel 16 gb,38.99,Patriot,,,,,Patriot,RAM,2023,,,DDR4-3600,2 x 8GB,18.0,10 ns,,,,
g.skill trident z royal 128 gb,1137.38,G.Skill,,,,,G.Skill,RAM,2023,,,DDR4-3600,8 x 16GB,14.0,7.778 ns,,,,
teamgroup t-force delta rgb 48 gb,199.99,TEAMGROUP,,,,,TEAMGROUP,RAM,2023,,,DDR5-7200,2 x 24GB,34.0,9.444 ns,,,,
g.skill trident z5 rgb 48 gb,214.99,G.Skill,,,,,G.Skill,RAM,2023,,,DDR5-7200,2 x 24GB,36.0,10 ns,,,,
corsair vengeance rgb pro sl 32 gb,129.99,Corsair,,,,,Corsair,RAM,2023,,,DDR4-3600,4 x 8GB,18.0,10 ns,,,,
patriot viper steel rgb 32 gb,67.98,Patriot,,,,,Patriot,RAM,2023,,,DDR4-3600,1 x 32GB,20.0,11.111 ns,,,,
crucial ct16g56c46u5 16 gb,55.9,Crucial,,,,,Crucial,RAM,2023,,,DDR5-5600,1 x 16GB,46.0,16.429 ns,,,,
adata xpg lancer rgb 32 gb,109.99,ADATA,,,,,ADATA,RAM,2023,,,DDR5-5200,2 x 16GB,38.0,14.615 ns,,,,
g.skill trident z5 rgb 32 gb,112.99,G.Skill,,,,,G.Skill,RAM,2023,,,DDR5-6000,2 x 16GB,30.0,10 ns,,,,
corsair vengeance rgb 64 gb,239.99,Corsair,,,,,Corsair,RAM,2023,,,DDR5-6000,2 x 32GB,40.0,13.333 ns,,,,
corsair vengeance rgb 32 gb,124.99,Corsair,,,,,Corsair,RAM,2023,,,DDR5-7000,2 x 16GB,36.0,10.286 ns,,,,
corsair vengeance lpx 8 gb,24.99,Corsair,,,,,Corsair,RAM,2023,,,DDR4-2666,1 x 8GB,16.0,12.003 ns,,,,
pny xlr8 32 gb,60.99,PNY,,,,,PNY,RAM,2023,,,DDR4-3600,2 x 16GB,18.0,10 ns,,,,
corsair dominator titanium 32 gb,151.27,Corsair,,,,,Corsair,RAM,2023,,,DDR5-6400,2 x 16GB,32.0,10 ns,,,,
corsair vengeance rgb pro 32 gb,124.99,Corsair,,,,,Corsair,RAM,2023,,,DDR4-3600,4 x 8GB,18.0,10 ns,,,,
teamgroup t-force delta rgb 32 gb,124.99,TEAMGROUP,,,,,TEAMGROUP,RAM,2023,,,DDR5-7000,2 x 16GB,34.0,9.714 ns,,,,
corsair vengeance lpx 16 gb,39.98,Corsair,,,,,Corsair,RAM,2023,,,DDR4-3200,2 x 8GB,16.0,10 ns,,,,
patriot signature 8 gb,27.02,Patriot,,,,,Patriot,RAM,2023,,,DDR3-1333,1 x 8GB,9.0,13.503 ns,,,,
adata xpg lancer blade 32 gb,105.97,ADATA,,,,,ADATA,RAM,2023,,,DDR5-6000,2 x 16GB,30.0,10 ns,,,,
kingston fury beast rgb 32 gb,113.49,Kingston,,,,,Kingston,RAM,2023,,,DDR4-3600,2 x 16GB,18.0,10 ns,,,,
teamgroup t-force delta rgb 32 gb,111.44,TEAMGROUP,,,,,TEAMGROUP,RAM,2023,,,DDR5-6800,2 x 16GB,34.0,10 ns,,,,
corsair vengeance rgb 64 gb,233.65,Corsair,,,,,Corsair,RAM,2023,,,DDR5-6000,2 x 32GB,40.0,13.333 ns,,,,
g.skill flare x5 64 gb,189.99,G.Skill,,,,,G.Skill,RAM,2023,,,DDR5-5600,2 x 32GB,36.0,12.857 ns,,,,
kingston fury beast rgb 32 gb,106.75,Kingston,,,,,Kingston,RAM,2023,,,DDR4-3600,2 x 16GB,18.0,10 ns,,,,
corsair dominator platinum rgb 64 gb,224.99,Corsair,,,,,Corsair,RAM,2023,,,DDR4-3600,2 x 32GB,18.0,10 ns,,,,
teamgroup elite 16 gb,35.99,TEAMGROUP,,,,,TEAMGROUP,RAM,2023,,,DDR4-2666,2 x 8GB,19.0,14.254 ns,,,,
crucial ct32g48c40u5 32 gb,89.08,Crucial,,,,,Crucial,RAM,2023,,,DDR5-4800,1 x 32GB,40.0,16.667 ns,,,,
kingston fury beast 32 gb,121.95,Kingston,,,,,Kingston,RAM,2023,,,DDR5-5200,2 x 16GB,36.0,13.846 ns,,,,
teamgroup t-force delta rgb 32 gb,104.99,TEAMGROUP,,,,,TEAMGROUP,RAM,2023,,,DDR5-5200,2 x 16GB,40.0,15.385 ns,,,,
g.skill trident z rgb 32 gb,152.99,G.Skill,,,,,G.Skill,RAM,2023,,,DDR4-3200,2 x 16GB,14.0,8.75 ns,,,,
silicon power xpower zenith rgb gaming 64 gb,203.99,Silicon Power,,,,,Silicon,RAM,2023,,,DDR5-6000,2 x 32GB,30.0,10 ns,,,,
g.skill aegis 32 gb,72.98,G.Skill,,,,,G.Skill,RAM,2023,,,DDR4-3200,4 x 8GB,16.0,10 ns,,,,
corsair vengeance 32 gb,124.99,Corsair,,,,,Corsair,RAM,2023,,,DDR5-6200,2 x 16GB,32.0,10.323 ns,,,,
g.skill ripjaws s5 32 gb,102.99,G.Skill,,,,,G.Skill,RAM,2023,,,DDR5-5200,2 x 16GB,36.0,13.846 ns,,,,
g.skill trident z5 rgb 64 gb,204.99,G.Skill,,,,,G.Skill,RAM,2023,,,DDR5-5600,2 x 32GB,30.0,10.714 ns,,,,
patriot viper venom 64 gb,194.99,Patriot,,,,,Patriot,RAM,2023,,,DDR5-6000,2 x 32GB,36.0,12 ns,,,,
corsair vengeance 64 gb,229.9,Corsair,,,,,Corsair,RAM,2023,,,DDR5-6200,2 x 32GB,32.0,10.323 ns,,,,
g.skill trident z5 rgb 32 gb,113.99,G.Skill,,,,,G.Skill,RAM,2023,,,DDR5-5600,2 x 16GB,36.0,12.857 ns,,,,
adata xpg gammix d10 32 gb,99.66,ADATA,,,,,ADATA,RAM,2023,,,DDR4-3200,2 x 16GB,16.0,10 ns,,,,
kingston valueram 8 gb,18.76,Kingston,,,,,Kingston,RAM,2023,,,DDR4-2666,1 x 8GB,19.0,14.254 ns,,,,
kingston fury beast 8 gb,40.29,Kingston,,,,,Kingston,RAM,2023,,,DDR5-5200,1 x 8GB,40.0,15.385 ns,,,,
corsair dominator platinum rgb 32 gb,179.99,Corsair,,,,,Corsair,RAM,2023,,,DDR4-3600,4 x 8GB,18.0,10 ns,,,,
g.skill trident z rgb 16 gb,54.99,G.Skill,,,,,G.Skill,RAM,2023,,,DDR4-3600,2 x 8GB,18.0,10 ns,,,,
corsair vengeance rgb 64 gb,294.99,Corsair,,,,,Corsair,RAM,2023,,,DDR5-6200,4 x 16GB,32.0,10.323 ns,,,,
teamgroup t-force delta rgb valkyrie edition 32 gb,99.99,TEAMGROUP,,,,,TEAMGROUP,RAM,2023,,,DDR5-5600,2 x 16GB,40.0,14.286 ns,,,,
g.skill trident z5 rgb 48 gb,184.99,G.Skill,,,,,G.Skill,RAM,2023,,,DDR5-6800,2 x 24GB,34.0,10 ns,,,,
crucial ballistix sport 16 gb,100.0,Crucial,,,,,Crucial,RAM,2023,,,DDR3-1600,2 x 8GB,9.0,11.25 ns,,,,
kingston fury beast 16 gb,60.99,Kingston,,,,,Kingston,RAM,2023,,,DDR5-5600,1 x 16GB,40.0,14.286 ns,,,,
g.skill ripjaws s5 96 gb,284.99,G.Skill,,,,,G.Skill,RAM,2023,,,DDR5-5600,2 x 48GB,40.0,14.286 ns,,,,
corsair vengeance 16 gb,279.99,Corsair,,,,,Corsair,RAM,2023,,,DDR3-1600,4 x 4GB,9.0,11.25 ns,,,,
patriot viper steel rgb 16 gb,36.99,Patriot,,,,,Patriot,RAM,2023,,,DDR4-3200,1 x 16GB,18.0,11.25 ns,,,,
crucial ct2kit51264bd160b 8 gb,19.89,Crucial,,,,,Crucial,RAM,2023,,,DDR3-1600,2 x 4GB,11.0,13.75 ns,,,,
kingston fury renegade pro 256 gb,2150.29,Kingston,,,,,Kingston,RAM,2023,,,DDR5-6800,8 x 32GB,34.0,10 ns,,,,
teamgroup xtreem argb 48 gb,259.99,TEAMGROUP,,,,,TEAMGROUP,RAM,2023,,,DDR5-8000,2 x 24GB,38.0,9.5 ns,,,,
teamgroup t-force xtreem argb 32 gb,84.99,TEAMGROUP,,,,,TEAMGROUP,RAM,2023,,,DDR4-3600,2 x 16GB,18.0,10 ns,,,,
patriot viper 4 blackout 16 gb,39.99,Patriot,,,,,Patriot,RAM,2023,,,DDR4-3600,2 x 8GB,18.0,10 ns,,,,
patriot signature line 4 gb,11.99,Patriot,,,,,Patriot,RAM,2023,,,DDR4-2400,1 x 4GB,16.0,13.333 ns,,,,
g.skill aegis 16 gb,37.68,G.Skill,,,,,G.Skill,RAM,2023,,,DDR4-2400,2 x 8GB,17.0,14.167 ns,,,,
silicon power su016glstu160n22ah 16 gb,17.97,Silicon Power,,,,,Silicon,RAM,2023,,,DDR3-1600,2 x 8GB,11.0,13.75 ns,,,,
corsair vengeance 64 gb,181.3,Corsair,,,,,Corsair,RAM,2023,,,DDR5-5200,2 x 32GB,40.0,15.385 ns,,,,
corsair dominator titanium 48 gb,239.99,Corsair,,,,,Corsair,RAM,2023,,,DDR5-7000,2 x 24GB,36.0,10.286 ns,,,,
samsung m393a1g40eb1-cpb 8 gb,14.99,Samsung,,,,,Samsung,RAM,2023,,,DDR4-2133,1 x 8GB,15.0,14.065 ns,,,,
corsair vengeance rgb rt 32 gb,99.99,Corsair,,,,,Corsair,RAM,2023,,,DDR4-3600,2 x 16GB,18.0,10 ns,,,,
timetec pinnacle konduit 8 gb,23.99,Timetec,,,,,Timetec,RAM,2023,,,DDR4-3600,1 x 8GB,18.0,10 ns,,,,
g.skill trident z5 rgb 64 gb,198.99,G.Skill,,,,,G.Skill,RAM,2023,,,DDR5-5600,2 x 32GB,36.0,12.857 ns,,,,
corsair vengeance lpx 16 gb,49.99,Corsair,,,,,Corsair,RAM,2023,,,DDR4-2933,2 x 8GB,16.0,10.91 ns,,,,
thermaltake toughram rgb 16 gb,134.98,Thermaltake,,,,,Thermaltake,RAM,2023,,,DDR4-3600,2 x 8GB,18.0,10 ns,,,,
corsair vengeance 64 gb,224.99,Corsair,,,,,Corsair,RAM,2023,,,DDR5-5600,2 x 32GB,36.0,12.857 ns,,,,
crucial ct2kit25664aa800 4 gb,31.49,Crucial,,,,,Crucial,RAM,2023,,,DDR2-800,2 x 2GB,6.0,15 ns,,,,
g.skill trident z neo 32 gb,89.99,G.Skill,,,,,G.Skill,RAM,2023,,,DDR4-3200,2 x 16GB,16.0,10 ns,,,,
patriot viper elite ii 32 gb,59.99,Patriot,,,,,Patriot,RAM,2023,,,DDR4-3200,2 x 16GB,18.0,11.25 ns,,,,
kingston server premier 32 gb,119.99,Kingston,,,,,Kingston,RAM,2023,,,DDR5-5600,1 x 32GB,46.0,16.429 ns,,,,
g.skill ripjaws v 16 gb,42.99,G.Skill,,,,,G.Skill,RAM,2023,,,DDR4-3200,2 x 8GB,16.0,10 ns,,,,
corsair vengeance rgb 64 gb,209.99,Corsair,,,,,Corsair,RAM,2023,,,DDR5-5600,2 x 32GB,40.0,14.286 ns,,,,
corsair vengeance rgb 64 gb,214.99,Corsair,,,,,Corsair,RAM,2023,,,DDR5-5600,2 x 32GB,36.0,12.857 ns,,,,
kingston fury beast 8 gb,28.61,Kingston,,,,,Kingston,RAM,2023,,,DDR4-2666,1 x 8GB,16.0,12.003 ns,,,,
corsair vengeance lpx 64 gb,154.99,Corsair,,,,,Corsair,RAM,2023,,,DDR4-2666,4 x 16GB,16.0,12.003 ns,,,,
g.skill trident z rgb 64 gb,142.99,G.Skill,,,,,G.Skill,RAM,2023,,,DDR4-3200,2 x 32GB,16.0,10 ns,,,,
kingston fury beast 64 gb,169.95,Kingston,,,,,Kingston,RAM,2023,,,DDR4-3200,4 x 16GB,16.0,10 ns,,,,
corsair vengeance lpx 32 gb,69.98,Corsair,,,,,Corsair,RAM,2023,,,DDR4-2400,2 x 16GB,16.0,13.333 ns,,,,
kingston fury beast rgb 8 gb,44.61,Kingston,,,,,Kingston,RAM,2023,,,DDR5-4800,1 x 8GB,38.0,15.833 ns,,,,
g.skill trident z5 neo 32 gb,112.99,G.Skill,,,,,G.Skill,RAM,2023,,,DDR5-6000,2 x 16GB,36.0,12 ns,,,,
kingston valueram 8 gb,24.3,Kingston,,,,,Kingston,RAM,2023,,,DDR4-2400,1 x 8GB,17.0,14.167 ns,,,,
corsair vengeance lpx 4 gb,19.98,Corsair,,,,,Corsair,RAM,2023,,,DDR4-2400,1 x 4GB,15.0,12.5 ns,,,,
v-color prism pro 16 gb,45.99,V-Color,,,,,V-Color,RAM,2023,,,DDR4-3600,2 x 8GB,18.0,10 ns,,,,
patriot viper steel 16 gb,118.35,Patriot,,,,,Patriot,RAM,2023,,,DDR4-4000,2 x 8GB,16.0,8 ns,,,,
patriot viper venom 64 gb,159.99,Patriot,,,,,Patriot,RAM,2023,,,DDR5-5200,2 x 32GB,40.0,15.385 ns,,,,
g.skill trident z neo 16 gb,699.99,G.Skill,,,,,G.Skill,RAM,2023,,,DDR4-3800,2 x 8GB,14.0,7.368 ns,,,,
adata xpg lancer rgb 32 gb,128.72,ADATA,,,,,ADATA,RAM,2023,,,DDR5-6000,2 x 16GB,40.0,13.333 ns,,,,
corsair valueselect 16 gb,49.98,Corsair,,,,,Corsair,RAM,2023,,,DDR4-2666,1 x 16GB,18.0,13.503 ns,,,,
patriot signature line 8 gb,17.48,Patriot,,,,,Patriot,RAM,2023,,,DDR4-2666,1 x 8GB,19.0,14.254 ns,,,,
g.skill ripjaws s5 32 gb,107.99,G.Skill,,,,,G.Skill,RAM,2023,,,DDR5-6000,2 x 16GB,32.0,10.667 ns,,,,
kingston fury beast 16 gb,67.47,Kingston,,,,,Kingston,RAM,2023,,,DDR5-5600,1 x 16GB,36.0,12.857 ns,,,,
crucial ct32g52c42u5 32 gb,89.99,Crucial,,,,,Crucial,RAM,2023,,,DDR5-5200,1 x 32GB,42.0,16.154 ns,,,,
corsair vengeance rgb pro 64 gb,194.99,Corsair,,,,,Corsair,RAM,2023,,,DDR4-3200,4 x 16GB,16.0,10 ns,,,,
kingston kvr21r15d4k4/64 64 gb,129.46,Kingston,,,,,Kingston,RAM,2023,,,DDR4-2133,4 x 16GB,15.0,14.065 ns,,,,
g.skill tridentz rgb 32 gb,149.99,G.Skill,,,,,G.Skill,RAM,2023,,,DDR4-4600,2 x 16GB,19.0,8.261 ns,,,,
g.skill ripjaws s5 48 gb,139.99,G.Skill,,,,,G.Skill,RAM,2023,,,DDR5-5600,2 x 24GB,40.0,14.286 ns,,,,
kingston valueram 16 gb,60.2,Kingston,,,,,Kingston,RAM,2023,,,DDR5-4800,1 x 16GB,40.0,16.667 ns,,,,
corsair vengeance led 64 gb,846.36,Corsair,,,,,Corsair,RAM,2023,,,DDR4-3200,4 x 16GB,16.0,10 ns,,,,
addlink spider x4 32 gb,86.44,Addlink,,,,,Addlink,RAM,2023,,,DDR4-3200,2 x 16GB,16.0,10 ns,,,,
teamgroup xtreem 32 gb,179.99,TEAMGROUP,,,,,TEAMGROUP,RAM,2023,,,DDR5-7600,2 x 16GB,36.0,9.474 ns,,,,
patriot viper steel 32 gb,63.99,Patriot,,,,,Patriot,RAM,2023,,,DDR4-3600,1 x 32GB,18.0,10 ns,,,,
g.skill value 8 gb,21.12,G.Skill,,,,,G.Skill,RAM,2023,,,DDR4-2666,1 x 8GB,19.0,14.254 ns,,,,
patriot signature premium 8 gb,16.98,Patriot,,,,,Patriot,RAM,2023,,,DDR4-2400,1 x 8GB,17.0,14.167 ns,,,,
kingston valueram 8 gb,37.95,Kingston,,,,,Kingston,RAM,2023,,,DDR5-4800,1 x 8GB,40.0,16.667 ns,,,,
g.skill trident z5 neo 32 gb,109.99,G.Skill,,,,,G.Skill,RAM,2023,,,DDR5-5600,2 x 16GB,30.0,10.714 ns,,,,
teamgroup t-force delta rgb 16 gb,52.54,TEAMGROUP,,,,,TEAMGROUP,RAM,2023,,,DDR4-3200,2 x 8GB,16.0,10 ns,,,,
kingston fury renegade pro 128 gb,574.99,Kingston,,,,,Kingston,RAM,2023,,,DDR5-5600,4 x 32GB,28.0,10 ns,,,,
patriot viper steel rgb 8 gb,21.99,Patriot,,,,,Patriot,RAM,2023,,,DDR4-3600,1 x 8GB,20.0,11.111 ns,,,,
pny xlr8 gaming epic-x rgb 8 gb,53.54,PNY,,,,,PNY,RAM,2023,,,DDR4-3200,1 x 8GB,16.0,10 ns,,,,
crucial ct2kit102472bd160b 16 gb,99.45,Crucial,,,,,Crucial,RAM,2023,,,DDR3-1600,2 x 8GB,11.0,13.75 ns,,,,
kingston fury renegade rgb 16 gb,62.99,Kingston,,,,,Kingston,RAM,2023,,,DDR4-3600,2 x 8GB,16.0,8.889 ns,,,,
kingston fury 32 gb,138.51,Kingston,,,,,Kingston,RAM,2023,,,DDR5-5600,2 x 16GB,40.0,14.286 ns,,,,
corsair vengeance 8 gb,84.75,Corsair,,,,,Corsair,RAM,2023,,,DDR3-1600,2 x 4GB,9.0,11.25 ns,,,,
corsair vengeance 32 gb,91.99,Corsair,,,,,Corsair,RAM,2023,,,DDR5-4800,2 x 16GB,40.0,16.667 ns,,,,
g.skill trident z neo 64 gb,149.99,G.Skill,,,,,G.Skill,RAM,2023,,,DDR4-3200,2 x 32GB,16.0,10 ns,,,,
kingston fury beast 64 gb,233.4,Kingston,,,,,Kingston,RAM,2023,,,DDR5-5600,2 x 32GB,36.0,12.857 ns,,,,
mushkin redline lumina white 64 gb,200.98,Mushkin,,,,,Mushkin,RAM,2023,,,DDR5-6400,2 x 32GB,32.0,10 ns,,,,
g.skill ripjaws v 32 gb,67.98,G.Skill,,,,,G.Skill,RAM,2023,,,DDR4-2400,2 x 16GB,15.0,12.5 ns,,,,
kingston fury beast 16 gb,65.17,Kingston,,,,,Kingston,RAM,2023,,,DDR5-5200,1 x 16GB,36.0,13.846 ns,,,,
crucial ballistix sport lt 8 gb,159.0,Crucial,,,,,Crucial,RAM,2023,,,DDR4-2400,1 x 8GB,16.0,13.333 ns,,,,
corsair vengeance 48 gb,159.99,Corsair,,,,,Corsair,RAM,2023,,,DDR5-5600,2 x 24GB,40.0,14.286 ns,,,,
g.skill flare x5 48 gb,154.99,G.Skill,,,,,G.Skill,RAM,2023,,,DDR5-6000,2 x 24GB,40.0,13.333 ns,,,,
crucial ct16g4dfd824a 16 gb,34.99,Crucial,,,,,Crucial,RAM,2023,,,DDR4-2400,1 x 16GB,17.0,14.167 ns,,,,
corsair vengeance rgb pro 8 gb,34.99,Corsair,,,,,Corsair,RAM,2023,,,DDR4-3200,1 x 8GB,16.0,10 ns,,,,
g.skill trident z5 rgb 48 gb,279.99,G.Skill,,,,,G.Skill,RAM,2023,,,DDR5-8200,2 x 24GB,40.0,9.756 ns,,,,
samsung m393a2g40eb1-crc 16 gb,20.93,Samsung,,,,,Samsung,RAM,2023,,,DDR4-2400,1 x 16GB,17.0,14.167 ns,,,,
kingston fury beast rgb 16 gb,69.99,Kingston,,,,,Kingston,RAM,2023,,,DDR5-6000,1 x 16GB,36.0,12 ns,,,,
kingston fury beast 8 gb,39.99,Kingston,,,,,Kingston,RAM,2023,,,DDR5-5600,1 x 8GB,40.0,14.286 ns,,,,
patriot viper venom 32 gb,114.99,Patriot,,,,,Patriot,RAM,2023,,,DDR5-7200,2 x 16GB,34.0,9.444 ns,,,,
corsair vengeance 32 gb,107.99,Corsair,,,,,Corsair,RAM,2023,,,DDR5-5600,2 x 16GB,40.0,14.286 ns,,,,
corsair dominator platinum rgb 64 gb,249.99,Corsair,,,,,Corsair,RAM,2023,,,DDR5-6000,2 x 32GB,40.0,13.333 ns,,,,
crucial ct2k16g4dfra32a 32 gb,69.69,Crucial,,,,,Crucial,RAM,2023,,,DDR4-3200,2 x 16GB,22.0,13.75 ns,,,,
g.skill trident z royal 128 gb,879.0,G.Skill,,,,,G.Skill,RAM,2023,,,DDR4-3600,4 x 32GB,16.0,8.889 ns,,,,
patriot viper elite ii 16 gb,30.99,Patriot,,,,,Patriot,RAM,2023,,,DDR4-3200,1 x 16GB,18.0,11.25 ns,,,,
g.skill trident z5 rgb 64 gb,204.99,G.Skill,,,,,G.Skill,RAM,2023,,,DDR5-6000,2 x 32GB,36.0,12 ns,,,,
g.skill trident z rgb 16 gb,62.99,G.Skill,,,,,G.Skill,RAM,2023,,,DDR4-3600,2 x 8GB,16.0,8.889 ns,,,,
corsair vengeance rgb 96 gb,379.99,Corsair,,,,,Corsair,RAM,2023,,,DDR5-6000,4 x 24GB,30.0,10 ns,,,,
adata premier 16 gb,52.12,ADATA,,,,,ADATA,RAM,2023,,,DDR5-4800,1 x 16GB,40.0,16.667 ns,,,,
adata xpg lancer rgb 32 gb,109.42,ADATA,,,,,ADATA,RAM,2023,,,DDR5-7200,2 x 16GB,34.0,9.444 ns,,,,
teamgroup t-force vulcan 64 gb,179.99,TEAMGROUP,,,,,TEAMGROUP,RAM,2023,,,DDR5-6000,2 x 32GB,38.0,12.667 ns,,,,
teamgroup t-create expert 32 gb,94.99,TEAMGROUP,,,,,TEAMGROUP,RAM,2023,,,DDR5-6400,2 x 16GB,40.0,12.5 ns,,,,
teamgroup t-force delta rgb 64 gb,134.99,TEAMGROUP,,,,,TEAMGROUP,RAM,2023,,,DDR4-3200,2 x 32GB,16.0,10 ns,,,,
corsair vengeance rgb 48 gb,161.76,Corsair,,,,,Corsair,RAM,2023,,,DDR5-6000,2 x 24GB,36.0,12 ns,,,,
g.skill trident z neo 32 gb,84.99,G.Skill,,,,,G.Skill,RAM,2023,,,DDR4-3600,2 x 16GB,18.0,10 ns,,,,
corsair dominator platinum rgb 64 gb,219.99,Corsair,,,,,Corsair,RAM,2023,,,DDR5-5200,2 x 32GB,40.0,15.385 ns,,,,
pny xlr8 gaming epic-x rgb 16 gb,46.99,PNY,,,,,PNY,RAM,2023,,,DDR4-3600,2 x 8GB,18.0,10 ns,,,,
g.skill trident z5 rgb 64 gb,209.99,G.Skill,,,,,G.Skill,RAM,2023,,,DDR5-5600,2 x 32GB,28.0,10 ns,,,,
corsair vengeance rgb pro sl 32 gb,94.99,Corsair,,,,,Corsair,RAM,2023,,,DDR4-3200,2 x 16GB,16.0,10 ns,,,,
corsair vengeance 64 gb,259.99,Corsair,,,,,Corsair,RAM,2023,,,DDR5-6200,4 x 16GB,32.0,10.323 ns,,,,
kingston fury beast rgb 32 gb,126.99,Kingston,,,,,Kingston,RAM,2023,,,DDR5-5200,2 x 16GB,40.0,15.385 ns,,,,
g.skill ripjaws v 32 gb,97.99,G.Skill,,,,,G.Skill,RAM,2023,,,DDR4-3600,4 x 8GB,16.0,8.889 ns,,,,
g.skill flare x5 64 gb,179.99,G.Skill,,,,,G.Skill,RAM,2023,,,DDR5-5200,2 x 32GB,36.0,13.846 ns,,,,
adata xpg lancer rgb 64 gb,422.0,ADATA,,,,,ADATA,RAM,2023,,,DDR5-6400,2 x 32GB,32.0,10 ns,,,,
g.skill ripjaws v 16 gb,39.99,G.Skill,,,,,G.Skill,RAM,2023,,,DDR4-3200,2 x 8GB,16.0,10 ns,,,,
g.skill trident z rgb 16 gb,63.99,G.Skill,,,,,G.Skill,RAM,2023,,,DDR4-4000,2 x 8GB,18.0,9 ns,,,,
corsair dominator platinum rgb 32 gb,139.99,Corsair,,,,,Corsair,RAM,2023,,,DDR5-5200,2 x 16GB,40.0,15.385 ns,,,,
corsair vengeance lpx 8 gb,24.99,Corsair,,,,,Corsair,RAM,2023,,,DDR4-3600,1 x 8GB,18.0,10 ns,,,,
teamgroup elite plus 32 gb,76.98,TEAMGROUP,,,,,TEAMGROUP,RAM,2023,,,DDR5-4800,1 x 32GB,40.0,16.667 ns,,,,
g.skill trident z rgb 96 gb,339.99,G.Skill,,,,,G.Skill,RAM,2023,,,DDR5-6400,2 x 48GB,32.0,10 ns,,,,
silicon power xpower zenith gaming 64 gb,184.99,Silicon Power,,,,,Silicon,RAM,2023,,,DDR5-6000,2 x 32GB,30.0,10 ns,,,,
patriot viper steel 16 gb,33.99,Patriot,,,,,Patriot,RAM,2023,,,DDR4-3200,1 x 16GB,16.0,10 ns,,,,
kingston fury beast rgb special edition 32 gb,107.99,Kingston,,,,,Kingston,RAM,2023,,,DDR4-3600,2 x 16GB,18.0,10 ns,,,,
timetec pinnacle konduit 16 gb,35.99,Timetec,,,,,Timetec,RAM,2023,,,DDR4-3600,1 x 16GB,18.0,10 ns,,,,
v-color tra564g60d436o 512 gb,3359.99,V-Color,,,,,V-Color,RAM,2023,,,DDR5-6000,8 x 64GB,36.0,12 ns,,,,
g.skill ripjaws v 64 gb,142.99,G.Skill,,,,,G.Skill,RAM,2023,,,DDR4-3600,4 x 16GB,18.0,10 ns,,,,
patriot viper elite ii 16 gb,34.99,Patriot,,,,,Patriot,RAM,2023,,,DDR4-4000,1 x 16GB,20.0,10 ns,,,,
g.skill tridentz rgb 256 gb,901.58,G.Skill,,,,,G.Skill,RAM,2023,,,DDR4-3200,8 x 32GB,14.0,8.75 ns,,,,
klevv cras x rgb 32 gb,68.98,Klevv,,,,,Klevv,RAM,2023,,,DDR4-3200,2 x 16GB,16.0,10 ns,,,,
klevv bolt x 32 gb,62.99,Klevv,,,,,Klevv,RAM,2023,,,DDR4-3600,2 x 16GB,18.0,10 ns,,,,
kingston fury beast 32 gb,125.45,Kingston,,,,,Kingston,RAM,2023,,,DDR5-6000,2 x 16GB,40.0,13.333 ns,,,,
g.skill trident z neo 64 gb,189.99,G.Skill,,,,,G.Skill,RAM,2023,,,DDR4-3600,2 x 32GB,16.0,8.889 ns,,,,
g.skill ripjaws v 128 gb,259.99,G.Skill,,,,,G.Skill,RAM,2023,,,DDR4-3200,4 x 32GB,16.0,10 ns,,,,
corsair dominator titanium 64 gb,339.99,Corsair,,,,,Corsair,RAM,2023,,,DDR5-6000,4 x 16GB,36.0,12 ns,,,,
corsair vengeance rgb rs 32 gb,92.99,Corsair,,,,,Corsair,RAM,2023,,,DDR4-3600,2 x 16GB,18.0,10 ns,,,,
adata xpg caster rgb 32 gb,438.93,ADATA,,,,,ADATA,RAM,2023,,,DDR5-6400,2 x 16GB,40.0,12.5 ns,,,,
g.skill trident z rgb 256 gb,989.0,G.Skill,,,,,G.Skill,RAM,2023,,,DDR4-2666,8 x 32GB,18.0,13.503 ns,,,,
patriot signature 16 gb,26.99,Patriot,,,,,Patriot,RAM,2023,,,DDR3-1600,2 x 8GB,11.0,13.75 ns,,,,
corsair vengeance rgb pro 32 gb,94.99,Corsair,,,,,Corsair,RAM,2023,,,DDR4-3000,2 x 16GB,16.0,10.667 ns,,,,
patriot viper steel 16 gb,43.99,Patriot,,,,,Patriot,RAM,2023,,,DDR4-3600,2 x 8GB,17.0,9.444 ns,,,,
g.skill trident x 32 gb,169.96,G.Skill,,,,,G.Skill,RAM,2023,,,DDR3-2400,4 x 8GB,10.0,8.333 ns,,,,
kingston fury beast 16 gb,47.91,Kingston,,,,,Kingston,RAM,2023,,,DDR4-3200,1 x 16GB,16.0,10 ns,,,,
corsair vengeance rgb pro 256 gb,714.99,Corsair,,,,,Corsair,RAM,2023,,,DDR4-3200,8 x 32GB,16.0,10 ns,,,,
v-color tra548g68d834o 384 gb,3519.99,V-Color,,,,,V-Color,RAM,2023,,,DDR5-6800,8 x 48GB,34.0,10 ns,,,,
silicon power sp016gbltu160nd2j7 16 gb,20.99,Silicon Power,,,,,Silicon,RAM,2023,,,DDR3-1600,2 x 8GB,11.0,13.75 ns,,,,
g.skill ripjaws z 32 gb,103.94,G.Skill,,,,,G.Skill,RAM,2023,,,DDR3-1866,4 x 8GB,10.0,10.718 ns,,,,
patriot viper venom 32 gb,99.99,Patriot,,,,,Patriot,RAM,2023,,,DDR5-6600,2 x 16GB,34.0,10.303 ns,,,,
oloy blade rgb 32 gb,169.99,OLOy,,,,,OLOy,RAM,2023,,,DDR5-7800,2 x 16GB,36.0,9.231 ns,,,,
kingston fury renegade rgb 32 gb,264.99,Kingston,,,,,Kingston,RAM,2023,,,DDR5-8000,2 x 16GB,38.0,9.5 ns,,,,
g.skill aegis 4 gb,15.29,G.Skill,,,,,G.Skill,RAM,2023,,,DDR4-2400,1 x 4GB,15.0,12.5 ns,,,,
g.skill trident z neo 256 gb,589.99,G.Skill,,,,,G.Skill,RAM,2023,,,DDR4-3600,8 x 32GB,18.0,10 ns,,,,
kingston fury renegade rgb 32 gb,227.25,Kingston,,,,,Kingston,RAM,2023,,,DDR5-7200,2 x 16GB,38.0,10.556 ns,,,,
adata xpg lancer blade rgb 32 gb,139.99,ADATA,,,,,ADATA,RAM,2023,,,DDR5-6400,2 x 16GB,32.0,10 ns,,,,
mushkin redline lumina 32 gb,79.98,Mushkin,,,,,Mushkin,RAM,2023,,,DDR4-4000,2 x 16GB,18.0,9 ns,,,,
corsair dominator platinum rgb 16 gb,79.98,Corsair,,,,,Corsair,RAM,2023,,,DDR4-3200,2 x 8GB,16.0,10 ns,,,,
g.skill trident z rgb 256 gb,569.99,G.Skill,,,,,G.Skill,RAM,2023,,,DDR4-3200,8 x 32GB,16.0,10 ns,,,,
gigabyte aorus rgb 16 gb,279.0,Gigabyte,,,,,Gigabyte,RAM,2023,,,DDR4-3600,2 x 8GB,18.0,10 ns,,,,
teamgroup elite plus 16 gb,59.99,TEAMGROUP,,,,,TEAMGROUP,RAM,2023,,,DDR5-6000,1 x 16GB,40.0,13.333 ns,,,,
g.skill trident z5 rgb 32 gb,116.99,G.Skill,,,,,G.Skill,RAM,2023,,,DDR5-5600,2 x 16GB,30.0,10.714 ns,,,,
corsair vengeance rgb pro sl 16 gb,55.0,Corsair,,,,,Corsair,RAM,2023,,,DDR4-3200,2 x 8GB,16.0,10 ns,,,,
kingston kvr16le11s8/4kf 4 gb,32.58,Kingston,,,,,Kingston,RAM,2023,,,DDR3-1600,1 x 4GB,11.0,13.75 ns,,,,
adata xpg spectrix d50 32 gb,163.27,ADATA,,,,,ADATA,RAM,2023,,,DDR4-3600,1 x 32GB,18.0,10 ns,,,,
silicon power su064gbsvu480f22ab 64 gb,149.99,Silicon Power,,,,,Silicon,RAM,2023,,,DDR5-4800,2 x 32GB,40.0,16.667 ns,,,,
g.skill trident z royal 32 gb,185.33,G.Skill,,,,,G.Skill,RAM,2023,,,DDR4-3200,4 x 8GB,16.0,10 ns,,,,
corsair vengeance rgb pro 16 gb,51.0,Corsair,,,,,Corsair,RAM,2023,,,DDR4-3200,2 x 8GB,16.0,10 ns,,,,
corsair vengeance 64 gb,204.99,Corsair,,,,,Corsair,RAM,2023,,,DDR5-5600,2 x 32GB,40.0,14.286 ns,,,,
mushkin enhanced redline stiletto 16 gb,66.98,Mushkin,,,,,Mushkin,RAM,2023,,,DDR4-3200,2 x 8GB,16.0,10 ns,,,,
corsair vengeance rgb 48 gb,195.99,Corsair,,,,,Corsair,RAM,2023,,,DDR5-7000,2 x 24GB,40.0,11.429 ns,,,,
g.skill trident z royal 64 gb,166.99,G.Skill,,,,,G.Skill,RAM,2023,,,DDR4-3600,2 x 32GB,18.0,10 ns,,,,
corsair vengeance 64 gb,239.99,Corsair,,,,,Corsair,RAM,2023,,,DDR5-5600,4 x 16GB,36.0,12.857 ns,,,,
g.skill trident z 16 gb,49.99,G.Skill,,,,,G.Skill,RAM,2023,,,DDR4-3200,2 x 8GB,16.0,10 ns,,,,
mushkin redline st 32 gb,119.99,Mushkin,,,,,Mushkin,RAM,2023,,,DDR5-6800,2 x 16GB,32.0,9.412 ns,,,,
crucial ct2k4g4dfs824a 8 gb,25.99,Crucial,,,,,Crucial,RAM,2023,,,DDR4-2400,2 x 4GB,17.0,14.167 ns,,,,
kingston fury renegade 16 gb,81.25,Kingston,,,,,Kingston,RAM,2023,,,DDR5-6000,1 x 16GB,32.0,10.667 ns,,,,
patriot viper steel rgb 32 gb,83.99,Patriot,,,,,Patriot,RAM,2023,,,DDR4-3600,2 x 16GB,20.0,11.111 ns,,,,
g.skill ripjaws v 64 gb,2601.42,G.Skill,,,,,G.Skill,RAM,2023,,,DDR4-3000,4 x 16GB,14.0,9.333 ns,,,,
teamgroup t-force xtreem argb 32 gb,114.05,TEAMGROUP,,,,,TEAMGROUP,RAM,2023,,,DDR4-4000,2 x 16GB,18.0,9 ns,,,,
mushkin enhanced redline 96 gb,249.99,Mushkin,,,,,Mushkin,RAM,2023,,,DDR5-5600,2 x 48GB,46.0,16.429 ns,,,,
corsair vengeance rgb 32 gb,157.99,Corsair,,,,,Corsair,RAM,2023,,,DDR5-7000,2 x 16GB,36.0,10.286 ns,,,,
kingston fury 64 gb,301.83,Kingston,,,,,Kingston,RAM,2023,,,DDR5-5600,4 x 16GB,40.0,14.286 ns,,,,
corsair vengeance lpx 32 gb,94.99,Corsair,,,,,Corsair,RAM,2023,,,DDR4-3200,4 x 8GB,16.0,10 ns,,,,
kingston fury renegade rgb 96 gb,389.99,Kingston,,,,,Kingston,RAM,2023,,,DDR5-6400,2 x 48GB,32.0,10 ns,,,,
corsair vengeance lpx 32 gb,94.99,Corsair,,,,,Corsair,RAM,2023,,,DDR4-3600,4 x 8GB,16.0,8.889 ns,,,,
kingston fury beast 8 gb,24.76,Kingston,,,,,Kingston,RAM,2023,,,DDR4-3600,1 x 8GB,17.0,9.444 ns,,,,
geil orion amd edition 16 gb,34.99,GeIL,,,,,GeIL,RAM,2023,,,DDR4-3600,2 x 8GB,18.0,10 ns,,,,
patriot viper 4 blackout 32 gb,71.98,Patriot,,,,,Patriot,RAM,2023,,,DDR4-3600,2 x 16GB,18.0,10 ns,,,,
kingston fury beast rgb 32 gb,132.99,Kingston,,,,,Kingston,RAM,2023,,,DDR5-5600,2 x 16GB,40.0,14.286 ns,,,,
kingston fury beast rgb 32 gb,131.47,Kingston,,,,,Kingston,RAM,2023,,,DDR5-4800,2 x 16GB,38.0,15.833 ns,,,,
kingston ksm48e40bd8km-32hm 32 gb,124.99,Kingston,,,,,Kingston,RAM,2023,,,DDR5-4800,1 x 32GB,40.0,16.667 ns,,,,
teamgroup elite 16 gb,29.99,TEAMGROUP,,,,,TEAMGROUP,RAM,2023,,,DDR4-2666,1 x 16GB,19.0,14.254 ns,,,,
corsair vengeance 32 gb,139.99,Corsair,,,,,Corsair,RAM,2023,,,DDR5-6800,2 x 16GB,40.0,11.765 ns,,,,
g.skill ripjaws s5 64 gb,195.99,G.Skill,,,,,G.Skill,RAM,2023,,,DDR5-5600,2 x 32GB,36.0,12.857 ns,,,,
patriot signature premium 16 gb,34.99,Patriot,,,,,Patriot,RAM,2023,,,DDR4-2666,2 x 8GB,19.0,14.254 ns,,,,
goodram irdm pro 16 gb,80.64,GOODRAM,,,,,GOODRAM,RAM,2023,,,DDR4-3600,2 x 8GB,18.0,10 ns,,,,
corsair vengeance rgb 48 gb,192.99,Corsair,,,,,Corsair,RAM,2023,,,DDR5-6000,2 x 24GB,30.0,10 ns,,,,
crucial ct8g4dfs8266 8 gb,18.89,Crucial,,,,,Crucial,RAM,2023,,,DDR4-2666,1 x 8GB,19.0,14.254 ns,,,,
kingston server premier 16 gb,44.99,Kingston,,,,,Kingston,RAM,2023,,,DDR4-3200,1 x 16GB,22.0,13.75 ns,,,,
teamgroup t-force delta rgb 32 gb,159.99,TEAMGROUP,,,,,TEAMGROUP,RAM,2023,,,DDR5-7600,2 x 16GB,36.0,9.474 ns,,,,
patriot viper 4 blackout 8 gb,24.99,Patriot,,,,,Patriot,RAM,2023,,,DDR4-3200,2 x 4GB,19.0,11.875 ns,,,,
adata xpg spectrix d50 16 gb,74.87,ADATA,,,,,ADATA,RAM,2023,,,DDR4-3600,2 x 8GB,18.0,10 ns,,,,
g.skill trident z rgb 64 gb,238.76,G.Skill,,,,,G.Skill,RAM,2023,,,DDR4-4400,2 x 32GB,19.0,8.636 ns,,,,
corsair dominator platinum rgb 32 gb,170.0,Corsair,,,,,Corsair,RAM,2023,,,DDR5-6400,2 x 16GB,32.0,10 ns,,,,
patriot signature line 16 gb,59.99,Patriot,,,,,Patriot,RAM,2023,,,DDR5-4800,2 x 8GB,40.0,16.667 ns,,,,
corsair vengeance rgb 32 gb,114.99,Corsair,,,,,Corsair,RAM,2023,,,DDR5-5600,2 x 16GB,40.0,14.286 ns,,,,
corsair vengeance 48 gb,149.99,Corsair,,,,,Corsair,RAM,2023,,,DDR5-5200,2 x 24GB,38.0,14.615 ns,,,,
corsair vengeance rgb 64 gb,219.99,Corsair,,,,,Corsair,RAM,2023,,,DDR5-5600,2 x 32GB,36.0,12.857 ns,,,,
teamgroup t-force vulcan z 16 gb,53.3,TEAMGROUP,,,,,TEAMGROUP,RAM,2023,,,DDR4-3600,1 x 16GB,18.0,10 ns,,,,
teamgroup t-force delta rgb 32 gb,159.99,TEAMGROUP,,,,,TEAMGROUP,RAM,2023,,,DDR5-7600,2 x 16GB,36.0,9.474 ns,,,,
corsair vengeance rgb 32 gb,149.99,Corsair,,,,,Corsair,RAM,2023,,,DDR5-6800,2 x 16GB,40.0,11.765 ns,,,,
g.skill trident z5 64 gb,206.99,G.Skill,,,,,G.Skill,RAM,2023,,,DDR5-6000,2 x 32GB,32.0,10.667 ns,,,,
crucial pro overclocking 16 gb,77.59,Crucial,,,,,Crucial,RAM,2023,,,DDR5-6000,1 x 16GB,36.0,12 ns,,,,
g.skill trident z 32 gb,117.99,G.Skill,,,,,G.Skill,RAM,2023,,,DDR5-6400,2 x 16GB,32.0,10 ns,,,,
g.skill flare x 16 gb,42.99,G.Skill,,,,,G.Skill,RAM,2023,,,DDR4-3200,2 x 8GB,16.0,10 ns,,,,
g.skill trident z rgb 128 gb,989.0,G.Skill,,,,,G.Skill,RAM,2023,,,DDR4-3200,8 x 16GB,15.0,9.375 ns,,,,
g.skill ripjaws x 16 gb,59.94,G.Skill,,,,,G.Skill,RAM,2023,,,DDR3-2400,2 x 8GB,11.0,9.167 ns,,,,
mushkin redline lumina 16 gb,67.36,Mushkin,,,,,Mushkin,RAM,2023,,,DDR4-3600,2 x 8GB,14.0,7.778 ns,,,,
patriot viper steel rgb 64 gb,132.99,Patriot,,,,,Patriot,RAM,2023,,,DDR4-3600,2 x 32GB,20.0,11.111 ns,,,,
corsair dominator platinum rgb 32 gb,159.99,Corsair,,,,,Corsair,RAM,2023,,,DDR5-6000,2 x 16GB,36.0,12 ns,,,,
corsair valueselect 8 gb,24.99,Corsair,,,,,Corsair,RAM,2023,,,DDR4-2666,1 x 8GB,18.0,13.503 ns,,,,
patriot viper elite ii 16 gb,57.3,Patriot,,,,,Patriot,RAM,2023,,,DDR4-3200,2 x 8GB,18.0,11.25 ns,,,,
kingston fury renegade 32 gb,134.99,Kingston,,,,,Kingston,RAM,2023,,,DDR5-6400,1 x 32GB,32.0,10 ns,,,,
patriot viper steel rgb 8 gb,21.99,Patriot,,,,,Patriot,RAM,2023,,,DDR4-3200,1 x 8GB,18.0,11.25 ns,,,,
kingston server premier 64 gb,199.0,Kingston,,,,,Kingston,RAM,2023,,,DDR4-3200,1 x 64GB,22.0,13.75 ns,,,,
corsair dominator platinum rgb 64 gb,249.99,Corsair,,,,,Corsair,RAM,2023,,,DDR4-3600,4 x 16GB,18.0,10 ns,,,,
corsair vengeance rgb pro 32 gb,85.0,Corsair,,,,,Corsair,RAM,2023,,,DDR4-2666,2 x 16GB,16.0,12.003 ns,,,,
mushkin redline lumina white 32 gb,107.99,Mushkin,,,,,Mushkin,RAM,2023,,,DDR5-6400,2 x 16GB,32.0,10 ns,,,,
corsair valueselect 4 gb,17.76,Corsair,,,,,Corsair,RAM,2023,,,DDR4-2400,1 x 4GB,16.0,13.333 ns,,,,
patriot signature premium 8 gb,18.98,Patriot,,,,,Patriot,RAM,2023,,,DDR4-2666,1 x 8GB,19.0,14.254 ns,,,,
teamgroup t-force delta rgb 32 gb,114.99,TEAMGROUP,,,,,TEAMGROUP,RAM,2023,,,DDR5-6800,2 x 16GB,34.0,10 ns,,,,
adata xpg lancer rgb 64 gb,252.99,ADATA,,,,,ADATA,RAM,2023,,,DDR5-6400,2 x 32GB,32.0,10 ns,,,,
g.skill trident z5 rgb 32 gb,164.99,G.Skill,,,,,G.Skill,RAM,2023,,,DDR5-7600,2 x 16GB,36.0,9.474 ns,,,,
corsair dominator platinum rgb 64 gb,254.99,Corsair,,,,,Corsair,RAM,2023,,,DDR4-3600,4 x 16GB,18.0,10 ns,,,,
kingston fury beast 16 gb,52.1,Kingston,,,,,Kingston,RAM,2023,,,DDR4-2666,2 x 8GB,16.0,12.003 ns,,,,
g.skill trident z5 64 gb,240.9,G.Skill,,,,,G.Skill,RAM,2023,,,DDR5-6000,2 x 32GB,30.0,10 ns,,,,
corsair vengeance 32 gb,104.99,Corsair,,,,,Corsair,RAM,2023,,,DDR5-5600,1 x 32GB,40.0,14.286 ns,,,,
corsair vengeance lpx 32 gb,74.98,Corsair,,,,,Corsair,RAM,2023,,,DDR4-3000,1 x 32GB,16.0,10.667 ns,,,,
teamgroup elite 32 gb,55.99,TEAMGROUP,,,,,TEAMGROUP,RAM,2023,,,DDR4-3200,1 x 32GB,22.0,13.75 ns,,,,
g.skill trident z rgb 16 gb,55.99,G.Skill,,,,,G.Skill,RAM,2023,,,DDR4-3000,2 x 8GB,16.0,10.667 ns,,,,
kingston fury beast 16 gb,64.05,Kingston,,,,,Kingston,RAM,2023,,,DDR5-4800,1 x 16GB,38.0,15.833 ns,,,,
mushkin enhanced redline 64 gb,167.99,Mushkin,,,,,Mushkin,RAM,2023,,,DDR5-5600,2 x 32GB,36.0,12.857 ns,,,,
teamgroup t-force delta rgb 48 gb,199.99,TEAMGROUP,,,,,TEAMGROUP,RAM,2023,,,DDR5-7200,2 x 24GB,34.0,9.444 ns,,,,
patriot viper steel 8 gb,19.98,Patriot,,,,,Patriot,RAM,2023,,,DDR4-3000,1 x 8GB,16.0,10.667 ns,,,,
g.skill trident z5 neo rgb 96 gb,299.99,G.Skill,,,,,G.Skill,RAM,2023,,,DDR5-5600,2 x 48GB,40.0,14.286 ns,,,,
corsair dominator platinum rgb 32 gb,169.99,Corsair,,,,,Corsair,RAM,2023,,,DDR5-6000,2 x 16GB,36.0,12 ns,,,,
teamgroup t-force vulcan alpha 32 gb,126.34,TEAMGROUP,,,,,TEAMGROUP,RAM,2023,,,DDR5-6000,2 x 16GB,38.0,12.667 ns,,,,
corsair vengeance lpx 64 gb,219.99,Corsair,,,,,Corsair,RAM,2023,,,DDR4-4000,4 x 16GB,18.0,9 ns,,,,
crucial ct32g4dfd832a 32 gb,61.45,Crucial,,,,,Crucial,RAM,2023,,,DDR4-3200,1 x 32GB,22.0,13.75 ns,,,,
corsair vengeance 64 gb,224.99,Corsair,,,,,Corsair,RAM,2023,,,DDR5-6000,2 x 32GB,40.0,13.333 ns,,,,
g.skill ripjaws v 32 gb,139.99,G.Skill,,,,,G.Skill,RAM,2023,,,DDR4-4600,2 x 16GB,19.0,8.261 ns,,,,
patriot viper xtreme 5 rgb 48 gb,385.49,Patriot,,,,,Patriot,RAM,2023,,,DDR5-8000,2 x 24GB,38.0,9.5 ns,,,,
g.skill ripjaws v 128 gb,521.0,G.Skill,,,,,G.Skill,RAM,2023,,,DDR4-4000,4 x 32GB,18.0,9 ns,,,,
samsung m471b5273dh0-ck0 4 gb,9.34,Samsung,,,,,Samsung,RAM,2023,,,DDR3-1600,1 x 4GB,11.0,13.75 ns,,,,
patriot viper steel rgb 16 gb,48.99,Patriot,,,,,Patriot,RAM,2023,,,DDR4-3600,2 x 8GB,20.0,11.111 ns,,,,
crucial ct2k8g4dfs8266 16 gb,53.99,Crucial,,,,,Crucial,RAM,2023,,,DDR4-2666,2 x 8GB,19.0,14.254 ns,,,,
crucial ct102472ba186d 8 gb,21.99,Crucial,,,,,Crucial,RAM,2023,,,DDR3-1866,1 x 8GB,13.0,13.934 ns,,,,
g.skill flare x5 32 gb,101.99,G.Skill,,,,,G.Skill,RAM,2023,,,DDR5-5200,2 x 16GB,36.0,13.846 ns,,,,
kingston fury beast rgb 32 gb,141.19,Kingston,,,,,Kingston,RAM,2023,,,DDR5-6000,2 x 16GB,40.0,13.333 ns,,,,
corsair vengeance rgb rs 16 gb,62.99,Corsair,,,,,Corsair,RAM,2023,,,DDR4-3600,2 x 8GB,18.0,10 ns,,,,
g.skill ripjaws v 32 gb,166.93,G.Skill,,,,,G.Skill,RAM,2023,,,DDR4-3200,2 x 16GB,14.0,8.75 ns,,,,
corsair vengeance rgb 32 gb,134.18,Corsair,,,,,Corsair,RAM,2023,,,DDR5-6000,2 x 16GB,36.0,12 ns,,,,
patriot viper venom 32 gb,107.99,Patriot,,,,,Patriot,RAM,2023,,,DDR5-6800,2 x 16GB,34.0,10 ns,,,,
g.skill flare x5 96 gb,284.99,G.Skill,,,,,G.Skill,RAM,2023,,,DDR5-5600,2 x 48GB,40.0,14.286 ns,,,,
corsair vengeance lpx 64 gb,129.99,Corsair,,,,,Corsair,RAM,2023,,,DDR4-2666,2 x 32GB,16.0,12.003 ns,,,,
g.skill trident z5 rgb 48 gb,184.99,G.Skill,,,,,G.Skill,RAM,2023,,,DDR5-6400,2 x 24GB,32.0,10 ns,,,,
klevv bolt v 32 gb,103.99,Klevv,,,,,Klevv,RAM,2023,,,DDR5-6400,2 x 16GB,32.0,10 ns,,,,
pny xlr8 gaming epic-x rgb 32 gb,71.98,PNY,,,,,PNY,RAM,2023,,,DDR4-3200,2 x 16GB,16.0,10 ns,,,,
corsair vengeance rgb 64 gb,249.99,Corsair,,,,,Corsair,RAM,2023,,,DDR5-5600,4 x 16GB,36.0,12.857 ns,,,,
kingston fury beast 64 gb,159.97,Kingston,,,,,Kingston,RAM,2023,,,DDR4-3600,2 x 32GB,18.0,10 ns,,,,
teamgroup t-create expert 64 gb,124.99,TEAMGROUP,,,,,TEAMGROUP,RAM,2023,,,DDR4-3600,2 x 32GB,18.0,10 ns,,,,
patriot viper elite ii 16 gb,31.99,Patriot,,,,,Patriot,RAM,2023,,,DDR4-3600,1 x 16GB,20.0,11.111 ns,,,,
corsair vengeance 48 gb,189.99,Corsair,,,,,Corsair,RAM,2023,,,DDR5-7000,2 x 24GB,40.0,11.429 ns,,,,
crucial ct4g4dfs824a 4 gb,15.0,Crucial,,,,,Crucial,RAM,2023,,,DDR4-2400,1 x 4GB,17.0,14.167 ns,,,,
crucial ct8g4dfra266 8 gb,16.98,Crucial,,,,,Crucial,RAM,2023,,,DDR4-2666,1 x 8GB,19.0,14.254 ns,,,,
g.skill trident z5 rgb 32 gb,117.99,G.Skill,,,,,G.Skill,RAM,2023,,,DDR5-5600,2 x 16GB,28.0,10 ns,,,,
teamgroup t-force xtreem argb 32 gb,169.99,TEAMGROUP,,,,,TEAMGROUP,RAM,2023,,,DDR4-3600,2 x 16GB,14.0,7.778 ns,,,,
g.skill trident z rgb 16 gb,131.37,G.Skill,,,,,G.Skill,RAM,2023,,,DDR4-4400,2 x 8GB,16.0,7.273 ns,,,,
corsair vengeance rgb rs 64 gb,154.99,Corsair,,,,,Corsair,RAM,2023,,,DDR4-3600,2 x 32GB,18.0,10 ns,,,,
corsair vengeance lpx 16 gb,74.98,Corsair,,,,,Corsair,RAM,2023,,,DDR4-2666,4 x 4GB,15.0,11.253 ns,,,,
g.skill ripjaws v 8 gb,28.99,G.Skill,,,,,G.Skill,RAM,2023,,,DDR4-2400,2 x 4GB,15.0,12.5 ns,,,,
patriot viper 4 16 gb,91.06,Patriot,,,,,Patriot,RAM,2023,,,DDR4-3200,2 x 8GB,16.0,10 ns,,,,
corsair vengeance rgb 32 gb,129.99,Corsair,,,,,Corsair,RAM,2023,,,DDR5-5600,2 x 16GB,36.0,12.857 ns,,,,
corsair vengeance rgb pro sl 64 gb,149.99,Corsair,,,,,Corsair,RAM,2023,,,DDR4-3600,2 x 32GB,18.0,10 ns,,,,
corsair vengeance rgb 32 gb,135.99,Corsair,,,,,Corsair,RAM,2023,,,DDR5-6200,2 x 16GB,36.0,11.613 ns,,,,
corsair vengeance rgb 64 gb,209.99,Corsair,,,,,Corsair,RAM,2023,,,DDR5-5600,2 x 32GB,40.0,14.286 ns,,,,
mushkin redline 32 gb,203.0,Mushkin,,,,,Mushkin,RAM,2023,,,DDR4-3200,2 x 16GB,14.0,8.75 ns,,,,
g.skill ares 16 gb,1368.64,G.Skill,,,,,G.Skill,RAM,2023,,,DDR3-2133,2 x 8GB,11.0,10.314 ns,,,,
kingston fury renegade 48 gb,226.16,Kingston,,,,,Kingston,RAM,2023,,,DDR5-6400,1 x 48GB,32.0,10 ns,,,,
silicon power xpower zenith rgb gaming 32 gb,98.97,Silicon Power,,,,,Silicon,RAM,2023,,,DDR5-6000,2 x 16GB,30.0,10 ns,,,,
kingston valueram 16 gb,39.48,Kingston,,,,,Kingston,RAM,2023,,,DDR4-3200,1 x 16GB,22.0,13.75 ns,,,,
lexar ares rgb 16 gb,52.99,Lexar,,,,,Lexar,RAM,2023,,,DDR4-3600,2 x 8GB,18.0,10 ns,,,,
g.skill ripjaws v 16 gb,43.99,G.Skill,,,,,G.Skill,RAM,2023,,,DDR4-2666,2 x 8GB,15.0,11.253 ns,,,,
mushkin redline lumina 32 gb,109.99,Mushkin,,,,,Mushkin,RAM,2023,,,DDR5-6400,2 x 16GB,32.0,10 ns,,,,
corsair vengeance rgb pro 32 gb,91.99,Corsair,,,,,Corsair,RAM,2023,,,DDR4-2933,2 x 16GB,16.0,10.91 ns,,,,
g.skill ripjaws s5 32 gb,103.99,G.Skill,,,,,G.Skill,RAM,2023,,,DDR5-5600,2 x 16GB,36.0,12.857 ns,,,,
patriot signature line 16 gb,48.0,Patriot,,,,,Patriot,RAM,2023,,,DDR4-3200,2 x 8GB,19.0,11.875 ns,,,,
corsair vengeance rgb pro 16 gb,91.44,Corsair,,,,,Corsair,RAM,2023,,,DDR4-4000,2 x 8GB,18.0,9 ns,,,,
corsair vengeance rgb pro 16 gb,59.99,Corsair,,,,,Corsair,RAM,2023,,,DDR4-2666,2 x 8GB,16.0,12.003 ns,,,,
corsair vengeance rgb pro 16 gb,59.99,Corsair,,,,,Corsair,RAM,2023,,,DDR4-3000,2 x 8GB,15.0,10 ns,,,,
teamgroup t-force xtreem argb 64 gb,139.99,TEAMGROUP,,,,,TEAMGROUP,RAM,2023,,,DDR4-3600,2 x 32GB,18.0,10 ns,,,,
g.skill ripjaws v 16 gb,37.99,G.Skill,,,,,G.Skill,RAM,2023,,,DDR4-2400,2 x 8GB,17.0,14.167 ns,,,,
corsair dominator platinum rgb 64 gb,315.0,Corsair,,,,,Corsair,RAM,2023,,,DDR5-6200,4 x 16GB,32.0,10.323 ns,,,,
kingston fury renegade rgb 32 gb,270.98,Kingston,,,,,Kingston,RAM,2023,,,DDR5-8000,2 x 16GB,38.0,9.5 ns,,,,
g.skill trident z rgb 16 gb,89.99,G.Skill,,,,,G.Skill,RAM,2023,,,DDR4-3200,2 x 8GB,14.0,8.75 ns,,,,
g.skill trident z royal 256 gb,659.99,G.Skill,,,,,G.Skill,RAM,2023,,,DDR4-3600,8 x 32GB,18.0,10 ns,,,,
pny performance 16 gb,37.98,PNY,,,,,PNY,RAM,2023,,,DDR4-3200,1 x 16GB,22.0,13.75 ns,,,,
teamgroup t-force zeus 64 gb,109.99,TEAMGROUP,,,,,TEAMGROUP,RAM,2023,,,DDR4-3200,2 x 32GB,20.0,12.5 ns,,,,
teamgroup elite plus 16 gb,45.99,TEAMGROUP,,,,,TEAMGROUP,RAM,2023,,,DDR5-5600,1 x 16GB,40.0,14.286 ns,,,,
kingston fury beast 32 gb,87.74,Kingston,,,,,Kingston,RAM,2023,,,DDR4-2666,2 x 16GB,16.0,12.003 ns,,,,
crucial ct2k32g4dfd832a 64 gb,137.05,Crucial,,,,,Crucial,RAM,2023,,,DDR4-3200,2 x 32GB,22.0,13.75 ns,,,,
kingston fury beast rgb 64 gb,209.99,Kingston,,,,,Kingston,RAM,2023,,,DDR5-5200,2 x 32GB,40.0,15.385 ns,,,,
kingston fury beast rgb 8 gb,48.38,Kingston,,,,,Kingston,RAM,2023,,,DDR5-5600,1 x 8GB,40.0,14.286 ns,,,,
g.skill ripjaws s5 32 gb,114.99,G.Skill,,,,,G.Skill,RAM,2023,,,DDR5-6600,2 x 16GB,34.0,10.303 ns,,,,
teamgroup elite plus 32 gb,76.98,TEAMGROUP,,,,,TEAMGROUP,RAM,2023,,,DDR5-4800,1 x 32GB,40.0,16.667 ns,,,,
corsair vengeance rgb pro sl 32 gb,129.99,Corsair,,,,,Corsair,RAM,2023,,,DDR4-3600,4 x 8GB,18.0,10 ns,,,,
kingston fury beast 128 gb,311.75,Kingston,,,,,Kingston,RAM,2023,,,DDR4-3200,4 x 32GB,16.0,10 ns,,,,
g.skill trident z5 64 gb,209.99,G.Skill,,,,,G.Skill,RAM,2023,,,DDR5-6000,2 x 32GB,32.0,10.667 ns,,,,
teamgroup t-force vulcan z 64 gb,114.99,TEAMGROUP,,,,,TEAMGROUP,RAM,2023,,,DDR4-3200,2 x 32GB,16.0,10 ns,,,,
g.skill fortis 64 gb,137.11,G.Skill,,,,,G.Skill,RAM,2023,,,DDR4-2400,4 x 16GB,15.0,12.5 ns,,,,
g.skill aegis 16 gb,33.99,G.Skill,,,,,G.Skill,RAM,2023,,,DDR4-3000,1 x 16GB,16.0,10.667 ns,,,,
corsair vengeance rgb rs 8 gb,34.99,Corsair,,,,,Corsair,RAM,2023,,,DDR4-3600,1 x 8GB,18.0,10 ns,,,,
"patriot viper xtreme series, division 4 16 gb",220.0,Patriot,,,,,Patriot,RAM,2023,,,DDR3-2133,4 x 4GB,11.0,10.314 ns,,,,
crucial ballistix sport lt 8 gb,39.0,Crucial,,,,,Crucial,RAM,2023,,,DDR4-2400,2 x 4GB,16.0,13.333 ns,,,,
teamgroup elite 64 gb,110.99,TEAMGROUP,,,,,TEAMGROUP,RAM,2023,,,DDR4-3200,2 x 32GB,22.0,13.75 ns,,,,
corsair vengeance rgb pro 16 gb,61.36,Corsair,,,,,Corsair,RAM,2023,,,DDR4-3000,2 x 8GB,15.0,10 ns,,,,
crucial mta18asf4g72az-3g2b1 32 gb,89.96,Crucial,,,,,Crucial,RAM,2023,,,DDR4-3200,1 x 32GB,22.0,13.75 ns,,,,
corsair vengeance lpx 16 gb,230.0,Corsair,,,,,Corsair,RAM,2023,,,DDR4-3000,2 x 8GB,15.0,10 ns,,,,
kingston fury renegade pro 16 gb,118.97,Kingston,,,,,Kingston,RAM,2023,,,DDR5-6400,1 x 16GB,32.0,10 ns,,,,
mushkin silverline 8 gb,189.99,Mushkin,,,,,Mushkin,RAM,2023,,,DDR2-800,2 x 4GB,6.0,15 ns,,,,
samsung m393b5170fh0-ch9 4 gb,8.99,Samsung,,,,,Samsung,RAM,2023,,,DDR3-1333,1 x 4GB,9.0,13.503 ns,,,,
kingston hyperx fury rgb 32 gb,219.63,Kingston,,,,,Kingston,RAM,2023,,,DDR4-3200,4 x 8GB,16.0,10 ns,,,,
g.skill ares 32 gb,110.89,G.Skill,,,,,G.Skill,RAM,2023,,,DDR3-2400,4 x 8GB,11.0,9.167 ns,,,,
g.skill ripjaws v 64 gb,124.99,G.Skill,,,,,G.Skill,RAM,2023,,,DDR4-2666,2 x 32GB,18.0,13.503 ns,,,,
corsair vengeance rgb 64 gb,205.0,Corsair,,,,,Corsair,RAM,2023,,,DDR5-5600,2 x 32GB,40.0,14.286 ns,,,,
corsair vengeance lp 16 gb,79.98,Corsair,,,,,Corsair,RAM,2023,,,DDR3-1600,2 x 8GB,10.0,12.5 ns,,,,
kingston fury beast rgb 16 gb,59.99,Kingston,,,,,Kingston,RAM,2023,,,DDR4-3600,1 x 16GB,18.0,10 ns,,,,
kingston valueram 2 gb,16.48,Kingston,,,,,Kingston,RAM,2023,,,DDR2-800,1 x 2GB,6.0,15 ns,,,,
thermaltake toughram xg rgb 64 gb,549.99,Thermaltake,,,,,Thermaltake,RAM,2023,,,DDR4-4000,2 x 32GB,19.0,9.5 ns,,,,
g.skill ripjaws v 16 gb,89.99,G.Skill,,,,,G.Skill,RAM,2023,,,DDR4-4000,2 x 8GB,16.0,8 ns,,,,
kingston fury renegade 32 gb,225.9,Kingston,,,,,Kingston,RAM,2023,,,DDR5-6800,2 x 16GB,36.0,10.588 ns,,,,
kingston server premier 32 gb,153.66,Kingston,,,,,Kingston,RAM,2023,,,DDR5-5200,1 x 32GB,42.0,16.154 ns,,,,
corsair vengeance rgb pro 16 gb,86.2,Corsair,,,,,Corsair,RAM,2023,,,DDR4-3200,1 x 16GB,16.0,10 ns,,,,
g.skill trident z5 64 gb,199.99,G.Skill,,,,,G.Skill,RAM,2023,,,DDR5-6000,2 x 32GB,32.0,10.667 ns,,,,
g.skill trident z 32 gb,135.0,G.Skill,,,,,G.Skill,RAM,2023,,,DDR4-3200,2 x 16GB,16.0,10 ns,,,,
kingston fury beast 16 gb,47.0,Kingston,,,,,Kingston,RAM,2023,,,DDR4-2666,1 x 16GB,16.0,12.003 ns,,,,
kingston fury beast rgb 64 gb,229.99,Kingston,,,,,Kingston,RAM,2023,,,DDR5-5600,2 x 32GB,36.0,12.857 ns,,,,
patriot viper steel 16 gb,44.99,Patriot,,,,,Patriot,RAM,2023,,,DDR4-3733,2 x 8GB,17.0,9.108 ns,,,,
g.skill trident z5 rgb 48 gb,149.99,G.Skill,,,,,G.Skill,RAM,2023,,,DDR5-5600,2 x 24GB,40.0,14.286 ns,,,,
kingston fury beast rgb 16 gb,69.61,Kingston,,,,,Kingston,RAM,2023,,,DDR5-4800,1 x 16GB,38.0,15.833 ns,,,,
teamgroup t-force delta rgb 64 gb,164.99,TEAMGROUP,,,,,TEAMGROUP,RAM,2023,,,DDR5-5200,2 x 32GB,40.0,15.385 ns,,,,
corsair vengeance lpx 16 gb,39.98,Corsair,,,,,Corsair,RAM,2023,,,DDR4-3200,2 x 8GB,18.0,11.25 ns,,,,
g.skill trident z rgb 64 gb,516.85,G.Skill,,,,,G.Skill,RAM,2023,,,DDR4-3200,4 x 16GB,16.0,10 ns,,,,
timetec pinnacle konduit rgb 32 gb,80.55,Timetec,,,,,Timetec,RAM,2023,,,DDR4-3200,2 x 16GB,16.0,10 ns,,,,
g.skill ares 8 gb,33.64,G.Skill,,,,,G.Skill,RAM,2023,,,DDR3-2400,2 x 4GB,11.0,9.167 ns,,,,
g.skill nt 8 gb,97.33,G.Skill,,,,,G.Skill,RAM,2023,,,DDR4-2133,1 x 8GB,15.0,14.065 ns,,,,
gigabyte aorus rgb 16 gb,127.92,Gigabyte,,,,,Gigabyte,RAM,2023,,,DDR4-3333,2 x 8GB,18.0,10.801 ns,,,,
g.skill trident z royal elite 64 gb,277.28,G.Skill,,,,,G.Skill,RAM,2023,,,DDR4-4266,2 x 32GB,19.0,8.908 ns,,,,
g.skill aegis 16 gb,38.24,G.Skill,,,,,G.Skill,RAM,2023,,,DDR4-2400,1 x 16GB,15.0,12.5 ns,,,,
crucial ballistix max rgb 16 gb,299.0,Crucial,,,,,Crucial,RAM,2023,,,DDR4-4000,2 x 8GB,18.0,9 ns,,,,
teamgroup t-force delta rgb 64 gb,164.99,TEAMGROUP,,,,,TEAMGROUP,RAM,2023,,,DDR5-5200,2 x 32GB,40.0,15.385 ns,,,,
crucial ct2k8g4dfs8213 16 gb,99.99,Crucial,,,,,Crucial,RAM,2023,,,DDR4-2133,2 x 8GB,15.0,14.065 ns,,,,
g.skill trident z royal 32 gb,138.93,G.Skill,,,,,G.Skill,RAM,2023,,,DDR4-3600,2 x 16GB,16.0,8.889 ns,,,,
teamgroup elite 16 gb,27.99,TEAMGROUP,,,,,TEAMGROUP,RAM,2023,,,DDR4-2666,1 x 16GB,19.0,14.254 ns,,,,
klevv cras xr5 rgb 32 gb,119.99,Klevv,,,,,Klevv,RAM,2023,,,DDR5-7000,2 x 16GB,36.0,10.286 ns,,,,
kingston fury renegade rgb 32 gb,184.99,Kingston,,,,,Kingston,RAM,2023,,,DDR5-6800,2 x 16GB,36.0,10.588 ns,,,,
crucial ct8g4dfs832a 8 gb,22.0,Crucial,,,,,Crucial,RAM,2023,,,DDR4-3200,1 x 8GB,22.0,13.75 ns,,,,
g.skill ripjaws v 32 gb,174.99,G.Skill,,,,,G.Skill,RAM,2023,,,DDR4-3600,4 x 8GB,18.0,10 ns,,,,
crucial ct8g4dfd824a 8 gb,22.0,Crucial,,,,,Crucial,RAM,2023,,,DDR4-2400,1 x 8GB,17.0,14.167 ns,,,,
g.skill ripjaws 32 gb,119.99,G.Skill,,,,,G.Skill,RAM,2023,,,DDR5-5600,2 x 16GB,40.0,14.286 ns,,,,
g.skill trident z rgb 32 gb,249.99,G.Skill,,,,,G.Skill,RAM,2023,,,DDR4-3600,2 x 16GB,14.0,7.778 ns,,,,
teamgroup t-force xtreem argb 64 gb,139.99,TEAMGROUP,,,,,TEAMGROUP,RAM,2023,,,DDR4-3600,2 x 32GB,18.0,10 ns,,,,
patriot signature line 16 gb,29.99,Patriot,,,,,Patriot,RAM,2023,,,DDR4-3200,1 x 16GB,22.0,13.75 ns,,,,
corsair vengeance pro 16 gb,105.74,Corsair,,,,,Corsair,RAM,2023,,,DDR3-1600,2 x 8GB,9.0,11.25 ns,,,,
crucial ballistix sport 4 gb,29.01,Crucial,,,,,Crucial,RAM,2023,,,DDR3-1600,1 x 4GB,9.0,11.25 ns,,,,
kingston hyperx fury 8 gb,33.0,Kingston,,,,,Kingston,RAM,2023,,,DDR3-1600,1 x 8GB,10.0,12.5 ns,,,,
corsair dominator platinum rgb 128 gb,404.99,Corsair,,,,,Corsair,RAM,2023,,,DDR4-3200,4 x 32GB,16.0,10 ns,,,,
teamgroup t-force delta rgb 32 gb,114.99,TEAMGROUP,,,,,TEAMGROUP,RAM,2023,,,DDR5-5600,2 x 16GB,34.0,12.143 ns,,,,
g.skill f4-3600c17q2-128gtzkk 128 gb,516.74,G.Skill,,,,,G.Skill,RAM,2023,,,DDR4-3600,8 x 16GB,17.0,9.444 ns,,,,
crucial ct12864aa667 1 gb,19.5,Crucial,,,,,Crucial,RAM,2023,,,DDR2-667,1 x 1GB,5.0,14.993 ns,,,,
corsair vengeance lpx 64 gb,139.99,Corsair,,,,,Corsair,RAM,2023,,,DDR4-3000,2 x 32GB,16.0,10.667 ns,,,,
v-color tra548g70d834q 192 gb,1899.99,V-Color,,,,,V-Color,RAM,2023,,,DDR5-7000,4 x 48GB,34.0,9.714 ns,,,,
mushkin essentials 16 gb,37.61,Mushkin,,,,,Mushkin,RAM,2023,,,DDR4-2133,2 x 8GB,15.0,14.065 ns,,,,
crucial ct8g4dfs8213 8 gb,21.0,Crucial,,,,,Crucial,RAM,2023,,,DDR4-2133,1 x 8GB,15.0,14.065 ns,,,,
teamgroup elite plus 16 gb,45.99,TEAMGROUP,,,,,TEAMGROUP,RAM,2023,,,DDR5-4800,1 x 16GB,40.0,16.667 ns,,,,
crucial ct16g4dfra266 16 gb,35.99,Crucial,,,,,Crucial,RAM,2023,,,DDR4-2666,1 x 16GB,19.0,14.254 ns,,,,
timetec pinnacle konduit rgb 8 gb,26.99,Timetec,,,,,Timetec,RAM,2023,,,DDR4-3200,1 x 8GB,16.0,10 ns,,,,
corsair vengeance rgb pro 32 gb,369.48,Corsair,,,,,Corsair,RAM,2023,,,DDR4-3000,2 x 16GB,15.0,10 ns,,,,
g.skill ripjaws v 256 gb,572.92,G.Skill,,,,,G.Skill,RAM,2023,,,DDR4-2666,8 x 32GB,18.0,13.503 ns,,,,
g.skill ripjaws 32 gb,63.99,G.Skill,,,,,G.Skill,RAM,2023,,,DDR4-3200,2 x 16GB,22.0,13.75 ns,,,,
samsung m393a1g40eb1-crc 8 gb,22.95,Samsung,,,,,Samsung,RAM,2023,,,DDR4-2400,1 x 8GB,17.0,14.167 ns,,,,
g.skill flare x 32 gb,182.27,G.Skill,,,,,G.Skill,RAM,2023,,,DDR4-3200,4 x 8GB,14.0,8.75 ns,,,,
corsair vengeance rgb pro 16 gb,69.98,Corsair,,,,,Corsair,RAM,2023,,,DDR4-3200,2 x 8GB,16.0,10 ns,,,,
kingston fury 32 gb,117.68,Kingston,,,,,Kingston,RAM,2023,,,DDR5-5200,1 x 32GB,40.0,15.385 ns,,,,
kingston fury beast 32 gb,120.81,Kingston,,,,,Kingston,RAM,2023,,,DDR5-5600,1 x 32GB,36.0,12.857 ns,,,,
corsair dominator platinum rgb 32 gb,179.99,Corsair,,,,,Corsair,RAM,2023,,,DDR5-6400,2 x 16GB,38.0,11.875 ns,,,,
kingston fury renegade rgb 128 gb,454.87,Kingston,,,,,Kingston,RAM,2023,,,DDR4-3600,4 x 32GB,18.0,10 ns,,,,
kingston valueram 16 gb,43.99,Kingston,,,,,Kingston,RAM,2023,,,DDR4-2666,1 x 16GB,19.0,14.254 ns,,,,
corsair vengeance 16 gb,155.0,Corsair,,,,,Corsair,RAM,2023,,,DDR3-1600,4 x 4GB,9.0,11.25 ns,,,,
corsair mac memory 4 gb,9.99,Corsair,,,,,Corsair,RAM,2023,,,DDR3-1333,1 x 4GB,9.0,13.503 ns,,,,
kingston server premier 16 gb,277.77,Kingston,,,,,Kingston,RAM,2023,,,DDR4-2666,1 x 16GB,19.0,14.254 ns,,,,
visiontek ocpc pista rgb 32 gb,319.99,VisionTek,,,,,VisionTek,RAM,2023,,,DDR5-5200,2 x 16GB,36.0,13.846 ns,,,,
corsair vengeance performance 32 gb,73.98,Corsair,,,,,Corsair,RAM,2023,,,DDR4-2666,2 x 16GB,18.0,13.503 ns,,,,
corsair dominator platinum rgb 32 gb,276.2,Corsair,,,,,Corsair,RAM,2023,,,DDR4-4000,2 x 16GB,16.0,8 ns,,,,
crucial ct48g56c46s5 48 gb,164.98,Crucial,,,,,Crucial,RAM,2023,,,DDR5-5600,1 x 48GB,46.0,16.429 ns,,,,
mushkin redline lumina 32 gb,84.99,Mushkin,,,,,Mushkin,RAM,2023,,,DDR4-3600,2 x 16GB,16.0,8.889 ns,,,,
kingston fury renegade 64 gb,340.42,Kingston,,,,,Kingston,RAM,2023,,,DDR5-6400,2 x 32GB,32.0,10 ns,,,,
v-color tra524g72s836o 192 gb,2119.98,V-Color,,,,,V-Color,RAM,2023,,,DDR5-7200,8 x 24GB,36.0,10 ns,,,,
kingston valueram 8 gb,31.99,Kingston,,,,,Kingston,RAM,2023,,,DDR4-2133,1 x 8GB,15.0,14.065 ns,,,,
corsair dominator platinum rgb 32 gb,129.99,Corsair,,,,,Corsair,RAM,2023,,,DDR4-3600,2 x 16GB,18.0,10 ns,,,,
corsair vengeance rgb pro sl 128 gb,314.99,Corsair,,,,,Corsair,RAM,2023,,,DDR4-3200,4 x 32GB,16.0,10 ns,,,,
timetec pinnacle konduit rgb 16 gb,44.55,Timetec,,,,,Timetec,RAM,2023,,,DDR4-3200,1 x 16GB,16.0,10 ns,,,,
crucial ct2k102464bd186d 16 gb,79.98,Crucial,,,,,Crucial,RAM,2023,,,DDR3-1866,2 x 8GB,13.0,13.934 ns,,,,
thermaltake toughram xg rgb 32 gb,299.99,Thermaltake,,,,,Thermaltake,RAM,2023,,,DDR4-3600,2 x 16GB,18.0,10 ns,,,,
g.skill ripjaws 32 gb,940.38,G.Skill,,,,,G.Skill,RAM,2023,,,DDR4-2666,4 x 8GB,19.0,14.254 ns,,,,
g.skill trident z5 rgb 32 gb,390.0,G.Skill,,,,,G.Skill,RAM,2023,,,DDR5-5600,2 x 16GB,36.0,12.857 ns,,,,
micron mt16jtf1g64az-1g6e1 8 gb,16.0,Micron,,,,,Micron,RAM,2023,,,DDR3-1600,1 x 8GB,11.0,13.75 ns,,,,
g.skill ripjaws v 32 gb,104.46,G.Skill,,,,,G.Skill,RAM,2023,,,DDR4-4000,4 x 8GB,18.0,9 ns,,,,
mushkin redline st 64 gb,199.99,Mushkin,,,,,Mushkin,RAM,2023,,,DDR5-6400,2 x 32GB,32.0,10 ns,,,,
g.skill trident z rgb 32 gb,213.93,G.Skill,,,,,G.Skill,RAM,2023,,,DDR4-3600,2 x 16GB,17.0,9.444 ns,,,,
g.skill ripjaws s5 64 gb,197.99,G.Skill,,,,,G.Skill,RAM,2023,,,DDR5-5600,2 x 32GB,30.0,10.714 ns,,,,
kingston fury beast rgb 16 gb,69.98,Kingston,,,,,Kingston,RAM,2023,,,DDR5-5600,1 x 16GB,40.0,14.286 ns,,,,
kingston ksm48r40bs8kmm-16hmr 32 gb,78.99,Kingston,,,,,Kingston,RAM,2023,,,DDR5-4800,1 x 32GB,40.0,16.667 ns,,,,
g.skill trident z rgb 32 gb,95.92,G.Skill,,,,,G.Skill,RAM,2023,,,DDR4-3000,2 x 16GB,16.0,10.667 ns,,,,
corsair vengeance rgb pro 16 gb,64.98,Corsair,,,,,Corsair,RAM,2023,,,DDR4-3200,2 x 8GB,16.0,10 ns,,,,
corsair vengeance rgb pro sl 64 gb,185.3,Corsair,,,,,Corsair,RAM,2023,,,DDR4-3200,4 x 16GB,16.0,10 ns,,,,
crucial ct2k16g4dfra266 32 gb,69.98,Crucial,,,,,Crucial,RAM,2023,,,DDR4-2666,2 x 16GB,19.0,14.254 ns,,,,
samsung 980 pro,179.0,Samsung,,,,,Samsung,Storage,2023,,,,,,,2 TB,SSD,M.2-2280,M.2 PCIe 4.0 X4
kingston nv2,60.99,Kingston,,,,,Kingston,Storage,2023,,,,,,,1 TB,SSD,M.2-2280,M.2 PCIe 4.0 X4
samsung 970 evo plus,97.5,Samsung,,,,,Samsung,Storage,2023,,,,,,,1 TB,SSD,M.2-2280,M.2 PCIe 3.0 X4
samsung 990 pro,309.99,Samsung,,,,,Samsung,Storage,2023,,,,,,,4 TB,SSD,M.2-2280,M.2 PCIe 4.0 X4
crucial p3 plus,72.5,Crucial,,,,,Crucial,Storage,2023,,,,,,,1 TB,SSD,M.2-2280,M.2 PCIe 4.0 X4
samsung 980 pro,106.13,Samsung,,,,,Samsung,Storage,2023,,,,,,,1 TB,SSD,M.2-2280,M.2 PCIe 4.0 X4
samsung 990 pro,184.5,Samsung,,,,,Samsung,Storage,2023,,,,,,,2 TB,SSD,M.2-2280,M.2 PCIe 4.0 X4
crucial p3 plus,124.99,Crucial,,,,,Crucial,Storage,2023,,,,,,,2 TB,SSD,M.2-2280,M.2 PCIe 4.0 X4
western digital black sn850x,159.0,Western Digital,,,,,Western,Storage,2023,,,,,,,2 TB,SSD,M.2-2280,M.2 PCIe 4.0 X4
seagate barracuda compute,64.98,Seagate,,,,,Seagate,Storage,2023,,,,,,,2 TB,7200 RPM,3.5,
mushkin source hc,2302.98,Mushkin,,,,,Mushkin,Storage,2023,,,,,,,16 TB,SSD,2.5,
kingston nv2,118.0,Kingston,,,,,Kingston,Storage,2023,,,,,,,2 TB,SSD,M.2-2280,M.2 PCIe 4.0 X4
western digital blue sn580,71.0,Western Digital,,,,,Western,Storage,2023,,,,,,,1 TB,SSD,M.2-2280,M.2 PCIe 4.0 X4
western digital black sn770,137.46,Western Digital,,,,,Western,Storage,2023,,,,,,,2 TB,SSD,M.2-2280,M.2 PCIe 4.0 X4
kingston nv2,42.99,Kingston,,,,,Kingston,Storage,2023,,,,,,,500 GB,SSD,M.2-2280,M.2 PCIe 4.0 X4
western digital black sn850x,314.0,Western Digital,,,,,Western,Storage,2023,,,,,,,4 TB,SSD,M.2-2280,M.2 PCIe 4.0 X4
silicon power ud90,114.97,Silicon Power,,,,,Silicon,Storage,2023,,,,,,,2 TB,SSD,M.2-2280,M.2 PCIe 4.0 X4
teamgroup mp44l,112.99,TEAMGROUP,,,,,TEAMGROUP,Storage,2023,,,,,,,2 TB,SSD,M.2-2280,M.2 PCIe 4.0 X4
samsung 870 qvo,594.9,Samsung,,,,,Samsung,Storage,2023,,,,,,,8 TB,SSD,2.5,
crucial t700,426.99,Crucial,,,,,Crucial,Storage,2023,,,,,,,4 TB,SSD,M.2-2280,M.2 PCIe 5.0 X4
samsung 980,89.99,Samsung,,,,,Samsung,Storage,2023,,,,,,,1 TB,SSD,M.2-2280,M.2 PCIe 3.0 X4
seagate barracuda,45.0,Seagate,,,,,Seagate,Storage,2023,,,,,,,1 TB,7200 RPM,3.5,
western digital gold,599.99,Western Digital,,,,,Western,Storage,2023,,,,,,,24 TB,7200 RPM,3.5,
crucial t500,147.99,Crucial,,,,,Crucial,Storage,2023,,,,,,,2 TB,SSD,M.2-2280,M.2 PCIe 4.0 X4
crucial p3,120.99,Crucial,,,,,Crucial,Storage,2023,,,,,,,2 TB,SSD,M.2-2280,M.2 PCIe 3.0 X4
kingston kc3000,162.99,Kingston,,,,,Kingston,Storage,2023,,,,,,,2.048 TB,SSD,M.2-2280,M.2 PCIe 4.0 X4
samsung 990 pro w/heatsink,319.99,Samsung,,,,,Samsung,Storage,2023,,,,,,,4 TB,SSD,M.2-2280,M.2 PCIe 4.0 X4
crucial t700,151.99,Crucial,,,,,Crucial,Storage,2023,,,,,,,1 TB,SSD,M.2-2280,M.2 PCIe 5.0 X4
seagate barracuda compute,129.59,Seagate,,,,,Seagate,Storage,2023,,,,,,,8 TB,5400 RPM,3.5,
samsung 980 pro,89.99,Samsung,,,,,Samsung,Storage,2023,,,,,,,500 GB,SSD,M.2-2280,M.2 PCIe 4.0 X4
lexar nm790,153.13,Lexar,,,,,Lexar,Storage,2023,,,,,,,2 TB,SSD,M.2-2280,M.2 PCIe 4.0 X4
leven js600,13.99,Leven,,,,,Leven,Storage,2023,,,,,,,128 GB,SSD,2.5,
crucial t700,269.99,Crucial,,,,,Crucial,Storage,2023,,,,,,,2 TB,SSD,M.2-2280,M.2 PCIe 5.0 X4
corsair mp600 pro nh,979.99,Corsair,,,,,Corsair,Storage,2023,,,,,,,8 TB,SSD,M.2-2280,M.2 PCIe 4.0 X4
teamgroup t-force vulcan z,54.99,TEAMGROUP,,,,,TEAMGROUP,Storage,2023,,,,,,,1 TB,SSD,2.5,
western digital green sn350,67.79,Western Digital,,,,,Western,Storage,2023,,,,,,,1 TB,SSD,M.2-2280,M.2 PCIe 3.0 X4
patriot p300,36.99,Patriot,,,,,Patriot,Storage,2023,,,,,,,512 GB,SSD,M.2-2280,M.2 PCIe 3.0 X4
kingston kc3000,99.99,Kingston,,,,,Kingston,Storage,2023,,,,,,,1.024 TB,SSD,M.2-2280,M.2 PCIe 4.0 X4
crucial p5 plus,178.29,Crucial,,,,,Crucial,Storage,2023,,,,,,,2 TB,SSD,M.2-2280,M.2 PCIe 4.0 X4
western digital blue sn570,43.98,Western Digital,,,,,Western,Storage,2023,,,,,,,500 GB,SSD,M.2-2280,M.2 PCIe 3.0 X4
visiontek qlc,1499.99,VisionTek,,,,,VisionTek,Storage,2023,,,,,,,8 TB,SSD,M.2-2280,M.2 PCIe 3.0 X4
acer predator gm7000,84.99,Acer,,,,,Acer,Storage,2023,,,,,,,1 TB,SSD,M.2-2280,M.2 PCIe 4.0 X4
sabrent rocket 5,729.99,Sabrent,,,,,Sabrent,Storage,2023,,,,,,,4 TB,SSD,M.2-2280,M.2 PCIe 5.0 X4
western digital wd_black,139.99,Western Digital,,,,,Western,Storage,2023,,,,,,,4 TB,7200 RPM,3.5,
samsung 980 pro w/heatsink,184.0,Samsung,,,,,Samsung,Storage,2023,,,,,,,2 TB,SSD,M.2-2280,M.2 PCIe 4.0 X4
samsung 990 pro w/heatsink,199.99,Samsung,,,,,Samsung,Storage,2023,,,,,,,2 TB,SSD,M.2-2280,M.2 PCIe 4.0 X4
kingston a400,37.79,Kingston,,,,,Kingston,Storage,2023,,,,,,,480 GB,SSD,2.5,
kingston fury renegade,172.99,Kingston,,,,,Kingston,Storage,2023,,,,,,,2 TB,SSD,M.2-2280,M.2 PCIe 4.0 X4
msi spatium m480 pro,84.0,MSI,,,,,MSI,Storage,2023,,,,,,,1 TB,SSD,M.2-2280,M.2 PCIe 4.0 X4
patriot p300,17.98,Patriot,,,,,Patriot,Storage,2023,,,,,,,128 GB,SSD,M.2-2280,M.2 PCIe 3.0 X4
leven jps800,59.99,Leven,,,,,Leven,Storage,2023,,,,,,,1 TB,SSD,M.2-2280,M.2 PCIe 4.0 X4
leven jps600,99.99,Leven,,,,,Leven,Storage,2023,,,,,,,2 TB,SSD,M.2-2280,M.2 PCIe 3.0 X4
teamgroup ms30,33.99,TEAMGROUP,,,,,TEAMGROUP,Storage,2023,,,,,,,512 GB,SSD,M.2-2280,M.2 SATA
kingston a400,61.99,Kingston,,,,,Kingston,Storage,2023,,,,,,,960 GB,SSD,2.5,
seagate exos x14,198.99,Seagate,,,,,Seagate,Storage,2023,,,,,,,12 TB,7200 RPM,3.5,
seagate ironwolf pro,109.99,Seagate,,,,,Seagate,Storage,2023,,,,,,,4 TB,7200 RPM,3.5,
msi spatium m450,74.99,MSI,,,,,MSI,Storage,2023,,,,,,,1 TB,SSD,M.2-2280,M.2 PCIe 4.0 X4
crucial p5 plus,138.75,Crucial,,,,,Crucial,Storage,2023,,,,,,,1 TB,SSD,M.2-2280,M.2 PCIe 4.0 X4
samsung 970 evo plus,61.26,Samsung,,,,,Samsung,Storage,2023,,,,,,,250 GB,SSD,M.2-2280,M.2 PCIe 3.0 X4
solidigm p41 plus,69.99,Solidigm,,,,,Solidigm,Storage,2023,,,,,,,1 TB,SSD,M.2-2280,M.2 PCIe 4.0 X4
crucial mx500,53.6,Crucial,,,,,Crucial,Storage,2023,,,,,,,500 GB,SSD,2.5,
silicon power ud90,74.98,Silicon Power,,,,,Silicon,Storage,2023,,,,,,,1 TB,SSD,M.2-2280,M.2 PCIe 4.0 X4
crucial t705 w/heatsink,541.83,Crucial,,,,,Crucial,Storage,2023,,,,,,,4 TB,SSD,M.2-2280,M.2 PCIe 5.0 X4
corsair mp600 core xt,139.99,Corsair,,,,,Corsair,Storage,2023,,,,,,,2 TB,SSD,M.2-2280,M.2 PCIe 4.0 X4
corsair mp600 core xt,77.99,Corsair,,,,,Corsair,Storage,2023,,,,,,,1 TB,SSD,M.2-2280,M.2 PCIe 4.0 X4
seagate st6000nm0024,118.73,Seagate,,,,,Seagate,Storage,2023,,,,,,,6 TB,7200 RPM,3.5,
crucial t705,294.99,Crucial,,,,,Crucial,Storage,2023,,,,,,,2 TB,SSD,M.2-2280,M.2 PCIe 5.0 X4
patriot p300,57.99,Patriot,,,,,Patriot,Storage,2023,,,,,,,1 TB,SSD,M.2-2280,M.2 PCIe 3.0 X4
crucial bx500,69.98,Crucial,,,,,Crucial,Storage,2023,,,,,,,1 TB,SSD,2.5,
corsair mp600 core xt,259.99,Corsair,,,,,Corsair,Storage,2023,,,,,,,4 TB,SSD,M.2-2280,M.2 PCIe 4.0 X4
intel dc p3600,1500.0,Intel,,,,,Intel,Storage,2023,,,,,,,1.2 TB,SSD,PCIe,PCIe x4
samsung 860 evo,79.0,Samsung,,,,,Samsung,Storage,2023,,,,,,,500 GB,SSD,2.5,
samsung 970 evo,149.5,Samsung,,,,,Samsung,Storage,2023,,,,,,,1 TB,SSD,M.2-2280,M.2 PCIe 3.0 X4
seagate ironwolf nas,94.99,Seagate,,,,,Seagate,Storage,2023,,,,,,,4 TB,5400 RPM,3.5,
teamgroup t-force vulcan z,27.99,TEAMGROUP,,,,,TEAMGROUP,Storage,2023,,,,,,,480 GB,SSD,2.5,
crucial t705,174.99,Crucial,,,,,Crucial,Storage,2023,,,,,,,1 TB,SSD,M.2-2280,M.2 PCIe 5.0 X4
western digital black sn750,76.98,Western Digital,,,,,Western,Storage,2023,,,,,,,1 TB,SSD,M.2-2280,M.2 PCIe 3.0 X4
crucial t700 w/heatsink,396.99,Crucial,,,,,Crucial,Storage,2023,,,,,,,4 TB,SSD,M.2-2280,M.2 PCIe 5.0 X4
pny cs2241,240.99,PNY,,,,,PNY,Storage,2023,,,,,,,4 TB,SSD,M.2-2280,M.2 PCIe 4.0 X4
solidigm p44 pro,169.99,Solidigm,,,,,Solidigm,Storage,2023,,,,,,,2 TB,SSD,M.2-2280,M.2 PCIe 4.0 X4
lexar nm710,117.22,Lexar,,,,,Lexar,Storage,2023,,,,,,,2 TB,SSD,M.2-2280,M.2 PCIe 4.0 X4
samsung 870 qvo,165.7,Samsung,,,,,Samsung,Storage,2023,,,,,,,2 TB,SSD,2.5,
western digital ultrastar dc hc550,219.99,Western Digital,,,,,Western,Storage,2023,,,,,,,16 TB,7200 RPM,3.5,
seagate ironwolf pro nas,439.99,Seagate,,,,,Seagate,Storage,2023,,,,,,,22 TB,7200 RPM,3.5,
adata xpg sx8200 pro,98.45,ADATA,,,,,ADATA,Storage,2023,,,,,,,1 TB,SSD,M.2-2280,M.2 PCIe 3.0 X4
corsair mp700 pro,299.99,Corsair,,,,,Corsair,Storage,2023,,,,,,,2 TB,SSD,M.2-2280,M.2 PCIe 5.0 X4
western digital black sn850x w/heatsink,149.99,Western Digital,,,,,Western,Storage,2023,,,,,,,2 TB,SSD,M.2-2280,M.2 PCIe 4.0 X4
gigabyte aorus gen4 7300,123.05,Gigabyte,,,,,Gigabyte,Storage,2023,,,,,,,1 TB,SSD,M.2-2280,M.2 PCIe 4.0 X4
sabrent rocket 4 plus,219.99,Sabrent,,,,,Sabrent,Storage,2023,,,,,,,2 TB,SSD,M.2-2280,M.2 PCIe 4.0 X4
leven jps800,104.99,Leven,,,,,Leven,Storage,2023,,,,,,,2 TB,SSD,M.2-2280,M.2 PCIe 4.0 X4
corsair mp700 pro,574.99,Corsair,,,,,Corsair,Storage,2023,,,,,,,4 TB,SSD,M.2-2280,M.2 PCIe 5.0 X4
western digital av-gp,24.98,Western Digital,,,,,Western,Storage,2023,,,,,,,1 TB,5400 RPM,3.5,
western digital blue sn550,133.0,Western Digital,,,,,Western,Storage,2023,,,,,,,1 TB,SSD,M.2-2280,M.2 PCIe 3.0 X4
mushkin vortex redline,77.98,Mushkin,,,,,Mushkin,Storage,2023,,,,,,,1 TB,SSD,M.2-2280,M.2 PCIe 4.0 X4
corsair mp600,108.99,Corsair,,,,,Corsair,Storage,2023,,,,,,,2 TB,SSD,M.2-2280,M.2 PCIe 4.0 X4
seagate constellation es.3,25.5,Seagate,,,,,Seagate,Storage,2023,,,,,,,1 TB,7200 RPM,3.5,
seagate ironwolf nas,175.99,Seagate,,,,,Seagate,Storage,2023,,,,,,,8 TB,7200 RPM,3.5,
seagate barracuda q5,63.99,Seagate,,,,,Seagate,Storage,2023,,,,,,,1 TB,SSD,M.2-2280,M.2 PCIe 3.0 X4
silicon power p34a60,61.99,Silicon Power,,,,,Silicon,Storage,2023,,,,,,,1 TB,SSD,M.2-2280,M.2 PCIe 3.0 X4
seagate exos x20,379.99,Seagate,,,,,Seagate,Storage,2023,,,,,,,20 TB,7200 RPM,3.5,
kingston kc3000,70.98,Kingston,,,,,Kingston,Storage,2023,,,,,,,512 GB,SSD,M.2-2280,M.2 PCIe 4.0 X4
western digital blue,80.98,Western Digital,,,,,Western,Storage,2023,,,,,,,500 GB,SSD,2.5,
corsair mp700,149.99,Corsair,,,,,Corsair,Storage,2023,,,,,,,1 TB,SSD,M.2-2280,M.2 PCIe 5.0 X4
western digital red,89.99,Western Digital,,,,,Western,Storage,2023,,,,,,,4 TB,5400 RPM,3.5,
intel 670p,83.5,Intel,,,,,Intel,Storage,2023,,,,,,,1 TB,SSD,M.2-2280,M.2 PCIe 3.0 X4
gigabyte aorus gen4 7300,209.7,Gigabyte,,,,,Gigabyte,Storage,2023,,,,,,,2 TB,SSD,M.2-2280,M.2 PCIe 4.0 X4
western digital blue,124.95,Western Digital,,,,,Western,Storage,2023,,,,,,,8 TB,5640 RPM,3.5,
silicon power a60,113.99,Silicon Power,,,,,Silicon,Storage,2023,,,,,,,2 TB,SSD,M.2-2280,M.2 PCIe 3.0 X4
seagate ironwolf pro nas,409.99,Seagate,,,,,Seagate,Storage,2023,,,,,,,20 TB,7200 RPM,3.5,
corsair mp700,248.99,Corsair,,,,,Corsair,Storage,2023,,,,,,,2 TB,SSD,M.2-2280,M.2 PCIe 5.0 X4
samsung 870 qvo,344.99,Samsung,,,,,Samsung,Storage,2023,,,,,,,4 TB,SSD,2.5,
crucial p2,89.99,Crucial,,,,,Crucial,Storage,2023,,,,,,,1 TB,SSD,M.2-2280,M.2 PCIe 3.0 X4
silicon power a55,97.99,Silicon Power,,,,,Silicon,Storage,2023,,,,,,,2 TB,SSD,2.5,
western digital red plus,239.99,Western Digital,,,,,Western,Storage,2023,,,,,,,12 TB,7200 RPM,3.5,
western digital black sn770,49.99,Western Digital,,,,,Western,Storage,2023,,,,,,,250 GB,SSD,M.2-2280,M.2 PCIe 4.0 X4
western digital blue,39.22,Western Digital,,,,,Western,Storage,2023,,,,,,,1 TB,5400 RPM,3.5,
samsung 870 qvo,113.1,Samsung,,,,,Samsung,Storage,2023,,,,,,,1 TB,SSD,2.5,
patriot p310,35.99,Patriot,,,,,Patriot,Storage,2023,,,,,,,480 GB,SSD,M.2-2280,M.2 PCIe 3.0 X4
teamgroup t-force vulcan z,206.99,TEAMGROUP,,,,,TEAMGROUP,Storage,2023,,,,,,,4 TB,SSD,2.5,
adata xpg gammix s7,59.99,ADATA,,,,,ADATA,Storage,2023,,,,,,,1 TB,SSD,M.2-2280,M.2 PCIe 3.0 X4
corsair mp700 pro w/heatsink,594.99,Corsair,,,,,Corsair,Storage,2023,,,,,,,4 TB,SSD,M.2-2280,M.2 PCIe 5.0 X4
seagate constellation cs,49.99,Seagate,,,,,Seagate,Storage,2023,,,,,,,3 TB,7200 RPM,3.5,
sandisk ssd plus,74.99,SanDisk,,,,,SanDisk,Storage,2023,,,,,,,1 TB,SSD,2.5,
western digital wd_black,99.99,Western Digital,,,,,Western,Storage,2023,,,,,,,2 TB,7200 RPM,3.5,
kingston fury renegade,334.52,Kingston,,,,,Kingston,Storage,2023,,,,,,,4 TB,SSD,M.2-2280,M.2 PCIe 4.0 X4
western digital green sn350,59.99,Western Digital,,,,,Western,Storage,2023,,,,,,,960 GB,SSD,M.2-2280,M.2 PCIe 3.0 X4
corsair mp700 pro,179.99,Corsair,,,,,Corsair,Storage,2023,,,,,,,1 TB,SSD,M.2-2280,M.2 PCIe 5.0 X4
intel 660p,75.0,Intel,,,,,Intel,Storage,2023,,,,,,,1.02 TB,SSD,M.2-2280,M.2 PCIe 3.0 X4
western digital green sn350,39.99,Western Digital,,,,,Western,Storage,2023,,,,,,,480 GB,SSD,M.2-2280,M.2 PCIe 3.0 X4
leven js600,184.99,Leven,,,,,Leven,Storage,2023,,,,,,,4 TB,SSD,2.5,
mushkin helix-l,37.99,Mushkin,,,,,Mushkin,Storage,2023,,,,,,,512 GB,SSD,M.2-2280,M.2 PCIe 4.0 X4
seagate barracuda,139.96,Seagate,,,,,Seagate,Storage,2023,,,,,,,5 TB,5400 RPM,2.5,
pny cs1030,79.6,PNY,,,,,PNY,Storage,2023,,,,,,,1 TB,SSD,M.2-2280,M.2 PCIe 3.0 X4
teamgroup cx2,102.99,TEAMGROUP,,,,,TEAMGROUP,Storage,2023,,,,,,,2 TB,SSD,2.5,
patriot p310,21.99,Patriot,,,,,Patriot,Storage,2023,,,,,,,240 GB,SSD,M.2-2280,M.2 PCIe 3.0 X4
seagate barracuda pro,217.78,Seagate,,,,,Seagate,Storage,2023,,,,,,,10 TB,7200 RPM,3.5,
crucial bx500,28.99,Crucial,,,,,Crucial,Storage,2023,,,,,,,240 GB,SSD,2.5,
silicon power a55,32.99,Silicon Power,,,,,Silicon,Storage,2023,,,,,,,512 GB,SSD,2.5,
seagate barracuda,81.5,Seagate,,,,,Seagate,Storage,2023,,,,,,,2 TB,5400 RPM,2.5,
sk hynix gold p31,94.99,SK Hynix,,,,,SK,Storage,2023,,,,,,,1 TB,SSD,M.2-2280,M.2 PCIe 3.0 X4
leven js600,53.99,Leven,,,,,Leven,Storage,2023,,,,,,,1 TB,SSD,2.5,
seagate firecuda 540,307.62,Seagate,,,,,Seagate,Storage,2023,,,,,,,2 TB,SSD,M.2-2280,M.2 PCIe 5.0 X4
western digital blue sn550,92.98,Western Digital,,,,,Western,Storage,2023,,,,,,,500 GB,SSD,M.2-2280,M.2 PCIe 3.0 X4
sabrent rocket 5,339.99,Sabrent,,,,,Sabrent,Storage,2023,,,,,,,2 TB,SSD,M.2-2280,M.2 PCIe 5.0 X4
sabrent rocket 4 plus,119.99,Sabrent,,,,,Sabrent,Storage,2023,,,,,,,1 TB,SSD,M.2-2280,M.2 PCIe 4.0 X4
crucial p5 plus w/heatsink,172.47,Crucial,,,,,Crucial,Storage,2023,,,,,,,2 TB,SSD,M.2-2280,M.2 PCIe 4.0 X4
seagate firecuda 530,115.0,Seagate,,,,,Seagate,Storage,2023,,,,,,,1 TB,SSD,M.2-2280,M.2 PCIe 4.0 X4
corsair mp700 pro w/heatsink,279.99,Corsair,,,,,Corsair,Storage,2023,,,,,,,2 TB,SSD,M.2-2280,M.2 PCIe 5.0 X4
gigabyte aorus gen4 7000s,92.43,Gigabyte,,,,,Gigabyte,Storage,2023,,,,,,,1 TB,SSD,M.2-2280,M.2 PCIe 4.0 X4
seagate exos x22,479.99,Seagate,,,,,Seagate,Storage,2023,,,,,,,22 TB,7200 RPM,3.5,
seagate barracuda compute,64.98,Seagate,,,,,Seagate,Storage,2023,,,,,,,2 TB,7200 RPM,3.5,
msi spatium m460,72.98,MSI,,,,,MSI,Storage,2023,,,,,,,1 TB,SSD,M.2-2280,M.2 PCIe 4.0 X4
western digital red pro,418.99,Western Digital,,,,,Western,Storage,2023,,,,,,,22 TB,7200 RPM,3.5,
crucial t500 w/heatsink,99.99,Crucial,,,,,Crucial,Storage,2023,,,,,,,1 TB,SSD,M.2-2280,M.2 PCIe 4.0 X4
samsung 970 pro,389.99,Samsung,,,,,Samsung,Storage,2023,,,,,,,1 TB,SSD,M.2-2280,M.2 PCIe 3.0 X4
verbatim vi5000,78.5,Verbatim,,,,,Verbatim,Storage,2023,,,,,,,1 TB,SSD,M.2-2280,M.2 PCIe 4.0 X4
seagate ironwolf nas,228.0,Seagate,,,,,Seagate,Storage,2023,,,,,,,14 TB,7200 RPM,3.5,
intel optane p1600x,70.98,Intel,,,,,Intel,Storage,2023,,,,,,,118 GB,SSD,M.2-2280,M.2 PCIe 3.0 X4
samsung 960 pro,689.95,Samsung,,,,,Samsung,Storage,2023,,,,,,,2 TB,SSD,M.2-2280,M.2 PCIe 3.0 X4
crucial p5 plus w/heatsink,93.99,Crucial,,,,,Crucial,Storage,2023,,,,,,,1 TB,SSD,M.2-2280,M.2 PCIe 4.0 X4
seagate barracuda pro compute,63.99,Seagate,,,,,Seagate,Storage,2023,,,,,,,1 TB,7200 RPM,2.5,
western digital black sn750,646.48,Western Digital,,,,,Western,Storage,2023,,,,,,,4 TB,SSD,M.2-2280,M.2 PCIe 3.0 X4
seagate barracuda compute,84.99,Seagate,,,,,Seagate,Storage,2023,,,,,,,4 TB,5400 RPM,3.5,
visiontek 901414,1566.2,VisionTek,,,,,VisionTek,Storage,2023,,,,,,,8 TB,SSD,2.5,
western digital red plus,127.61,Western Digital,,,,,Western,Storage,2023,,,,,,,6 TB,5400 RPM,3.5,
silicon power p34a60,27.99,Silicon Power,,,,,Silicon,Storage,2023,,,,,,,256 GB,SSD,M.2-2280,M.2 PCIe 3.0 X4
teamgroup t-force vulcan z,20.99,TEAMGROUP,,,,,TEAMGROUP,Storage,2023,,,,,,,256 GB,SSD,2.5,
western digital gold,459.99,Western Digital,,,,,Western,Storage,2023,,,,,,,22 TB,7200 RPM,3.5,
adata legend 960,163.8,ADATA,,,,,ADATA,Storage,2023,,,,,,,2 TB,SSD,M.2-2280,M.2 PCIe 4.0 X4
solidigm p44 pro,67.95,Solidigm,,,,,Solidigm,Storage,2023,,,,,,,512 GB,SSD,M.2-2280,M.2 PCIe 4.0 X4
samsung 960 evo,109.99,Samsung,,,,,Samsung,Storage,2023,,,,,,,500 GB,SSD,M.2-2280,M.2 PCIe 3.0 X4
toshiba mg10 512e,339.0,Toshiba,,,,,Toshiba,Storage,2023,,,,,,,20 TB,7200 RPM,3.5,
hitachi ultrastar he8,1087.0,Hitachi,,,,,Hitachi,Storage,2023,,,,,,,8 TB,7200 RPM,3.5,
seagate firecuda,149.0,Seagate,,,,,Seagate,Storage,2023,,,,,,,2 TB,Hybrid,3.5,
corsair mp600 force series gen4,208.7,Corsair,,,,,Corsair,Storage,2023,,,,,,,1 TB,SSD,M.2-2280,M.2 PCIe 3.0 X4
intel dc p3600,1850.0,Intel,,,,,Intel,Storage,2023,,,,,,,800 GB,SSD,PCIe,PCIe x4
samsung 970 evo,99.99,Samsung,,,,,Samsung,Storage,2023,,,,,,,250 GB,SSD,M.2-2280,M.2 PCIe 3.0 X4
seagate surveillance hdd,307.37,Seagate,,,,,Seagate,Storage,2023,,,,,,,8 TB,7200 RPM,3.5,
adata legend 850 lite,112.99,ADATA,,,,,ADATA,Storage,2023,,,,,,,2 TB,SSD,M.2-2280,M.2 PCIe 4.0 X4
gigabyte aorus gen4,169.0,Gigabyte,,,,,Gigabyte,Storage,2023,,,,,,,1 TB,SSD,M.2-2280,M.2 PCIe 4.0 X4
seagate exos x18,284.99,Seagate,,,,,Seagate,Storage,2023,,,,,,,16 TB,7200 RPM,3.5,
agi ai198,44.0,AGI,,,,,AGI,Storage,2023,,,,,,,512 GB,SSD,M.2-2280,M.2 PCIe 3.0 X4
crucial t700 w/heatsink,164.99,Crucial,,,,,Crucial,Storage,2023,,,,,,,1 TB,SSD,M.2-2280,M.2 PCIe 5.0 X4
western digital blue,84.99,Western Digital,,,,,Western,Storage,2023,,,,,,,2 TB,5400 RPM,3.5,
seagate barracuda,133.71,Seagate,,,,,Seagate,Storage,2023,,,,,,,6 TB,5400 RPM,3.5,
silicon power xs70,89.99,Silicon Power,,,,,Silicon,Storage,2023,,,,,,,1 TB,SSD,M.2-2280,M.2 PCIe 4.0 X4
gigabyte gp-gstfs31480gntd,43.8,Gigabyte,,,,,Gigabyte,Storage,2023,,,,,,,480 GB,SSD,2.5,
seagate ironwolf nas,223.11,Seagate,,,,,Seagate,Storage,2023,,,,,,,10 TB,7200 RPM,3.5,
seagate barracuda,63.99,Seagate,,,,,Seagate,Storage,2023,,,,,,,1 TB,5400 RPM,2.5,
western digital pc sn730,39.0,Western Digital,,,,,Western,Storage,2023,,,,,,,512 GB,SSD,M.2-2280,M.2 PCIe 3.0 X4
intel 660p,74.95,Intel,,,,,Intel,Storage,2023,,,,,,,1 TB,SSD,M.2-2280,M.2 PCIe 3.0 X4
western digital black sn850,220.11,Western Digital,,,,,Western,Storage,2023,,,,,,,2 TB,SSD,M.2-2280,M.2 PCIe 4.0 X4
seagate barracuda q5,123.0,Seagate,,,,,Seagate,Storage,2023,,,,,,,2 TB,SSD,M.2-2280,M.2 PCIe 3.0 X4
transcend 110s,24.99,Transcend,,,,,Transcend,Storage,2023,,,,,,,128 GB,SSD,M.2-2280,M.2 PCIe 3.0 X4
patriot burst elite,17.98,Patriot,,,,,Patriot,Storage,2023,,,,,,,240 GB,SSD,2.5,
corsair mp600 pro lpx,164.99,Corsair,,,,,Corsair,Storage,2023,,,,,,,2 TB,SSD,M.2-2280,M.2 PCIe 4.0 X4
crucial p5,119.99,Crucial,,,,,Crucial,Storage,2023,,,,,,,1 TB,SSD,M.2-2280,M.2 PCIe 3.0 X4
patriot viper vp4300 lite,66.98,Patriot,,,,,Patriot,Storage,2023,,,,,,,1 TB,SSD,M.2-2280,M.2 PCIe 4.0 X4
western digital red pro,303.99,Western Digital,,,,,Western,Storage,2023,,,,,,,16 TB,7200 RPM,3.5,
samsung 850 pro,155.0,Samsung,,,,,Samsung,Storage,2023,,,,,,,256 GB,SSD,2.5,
adata legend 850 lite,68.98,ADATA,,,,,ADATA,Storage,2023,,,,,,,1 TB,SSD,M.2-2280,M.2 PCIe 4.0 X4
crucial t705 w/heatsink,194.99,Crucial,,,,,Crucial,Storage,2023,,,,,,,1 TB,SSD,M.2-2280,M.2 PCIe 5.0 X4
teamgroup t-create classic dl,68.98,TEAMGROUP,,,,,TEAMGROUP,Storage,2023,,,,,,,1 TB,SSD,M.2-2280,M.2 PCIe 4.0 X4
inland tn450,46.99,Inland,,,,,Inland,Storage,2023,,,,,,,500 GB,SSD,M.2-2280,M.2 PCIe 4.0 X4
kioxia exceria,89.5,KIOXIA,,,,,KIOXIA,Storage,2023,,,,,,,500 GB,SSD,M.2-2280,M.2 PCIe 3.0 X4
inland professional,20.99,Inland,,,,,Inland,Storage,2023,,,,,,,120 GB,SSD,2.5,
inland performance plus,281.99,Inland,,,,,Inland,Storage,2023,,,,,,,4 TB,SSD,M.2-2280,M.2 PCIe 4.0 X4
seagate firecuda 530,827.0,Seagate,,,,,Seagate,Storage,2023,,,,,,,4 TB,SSD,M.2-2280,M.2 PCIe 4.0 X4
kingston fury renegade,78.48,Kingston,,,,,Kingston,Storage,2023,,,,,,,500 GB,SSD,M.2-2280,M.2 PCIe 4.0 X4
western digital caviar green,52.99,Western Digital,,,,,Western,Storage,2023,,,,,,,1 TB,5400 RPM,3.5,
western digital blue,49.99,Western Digital,,,,,Western,Storage,2023,,,,,,,250 GB,SSD,2.5,
western digital blue,184.44,Western Digital,,,,,Western,Storage,2023,,,,,,,2 TB,SSD,2.5,
western digital black an1500,200.0,Western Digital,,,,,Western,Storage,2023,,,,,,,2 TB,SSD,PCIe,PCIe x8
western digital red plus,219.99,Western Digital,,,,,Western,Storage,2023,,,,,,,8 TB,7200 RPM,3.5,
teamgroup gx2,61.99,TEAMGROUP,,,,,TEAMGROUP,Storage,2023,,,,,,,1 TB,SSD,2.5,
adata legend 700,101.91,ADATA,,,,,ADATA,Storage,2023,,,,,,,1 TB,SSD,M.2-2280,M.2 PCIe 3.0 X4
pny cs900,29.7,PNY,,,,,PNY,Storage,2023,,,,,,,250 GB,SSD,2.5,
kioxia exceria pro,259.33,KIOXIA,,,,,KIOXIA,Storage,2023,,,,,,,2 TB,SSD,M.2-2280,M.2 PCIe 4.0 X4
corsair mp600,108.99,Corsair,,,,,Corsair,Storage,2023,,,,,,,1 TB,SSD,M.2-2280,M.2 PCIe 4.0 X4
adata xpg gammix s70 blade,279.99,ADATA,,,,,ADATA,Storage,2023,,,,,,,4 TB,SSD,M.2-2280,M.2 PCIe 4.0 X4
acer fa100,114.99,Acer,,,,,Acer,Storage,2023,,,,,,,2 TB,SSD,M.2-2280,M.2 PCIe 3.0 X4
adata legend 960 max,89.99,ADATA,,,,,ADATA,Storage,2023,,,,,,,1 TB,SSD,M.2-2280,M.2 PCIe 4.0 X4
toshiba mg09 512e,319.99,Toshiba,,,,,Toshiba,Storage,2023,,,,,,,18 TB,7200 RPM,3.5,
silicon power xs70,269.99,Silicon Power,,,,,Silicon,Storage,2023,,,,,,,4 TB,SSD,M.2-2280,M.2 PCIe 4.0 X4
toshiba x300,114.99,Toshiba,,,,,Toshiba,Storage,2023,,,,,,,4 TB,7200 RPM,3.5,
western digital blue sa510,56.99,Western Digital,,,,,Western,Storage,2023,,,,,,,500 GB,SSD,2.5,
kingspec xg7000 pro,79.99,KingSpec,,,,,KingSpec,Storage,2023,,,,,,,1 TB,SSD,M.2-2280,M.2 PCIe 4.0 X4
toshiba dt01aca050,33.72,Toshiba,,,,,Toshiba,Storage,2023,,,,,,,500 GB,7200 RPM,3.5,
seagate barracuda compute,81.5,Seagate,,,,,Seagate,Storage,2023,,,,,,,2 TB,5400 RPM,2.5,
western digital sn530,59.99,Western Digital,,,,,Western,Storage,2023,,,,,,,512 GB,SSD,M.2-2280,M.2 PCIe 3.0 X4
western digital ultrastar dc hc520,274.85,Western Digital,,,,,Western,Storage,2023,,,,,,,12 TB,7200 RPM,3.5,
corsair mp600 pro lpx,399.99,Corsair,,,,,Corsair,Storage,2023,,,,,,,4 TB,SSD,M.2-2280,M.2 PCIe 4.0 X4
toshiba p300,99.45,Toshiba,,,,,Toshiba,Storage,2023,,,,,,,3 TB,7200 RPM,3.5,
klevv cras c710,39.99,Klevv,,,,,Klevv,Storage,2023,,,,,,,512 GB,SSD,M.2-2280,M.2 PCIe 3.0 X4
verbatim vi5000,134.44,Verbatim,,,,,Verbatim,Storage,2023,,,,,,,2 TB,SSD,M.2-2280,M.2 PCIe 4.0 X4
timetec 35ttfp6pcie,37.99,Timetec,,,,,Timetec,Storage,2023,,,,,,,512 GB,SSD,M.2-2280,M.2 PCIe 3.0 X4
kingston fury renegade with heat sink,406.3,Kingston,,,,,Kingston,Storage,2023,,,,,,,4 TB,SSD,M.2-2280,M.2 PCIe 4.0 X4
western digital blue,468.57,Western Digital,,,,,Western,Storage,2023,,,,,,,4 TB,SSD,2.5,
western digital blue sn580,46.99,Western Digital,,,,,Western,Storage,2023,,,,,,,250 GB,SSD,M.2-2280,M.2 PCIe 4.0 X4
seagate st500lm000,22.99,Seagate,,,,,Seagate,Storage,2023,,,,,,,500 GB,Hybrid,2.5,
western digital velociraptor,197.26,Western Digital,,,,,Western,Storage,2023,,,,,,,1 TB,10000 RPM,3.5,
adata su800,96.6,ADATA,,,,,ADATA,Storage,2023,,,,,,,1 TB,SSD,2.5,
adata ultimate su650,26.29,ADATA,,,,,ADATA,Storage,2023,,,,,,,240 GB,SSD,2.5,
sabrent rocket,44.99,Sabrent,,,,,Sabrent,Storage,2023,,,,,,,512 GB,SSD,M.2-2280,M.2 PCIe 3.0 X4
patriot burst elite,28.99,Patriot,,,,,Patriot,Storage,2023,,,,,,,480 GB,SSD,2.5,
sandisk ssd plus,64.15,SanDisk,,,,,SanDisk,Storage,2023,,,,,,,120 GB,SSD,2.5,
western digital gold,379.99,Western Digital,,,,,Western,Storage,2023,,,,,,,18 TB,7200 RPM,3.5,
seagate st500lm021,25.99,Seagate,,,,,Seagate,Storage,2023,,,,,,,500 GB,7200 RPM,2.5,
teamgroup t-create classic,111.99,TEAMGROUP,,,,,TEAMGROUP,Storage,2023,,,,,,,2 TB,SSD,M.2-2280,M.2 PCIe 3.0 X4
seagate ironwolf pro nas,154.99,Seagate,,,,,Seagate,Storage,2023,,,,,,,4 TB,7200 RPM,3.5,
seagate st4000nm0024,80.0,Seagate,,,,,Seagate,Storage,2023,,,,,,,4 TB,7200 RPM,3.5,
kingspec vp101,137.99,KingSpec,,,,,KingSpec,Storage,2023,,,,,,,1 TB,SSD,M.2-2280,M.2 PCIe 5.0 X4
inland professional,25.99,Inland,,,,,Inland,Storage,2023,,,,,,,240 GB,SSD,2.5,
pny cs1030,33.71,PNY,,,,,PNY,Storage,2023,,,,,,,250 GB,SSD,M.2-2280,M.2 PCIe 3.0 X4
western digital blue,47.0,Western Digital,,,,,Western,Storage,2023,,,,,,,1 TB,5400 RPM,2.5,
lexar nm620,74.98,Lexar,,,,,Lexar,Storage,2023,,,,,,,1 TB,SSD,M.2-2280,M.2 PCIe 3.0 X4
western digital red sn700,329.99,Western Digital,,,,,Western,Storage,2023,,,,,,,4 TB,SSD,M.2-2280,M.2 PCIe 3.0 X4
samsung 850 pro,190.0,Samsung,,,,,Samsung,Storage,2023,,,,,,,512 GB,SSD,2.5,
gigabyte gen3 2500e,56.5,Gigabyte,,,,,Gigabyte,Storage,2023,,,,,,,500 GB,SSD,M.2-2280,M.2 PCIe 3.0 X4
intel dc p3700,1200.0,Intel,,,,,Intel,Storage,2023,,,,,,,800 GB,SSD,PCIe,PCIe x4
crucial mx300,179.99,Crucial,,,,,Crucial,Storage,2023,,,,,,,525 GB,SSD,2.5,
kingston a400,40.99,Kingston,,,,,Kingston,Storage,2023,,,,,,,120 GB,SSD,M.2-2280,M.2 SATA
patriot p400 lite,109.99,Patriot,,,,,Patriot,Storage,2023,,,,,,,2 TB,SSD,M.2-2280,M.2 PCIe 4.0 X4
nextorage nem-pa,89.99,Nextorage,,,,,Nextorage,Storage,2023,,,,,,,1 TB,SSD,M.2-2280,M.2 PCIe 4.0 X4
toshiba s300,126.87,Toshiba,,,,,Toshiba,Storage,2023,,,,,,,4 TB,5400 RPM,3.5,
adata legend 970,289.99,ADATA,,,,,ADATA,Storage,2023,,,,,,,2 TB,SSD,M.2-2280,M.2 PCIe 5.0 X4
silicon power su128gbss3a55s25ae,20.99,Silicon Power,,,,,Silicon,Storage,2023,,,,,,,128 GB,SSD,2.5,
transcend mte245s,76.78,Transcend,,,,,Transcend,Storage,2023,,,,,,,1 TB,SSD,M.2-2280,M.2 PCIe 4.0 X4
western digital wd_black sn850p for ps5,347.99,Western Digital,,,,,Western,Storage,2023,,,,,,,4 TB,SSD,M.2-2280,M.2 PCIe 4.0 X4
western digital black sn750 se,45.0,Western Digital,,,,,Western,Storage,2023,,,,,,,250 GB,SSD,M.2-2280,M.2 PCIe 4.0 X4
seagate ironwolf pro,426.39,Seagate,,,,,Seagate,Storage,2023,,,,,,,20 TB,7200 RPM,3.5,
western digital black,185.0,Western Digital,,,,,Western,Storage,2023,,,,,,,4 TB,7200 RPM,3.5,
toshiba x300,141.99,Toshiba,,,,,Toshiba,Storage,2023,,,,,,,6 TB,7200 RPM,3.5,
western digital purple,112.0,Western Digital,,,,,Western,Storage,2023,,,,,,,4 TB,5400 RPM,3.5,
kingston q500,59.81,Kingston,,,,,Kingston,Storage,2023,,,,,,,960 GB,SSD,2.5,
seagate exos 7e10 512e/4kn,169.99,Seagate,,,,,Seagate,Storage,2023,,,,,,,8 TB,7200 RPM,3.5,
seagate exos x16,370.0,Seagate,,,,,Seagate,Storage,2023,,,,,,,14 TB,7200 RPM,3.5,
western digital red pro,129.99,Western Digital,,,,,Western,Storage,2023,,,,,,,4 TB,7200 RPM,3.5,
teamgroup ax2,32.99,TEAMGROUP,,,,,TEAMGROUP,Storage,2023,,,,,,,512 GB,SSD,2.5,
western digital gold,180.0,Western Digital,,,,,Western,Storage,2023,,,,,,,4 TB,7200 RPM,3.5,
teamgroup t-force ge pro,259.99,TEAMGROUP,,,,,TEAMGROUP,Storage,2023,,,,,,,2 TB,SSD,M.2-2280,M.2 PCIe 5.0 X4
sabrent rocket 4,199.99,Sabrent,,,,,Sabrent,Storage,2023,,,,,,,2 TB,SSD,M.2-2280,M.2 PCIe 4.0 X4
fanxiang s880,269.99,FanXiang,,,,,FanXiang,Storage,2023,,,,,,,4 TB,SSD,M.2-2280,M.2 PCIe 4.0 X4
teamgroup t-force cardea z44l,35.99,TEAMGROUP,,,,,TEAMGROUP,Storage,2023,,,,,,,250 GB,SSD,M.2-2280,M.2 PCIe 4.0 X4
pny cs2230,61.77,PNY,,,,,PNY,Storage,2023,,,,,,,500 GB,SSD,M.2-2280,M.2 PCIe 3.0 X4
sabrent rocket 4,99.99,Sabrent,,,,,Sabrent,Storage,2023,,,,,,,1 TB,SSD,M.2-2280,M.2 PCIe 4.0 X4
corsair mp600 pro lpx,339.99,Corsair,,,,,Corsair,Storage,2023,,,,,,,4 TB,SSD,M.2-2280,M.2 PCIe 4.0 X4
western digital red,238.38,Western Digital,,,,,Western,Storage,2023,,,,,,,8 TB,5400 RPM,3.5,
teamgroup qx,31.99,TEAMGROUP,,,,,TEAMGROUP,Storage,2023,,,,,,,512 GB,SSD,2.5,
nextorage nem-pa,149.99,Nextorage,,,,,Nextorage,Storage,2023,,,,,,,2 TB,SSD,M.2-2280,M.2 PCIe 4.0 X4
kingston kc600,183.17,Kingston,,,,,Kingston,Storage,2023,,,,,,,2.048 TB,SSD,2.5,
seagate ironwolf pro nas,201.0,Seagate,,,,,Seagate,Storage,2023,,,,,,,8 TB,7200 RPM,3.5,
silicon power p34a60,23.99,Silicon Power,,,,,Silicon,Storage,2023,,,,,,,128 GB,SSD,M.2-2280,M.2 PCIe 3.0 X4
inland professional,39.99,Inland,,,,,Inland,Storage,2023,,,,,,,512 GB,SSD,2.5,
teamgroup qx,55.99,TEAMGROUP,,,,,TEAMGROUP,Storage,2023,,,,,,,1 TB,SSD,2.5,
western digital av-25,32.47,Western Digital,,,,,Western,Storage,2023,,,,,,,1 TB,5400 RPM,2.5,
corsair mp600 elite w/heatsink,184.99,Corsair,,,,,Corsair,Storage,2023,,,,,,,2 TB,SSD,M.2-2280,M.2 PCIe 4.0 X4
kingspec xg7000,119.99,KingSpec,,,,,KingSpec,Storage,2023,,,,,,,2 TB,SSD,M.2-2242,M.2 PCIe 4.0 X4
pny cs3140,299.99,PNY,,,,,PNY,Storage,2023,,,,,,,4 TB,SSD,M.2-2280,M.2 PCIe 4.0 X4
samsung pm961,74.0,Samsung,,,,,Samsung,Storage,2023,,,,,,,128 GB,SSD,M.2-2280,M.2 PCIe 3.0 X4
toshiba l200,59.99,Toshiba,,,,,Toshiba,Storage,2023,,,,,,,2 TB,5400 RPM,2.5,
adata legend 850,73.99,ADATA,,,,,ADATA,Storage,2023,,,,,,,1 TB,SSD,M.2-2280,M.2 PCIe 4.0 X4
toshiba mq01abd-v,33.89,Toshiba,,,,,Toshiba,Storage,2023,,,,,,,1 TB,5400 RPM,2.5,
teamgroup t-force g70 pro graphene,145.99,TEAMGROUP,,,,,TEAMGROUP,Storage,2023,,,,,,,2 TB,SSD,M.2-2280,M.2 PCIe 4.0 X4
goodram px700,233.26,GOODRAM,,,,,GOODRAM,Storage,2023,,,,,,,2.048 TB,SSD,M.2-2280,M.2 PCIe 4.0 X4
western digital black sn850 w/heatsink,265.0,Western Digital,,,,,Western,Storage,2023,,,,,,,2 TB,SSD,M.2-2280,M.2 PCIe 4.0 X4
samsung 840 evo,159.99,Samsung,,,,,Samsung,Storage,2023,,,,,,,500 GB,SSD,2.5,
crucial mx500,88.67,Crucial,,,,,Crucial,Storage,2023,,,,,,,500 GB,SSD,M.2-2280,M.2 SATA
corsair mp600 elite w/heatsink,92.99,Corsair,,,,,Corsair,Storage,2023,,,,,,,1 TB,SSD,M.2-2280,M.2 PCIe 4.0 X4
hp ex900 plus,71.98,HP,,,,,HP,Storage,2023,,,,,,,1 TB,SSD,M.2-2280,M.2 PCIe 3.0 X4
western digital gold,349.99,Western Digital,,,,,Western,Storage,2023,,,,,,,16 TB,7200 RPM,3.5,
msi spatium m480,99.0,MSI,,,,,MSI,Storage,2023,,,,,,,1 TB,SSD,M.2-2280,M.2 PCIe 4.0 X4
transcend 250s,69.79,Transcend,,,,,Transcend,Storage,2023,,,,,,,1 TB,SSD,M.2-2280,M.2 PCIe 4.0 X4
seagate enterprise,124.08,Seagate,,,,,Seagate,Storage,2023,,,,,,,6 TB,7200 RPM,3.5,
gigabyte gp-gstfs31256gtnd,31.85,Gigabyte,,,,,Gigabyte,Storage,2023,,,,,,,256 GB,SSD,2.5,
kingston nv1,31.99,Kingston,,,,,Kingston,Storage,2023,,,,,,,250 GB,SSD,M.2-2280,M.2 PCIe 3.0 X4
addlink a95,939.44,Addlink,,,,,Addlink,Storage,2023,,,,,,,8 TB,SSD,M.2-2280,M.2 PCIe 4.0 X4
seagate skyhawk ai,424.5,Seagate,,,,,Seagate,Storage,2023,,,,,,,20 TB,7200 RPM,3.5,
western digital red pro,299.99,Western Digital,,,,,Western,Storage,2023,,,,,,,14 TB,7200 RPM,3.5,
intel 660p,76.0,Intel,,,,,Intel,Storage,2023,,,,,,,512 GB,SSD,M.2-2280,M.2 PCIe 3.0 X4
addlink s70,42.44,Addlink,,,,,Addlink,Storage,2023,,,,,,,512 GB,SSD,M.2-2280,M.2 PCIe 3.0 X4
verbatim vi7000g,129.99,Verbatim,,,,,Verbatim,Storage,2023,,,,,,,2 TB,SSD,M.2-2280,M.2 PCIe 4.0 X4
western digital gold,246.99,Western Digital,,,,,Western,Storage,2023,,,,,,,10 TB,7200 RPM,3.5,
western digital green,47.0,Western Digital,,,,,Western,Storage,2023,,,,,,,120 GB,SSD,M.2-2280,M.2 SATA
adata xpg sx8200 pro,59.89,ADATA,,,,,ADATA,Storage,2023,,,,,,,256 GB,SSD,M.2-2280,M.2 PCIe 3.0 X4
western digital black,235.48,Western Digital,,,,,Western,Storage,2023,,,,,,,6 TB,7200 RPM,3.5,
western digital caviar blue,72.31,Western Digital,,,,,Western,Storage,2023,,,,,,,500 GB,7200 RPM,3.5,
sk hynix sl308,70.0,SK Hynix,,,,,SK,Storage,2023,,,,,,,250 GB,SSD,2.5,
seagate barracuda 510,59.99,Seagate,,,,,Seagate,Storage,2023,,,,,,,500 GB,SSD,M.2-2280,M.2 PCIe 3.0 X4
toshiba x300,199.0,Toshiba,,,,,Toshiba,Storage,2023,,,,,,,10 TB,7200 RPM,3.5,
western digital red sa500,89.99,Western Digital,,,,,Western,Storage,2023,,,,,,,1 TB,SSD,M.2-2280,M.2 SATA
toshiba p300,110.07,Toshiba,,,,,Toshiba,Storage,2023,,,,,,,4 TB,5400 RPM,3.5,
samsung spinpoint m8,38.36,Samsung,,,,,Samsung,Storage,2023,,,,,,,1 TB,5400 RPM,2.5,
samsung pm893,496.75,Samsung,,,,,Samsung,Storage,2023,,,,,,,3.84 TB,SSD,2.5,
patriot viper vp4300,169.99,Patriot,,,,,Patriot,Storage,2023,,,,,,,2 TB,SSD,M.2-2280,M.2 PCIe 4.0 X4
adata xpg sx6000,78.75,ADATA,,,,,ADATA,Storage,2023,,,,,,,128 GB,SSD,M.2-2280,M.2 PCIe 3.0 X2
toshiba p300,73.86,Toshiba,,,,,Toshiba,Storage,2023,,,,,,,2 TB,5400 RPM,3.5,
verbatim vi560,57.07,Verbatim,,,,,Verbatim,Storage,2023,,,,,,,512 GB,SSD,M.2-2280,M.2 SATA
transcend mte240s,57.45,Transcend,,,,,Transcend,Storage,2023,,,,,,,500 GB,SSD,M.2-2280,M.2 PCIe 4.0 X4
mushkin pilot-e,153.07,Mushkin,,,,,Mushkin,Storage,2023,,,,,,,2 TB,SSD,M.2-2280,M.2 PCIe 3.0 X4
samsung pm893,77.09,Samsung,,,,,Samsung,Storage,2023,,,,,,,240 GB,SSD,2.5,
western digital gold,319.99,Western Digital,,,,,Western,Storage,2023,,,,,,,14 TB,7200 RPM,3.5,
teamgroup gx1,42.99,TEAMGROUP,,,,,TEAMGROUP,Storage,2023,,,,,,,240 GB,SSD,2.5,
pny xlr8 cs3140 w/heatsink,628.05,PNY,,,,,PNY,Storage,2023,,,,,,,2 TB,SSD,M.2-2280,M.2 PCIe 4.0 X4
western digital caviar blue,99.72,Western Digital,,,,,Western,Storage,2023,,,,,,,1 TB,7200 RPM,3.5,
verbatim vi7000g,79.98,Verbatim,,,,,Verbatim,Storage,2023,,,,,,,1 TB,SSD,M.2-2280,M.2 PCIe 4.0 X4
corsair cssd-f4000gbmp600pxt,400.99,Corsair,,,,,Corsair,Storage,2023,,,,,,,4 TB,SSD,M.2-2280,M.2 PCIe 4.0 X4
seagate momentus 5400.6,29.99,Seagate,,,,,Seagate,Storage,2023,,,,,,,250 GB,5400 RPM,2.5,
seagate barracuda,33.5,Seagate,,,,,Seagate,Storage,2023,,,,,,,500 GB,5400 RPM,2.5,
intenso 3812440,26.95,Intenso,,,,,Intenso,Storage,2023,,,,,,,256 GB,SSD,2.5,
western digital red sn700,311.0,Western Digital,,,,,Western,Storage,2023,,,,,,,2 TB,SSD,M.2-2280,M.2 PCIe 3.0 X4
western digital gold,419.99,Western Digital,,,,,Western,Storage,2023,,,,,,,20 TB,7200 RPM,3.5,
kingston a400,50.99,Kingston,,,,,Kingston,Storage,2023,,,,,,,480 GB,SSD,M.2-2280,M.2 SATA
teamgroup mp44,58.86,TEAMGROUP,,,,,TEAMGROUP,Storage,2023,,,,,,,512 GB,SSD,M.2-2280,M.2 PCIe 4.0 X4
western digital purple,73.0,Western Digital,,,,,Western,Storage,2023,,,,,,,2 TB,5400 RPM,3.5,
pny cs2130,99.99,PNY,,,,,PNY,Storage,2023,,,,,,,1 TB,SSD,M.2-2280,M.2 PCIe 3.0 X4
seagate skyhawk,89.0,Seagate,,,,,Seagate,Storage,2023,,,,,,,2 TB,5900 RPM,3.5,
pny cs900,299.99,PNY,,,,,PNY,Storage,2023,,,,,,,4 TB,SSD,2.5,
intel 760p,109.0,Intel,,,,,Intel,Storage,2023,,,,,,,1 TB,SSD,M.2-2280,M.2 PCIe 3.0 X4
seagate barracuda pro,350.0,Seagate,,,,,Seagate,Storage,2023,,,,,,,12 TB,7200 RPM,3.5,
patriot p300,29.59,Patriot,,,,,Patriot,Storage,2023,,,,,,,256 GB,SSD,M.2-2280,M.2 PCIe 3.0 X4
nextorage nn5pro,399.99,Nextorage,,,,,Nextorage,Storage,2023,,,,,,,2 TB,SSD,M.2-2280,M.2 PCIe 4.0 X8
western digital blue,86.89,Western Digital,,,,,Western,Storage,2023,,,,,,,500 GB,SSD,2.5,
verbatim vi3000,27.99,Verbatim,,,,,Verbatim,Storage,2023,,,,,,,256 GB,SSD,M.2-2280,M.2 PCIe 3.0 X4
samsung spinpoint f1 dt,99.99,Samsung,,,,,Samsung,Storage,2023,,,,,,,1 TB,7200 RPM,3.5,
western digital red,123.0,Western Digital,,,,,Western,Storage,2023,,,,,,,2 TB,5400 RPM,3.5,
adata ultimate su650,31.2,ADATA,,,,,ADATA,Storage,2023,,,,,,,240 GB,SSD,M.2-2280,M.2 SATA
samsung mzvpv512hdgl-00000,204.49,Samsung,,,,,Samsung,Storage,2023,,,,,,,512 GB,SSD,M.2-2280,M.2 PCIe 3.0 X4
transcend 110s,99.99,Transcend,,,,,Transcend,Storage,2023,,,,,,,1 TB,SSD,M.2-2280,M.2 PCIe 3.0 X4
patriot p300,47.92,Patriot,,,,,Patriot,Storage,2023,,,,,,,512 GB,SSD,M.2-2280,M.2 PCIe 3.0 X4
seagate exos 7e8 512e,264.5,Seagate,,,,,Seagate,Storage,2023,,,,,,,8 TB,7200 RPM,3.5,
inland platinum,199.99,Inland,,,,,Inland,Storage,2023,,,,,,,2 TB,SSD,M.2-2280,M.2 PCIe 3.0 X4
seagate skyhawk ai,199.99,Seagate,,,,,Seagate,Storage,2023,,,,,,,8 TB,7200 RPM,3.5,
hitachi ultrastar 7k6000,87.73,Hitachi,,,,,Hitachi,Storage,2023,,,,,,,4 TB,7200 RPM,3.5,
western digital caviar black,197.98,Western Digital,,,,,Western,Storage,2023,,,,,,,4 TB,7200 RPM,3.5,
patriot p300,81.14,Patriot,,,,,Patriot,Storage,2023,,,,,,,1 TB,SSD,M.2-2280,M.2 PCIe 3.0 X4
crucial mx300,268.44,Crucial,,,,,Crucial,Storage,2023,,,,,,,2.05 TB,SSD,2.5,
seagate ironwolf nas,94.99,Seagate,,,,,Seagate,Storage,2023,,,,,,,3 TB,5400 RPM,3.5,
seagate constellation es,51.0,Seagate,,,,,Seagate,Storage,2023,,,,,,,1 TB,7200 RPM,3.5,
western digital blue,92.99,Western Digital,,,,,Western,Storage,2023,,,,,,,250 GB,SSD,2.5,
fantom drives venom8,144.94,Fantom Drives,,,,,Fantom,Storage,2023,,,,,,,2 TB,SSD,M.2-2280,M.2 PCIe 4.0 X4
sandisk x400,164.0,SanDisk,,,,,SanDisk,Storage,2023,,,,,,,128 GB,SSD,M.2-2280,M.2 SATA
seagate barracuda es,58.4,Seagate,,,,,Seagate,Storage,2023,,,,,,,750 GB,7200 RPM,3.5,
seagate exos 7e10 512n,206.11,Seagate,,,,,Seagate,Storage,2023,,,,,,,6 TB,7200 RPM,3.5,
sabrent rocket 4.0,39.99,Sabrent,,,,,Sabrent,Storage,2023,,,,,,,256 GB,SSD,M.2-2230,M.2 PCIe 4.0 X4
adata xpg gammix s50 lite,300.0,ADATA,,,,,ADATA,Storage,2023,,,,,,,2 TB,SSD,M.2-2280,M.2 PCIe 4.0 X4
transcend 250h,218.02,Transcend,,,,,Transcend,Storage,2023,,,,,,,2 TB,SSD,M.2-2280,M.2 PCIe 4.0 X4
visiontek dlx4,189.98,VisionTek,,,,,VisionTek,Storage,2023,,,,,,,2 TB,SSD,M.2-2242,M.2 PCIe 4.0 X4
western digital purple,90.0,Western Digital,,,,,Western,Storage,2023,,,,,,,3 TB,5400 RPM,3.5,
toshiba ph3500u-1i72,169.0,Toshiba,,,,,Toshiba,Storage,2023,,,,,,,5 TB,7200 RPM,3.5,
lexar professional nm800pro w/heatsink,89.99,Lexar,,,,,Lexar,Storage,2023,,,,,,,1 TB,SSD,M.2-2280,M.2 PCIe 4.0 X4
adata ultimate su650,11.99,ADATA,,,,,ADATA,Storage,2023,,,,,,,120 GB,SSD,M.2-2280,M.2 SATA
inland gaming performance plus,92.99,Inland,,,,,Inland,Storage,2023,,,,,,,1 TB,SSD,M.2-2280,M.2 PCIe 4.0 X4
western digital scorpio blue,89.0,Western Digital,,,,,Western,Storage,2023,,,,,,,80 GB,5400 RPM,2.5,
seagate skyhawk surveillance +rescue,179.99,Seagate,,,,,Seagate,Storage,2023,,,,,,,8 TB,5400 RPM,3.5,
micron 9300 pro,710.0,Micron,,,,,Micron,Storage,2023,,,,,,,7.68 TB,SSD,2.5,
toshiba mg04aca100n,84.53,Toshiba,,,,,Toshiba,Storage,2023,,,,,,,1 TB,7200 RPM,3.5,
ocz colossus 2,995.0,OCZ,,,,,OCZ,Storage,2023,,,,,,,460 GB,SSD,3.5,
hitachi ultrastar 7k3000,83.42,Hitachi,,,,,Hitachi,Storage,2023,,,,,,,2 TB,7200 RPM,3.5,
western digital caviar green,229.0,Western Digital,,,,,Western,Storage,2023,,,,,,,3 TB,5400 RPM,3.5,
sandisk ultra ii,226.49,SanDisk,,,,,SanDisk,Storage,2023,,,,,,,960 GB,SSD,2.5,
adata xpg sx8100,76.09,ADATA,,,,,ADATA,Storage,2023,,,,,,,512 GB,SSD,M.2-2280,M.2 PCIe 3.0 X4
kingston dc1000b,82.59,Kingston,,,,,Kingston,Storage,2023,,,,,,,240 GB,SSD,M.2-2280,M.2 PCIe 3.0 X4
addlink s95,934.44,Addlink,,,,,Addlink,Storage,2023,,,,,,,8 TB,SSD,M.2-2280,M.2 PCIe 4.0 X4
seagate barracuda lp,118.77,Seagate,,,,,Seagate,Storage,2023,,,,,,,2 TB,5900 RPM,3.5,
hitachi ultrastar he8,309.0,Hitachi,,,,,Hitachi,Storage,2023,,,,,,,8 TB,7200 RPM,3.5,
kingston ssdnow kc400,74.98,Kingston,,,,,Kingston,Storage,2023,,,,,,,128 GB,SSD,2.5,
pny cs2130,226.61,PNY,,,,,PNY,Storage,2023,,,,,,,2 TB,SSD,M.2-2280,M.2 PCIe 3.0 X4
timetec 35ttqnm2sata,107.99,Timetec,,,,,Timetec,Storage,2023,,,,,,,2 TB,SSD,M.2-2280,M.2 SATA
transcend 250s,356.09,Transcend,,,,,Transcend,Storage,2023,,,,,,,4 TB,SSD,M.2-2280,M.2 PCIe 4.0 X4
seagate barracuda,231.58,Seagate,,,,,Seagate,Storage,2023,,,,,,,3 TB,5400 RPM,2.5,
addlink s20,64.98,Addlink,,,,,Addlink,Storage,2023,,,,,,,1 TB,SSD,2.5,
timetec 35ttqnm2sata,38.66,Timetec,,,,,Timetec,Storage,2023,,,,,,,512 GB,SSD,M.2-2280,M.2 SATA
sandisk x400,249.0,SanDisk,,,,,SanDisk,Storage,2023,,,,,,,512 GB,SSD,M.2-2280,M.2 SATA
lexar nq100,69.0,Lexar,,,,,Lexar,Storage,2023,,,,,,,960 GB,SSD,2.5,
intel 545s,45.56,Intel,,,,,Intel,Storage,2023,,,,,,,256 GB,SSD,M.2-2280,M.2 SATA
samsung pm893,187.75,Samsung,,,,,Samsung,Storage,2023,,,,,,,960 GB,SSD,2.5,
western digital red pro,199.03,Western Digital,,,,,Western,Storage,2023,,,,,,,6 TB,7200 RPM,3.5,
western digital black sn750 rev2,429.0,Western Digital,,,,,Western,Storage,2023,,,,,,,2 TB,SSD,M.2-2280,M.2 PCIe 3.0 X4
toshiba n300,349.0,Toshiba,,,,,Toshiba,Storage,2023,,,,,,,16 TB,7200 RPM,3.5,
lenovo s4520,400.64,Lenovo,,,,,Lenovo,Storage,2023,,,,,,,960 GB,SSD,3.5,
seagate skyhawk surveillance +rescue,72.98,Seagate,,,,,Seagate,Storage,2023,,,,,,,2 TB,5400 RPM,3.5,
transcend ts120gssd220s,22.59,Transcend,,,,,Transcend,Storage,2023,,,,,,,120 GB,SSD,2.5,
pny xlr8 cs3040,75.0,PNY,,,,,PNY,Storage,2023,,,,,,,500 GB,SSD,M.2-2280,M.2 PCIe 4.0 X4
teamgroup gx1,77.98,TEAMGROUP,,,,,TEAMGROUP,Storage,2023,,,,,,,480 GB,SSD,2.5,
western digital purple,239.99,Western Digital,,,,,Western,Storage,2023,,,,,,,8 TB,7200 RPM,3.5,
seagate firecuda 510,388.42,Seagate,,,,,Seagate,Storage,2023,,,,,,,2 TB,SSD,M.2-2280,M.2 PCIe 3.0 X4
corsair mp600 mini,89.99,Corsair,,,,,Corsair,Storage,2023,,,,,,,1 TB,SSD,M.2-2230,M.2 PCIe 4.0 X4
timetec 35ttqnm2sata,62.55,Timetec,,,,,Timetec,Storage,2023,,,,,,,1 TB,SSD,M.2-2280,M.2 SATA
addlink a95,86.44,Addlink,,,,,Addlink,Storage,2023,,,,,,,1 TB,SSD,M.2-2280,M.2 PCIe 4.0 X4
transcend ssd230s,39.99,Transcend,,,,,Transcend,Storage,2023,,,,,,,256 GB,SSD,2.5,
toshiba p300,154.17,Toshiba,,,,,Toshiba,Storage,2023,,,,,,,6 TB,5400 RPM,3.5,
intel d3-s4510,79.0,Intel,,,,,Intel,Storage,2023,,,,,,,480 GB,SSD,2.5,
crucial m500,495.0,Crucial,,,,,Crucial,Storage,2023,,,,,,,960 GB,SSD,2.5,
western digital re3,24.99,Western Digital,,,,,Western,Storage,2023,,,,,,,250 GB,7200 RPM,3.5,
toshiba xg3,149.99,Toshiba,,,,,Toshiba,Storage,2023,,,,,,,512 GB,SSD,M.2-2280,M.2 PCIe 3.0 X4
inland tn325,94.99,Inland,,,,,Inland,Storage,2023,,,,,,,1 TB,SSD,M.2-2242,M.2 PCIe 3.0 X4
corsair mp600 core mini,79.98,Corsair,,,,,Corsair,Storage,2023,,,,,,,1 TB,SSD,M.2-2230,M.2 PCIe 4.0 X4
pny cs2142,75.98,PNY,,,,,PNY,Storage,2023,,,,,,,1 TB,SSD,M.2-2230,M.2 PCIe 4.0 X4
toshiba mq04abd200,74.87,Toshiba,,,,,Toshiba,Storage,2023,,,,,,,2 TB,5400 RPM,2.5,
seagate skyhawk ai,183.13,Seagate,,,,,Seagate,Storage,2023,,,,,,,8 TB,7200 RPM,3.5,
hitachi ultrastar sn260,309.99,Hitachi,,,,,Hitachi,Storage,2023,,,,,,,1.6 TB,SSD,PCIe,PCIe x8
nextorage nn5pro,239.99,Nextorage,,,,,Nextorage,Storage,2023,,,,,,,1 TB,SSD,M.2-2280,M.2 PCIe 4.0 X8
western digital red plus,72.99,Western Digital,,,,,Western,Storage,2023,,,,,,,2 TB,5400 RPM,3.5,
seagate ironwolf 125,403.39,Seagate,,,,,Seagate,Storage,2023,,,,,,,2 TB,SSD,2.5,
toshiba n300,139.49,Toshiba,,,,,Toshiba,Storage,2023,,,,,,,4 TB,7200 RPM,3.5,
western digital re,65.19,Western Digital,,,,,Western,Storage,2023,,,,,,,1 TB,7200 RPM,3.5,
intel x25-m,349.95,Intel,,,,,Intel,Storage,2023,,,,,,,120 GB,SSD,2.5,
western digital black,323.26,Western Digital,,,,,Western,Storage,2023,,,,,,,4 TB,7200 RPM,3.5,
western digital blue,79.98,Western Digital,,,,,Western,Storage,2023,,,,,,,3 TB,5400 RPM,3.5,
intel d3-s4510,309.88,Intel,,,,,Intel,Storage,2023,,,,,,,1.92 TB,SSD,2.5,
toshiba n300,230.35,Toshiba,,,,,Toshiba,Storage,2023,,,,,,,6 TB,7200 RPM,3.5,
western digital red pro,466.79,Western Digital,,,,,Western,Storage,2023,,,,,,,10 TB,7200 RPM,3.5,
western digital velociraptor,204.62,Western Digital,,,,,Western,Storage,2023,,,,,,,150 GB,10000 RPM,3.5,
western digital re4,30.0,Western Digital,,,,,Western,Storage,2023,,,,,,,500 GB,7200 RPM,3.5,
seagate constellation es,79.98,Seagate,,,,,Seagate,Storage,2023,,,,,,,500 GB,7200 RPM,3.5,
kingston ssdnow v300,106.0,Kingston,,,,,Kingston,Storage,2023,,,,,,,120 GB,SSD,2.5,
hitachi 0f18335,196.46,Hitachi,,,,,Hitachi,Storage,2023,,,,,,,6 TB,7200 RPM,3.5,
dell 342-3520,139.0,Dell,,,,,Dell,Storage,2023,,,,,,,1 TB,7200 RPM,2.5,
western digital red pro,254.45,Western Digital,,,,,Western,Storage,2023,,,,,,,4 TB,7200 RPM,3.5,
pioneer aps-se20g-1t,152.16,Pioneer,,,,,Pioneer,Storage,2023,,,,,,,1 TB,SSD,M.2-2280,M.2 PCIe 3.0 X4
western digital purple,159.0,Western Digital,,,,,Western,Storage,2023,,,,,,,6 TB,5640 RPM,3.5,
kingston dc1000b,103.74,Kingston,,,,,Kingston,Storage,2023,,,,,,,480 GB,SSD,M.2-2280,M.2 PCIe 3.0 X4
verbatim vi560,60.0,Verbatim,,,,,Verbatim,Storage,2023,,,,,,,256 GB,SSD,M.2-2280,M.2 SATA
seagate skyhawk surveillance +rescue,111.98,Seagate,,,,,Seagate,Storage,2023,,,,,,,3 TB,5400 RPM,3.5,
western digital sn530,32.0,Western Digital,,,,,Western,Storage,2023,,,,,,,256 GB,SSD,M.2-2230,M.2 PCIe 3.0 X4
v7 v7ssd512gbnv3u,53.99,V7,,,,,V7,Storage,2023,,,,,,,512 GB,SSD,M.2-2280,M.2 PCIe 3.0 X4
lenovo thinkstation,895.0,Lenovo,,,,,Lenovo,Storage,2023,,,,,,,6 TB,7200 RPM,3.5,
seagate enterprise capacity,147.0,Seagate,,,,,Seagate,Storage,2023,,,,,,,8 TB,7200 RPM,3.5,
seagate skyhawk ai,273.14,Seagate,,,,,Seagate,Storage,2023,,,,,,,10 TB,7200 RPM,3.5,
patriot viper vpn110,189.5,Patriot,,,,,Patriot,Storage,2023,,,,,,,2 TB,SSD,M.2-2280,M.2 PCIe 3.0 X4
intel 760p,729.99,Intel,,,,,Intel,Storage,2023,,,,,,,2 TB,SSD,M.2-2280,M.2 PCIe 3.0 X4
western digital purple pro,304.75,Western Digital,,,,,Western,Storage,2023,,,,,,,14 TB,7200 RPM,3.5,
western digital se,176.79,Western Digital,,,,,Western,Storage,2023,,,,,,,4 TB,7200 RPM,3.5,
intel dc s3500,92.37,Intel,,,,,Intel,Storage,2023,,,,,,,120 GB,SSD,2.5,
visiontek msata,71.98,VisionTek,,,,,VisionTek,Storage,2023,,,,,,,240 GB,SSD,mSATA,mSATA
seagate momentus 7200.4,25.0,Seagate,,,,,Seagate,Storage,2023,,,,,,,160 GB,7200 RPM,2.5,
hitachi ultrastar,197.73,Hitachi,,,,,Hitachi,Storage,2023,,,,,,,1.8 TB,10500 RPM,2.5,
western digital red plus,147.98,Western Digital,,,,,Western,Storage,2023,,,,,,,4 TB,5400 RPM,3.5,
seagate skyhawk surveillance,208.0,Seagate,,,,,Seagate,Storage,2023,,,,,,,8 TB,7200 RPM,3.5,
inland platinum,39.99,Inland,,,,,Inland,Storage,2023,,,,,,,512 GB,SSD,2.5,
toshiba n300 pro,308.99,Toshiba,,,,,Toshiba,Storage,2023,,,,,,,16 TB,7200 RPM,3.5,
visiontek dlx4 pro,79.0,VisionTek,,,,,VisionTek,Storage,2023,,,,,,,1 TB,SSD,M.2-2280,M.2 PCIe 4.0 X4
nemix ram nemesis,159.88,NEMIX RAM,,,,,NEMIX,Storage,2023,,,,,,,2 TB,SSD,M.2-2280,M.2 PCIe 4.0 X4
visiontek 900982,288.64,VisionTek,,,,,VisionTek,Storage,2023,,,,,,,2 TB,SSD,2.5,
lenovo opal2,74.98,Lenovo,,,,,Lenovo,Storage,2023,,,,,,,512 GB,SSD,M.2-2280,M.2 PCIe 4.0 X4
seagate exos x18,490.08,Seagate,,,,,Seagate,Storage,2023,,,,,,,14 TB,7200 RPM,3.5,
fantom drives venom7,89.95,Fantom Drives,,,,,Fantom,Storage,2023,,,,,,,1 TB,SSD,M.2-2280,M.2 PCIe 4.0 X4
hitachi 7k1000,39.99,Hitachi,,,,,Hitachi,Storage,2023,,,,,,,1 TB,7200 RPM,3.5,
kingston ssdnow v+100,159.99,Kingston,,,,,Kingston,Storage,2023,,,,,,,128 GB,SSD,2.5,
samsung spinpoint m,34.95,Samsung,,,,,Samsung,Storage,2023,,,,,,,160 GB,5400 RPM,2.5,
toshiba mk6465gsx,39.0,Toshiba,,,,,Toshiba,Storage,2023,,,,,,,640 GB,5400 RPM,2.5,
seagate exos 7e10 512e/4kn,164.6,Seagate,,,,,Seagate,Storage,2023,,,,,,,4 TB,7200 RPM,3.5,
kingspec nx-2230,28.99,KingSpec,,,,,KingSpec,Storage,2023,,,,,,,256 GB,SSD,M.2-2230,M.2 PCIe 3.0 X4
crucial m4,207.77,Crucial,,,,,Crucial,Storage,2023,,,,,,,32 GB,SSD,mSATA,mSATA
transcend ssd230s,29.99,Transcend,,,,,Transcend,Storage,2023,,,,,,,128 GB,SSD,2.5,
kioxia bg5,45.0,KIOXIA,,,,,KIOXIA,Storage,2023,,,,,,,512 GB,SSD,M.2-2230,M.2 PCIe 4.0 X4
seagate skyhawk ai,250.0,Seagate,,,,,Seagate,Storage,2023,,,,,,,12 TB,7200 RPM,3.5,
lenovo thinkpad opal,129.0,Lenovo,,,,,Lenovo,Storage,2023,,,,,,,512 GB,SSD,M.2-2242,M.2 PCIe 4.0 X4
toshiba x300,299.51,Toshiba,,,,,Toshiba,Storage,2023,,,,,,,8 TB,7200 RPM,3.5,
intel d3-s4520,489.85,Intel,,,,,Intel,Storage,2023,,,,,,,3.84 TB,SSD,2.5,
kioxia bg5 sed,44.99,KIOXIA,,,,,KIOXIA,Storage,2023,,,,,,,256 GB,SSD,M.2-2230,M.2 PCIe 4.0 X4
seagate exos enterprise,112.37,Seagate,,,,,Seagate,Storage,2023,,,,,,,4 TB,7200 RPM,3.5,
mushkin source 2,22.5,Mushkin,,,,,Mushkin,Storage,2023,,,,,,,120 GB,SSD,2.5,
samsung spinpoint m7,65.0,Samsung,,,,,Samsung,Storage,2023,,,,,,,320 GB,5400 RPM,2.5,
western digital av-gp,82.23,Western Digital,,,,,Western,Storage,2023,,,,,,,1 TB,5400 RPM,3.5,
intel x25-v,59.99,Intel,,,,,Intel,Storage,2023,,,,,,,40 GB,SSD,2.5,
plextor m6m,527.77,Plextor,,,,,Plextor,Storage,2023,,,,,,,512 GB,SSD,mSATA,mSATA
seagate barracuda pro,263.98,Seagate,,,,,Seagate,Storage,2023,,,,,,,8 TB,7200 RPM,3.5,
transcend ssd230s,59.99,Transcend,,,,,Transcend,Storage,2023,,,,,,,512 GB,SSD,2.5,
seagate skyhawk surveillance,130.99,Seagate,,,,,Seagate,Storage,2023,,,,,,,6 TB,5400 RPM,3.5,
adata su800,74.95,ADATA,,,,,ADATA,Storage,2023,,,,,,,1 TB,SSD,M.2-2280,M.2 SATA
seagate ironwolf pro,275.0,Seagate,,,,,Seagate,Storage,2023,,,,,,,8 TB,7200 RPM,3.5,
toshiba n300 pro,254.99,Toshiba,,,,,Toshiba,Storage,2023,,,,,,,12 TB,7200 RPM,3.5,
western digital blue mobile,76.75,Western Digital,,,,,Western,Storage,2023,,,,,,,500 GB,5400 RPM,2.5,
sandisk extreme pro,299.99,SanDisk,,,,,SanDisk,Storage,2023,,,,,,,960 GB,SSD,2.5,
kingston uv500b,809.0,Kingston,,,,,Kingston,Storage,2023,,,,,,,1.92 TB,SSD,2.5,
hitachi travelstar 5k500.b,119.99,Hitachi,,,,,Hitachi,Storage,2023,,,,,,,500 GB,5400 RPM,2.5,
western digital purple,275.22,Western Digital,,,,,Western,Storage,2023,,,,,,,8 TB,5400 RPM,3.5,
seagate skyhawk surveillance,130.0,Seagate,,,,,Seagate,Storage,2023,,,,,,,6 TB,5400 RPM,3.5,
western digital purple,266.5,Western Digital,,,,,Western,Storage,2023,,,,,,,10 TB,7200 RPM,3.5,
hp s700 pro,78.98,HP,,,,,HP,Storage,2023,,,,,,,512 GB,SSD,2.5,
addlink s91,256.99,Addlink,,,,,Addlink,Storage,2023,,,,,,,2 TB,SSD,M.2-2230,M.2 PCIe 4.0 X4
transcend ssd230s,99.55,Transcend,,,,,Transcend,Storage,2023,,,,,,,1 TB,SSD,2.5,
owc mercury electra 6g,34.58,OWC,,,,,OWC,Storage,2023,,,,,,,250 GB,SSD,2.5,
hitachi travelstar z7k320,81.51,Hitachi,,,,,Hitachi,Storage,2023,,,,,,,250 GB,7200 RPM,2.5,
toshiba mk5061gsyn,64.87,Toshiba,,,,,Toshiba,Storage,2023,,,,,,,500 GB,7200 RPM,2.5,
intel dc s3700,417.0,Intel,,,,,Intel,Storage,2023,,,,,,,200 GB,SSD,2.5,
western digital purple,71.55,Western Digital,,,,,Western,Storage,2023,,,,,,,2 TB,5400 RPM,3.5,
intel dc s3500,196.0,Intel,,,,,Intel,Storage,2023,,,,,,,800 GB,SSD,2.5,
western digital red pro,219.45,Western Digital,,,,,Western,Storage,2023,,,,,,,2 TB,7200 RPM,3.5,
western digital red,185.0,Western Digital,,,,,Western,Storage,2023,,,,,,,5 TB,5400 RPM,3.5,
kingston ssdnow kc400,125.0,Kingston,,,,,Kingston,Storage,2023,,,,,,,256 GB,SSD,2.5,
kingston ssdnow g2,115.07,Kingston,,,,,Kingston,Storage,2023,,,,,,,240 GB,SSD,M.2-2280,M.2 SATA
micron 1100,199.99,Micron,,,,,Micron,Storage,2023,,,,,,,1 TB,SSD,2.5,
intel d3-s4510,89.99,Intel,,,,,Intel,Storage,2023,,,,,,,240 GB,SSD,2.5,
intel dc s3110,174.0,Intel,,,,,Intel,Storage,2023,,,,,,,128 GB,SSD,2.5,
visiontek dlx4 pro,65.0,VisionTek,,,,,VisionTek,Storage,2023,,,,,,,512 GB,SSD,M.2-2280,M.2 PCIe 4.0 X4
transcend mte245s,59.68,Transcend,,,,,Transcend,Storage,2023,,,,,,,500 GB,SSD,M.2-2280,M.2 PCIe 4.0 X4
transcend 830s,39.99,Transcend,,,,,Transcend,Storage,2023,,,,,,,256 GB,SSD,M.2-2280,M.2 SATA
seagate firecuda 520n,195.32,Seagate,,,,,Seagate,Storage,2023,,,,,,,2 TB,SSD,M.2-2230,M.2 PCIe 4.0 X4
hp 2dp97aa#abc,29.99,HP,,,,,HP,Storage,2023,,,,,,,120 GB,SSD,2.5,
toshiba n300,232.9,Toshiba,,,,,Toshiba,Storage,2023,,,,,,,12 TB,7200 RPM,3.5,
intel dc s3710,688.0,Intel,,,,,Intel,Storage,2023,,,,,,,1.2 TB,SSD,2.5,
hp s700 pro,37.99,HP,,,,,HP,Storage,2023,,,,,,,256 GB,SSD,2.5,
intel d3-s4610,159.94,Intel,,,,,Intel,Storage,2023,,,,,,,960 GB,SSD,2.5,
western digital scorpio blue,29.95,Western Digital,,,,,Western,Storage,2023,,,,,,,250 GB,5400 RPM,2.5,
western digital caviar blue,95.45,Western Digital,,,,,Western,Storage,2023,,,,,,,320 GB,7200 RPM,3.5,
seagate momentus xt,55.0,Seagate,,,,,Seagate,Storage,2023,,,,,,,750 GB,7200 RPM,2.5,
hitachi ultrastar he10,289.0,Hitachi,,,,,Hitachi,Storage,2023,,,,,,,10 TB,7200 RPM,3.5,
toshiba mg04aca600e,211.0,Toshiba,,,,,Toshiba,Storage,2023,,,,,,,6 TB,7200 RPM,3.5,
sony optiarc,59.95,Sony,,,,,Sony,Storage,2023,,,,,,,480 GB,SSD,2.5,
seagate exos enterprise,79.0,Seagate,,,,,Seagate,Storage,2023,,,,,,,2 TB,7200 RPM,3.5,
toshiba mg08ada600e,169.99,Toshiba,,,,,Toshiba,Storage,2023,,,,,,,6 TB,7200 RPM,3.5,
fantom drives venom8 ps5,154.94,Fantom Drives,,,,,Fantom,Storage,2023,,,,,,,2 TB,SSD,M.2-2280,M.2 PCIe 4.0 X4
hitachi e7k1000,70.0,Hitachi,,,,,Hitachi,Storage,2023,,,,,,,500 GB,7200 RPM,3.5,
seagate barracuda,85.0,Seagate,,,,,Seagate,Storage,2023,,,,,,,160 GB,7200 RPM,3.5,
western digital caviar black,79.95,Western Digital,,,,,Western,Storage,2023,,,,,,,500 GB,7200 RPM,3.5,
western digital caviar blue,79.0,Western Digital,,,,,Western,Storage,2023,,,,,,,750 GB,7200 RPM,3.5,
western digital scorpio black,80.0,Western Digital,,,,,Western,Storage,2023,,,,,,,500 GB,7200 RPM,2.5,
intel 335,219.0,Intel,,,,,Intel,Storage,2023,,,,,,,240 GB,SSD,2.5,
toshiba ph3300u-1i72,129.99,Toshiba,,,,,Toshiba,Storage,2023,,,,,,,3 TB,7200 RPM,3.5,
intel 530,189.0,Intel,,,,,Intel,Storage,2023,,,,,,,240 GB,SSD,2.5,
seagate constellation es,64.0,Seagate,,,,,Seagate,Storage,2023,,,,,,,2 TB,7200 RPM,3.5,
intel 530,139.84,Intel,,,,,Intel,Storage,2023,,,,,,,240 GB,SSD,mSATA,mSATA
intel dc p3600,259.99,Intel,,,,,Intel,Storage,2023,,,,,,,800 GB,SSD,2.5,
samsung data center,109.0,Samsung,,,,,Samsung,Storage,2023,,,,,,,240 GB,SSD,2.5,
intel pro 6000p,108.0,Intel,,,,,Intel,Storage,2023,,,,,,,512 GB,SSD,M.2-2280,M.2 PCIe 3.0 X4
patriot spark,90.0,Patriot,,,,,Patriot,Storage,2023,,,,,,,128 GB,SSD,2.5,
western digital purple,228.85,Western Digital,,,,,Western,Storage,2023,,,,,,,8 TB,5400 RPM,3.5,
hitachi 0f27402,257.73,Hitachi,,,,,Hitachi,Storage,2023,,,,,,,10 TB,7200 RPM,3.5,
toshiba n300,443.95,Toshiba,,,,,Toshiba,Storage,2023,,,,,,,14 TB,7200 RPM,3.5,
lexar ns200,59.99,Lexar,,,,,Lexar,Storage,2023,,,,,,,240 GB,SSD,2.5,
seagate exos enterprise,242.4,Seagate,,,,,Seagate,Storage,2023,,,,,,,6 TB,7200 RPM,3.5,
pioneer aps-se20g-512,87.61,Pioneer,,,,,Pioneer,Storage,2023,,,,,,,512 GB,SSD,M.2-2280,M.2 PCIe 3.0 X4
apacer as340 panther,276.0,Apacer,,,,,Apacer,Storage,2023,,,,,,,960 GB,SSD,2.5,
seagate exos 7e10 512e/4kn,99.99,Seagate,,,,,Seagate,Storage,2023,,,,,,,2 TB,7200 RPM,3.5,
toshiba n300,199.0,Toshiba,,,,,Toshiba,Storage,2023,,,,,,,6 TB,7200 RPM,3.5,
v7 v7ssd512gbs25u,51.97,V7,,,,,V7,Storage,2023,,,,,,,512 GB,SSD,2.5,
intel d3-s4620,323.44,Intel,,,,,Intel,Storage,2023,,,,,,,1.92 TB,SSD,2.5,
visiontek dlx3,49.96,VisionTek,,,,,VisionTek,Storage,2023,,,,,,,512 GB,SSD,M.2-2280,M.2 PCIe 3.0 X4
oyen digital e13s-2242-1024ph,89.0,Oyen Digital,,,,,Oyen,Storage,2023,,,,,,,1 TB,SSD,M.2-2242,M.2 PCIe 3.0 X4
visiontek dlx4,103.99,VisionTek,,,,,VisionTek,Storage,2023,,,,,,,1 TB,SSD,M.2-2242,M.2 PCIe 4.0 X4
nemix ram nemesis,318.99,NEMIX RAM,,,,,NEMIX,Storage,2023,,,,,,,4 TB,SSD,M.2-2280,M.2 PCIe 4.0 X4
adata ultimate su650,51.96,ADATA,,,,,ADATA,Storage,2023,,,,,,,480 GB,SSD,M.2-2280,M.2 SATA
pny cs2142,159.99,PNY,,,,,PNY,Storage,2023,,,,,,,2 TB,SSD,M.2-2230,M.2 PCIe 4.0 X4
seagate nytro enterprise,1299.0,Seagate,,,,,Seagate,Storage,2023,,,,,,,3.2 TB,SSD,2.5,
toshiba s300,201.75,Toshiba,,,,,Toshiba,Storage,2023,,,,,,,6 TB,5400 RPM,3.5,
micron 2400,95.0,Micron,,,,,Micron,Storage,2023,,,,,,,1 TB,SSD,M.2-2230,M.2 PCIe 4.0 X4
hitachi ultrastar c10k900,55.0,Hitachi,,,,,Hitachi,Storage,2023,,,,,,,900 GB,10000 RPM,2.5,
transcend mts400,143.91,Transcend,,,,,Transcend,Storage,2023,,,,,,,256 GB,SSD,M.2-2242,M.2 SATA
western digital wdbsla0010hnc-nrsn,63.99,Western Digital,,,,,Western,Storage,2023,,,,,,,1 TB,7200 RPM,3.5,
seagate enterprise capacity,195.08,Seagate,,,,,Seagate,Storage,2023,,,,,,,6 TB,7200 RPM,3.5,
seagate firecuda,213.25,Seagate,,,,,Seagate,Storage,2023,,,,,,,1 TB,SSD,M.2-2280,M.2 PCIe 3.0 X4
toshiba n300,308.87,Toshiba,,,,,Toshiba,Storage,2023,,,,,,,10 TB,7200 RPM,3.5,
western digital sn530,323.03,Western Digital,,,,,Western,Storage,2023,,,,,,,1.024 TB,SSD,M.2-2230,M.2 PCIe 3.0 X4
western digital wd green,47.0,Western Digital,,,,,Western,Storage,2023,,,,,,,120 GB,SSD,M.2-2280,M.2 SATA
transcend mts800,264.56,Transcend,,,,,Transcend,Storage,2023,,,,,,,512 GB,SSD,M.2-2280,M.2 SATA
seagate enterprise performance,214.24,Seagate,,,,,Seagate,Storage,2023,,,,,,,1.8 TB,10000 RPM,3.5,
toshiba s300 pro,229.99,Toshiba,,,,,Toshiba,Storage,2023,,,,,,,10 TB,7200 RPM,3.5,
seagate skyhawk ai,349.99,Seagate,,,,,Seagate,Storage,2023,,,,,,,16 TB,7200 RPM,3.5,
silicon power us70,430.59,Silicon Power,,,,,Silicon,Storage,2023,,,,,,,1 TB,SSD,M.2-2280,M.2 PCIe 4.0 X4
toshiba n300 pro,288.99,Toshiba,,,,,Toshiba,Storage,2023,,,,,,,14 TB,7200 RPM,3.5,
toshiba n300,346.31,Toshiba,,,,,Toshiba,Storage,2023,,,,,,,14 TB,7200 RPM,3.5,
fantom drives venom8 ps5,349.95,Fantom Drives,,,,,Fantom,Storage,2023,,,,,,,4 TB,SSD,M.2-2280,M.2 PCIe 4.0 X4
addlink s91,92.44,Addlink,,,,,Addlink,Storage,2023,,,,,,,1 TB,SSD,M.2-2230,M.2 PCIe 4.0 X4
titanium micro th7175,89.99,Titanium Micro,,,,,Titanium,Storage,2023,,,,,,,1 TB,SSD,M.2-2280,M.2 PCIe 4.0 X4
western digital re4-gp,226.43,Western Digital,,,,,Western,Storage,2023,,,,,,,2 TB,5900 RPM,3.5,
western digital re2,98.95,Western Digital,,,,,Western,Storage,2023,,,,,,,750 GB,7200 RPM,3.5,
western digital re2-gp,58.28,Western Digital,,,,,Western,Storage,2023,,,,,,,1 TB,7200 RPM,3.5,
western digital av-gp,117.45,Western Digital,,,,,Western,Storage,2023,,,,,,,2 TB,5400 RPM,3.5,
seagate barracuda,54.9,Seagate,,,,,Seagate,Storage,2023,,,,,,,250 GB,7200 RPM,3.5,
seagate momentus 5400.6,34.04,Seagate,,,,,Seagate,Storage,2023,,,,,,,320 GB,5400 RPM,2.5,
intel 320,253.5,Intel,,,,,Intel,Storage,2023,,,,,,,120 GB,SSD,2.5,
western digital scorpio blue,29.95,Western Digital,,,,,Western,Storage,2023,,,,,,,320 GB,5400 RPM,2.5,
intel 535,119.0,Intel,,,,,Intel,Storage,2023,,,,,,,180 GB,SSD,2.5,
mushkin atlas vital,104.83,Mushkin,,,,,Mushkin,Storage,2023,,,,,,,250 GB,SSD,M.2-2280,M.2 SATA
adata xpg sx930,229.27,ADATA,,,,,ADATA,Storage,2023,,,,,,,120 GB,SSD,2.5,
seagate enterprise nas,379.0,Seagate,,,,,Seagate,Storage,2023,,,,,,,6 TB,7200 RPM,3.5,
intel 540s,239.99,Intel,,,,,Intel,Storage,2023,,,,,,,360 GB,SSD,2.5,
intel 540s,159.99,Intel,,,,,Intel,Storage,2023,,,,,,,180 GB,SSD,M.2-2280,M.2 SATA
intel 750,475.0,Intel,,,,,Intel,Storage,2023,,,,,,,1.2 TB,SSD,2.5,
intel 750,359.97,Intel,,,,,Intel,Storage,2023,,,,,,,800 GB,SSD,2.5,
seagate barracuda es,45.0,Seagate,,,,,Seagate,Storage,2023,,,,,,,250 GB,7200 RPM,3.5,
hitachi 0f22941,175.0,Hitachi,,,,,Hitachi,Storage,2023,,,,,,,4 TB,7200 RPM,3.5,
hitachi ultrastar he8,360.5,Hitachi,,,,,Hitachi,Storage,2023,,,,,,,6 TB,7200 RPM,3.5,
hitachi 0f27406,229.0,Hitachi,,,,,Hitachi,Storage,2023,,,,,,,8 TB,7200 RPM,3.5,
hitachi 0f10942,125.0,Hitachi,,,,,Hitachi,Storage,2023,,,,,,,2 TB,7200 RPM,3.5,
visiontek pro,228.49,VisionTek,,,,,VisionTek,Storage,2023,,,,,,,1 TB,SSD,M.2-2280,M.2 SATA
western digital re,254.45,Western Digital,,,,,Western,Storage,2023,,,,,,,6 TB,7200 RPM,3.5,
intel dc s3520,220.0,Intel,,,,,Intel,Storage,2023,,,,,,,480 GB,SSD,2.5,
visiontek pro xpn,205.15,VisionTek,,,,,VisionTek,Storage,2023,,,,,,,1 TB,SSD,M.2-2280,M.2 PCIe 3.0 X4
visiontek pro xpn,108.99,VisionTek,,,,,VisionTek,Storage,2023,,,,,,,512 GB,SSD,M.2-2280,M.2 PCIe 3.0 X4
visiontek pro hxs,89.99,VisionTek,,,,,VisionTek,Storage,2023,,,,,,,500 GB,SSD,2.5,
visiontek pro ecs,347.34,VisionTek,,,,,VisionTek,Storage,2023,,,,,,,2 TB,SSD,2.5,
centon mp essential,96.87,Centon,,,,,Centon,Storage,2023,,,,,,,480 GB,SSD,2.5,
angelbird av pro xt,429.99,Angelbird,,,,,Angelbird,Storage,2023,,,,,,,500 GB,SSD,2.5,
visiontek pro,49.99,VisionTek,,,,,VisionTek,Storage,2023,,,,,,,250 GB,SSD,2.5,
seagate barracuda es.2,79.98,Seagate,,,,,Seagate,Storage,2023,,,,,,,250 GB,7200 RPM,3.5,
v7 v7ssd1tbs25u,85.37,V7,,,,,V7,Storage,2023,,,,,,,1 TB,SSD,2.5,
v7 v7ssd1tbnv3u,98.99,V7,,,,,V7,Storage,2023,,,,,,,1 TB,SSD,M.2-2280,M.2 PCIe 3.0 X4
intel d3-s4610,349.95,Intel,,,,,Intel,Storage,2023,,,,,,,1.92 TB,SSD,2.5,
micron 5210 ion,359.0,Micron,,,,,Micron,Storage,2023,,,,,,,1.92 TB,SSD,2.5,
visiontek dlx4,96.99,VisionTek,,,,,VisionTek,Storage,2023,,,,,,,1 TB,SSD,M.2-2230,M.2 PCIe 4.0 X4
transcend 830s,109.99,Transcend,,,,,Transcend,Storage,2023,,,,,,,1 TB,SSD,M.2-2280,M.2 SATA
samsung 980 pro,169.99,Samsung,,,,,Samsung,Storage,2023,,,,,,,2 TB,SSD,M.2-2280,M.2 PCIe 4.0 X4
western digital black sn850x,149.99,Western Digital,,,,,Western,Storage,2023,,,,,,,2 TB,SSD,M.2-2280,M.2 PCIe 4.0 X4
western digital black sn850x,91.92,Western Digital,,,,,Western,Storage,2023,,,,,,,1 TB,SSD,M.2-2280,M.2 PCIe 4.0 X4
samsung 870 evo,103.95,Samsung,,,,,Samsung,Storage,2023,,,,,,,1 TB,SSD,2.5,
teamgroup mp33,36.99,TEAMGROUP,,,,,TEAMGROUP,Storage,2023,,,,,,,512 GB,SSD,M.2-2280,M.2 PCIe 3.0 X4
samsung 970 evo plus,70.59,Samsung,,,,,Samsung,Storage,2023,,,,,,,500 GB,SSD,M.2-2280,M.2 PCIe 3.0 X4
crucial p3,68.94,Crucial,,,,,Crucial,Storage,2023,,,,,,,1 TB,SSD,M.2-2280,M.2 PCIe 3.0 X4
seagate ironwolf pro,479.99,Seagate,,,,,Seagate,Storage,2023,,,,,,,24 TB,7200 RPM,3.5,
samsung 990 pro,110.08,Samsung,,,,,Samsung,Storage,2023,,,,,,,1 TB,SSD,M.2-2280,M.2 PCIe 4.0 X4
seagate barracuda,88.89,Seagate,,,,,Seagate,Storage,2023,,,,,,,4 TB,5400 RPM,3.5,
samsung 970 evo plus,149.99,Samsung,,,,,Samsung,Storage,2023,,,,,,,2 TB,SSD,M.2-2280,M.2 PCIe 3.0 X4
intel 750,2488.87,Intel,,,,,Intel,Storage,2023,,,,,,,1.2 TB,SSD,PCIe,PCIe x4
western digital caviar blue,39.19,Western Digital,,,,,Western,Storage,2023,,,,,,,1 TB,7200 RPM,3.5,
crucial p3 plus,248.6,Crucial,,,,,Crucial,Storage,2023,,,,,,,4 TB,SSD,M.2-2280,M.2 PCIe 4.0 X4
silicon power a60,61.99,Silicon Power,,,,,Silicon,Storage,2023,,,,,,,1 TB,SSD,M.2-2280,M.2 PCIe 3.0 X4
teamgroup mp33,61.99,TEAMGROUP,,,,,TEAMGROUP,Storage,2023,,,,,,,1 TB,SSD,M.2-2280,M.2 PCIe 3.0 X4
western digital blue sn580,114.9,Western Digital,,,,,Western,Storage,2023,,,,,,,2 TB,SSD,M.2-2280,M.2 PCIe 4.0 X4
teamgroup mp44l,64.98,TEAMGROUP,,,,,TEAMGROUP,Storage,2023,,,,,,,1 TB,SSD,M.2-2280,M.2 PCIe 4.0 X4
acer predator gm7000,134.99,Acer,,,,,Acer,Storage,2023,,,,,,,2 TB,SSD,M.2-2280,M.2 PCIe 4.0 X4
teamgroup mp33,105.99,TEAMGROUP,,,,,TEAMGROUP,Storage,2023,,,,,,,2 TB,SSD,M.2-2280,M.2 PCIe 3.0 X4
crucial p3,52.6,Crucial,,,,,Crucial,Storage,2023,,,,,,,500 GB,SSD,M.2-2280,M.2 PCIe 3.0 X4
crucial p3,127.48,Crucial,,,,,Crucial,Storage,2023,,,,,,,2 TB,SSD,M.2-2280,M.2 PCIe 3.0 X4
crucial t705,539.57,Crucial,,,,,Crucial,Storage,2023,,,,,,,4 TB,SSD,M.2-2280,M.2 PCIe 5.0 X4
samsung 870 evo,74.83,Samsung,,,,,Samsung,Storage,2023,,,,,,,500 GB,SSD,2.5,
kingston a400,27.99,Kingston,,,,,Kingston,Storage,2023,,,,,,,240 GB,SSD,2.5,
msi spatium m482,144.99,MSI,,,,,MSI,Storage,2023,,,,,,,2 TB,SSD,M.2-2280,M.2 PCIe 4.0 X4
samsung 870 evo,359.49,Samsung,,,,,Samsung,Storage,2023,,,,,,,4 TB,SSD,2.5,
crucial t500,74.99,Crucial,,,,,Crucial,Storage,2023,,,,,,,1 TB,SSD,M.2-2280,M.2 PCIe 4.0 X4
lexar nm790,153.0,Lexar,,,,,Lexar,Storage,2023,,,,,,,2 TB,SSD,M.2-2280,M.2 PCIe 4.0 X4
msi spatium m371,64.99,MSI,,,,,MSI,Storage,2023,,,,,,,1 TB,SSD,M.2-2280,M.2 PCIe 3.0 X4
western digital blue,64.98,Western Digital,,,,,Western,Storage,2023,,,,,,,2 TB,7200 RPM,3.5,
patriot p300,21.99,Patriot,,,,,Patriot,Storage,2023,,,,,,,256 GB,SSD,M.2-2280,M.2 PCIe 3.0 X4
samsung 990 evo,149.99,Samsung,,,,,Samsung,Storage,2023,,,,,,,2 TB,SSD,M.2-2280,M.2 PCIe 5.0 X2
crucial mx500,87.49,Crucial,,,,,Crucial,Storage,2023,,,,,,,1 TB,SSD,2.5,
crucial p3 plus,54.79,Crucial,,,,,Crucial,Storage,2023,,,,,,,500 GB,SSD,M.2-2280,M.2 PCIe 4.0 X4
msi spatium m570 hs,199.99,MSI,,,,,MSI,Storage,2023,,,,,,,2 TB,SSD,M.2-2280,M.2 PCIe 5.0 X4
western digital blue sn570,69.99,Western Digital,,,,,Western,Storage,2023,,,,,,,1 TB,SSD,M.2-2280,M.2 PCIe 3.0 X4
lexar nm790,91.38,Lexar,,,,,Lexar,Storage,2023,,,,,,,1 TB,SSD,M.2-2280,M.2 PCIe 4.0 X4
seagate barracuda,27.99,Seagate,,,,,Seagate,Storage,2023,,,,,,,1 TB,7200 RPM,3.5,
kingston nv2,31.99,Kingston,,,,,Kingston,Storage,2023,,,,,,,250 GB,SSD,M.2-2280,M.2 PCIe 4.0 X4
samsung 980 pro w/heatsink,119.99,Samsung,,,,,Samsung,Storage,2023,,,,,,,1 TB,SSD,M.2-2280,M.2 PCIe 4.0 X4
corsair mp600 pro xt,969.99,Corsair,,,,,Corsair,Storage,2023,,,,,,,8 TB,SSD,M.2-2280,M.2 PCIe 4.0 X4
teamgroup t-force vulcan z,30.99,TEAMGROUP,,,,,TEAMGROUP,Storage,2023,,,,,,,512 GB,SSD,2.5,
crucial mx500,159.99,Crucial,,,,,Crucial,Storage,2023,,,,,,,2 TB,SSD,2.5,
samsung 980,79.99,Samsung,,,,,Samsung,Storage,2023,,,,,,,500 GB,SSD,M.2-2280,M.2 PCIe 3.0 X4
leven jps600,101.99,Leven,,,,,Leven,Storage,2023,,,,,,,2 TB,SSD,M.2-2280,M.2 PCIe 3.0 X4
crucial p3,240.99,Crucial,,,,,Crucial,Storage,2023,,,,,,,4 TB,SSD,M.2-2280,M.2 PCIe 3.0 X4
lexar nm790,249.99,Lexar,,,,,Lexar,Storage,2023,,,,,,,4 TB,SSD,M.2-2280,M.2 PCIe 4.0 X4
silicon power ud90,71.98,Silicon Power,,,,,Silicon,Storage,2023,,,,,,,1 TB,SSD,M.2-2280,M.2 PCIe 4.0 X4
silicon power ud90,219.99,Silicon Power,,,,,Silicon,Storage,2023,,,,,,,4 TB,SSD,M.2-2280,M.2 PCIe 4.0 X4
crucial t705 w/heatsink,542.2,Crucial,,,,,Crucial,Storage,2023,,,,,,,4 TB,SSD,M.2-2280,M.2 PCIe 5.0 X4
teamgroup mp44,123.99,TEAMGROUP,,,,,TEAMGROUP,Storage,2023,,,,,,,2 TB,SSD,M.2-2280,M.2 PCIe 4.0 X4
corsair mp600 core xt,77.98,Corsair,,,,,Corsair,Storage,2023,,,,,,,1 TB,SSD,M.2-2280,M.2 PCIe 4.0 X4
teamgroup mp44,259.99,TEAMGROUP,,,,,TEAMGROUP,Storage,2023,,,,,,,4 TB,SSD,M.2-2280,M.2 PCIe 4.0 X4
western digital blue,72.99,Western Digital,,,,,Western,Storage,2023,,,,,,,4 TB,5400 RPM,3.5,
teamgroup t-force vulcan z,96.99,TEAMGROUP,,,,,TEAMGROUP,Storage,2023,,,,,,,2 TB,SSD,2.5,
solidigm p41 plus,117.99,Solidigm,,,,,Solidigm,Storage,2023,,,,,,,2 TB,SSD,M.2-2280,M.2 PCIe 4.0 X4
adata xpg gammix s70 blade,99.99,ADATA,,,,,ADATA,Storage,2023,,,,,,,1 TB,SSD,M.2-2280,M.2 PCIe 4.0 X4
kingston fury renegade,99.8,Kingston,,,,,Kingston,Storage,2023,,,,,,,1 TB,SSD,M.2-2280,M.2 PCIe 4.0 X4
toshiba mk3276gsx,12.99,Toshiba,,,,,Toshiba,Storage,2023,,,,,,,320 GB,5400 RPM,2.5,
patriot burst elite,13.99,Patriot,,,,,Patriot,Storage,2023,,,,,,,120 GB,SSD,2.5,
seagate exos x18,269.99,Seagate,,,,,Seagate,Storage,2023,,,,,,,18 TB,7200 RPM,3.5,
teamgroup ms30,58.99,TEAMGROUP,,,,,TEAMGROUP,Storage,2023,,,,,,,1 TB,SSD,M.2-2280,M.2 SATA
seagate barracuda,64.37,Seagate,,,,,Seagate,Storage,2023,,,,,,,2 TB,7200 RPM,3.5,
adata xpg gammix s70 blade,149.99,ADATA,,,,,ADATA,Storage,2023,,,,,,,2 TB,SSD,M.2-2280,M.2 PCIe 4.0 X4
samsung 990 pro w/heatsink,119.99,Samsung,,,,,Samsung,Storage,2023,,,,,,,1 TB,SSD,M.2-2280,M.2 PCIe 4.0 X4
sk hynix platinum p41,104.99,SK Hynix,,,,,SK,Storage,2023,,,,,,,1 TB,SSD,M.2-2280,M.2 PCIe 4.0 X4
western digital blue,122.0,Western Digital,,,,,Western,Storage,2023,,,,,,,1 TB,SSD,2.5,
samsung 860 evo,99.23,Samsung,,,,,Samsung,Storage,2023,,,,,,,500 GB,SSD,2.5,
seagate surveillance hdd,72.0,Seagate,,,,,Seagate,Storage,2023,,,,,,,1 TB,5400 RPM,3.5,
seagate barracuda compute,121.42,Seagate,,,,,Seagate,Storage,2023,,,,,,,8 TB,5400 RPM,3.5,
kingston nv2,250.0,Kingston,,,,,Kingston,Storage,2023,,,,,,,4 TB,SSD,M.2-2280,M.2 PCIe 4.0 X4
sabrent rocket 4.0,99.99,Sabrent,,,,,Sabrent,Storage,2023,,,,,,,1 TB,SSD,M.2-2280,M.2 PCIe 4.0 X4
teamgroup mp34,225.99,TEAMGROUP,,,,,TEAMGROUP,Storage,2023,,,,,,,4 TB,SSD,M.2-2280,M.2 PCIe 3.0 X4
crucial mx500,273.99,Crucial,,,,,Crucial,Storage,2023,,,,,,,4 TB,SSD,2.5,
kingspec xg7000,127.99,KingSpec,,,,,KingSpec,Storage,2023,,,,,,,2 TB,SSD,M.2-2280,M.2 PCIe 4.0 X4
crucial p5 plus,91.95,Crucial,,,,,Crucial,Storage,2023,,,,,,,500 GB,SSD,M.2-2280,M.2 PCIe 4.0 X4
samsung 870 evo,30.98,Samsung,,,,,Samsung,Storage,2023,,,,,,,250 GB,SSD,2.5,
adata legend 800,76.41,ADATA,,,,,ADATA,Storage,2023,,,,,,,1 TB,SSD,M.2-2280,M.2 PCIe 4.0 X4
crucial bx500,124.99,Crucial,,,,,Crucial,Storage,2023,,,,,,,2 TB,SSD,2.5,
seagate firecuda,235.98,Seagate,,,,,Seagate,Storage,2023,,,,,,,8 TB,7200 RPM,3.5,
adata legend 800,108.99,ADATA,,,,,ADATA,Storage,2023,,,,,,,2 TB,SSD,M.2-2280,M.2 PCIe 4.0 X4
klevv cras c910,64.98,Klevv,,,,,Klevv,Storage,2023,,,,,,,1 TB,SSD,M.2-2280,M.2 PCIe 4.0 X4
solidigm p44 pro,87.99,Solidigm,,,,,Solidigm,Storage,2023,,,,,,,1 TB,SSD,M.2-2280,M.2 PCIe 4.0 X4
klevv cras c710,59.99,Klevv,,,,,Klevv,Storage,2023,,,,,,,1 TB,SSD,M.2-2280,M.2 PCIe 3.0 X4
samsung 970 evo,96.03,Samsung,,,,,Samsung,Storage,2023,,,,,,,500 GB,SSD,M.2-2280,M.2 PCIe 3.0 X4
fanxiang s500 pro,64.98,FanXiang,,,,,FanXiang,Storage,2023,,,,,,,1 TB,SSD,M.2-2280,M.2 PCIe 3.0 X4
teamgroup mp33,25.99,TEAMGROUP,,,,,TEAMGROUP,Storage,2023,,,,,,,256 GB,SSD,M.2-2280,M.2 PCIe 3.0 X4
teamgroup t-force vulcan z,17.98,TEAMGROUP,,,,,TEAMGROUP,Storage,2023,,,,,,,240 GB,SSD,2.5,
silicon power p34a60,37.99,Silicon Power,,,,,Silicon,Storage,2023,,,,,,,512 GB,SSD,M.2-2280,M.2 PCIe 3.0 X4
patriot p210,52.99,Patriot,,,,,Patriot,Storage,2023,,,,,,,1 TB,SSD,2.5,
mushkin element,383.6,Mushkin,,,,,Mushkin,Storage,2023,,,,,,,4 TB,SSD,2.5,
hp s700 pro,79.98,HP,,,,,HP,Storage,2023,,,,,,,1 TB,SSD,2.5,
nextorage g-series le,126.99,Nextorage,,,,,Nextorage,Storage,2023,,,,,,,2 TB,SSD,M.2-2280,M.2 PCIe 4.0 X4
kingston ssdnow dc500m,139.99,Kingston,,,,,Kingston,Storage,2023,,,,,,,960 GB,SSD,2.5,
transcend ts240gssd220s,35.46,Transcend,,,,,Transcend,Storage,2023,,,,,,,240 GB,SSD,2.5,
corsair mp400,293.89,Corsair,,,,,Corsair,Storage,2023,,,,,,,2 TB,SSD,M.2-2280,M.2 PCIe 3.0 X4
intel d3-s4520,184.95,Intel,,,,,Intel,Storage,2023,,,,,,,960 GB,SSD,2.5,
visiontek dlx3,35.17,VisionTek,,,,,VisionTek,Storage,2023,,,,,,,256 GB,SSD,M.2-2280,M.2 PCIe 3.0 X4
transcend ts480gssd220s,52.22,Transcend,,,,,Transcend,Storage,2023,,,,,,,480 GB,SSD,2.5,
toshiba x300,186.15,Toshiba,,,,,Toshiba,Storage,2023,,,,,,,4 TB,7200 RPM,3.5,
samsung spinpoint f1 dt,69.98,Samsung,,,,,Samsung,Storage,2023,,,,,,,640 GB,7200 RPM,3.5,
western digital green,81.0,Western Digital,,,,,Western,Storage,2023,,,,,,,1 TB,5400 RPM,3.5,
western digital wdbmma0020hnc-nrsn,59.0,Western Digital,,,,,Western,Storage,2023,,,,,,,2 TB,5400 RPM,3.5,
mushkin gamma,315.99,Mushkin,,,,,Mushkin,Storage,2023,,,,,,,4 TB,SSD,M.2-2280,M.2 PCIe 4.0 X4
western digital purple,408.0,Western Digital,,,,,Western,Storage,2023,,,,,,,18 TB,7200 RPM,3.5,
seagate ironwolf pro nas,210.0,Seagate,,,,,Seagate,Storage,2023,,,,,,,6 TB,7200 RPM,3.5,
western digital scorpio black,55.0,Western Digital,,,,,Western,Storage,2023,,,,,,,250 GB,7200 RPM,2.5,
western digital scorpio blue,55.0,Western Digital,,,,,Western,Storage,2023,,,,,,,750 GB,5400 RPM,2.5,
intel x25-m,155.0,Intel,,,,,Intel,Storage,2023,,,,,,,80 GB,SSD,2.5,
hitachi travelstar 7k500,65.88,Hitachi,,,,,Hitachi,Storage,2023,,,,,,,320 GB,7200 RPM,2.5,
toshiba mk2576gsx,37.0,Toshiba,,,,,Toshiba,Storage,2023,,,,,,,250 GB,5400 RPM,2.5,
western digital black,55.0,Western Digital,,,,,Western,Storage,2023,,,,,,,320 GB,7200 RPM,2.5,
intel 530,189.0,Intel,,,,,Intel,Storage,2023,,,,,,,180 GB,SSD,2.5,
intel 660p,86.99,Intel,,,,,Intel,Storage,2023,,,,,,,512 GB,SSD,M.2-2280,M.2 PCIe 3.0 X4
kingspec xf,39.99,KingSpec,,,,,KingSpec,Storage,2023,,,,,,,512 GB,SSD,M.2-2230,M.2 PCIe 4.0 X4
seagate constellation es,44.0,Seagate,,,,,Seagate,Storage,2023,,,,,,,2 TB,7200 RPM,3.5,
western digital wd green,49.97,Western Digital,,,,,Western,Storage,2023,,,,,,,480 GB,SSD,M.2-2280,M.2 SATA
western digital sn530,59.3,Western Digital,,,,,Western,Storage,2023,,,,,,,512 GB,SSD,M.2-2230,M.2 PCIe 3.0 X4
western digital wd green,29.99,Western Digital,,,,,Western,Storage,2023,,,,,,,240 GB,SSD,M.2-2280,M.2 SATA
corsair mp700 pro se,579.99,Corsair,,,,,Corsair,Storage,2023,,,,,,,4 TB,SSD,M.2-2280,M.2 PCIe 5.0 X4
western digital purple pro,304.77,Western Digital,,,,,Western,Storage,2023,,,,,,,14 TB,7200 RPM,3.5,
western digital purple pro,259.99,Western Digital,,,,,Western,Storage,2023,,,,,,,12 TB,7200 RPM,3.5,
transcend mts800,49.58,Transcend,,,,,Transcend,Storage,2023,,,,,,,64 GB,SSD,M.2-2280,M.2 SATA
seagate exos x18,403.04,Seagate,,,,,Seagate,Storage,2023,,,,,,,18 TB,7200 RPM,3.5,
western digital red sa500,69.98,Western Digital,,,,,Western,Storage,2023,,,,,,,500 GB,SSD,M.2-2280,M.2 SATA
western digital velociraptor,149.94,Western Digital,,,,,Western,Storage,2023,,,,,,,300 GB,10000 RPM,3.5,
western digital red,157.5,Western Digital,,,,,Western,Storage,2023,,,,,,,1 TB,5400 RPM,2.5,
seagate cheetah 15k.7,77.0,Seagate,,,,,Seagate,Storage,2023,,,,,,,600 GB,15000 RPM,3.5,
western digital red pro,216.98,Western Digital,,,,,Western,Storage,2023,,,,,,,3 TB,7200 RPM,3.5,
western digital purple,249.95,Western Digital,,,,,Western,Storage,2023,,,,,,,10 TB,7200 RPM,3.5,
western digital sn520,189.88,Western Digital,,,,,Western,Storage,2023,,,,,,,512 GB,SSD,M.2-2280,M.2 PCIe 3.0 X2
inland platinum,39.99,Inland,,,,,Inland,Storage,2023,,,,,,,512 GB,SSD,2.5,
seagate ironwolf pro nas,399.99,Seagate,,,,,Seagate,Storage,2023,,,,,,,14 TB,7200 RPM,3.5,
western digital re3,53.23,Western Digital,,,,,Western,Storage,2023,,,,,,,500 GB,7200 RPM,3.5,
western digital caviar green,138.63,Western Digital,,,,,Western,Storage,2023,,,,,,,750 GB,5400 RPM,3.5,
seagate barracuda es.2,76.39,Seagate,,,,,Seagate,Storage,2023,,,,,,,750 GB,7200 RPM,3.5,
seagate barracuda xt,170.78,Seagate,,,,,Seagate,Storage,2023,,,,,,,2 TB,7200 RPM,3.5,
toshiba mk1059gsm,210.0,Toshiba,,,,,Toshiba,Storage,2023,,,,,,,1 TB,5400 RPM,2.5,
intel 520,683.1,Intel,,,,,Intel,Storage,2023,,,,,,,480 GB,SSD,2.5,
toshiba ph2100u-1i54,85.99,Toshiba,,,,,Toshiba,Storage,2023,,,,,,,1 TB,5400 RPM,2.5,
seagate 600,135.0,Seagate,,,,,Seagate,Storage,2023,,,,,,,240 GB,SSD,2.5,
sandisk z410,170.9,SanDisk,,,,,SanDisk,Storage,2023,,,,,,,480 GB,SSD,2.5,
intel pro 6000p,104.19,Intel,,,,,Intel,Storage,2023,,,,,,,128 GB,SSD,M.2-2280,M.2 PCIe 3.0 X4
lenovo 4xb0w79582,496.0,Lenovo,,,,,Lenovo,Storage,2023,,,,,,,1 TB,SSD,M.2-2280,M.2 PCIe 3.0 X4
toshiba mg08ada400e,179.99,Toshiba,,,,,Toshiba,Storage,2023,,,,,,,4 TB,7200 RPM,3.5,
addlink s95,334.44,Addlink,,,,,Addlink,Storage,2023,,,,,,,4 TB,SSD,M.2-2280,M.2 PCIe 4.0 X4
owc mercury electra 6g,69.98,OWC,,,,,OWC,Storage,2023,,,,,,,500 GB,SSD,2.5,
seagate enterprise capacity,399.95,Seagate,,,,,Seagate,Storage,2023,,,,,,,8 TB,7200 RPM,3.5,
toshiba n300,411.83,Toshiba,,,,,Toshiba,Storage,2023,,,,,,,16 TB,7200 RPM,3.5,
toshiba s300 pro,149.69,Toshiba,,,,,Toshiba,Storage,2023,,,,,,,6 TB,7200 RPM,3.5,
addlink s70,67.88,Addlink,,,,,Addlink,Storage,2023,,,,,,,1 TB,SSD,M.2-2280,M.2 PCIe 3.0 X4
corsair cssd-f4000gbmp600phx,361.99,Corsair,,,,,Corsair,Storage,2023,,,,,,,4 TB,SSD,M.2-2280,M.2 PCIe 4.0 X4
western digital red sa500,69.98,Western Digital,,,,,Western,Storage,2023,,,,,,,500 GB,SSD,M.2-2280,M.2 SATA
hitachi 7k1000.b,38.29,Hitachi,,,,,Hitachi,Storage,2023,,,,,,,160 GB,7200 RPM,3.5,
intel 320,99.0,Intel,,,,,Intel,Storage,2023,,,,,,,40 GB,SSD,2.5,
seagate barracuda,43.0,Seagate,,,,,Seagate,Storage,2023,,,,,,,160 GB,7200 RPM,3.5,
seagate constellation es,99.0,Seagate,,,,,Seagate,Storage,2023,,,,,,,1 TB,7200 RPM,3.5,
western digital caviar se16,79.98,Western Digital,,,,,Western,Storage,2023,,,,,,,320 GB,7200 RPM,3.5,
western digital se,104.0,Western Digital,,,,,Western,Storage,2023,,,,,,,1 TB,7200 RPM,3.5,
western digital purple,258.02,Western Digital,,,,,Western,Storage,2023,,,,,,,10 TB,7200 RPM,3.5,
visiontek dlx3,75.0,VisionTek,,,,,VisionTek,Storage,2023,,,,,,,1 TB,SSD,M.2-2280,M.2 PCIe 3.0 X4
owc mercury electra 6g,23.99,OWC,,,,,OWC,Storage,2023,,,,,,,120 GB,SSD,2.5,
western digital av-gp,49.95,Western Digital,,,,,Western,Storage,2023,,,,,,,160 GB,5400 RPM,3.5,
crucial m550,177.77,Crucial,,,,,Crucial,Storage,2023,,,,,,,128 GB,SSD,M.2-2280,M.2 SATA
transcend ts1tssd370s,450.1,Transcend,,,,,Transcend,Storage,2023,,,,,,,1 TB,SSD,2.5,
sandisk z400s,181.44,SanDisk,,,,,SanDisk,Storage,2023,,,,,,,128 GB,SSD,M.2-2280,M.2 SATA
intel 545s,185.9,Intel,,,,,Intel,Storage,2023,,,,,,,512 GB,SSD,M.2-2280,M.2 SATA
seagate enterprise capacity,125.0,Seagate,,,,,Seagate,Storage,2023,,,,,,,2 TB,7200 RPM,3.5,
seagate skyhawk surveillance,129.99,Seagate,,,,,Seagate,Storage,2023,,,,,,,6 TB,5400 RPM,3.5,
kioxia exceria plus,489.99,KIOXIA,,,,,KIOXIA,Storage,2023,,,,,,,2 TB,SSD,M.2-2280,M.2 PCIe 3.0 X4
titanium micro th3500,49.99,Titanium Micro,,,,,Titanium,Storage,2023,,,,,,,500 GB,SSD,M.2-2280,M.2 PCIe 3.0 X4
titanium micro th4985,118.99,Titanium Micro,,,,,Titanium,Storage,2023,,,,,,,2 TB,SSD,M.2-2280,M.2 PCIe 4.0 X4
toshiba x300,245.99,Toshiba,,,,,Toshiba,Storage,2023,,,,,,,12 TB,7200 RPM,3.5,
visiontek dlx4,186.29,VisionTek,,,,,VisionTek,Storage,2023,,,,,,,2 TB,SSD,M.2-2230,M.2 PCIe 4.0 X4
adata premier pro sp900,96.47,ADATA,,,,,ADATA,Storage,2023,,,,,,,64 GB,SSD,2.5,
western digital red pro,270.7,Western Digital,,,,,Western,Storage,2023,,,,,,,6 TB,7200 RPM,3.5,
toshiba n300 pro,128.9,Toshiba,,,,,Toshiba,Storage,2023,,,,,,,4 TB,7200 RPM,3.5,
oyen digital dash pro w/heat sink,339.0,Oyen Digital,,,,,Oyen,Storage,2023,,,,,,,4 TB,SSD,M.2-2280,M.2 PCIe 4.0 X4
intel 320,688.03,Intel,,,,,Intel,Storage,2023,,,,,,,600 GB,SSD,2.5,
intel 320,375.0,Intel,,,,,Intel,Storage,2023,,,,,,,600 GB,SSD,2.5,
western digital re,62.99,Western Digital,,,,,Western,Storage,2023,,,,,,,500 GB,7200 RPM,3.5,
seagate skyhawk,244.0,Seagate,,,,,Seagate,Storage,2023,,,,,,,10 TB,7200 RPM,3.5,
western digital purple,227.39,Western Digital,,,,,Western,Storage,2023,,,,,,,8 TB,5400 RPM,3.5,
angelbird av pro mk3,549.99,Angelbird,,,,,Angelbird,Storage,2023,,,,,,,2 TB,SSD,2.5,
pny xlr8 cs3040 w/heatsink,244.98,PNY,,,,,PNY,Storage,2023,,,,,,,1 TB,SSD,M.2-2280,M.2 PCIe 4.0 X4
v7 v7ssd128gbnv3u,31.99,V7,,,,,V7,Storage,2023,,,,,,,128 GB,SSD,M.2-2280,M.2 PCIe 3.0 X4
western digital scorpio blue,33.0,Western Digital,,,,,Western,Storage,2023,,,,,,,250 GB,5400 RPM,2.5,
hitachi 7k1000.c,498.0,Hitachi,,,,,Hitachi,Storage,2023,,,,,,,1 TB,7200 RPM,3.5,
hitachi travelstar 7k750,76.73,Hitachi,,,,,Hitachi,Storage,2023,,,,,,,750 GB,7200 RPM,2.5,
western digital av-25,22.4,Western Digital,,,,,Western,Storage,2023,,,,,,,320 GB,5400 RPM,2.5,
seagate momentus thin,29.0,Seagate,,,,,Seagate,Storage,2023,,,,,,,320 GB,7200 RPM,2.5,
western digital av-gp,29.87,Western Digital,,,,,Western,Storage,2023,,,,,,,320 GB,5400 RPM,3.5,
kingston ssdnow kc300,80.98,Kingston,,,,,Kingston,Storage,2023,,,,,,,240 GB,SSD,2.5,
ocz vertex 460,200.0,OCZ,,,,,OCZ,Storage,2023,,,,,,,120 GB,SSD,2.5,
samsung sm843tn,237.0,Samsung,,,,,Samsung,Storage,2023,,,,,,,480 GB,SSD,2.5,
transcend ssd370,173.18,Transcend,,,,,Transcend,Storage,2023,,,,,,,512 GB,SSD,2.5,
western digital ae,139.99,Western Digital,,,,,Western,Storage,2023,,,,,,,6 TB,5760 RPM,3.5,
western digital gold,234.45,Western Digital,,,,,Western,Storage,2023,,,,,,,8 TB,7200 RPM,3.5,
msi geforce rtx 3060 ventus 2x 12g,299.97,,GeForce RTX 3060 12GB,12.0,,1320.0,MSI,GPU,2025,,,,,,,,,,
sapphire pulse,379.99,,Radeon RX 9060 XT,16.0,,2220.0,Sapphire,GPU,2025,,,,,,,,,,
msi shadow 3x oc,829.99,,GeForce RTX 5070 Ti,16.0,,2300.0,MSI,GPU,2025,,,,,,,,,,
gigabyte windforce oc sff,549.99,,GeForce RTX 5070,12.0,,2160.0,Gigabyte,GPU,2025,,,,,,,,,,
sapphire pulse,749.99,,Radeon RX 9070 XT,16.0,,2400.0,Sapphire,GPU,2025,,,,,,,,,,
asrock challenger oc,369.99,,Radeon RX 9060 XT,16.0,,2220.0,ASRock,GPU,2025,,,,,,,,,,
gigabyte gaming oc,729.99,,Radeon RX 9070 XT,16.0,,2520.0,Gigabyte,GPU,2025,,,,,,,,,,
gigabyte gaming oc,359.97,,Radeon RX 7600 XT,16.0,,1720.0,Gigabyte,GPU,2025,,,,,,,,,,
asus rog astral oc,3359.99,,GeForce RTX 5090,32.0,,2010.0,Asus,GPU,2025,,,,,,,,,,
asrock challenger d,219.99,,Radeon RX 6600,8.0,,1626.0,ASRock,GPU,2025,,,,,,,,,,
asus prime oc,719.99,,Radeon RX 9070 XT,16.0,,2460.0,Asus,GPU,2025,,,,,,,,,,
asus prime,479.99,,GeForce RTX 5060 Ti,16.0,,2410.0,Asus,GPU,2025,,,,,,,,,,
msi ventus 2x black oc,449.99,,GeForce RTX 4060,8.0,,1830.0,MSI,GPU,2025,,,,,,,,,,
asus prime oc,589.99,,GeForce RTX 5070,12.0,,2160.0,Asus,GPU,2025,,,,,,,,,,
msi ventus 2x plus oc,499.99,,GeForce RTX 5060 Ti,16.0,,2410.0,MSI,GPU,2025,,,,,,,,,,
msi ventus 3x oc,789.99,,GeForce RTX 5070 Ti,16.0,,2300.0,MSI,GPU,2025,,,,,,,,,,
asrock steel legend,699.99,,Radeon RX 9070 XT,16.0,,2400.0,ASRock,GPU,2025,,,,,,,,,,
gigabyte gaming oc,389.99,,Radeon RX 9060 XT,16.0,,2220.0,Gigabyte,GPU,2025,,,,,,,,,,
intel limited edition,289.99,,Arc B580,12.0,,2670.0,Intel,GPU,2025,,,,,,,,,,
msi shadow 2x oc,299.99,,GeForce RTX 5060,8.0,,2280.0,MSI,GPU,2025,,,,,,,,,,
pny oc,549.99,,GeForce RTX 5070,12.0,,2325.0,PNY,GPU,2025,,,,,,,,,,
xfx swift oc,389.98,,Radeon RX 9060 XT,16.0,,2220.0,XFX,GPU,2025,,,,,,,,,,
msi ventus 2x oc,179.99,,GeForce RTX 3050 6GB,6.0,,1040.0,MSI,GPU,2025,,,,,,,,,,
gigabyte windforce oc,299.99,,GeForce RTX 5060,8.0,,2280.0,Gigabyte,GPU,2025,,,,,,,,,,
asus tuf gaming oc,1564.99,,GeForce RTX 5080,16.0,,2300.0,Asus,GPU,2025,,,,,,,,,,
xfx swift oc,534.45,,Radeon RX 9060 XT,16.0,,2220.0,XFX,GPU,2025,,,,,,,,,,
asrock challenger,599.99,,Radeon RX 9070,16.0,,2070.0,ASRock,GPU,2025,,,,,,,,,,
sapphire nitro+,799.99,,Radeon RX 9070 XT,16.0,,2520.0,Sapphire,GPU,2025,,,,,,,,,,
gigabyte aorus master,2939.32,,GeForce RTX 5090,32.0,,2010.0,Gigabyte,GPU,2025,,,,,,,,,,
powercolor reaper,501.39,,Radeon RX 9060 XT,16.0,,2220.0,PowerColor,GPU,2025,,,,,,,,,,
gigabyte windforce sff,970.0,,GeForce RTX 5070 Ti,16.0,,2452.0,Gigabyte,GPU,2025,,,,,,,,,,
xfx speedster swft 210,345.0,,Radeon RX 6600,8.0,,1626.0,XFX,GPU,2025,,,,,,,,,,
powercolor rx7800xt 16g-p,599.99,,Radeon RX 7800 XT,16.0,,1295.0,PowerColor,GPU,2025,,,,,,,,,,
asus tuf gaming oc,999.0,,GeForce RTX 5070 Ti,16.0,,2300.0,Asus,GPU,2025,,,,,,,,,,
xfx swift,779.99,,Radeon RX 9070 XT,16.0,,1660.0,XFX,GPU,2025,,,,,,,,,,
asrock phantom gaming oc,899.99,,Radeon RX 7900 XTX,24.0,,2300.0,ASRock,GPU,2025,,,,,,,,,,
xfx gts xxx,159.99,,Radeon RX 580,8.0,,1366.0,XFX,GPU,2025,,,,,,,,,,
pny vcnrtx6000ada-pb,6974.0,,RTX 6000 Ada Generation,48.0,,915.0,PNY,GPU,2025,,,,,,,,,,
gigabyte windforce oc,845.93,,GeForce RTX 4070 SUPER,12.0,,1980.0,Gigabyte,GPU,2025,,,,,,,,,,
zotac gaming twin edge,256.98,,GeForce RTX 3060 12GB,12.0,,1320.0,Zotac,GPU,2025,,,,,,,,,,
asus rog astral oc,1799.99,,GeForce RTX 5080,16.0,,2300.0,Asus,GPU,2025,,,,,,,,,,
nvidia founders edition,549.99,,GeForce RTX 5070,12.0,,2160.0,NVIDIA,GPU,2025,,,,,,,,,,
asus dual oc,479.99,,GeForce RTX 5060 Ti,16.0,,2410.0,Asus,GPU,2025,,,,,,,,,,
sapphire pure,991.27,,Radeon RX 9070 XT,16.0,,2460.0,Sapphire,GPU,2025,,,,,,,,,,
asus prime,829.99,,GeForce RTX 5070 Ti,16.0,,2300.0,Asus,GPU,2025,,,,,,,,,,
asus prime oc,1399.99,,GeForce RTX 5080,16.0,,2300.0,Asus,GPU,2025,,,,,,,,,,
nvidia founders edition,489.09,,GeForce RTX 3060 Ti,8.0,,1410.0,NVIDIA,GPU,2025,,,,,,,,,,
asus tuf gaming oc,1117.99,,GeForce RTX 4070 Ti SUPER,16.0,,2340.0,Asus,GPU,2025,,,,,,,,,,
gigabyte windforce,501.01,,GeForce RTX 5060 Ti,16.0,,2410.0,Gigabyte,GPU,2025,,,,,,,,,,
gigabyte aero oc,979.99,,GeForce RTX 5070 Ti,16.0,,2588.0,Gigabyte,GPU,2025,,,,,,,,,,
gigabyte gaming oc,1525.0,,GeForce RTX 5080,16.0,,2300.0,Gigabyte,GPU,2025,,,,,,,,,,
xfx swift oc,359.99,,Radeon RX 9060 XT,16.0,,2220.0,XFX,GPU,2025,,,,,,,,,,
gigabyte windforce sff,604.99,,GeForce RTX 5070,12.0,,2160.0,Gigabyte,GPU,2025,,,,,,,,,,
xfx speedster merc 310 black edition,1049.99,,Radeon RX 7900 XTX,24.0,,2300.0,XFX,GPU,2025,,,,,,,,,,
gigabyte windforce oc sff,869.99,,GeForce RTX 5070 Ti,16.0,,2497.0,Gigabyte,GPU,2025,,,,,,,,,,
asus rog astral lc oc,4246.33,,GeForce RTX 5090,32.0,,2010.0,Asus,GPU,2025,,,,,,,,,,
gigabyte windforce oc,449.99,,GeForce RTX 5060 Ti,16.0,,2410.0,Gigabyte,GPU,2025,,,,,,,,,,
asus dual geforce rtx 3060 v2 oc edition,329.97,,GeForce RTX 3060 12GB,12.0,,1320.0,Asus,GPU,2025,,,,,,,,,,
msi gaming trio oc,549.99,,GeForce RTX 5070,12.0,,2160.0,MSI,GPU,2025,,,,,,,,,,
msi gaming trio oc,559.99,,GeForce RTX 5060 Ti,16.0,,2410.0,MSI,GPU,2025,,,,,,,,,,
asus dual oc v2,369.99,,GeForce RTX 4060,8.0,,1830.0,Asus,GPU,2025,,,,,,,,,,
asus dual evo oc,439.99,,GeForce RTX 4060,8.0,,1830.0,Asus,GPU,2025,,,,,,,,,,
sapphire pulse,642.99,,Radeon RX 9070,16.0,,2070.0,Sapphire,GPU,2025,,,,,,,,,,
pny dual fan oc,428.33,,GeForce RTX 5060 Ti,16.0,,2407.0,PNY,GPU,2025,,,,,,,,,,
asrock steel legend oc,519.0,,Radeon RX 9060 XT,16.0,,2220.0,ASRock,GPU,2025,,,,,,,,,,
gigabyte gaming oc,249.99,,Radeon RX 9060 XT,8.0,,2220.0,Gigabyte,GPU,2025,,,,,,,,,,
asus dual evo oc,274.99,,Radeon RX 7600,8.0,,1720.0,Asus,GPU,2025,,,,,,,,,,
gigabyte windforce oc,820.0,,GeForce RTX 4070,12.0,,1920.0,Gigabyte,GPU,2025,,,,,,,,,,
gigabyte gaming oc,969.99,,GeForce RTX 5070 Ti,16.0,,2588.0,Gigabyte,GPU,2025,,,,,,,,,,
xfx swift,799.99,,Radeon RX 9070 XT,16.0,,1660.0,XFX,GPU,2025,,,,,,,,,,
msi gaming trio oc,3049.99,,GeForce RTX 5090,32.0,,2010.0,MSI,GPU,2025,,,,,,,,,,
powercolor hellhound oc,859.99,,Radeon RX 9070 XT,16.0,,2400.0,PowerColor,GPU,2025,,,,,,,,,,
nvidia founders edition,2995.99,,GeForce RTX 4090,24.0,,2230.0,NVIDIA,GPU,2025,,,,,,,,,,
pny verto oc,759.99,,GeForce RTX 4070 SUPER,12.0,,1980.0,PNY,GPU,2025,,,,,,,,,,
asrock challenger oc,399.97,,Radeon RX 7700 XT,12.0,,1700.0,ASRock,GPU,2025,,,,,,,,,,
asus prime,609.99,,GeForce RTX 5070,12.0,,2160.0,Asus,GPU,2025,,,,,,,,,,
gigabyte gaming oc,2809.36,,GeForce RTX 5090,32.0,,2010.0,Gigabyte,GPU,2025,,,,,,,,,,
msi gaming trio oc white,954.13,,GeForce RTX 5070,12.0,,2160.0,MSI,GPU,2025,,,,,,,,,,
asus prime,299.99,,GeForce RTX 5060,8.0,,2280.0,Asus,GPU,2025,,,,,,,,,,
msi ventus 3x oc plus,1599.99,,GeForce RTX 5080,16.0,,2300.0,MSI,GPU,2025,,,,,,,,,,
asus tuf gaming oc,604.99,,GeForce RTX 5070,12.0,,2160.0,Asus,GPU,2025,,,,,,,,,,
gigabyte aero oc sff,1579.99,,GeForce RTX 5080,16.0,,2300.0,Gigabyte,GPU,2025,,,,,,,,,,
xfx speedster merc 310,996.87,,Radeon RX 7900 XT,20.0,,2000.0,XFX,GPU,2025,,,,,,,,,,
asrock challenger,318.42,,Radeon RX 6600,8.0,,1626.0,ASRock,GPU,2025,,,,,,,,,,
gigabyte gaming oc,469.99,,GeForce RTX 5060 Ti,16.0,,2410.0,Gigabyte,GPU,2025,,,,,,,,,,
gigabyte windforce oc,429.99,,GeForce RTX 4060,8.0,,1830.0,Gigabyte,GPU,2025,,,,,,,,,,
gigabyte aorus master,2999.99,,GeForce RTX 5090,32.0,,2010.0,Gigabyte,GPU,2025,,,,,,,,,,
gigabyte gaming oc,669.99,,Radeon RX 9070,16.0,,2070.0,Gigabyte,GPU,2025,,,,,,,,,,
asus tuf gaming,2759.99,,GeForce RTX 5090,32.0,,2010.0,Asus,GPU,2025,,,,,,,,,,
sapphire pulse,299.99,,Radeon RX 9060 XT,8.0,,2220.0,Sapphire,GPU,2025,,,,,,,,,,
asus prime oc,939.99,,GeForce RTX 5070 Ti,16.0,,2300.0,Asus,GPU,2025,,,,,,,,,,
msi gaming trio oc,1449.99,,GeForce RTX 5080,16.0,,2300.0,MSI,GPU,2025,,,,,,,,,,
gigabyte gaming oc,369.95,,Radeon RX 7600,8.0,,1720.0,Gigabyte,GPU,2025,,,,,,,,,,
asus tuf gaming oc,698.0,,GeForce RTX 3070,8.0,,1500.0,Asus,GPU,2025,,,,,,,,,,
msi shadow 2x oc,599.99,,GeForce RTX 5070,12.0,,2557.0,MSI,GPU,2025,,,,,,,,,,
asus dual oc,199.97,,GeForce RTX 3050 6GB,6.0,,1040.0,Asus,GPU,2025,,,,,,,,,,
xfx speedster qick 319 core,689.0,,Radeon RX 7800 XT,16.0,,1295.0,XFX,GPU,2025,,,,,,,,,,
asus prime oc,439.99,,Radeon RX 9060 XT,16.0,,2220.0,Asus,GPU,2025,,,,,,,,,,
gigabyte gaming oc rev 2.0,354.99,,GeForce RTX 3060 12GB,12.0,,1320.0,Gigabyte,GPU,2025,,,,,,,,,,
msi ventus 2x xs oc,219.99,,GeForce RTX 3050 8GB,8.0,,1550.0,MSI,GPU,2025,,,,,,,,,,
zotac solid sff oc,839.99,,GeForce RTX 5070 Ti,16.0,,2300.0,Zotac,GPU,2025,,,,,,,,,,
msi gaming trio oc,1310.93,,GeForce RTX 5070 Ti,16.0,,2300.0,MSI,GPU,2025,,,,,,,,,,
xfx speedster swft 210 core,409.99,,Radeon RX 7700 XT,12.0,,1425.0,XFX,GPU,2025,,,,,,,,,,
powercolor reaper,799.99,,Radeon RX 9070 XT,16.0,,2400.0,PowerColor,GPU,2025,,,,,,,,,,
xfx quicksilver,799.99,,Radeon RX 9070 XT,16.0,,2400.0,XFX,GPU,2025,,,,,,,,,,
gigabyte eagle oc sff,669.99,,GeForce RTX 5070,12.0,,2160.0,Gigabyte,GPU,2025,,,,,,,,,,
pny oc,749.99,,GeForce RTX 5070 Ti,16.0,,2295.0,PNY,GPU,2025,,,,,,,,,,
msi gaming trio oc plus,849.99,,GeForce RTX 5070 Ti,16.0,,2300.0,MSI,GPU,2025,,,,,,,,,,
nvidia founders edition,399.0,,GeForce RTX 4060 Ti,8.0,,2310.0,NVIDIA,GPU,2025,,,,,,,,,,
gigabyte aorus elite,1059.54,,Radeon RX 9070 XT,16.0,,2570.0,Gigabyte,GPU,2025,,,,,,,,,,
msi shadow 3x oc,1339.0,,GeForce RTX 5080,16.0,,2300.0,MSI,GPU,2025,,,,,,,,,,
msi gt 710 2gd3 lp,59.95,,GeForce GT 710,2.0,,954.0,MSI,GPU,2025,,,,,,,,,,
zotac twin edge oc,479.99,,GeForce RTX 5060 Ti,16.0,,2410.0,Zotac,GPU,2025,,,,,,,,,,
asus tuf gaming oc,945.2,,Radeon RX 9070 XT,16.0,,2520.0,Asus,GPU,2025,,,,,,,,,,
onix odyssey,259.99,,Arc B580,12.0,,2670.0,ONIX,GPU,2025,,,,,,,,,,
asus dual evo oc,439.99,,GeForce RTX 4060 Ti,8.0,,2310.0,Asus,GPU,2025,,,,,,,,,,
lenovo 4x61d97085,7516.34,,RTX A5000,24.0,,1170.0,Lenovo,GPU,2025,,,,,,,,,,
msi ventus xs oc,339.0,,GeForce GTX 1660 SUPER,6.0,,1530.0,MSI,GPU,2025,,,,,,,,,,
asrock taichi oc,799.99,,Radeon RX 9070 XT,16.0,,2570.0,ASRock,GPU,2025,,,,,,,,,,
gigabyte aorus xtreme waterforce,3762.26,,GeForce RTX 5090,32.0,,2010.0,Gigabyte,GPU,2025,,,,,,,,,,
msi ventus 3x oc,2699.99,,GeForce RTX 5090,32.0,,2010.0,MSI,GPU,2025,,,,,,,,,,
xfx rx-79tmbabf9,700.26,,Radeon RX 7900 XT,20.0,,2000.0,XFX,GPU,2025,,,,,,,,,,
gigabyte aero oc,694.99,,GeForce RTX 5070,12.0,,2160.0,Gigabyte,GPU,2025,,,,,,,,,,
gigabyte eagle oc ice,329.99,,GeForce RTX 5060,8.0,,2280.0,Gigabyte,GPU,2025,,,,,,,,,,
evga ftw3 ultra gaming,899.99,,GeForce RTX 3080 10GB,10.0,,1440.0,EVGA,GPU,2025,,,,,,,,,,
xfx speedster qick 319 black,569.0,,Radeon RX 7700 XT,12.0,,1700.0,XFX,GPU,2025,,,,,,,,,,
gigabyte gaming oc,439.99,,GeForce RTX 4060,8.0,,1830.0,Gigabyte,GPU,2025,,,,,,,,,,
pny vcg508016tfxpb1,1349.99,,GeForce RTX 5080,16.0,,2300.0,PNY,GPU,2025,,,,,,,,,,
powercolor red devil oc,819.99,,Radeon RX 9070 XT,16.0,,2460.0,PowerColor,GPU,2025,,,,,,,,,,
gigabyte gaming,349.99,,Radeon RX 9060 XT,16.0,,2220.0,Gigabyte,GPU,2025,,,,,,,,,,
msi shadow 3x oc,599.44,,GeForce RTX 5070,12.0,,2160.0,MSI,GPU,2025,,,,,,,,,,
gigabyte aorus master ice,1629.99,,GeForce RTX 5080,16.0,,2300.0,Gigabyte,GPU,2025,,,,,,,,,,
palit infinity 3,923.0,,GeForce RTX 5070,12.0,,2325.0,Palit,GPU,2025,,,,,,,,,,
asrock phantom gaming d oc,159.99,,Radeon RX 6500 XT,4.0,,2365.0,ASRock,GPU,2025,,,,,,,,,,
msi suprim liquid soc,3229.0,,GeForce RTX 5090,32.0,,2010.0,MSI,GPU,2025,,,,,,,,,,
powercolor reaper,669.99,,Radeon RX 9070,16.0,,2070.0,PowerColor,GPU,2025,,,,,,,,,,
asus tuf gaming oc,1798.99,,GeForce RTX 4080 SUPER,16.0,,2210.0,Asus,GPU,2025,,,,,,,,,,
asus rog strix gaming oc,3185.0,,GeForce RTX 4090,24.0,,2235.0,Asus,GPU,2025,,,,,,,,,,
nvidia founders edition,949.99,,GeForce RTX 3080 Ti,12.0,,1370.0,NVIDIA,GPU,2025,,,,,,,,,,
msi ventus 2x oc,319.99,,GeForce RTX 5060,8.0,,2280.0,MSI,GPU,2025,,,,,,,,,,
gigabyte windforce oc sff,1399.99,,GeForce RTX 5080,16.0,,2300.0,Gigabyte,GPU,2025,,,,,,,,,,
pny oc,1349.99,,GeForce RTX 5080,16.0,,2300.0,PNY,GPU,2025,,,,,,,,,,
gigabyte windforce oc,2639.99,,GeForce RTX 5090,32.0,,2010.0,Gigabyte,GPU,2025,,,,,,,,,,
sapphire pulse,429.0,,Radeon RX 6700 XT,12.0,,2321.0,Sapphire,GPU,2025,,,,,,,,,,
nvidia founders edition,899.0,,GeForce RTX 4070,12.0,,1920.0,NVIDIA,GPU,2025,,,,,,,,,,
sapphire pulse,337.33,,Radeon RX 7600,8.0,,1720.0,Sapphire,GPU,2025,,,,,,,,,,
msi ventus 2x oc,629.99,,GeForce RTX 5070,12.0,,2160.0,MSI,GPU,2025,,,,,,,,,,
sparkle titan oc,319.99,,Arc B580,12.0,,2670.0,Sparkle,GPU,2025,,,,,,,,,,
zotac gaming solid oc,609.99,,GeForce RTX 5070,12.0,,2160.0,Zotac,GPU,2025,,,,,,,,,,
gigabyte aero oc,649.0,,GeForce RTX 5060 Ti,16.0,,2410.0,Gigabyte,GPU,2025,,,,,,,,,,
asus dual oc,299.99,,GeForce RTX 5060,8.0,,2280.0,Asus,GPU,2025,,,,,,,,,,
gigabyte eagle oc,599.0,,GeForce RTX 5060 Ti,16.0,,2410.0,Gigabyte,GPU,2025,,,,,,,,,,
asus dual evo oc,775.87,,GeForce RTX 4060 Ti,16.0,,2310.0,Asus,GPU,2025,,,,,,,,,,
sparkle guardian oc,259.99,,Arc B570,10.0,,2500.0,Sparkle,GPU,2025,,,,,,,,,,
zotac gaming solid oc,2599.98,,GeForce RTX 5090,32.0,,2010.0,Zotac,GPU,2025,,,,,,,,,,
asus dual oc,699.0,,Radeon RX 7800 XT,16.0,,1295.0,Asus,GPU,2025,,,,,,,,,,
asus prime,1264.99,,GeForce RTX 5080,16.0,,2300.0,Asus,GPU,2025,,,,,,,,,,
nvidia founders edition,1849.99,,GeForce RTX 4080,16.0,,2210.0,NVIDIA,GPU,2025,,,,,,,,,,
sapphire pulse,762.12,,Radeon RX 7800 XT,16.0,,1295.0,Sapphire,GPU,2025,,,,,,,,,,
sapphire nitro+,649.99,,Radeon RX 9070,16.0,,2210.0,Sapphire,GPU,2025,,,,,,,,,,
zotac gaming solid,3495.23,,GeForce RTX 5090,32.0,,2010.0,Zotac,GPU,2025,,,,,,,,,,
xfx swift oc,319.99,,Radeon RX 9060 XT,8.0,,2220.0,XFX,GPU,2025,,,,,,,,,,
evga ko ultra gaming,320.0,,GeForce RTX 2060,6.0,,1365.0,EVGA,GPU,2025,,,,,,,,,,
gigabyte aorus master,1629.99,,GeForce RTX 5080,16.0,,2300.0,Gigabyte,GPU,2025,,,,,,,,,,
xfx mercury oc rgb,869.98,,Radeon RX 9070 XT,16.0,,1870.0,XFX,GPU,2025,,,,,,,,,,
xfx swift oc,299.99,,Radeon RX 9060 XT,8.0,,2220.0,XFX,GPU,2025,,,,,,,,,,
xfx speedster swft 210 core,331.42,,Radeon RX 6650 XT,8.0,,2055.0,XFX,GPU,2025,,,,,,,,,,
pny argb epic-x rgb oc,1256.39,,GeForce RTX 5070 Ti,16.0,,2295.0,PNY,GPU,2025,,,,,,,,,,
zotac gaming solo,299.99,,GeForce RTX 5060,8.0,,2280.0,Zotac,GPU,2025,,,,,,,,,,
asus prime,612.98,,Radeon RX 9070 XT,16.0,,2460.0,Asus,GPU,2025,,,,,,,,,,
intel limited edition,249.0,,Arc A750,8.0,,2050.0,Intel,GPU,2025,,,,,,,,,,
msi gaming trio oc,549.99,,GeForce RTX 5060 Ti,16.0,,2410.0,MSI,GPU,2025,,,,,,,,,,
xfx speedster swft 210 core,289.99,,Radeon RX 7600,8.0,,1875.0,XFX,GPU,2025,,,,,,,,,,
zotac gaming amp extreme infinity,1460.14,,GeForce RTX 5080,16.0,,2300.0,Zotac,GPU,2025,,,,,,,,,,
gigabyte gaming oc,572.12,,GeForce RTX 3070,8.0,,1500.0,Gigabyte,GPU,2025,,,,,,,,,,
gigabyte oc low profile,339.99,,GeForce RTX 5060,8.0,,2280.0,Gigabyte,GPU,2025,,,,,,,,,,
msi ventus 3x oc,1409.99,,GeForce RTX 5080,16.0,,2300.0,MSI,GPU,2025,,,,,,,,,,
powercolor hellhound spectral,839.99,,Radeon RX 9070 XT,16.0,,2400.0,PowerColor,GPU,2025,,,,,,,,,,
asus prime oc,529.99,,GeForce RTX 5060 Ti,16.0,,2410.0,Asus,GPU,2025,,,,,,,,,,
msi ventus 2x oc,629.99,,GeForce RTX 5070,12.0,,2160.0,MSI,GPU,2025,,,,,,,,,,
pny epic-x rgb oc,2799.99,,GeForce RTX 5090,32.0,,2010.0,PNY,GPU,2025,,,,,,,,,,
gigabyte eagle,535.0,,Radeon RX 6600,8.0,,1626.0,Gigabyte,GPU,2025,,,,,,,,,,
msi ventus 2x black oc,479.99,,GeForce RTX 4060 Ti,16.0,,2310.0,MSI,GPU,2025,,,,,,,,,,
asus tuf gaming oc,267.3,,GeForce GTX 1660 SUPER,6.0,,1530.0,Asus,GPU,2025,,,,,,,,,,
gigabyte windforce v2,1548.99,,GeForce RTX 4080 SUPER,16.0,,2210.0,Gigabyte,GPU,2025,,,,,,,,,,
msi ventus 2x oc,933.74,,GeForce RTX 4070 SUPER,12.0,,1980.0,MSI,GPU,2025,,,,,,,,,,
msi suprim soc,3199.99,,GeForce RTX 5090,32.0,,2010.0,MSI,GPU,2025,,,,,,,,,,
asrock challenger oc,279.97,,Radeon RX 7600,8.0,,1720.0,ASRock,GPU,2025,,,,,,,,,,
zotac gaming amp extreme infinity,899.99,,GeForce RTX 5070 Ti,16.0,,2300.0,Zotac,GPU,2025,,,,,,,,,,
asus tuf gaming oc,1099.99,,GeForce RTX 4070 Ti,12.0,,2310.0,Asus,GPU,2025,,,,,,,,,,
gigabyte windforce oc rev 2.0,324.97,,GeForce RTX 3060 12GB,12.0,,1320.0,Gigabyte,GPU,2025,,,,,,,,,,
gigabyte windforce,379.99,,GeForce RTX 5060 Ti,8.0,,2410.0,Gigabyte,GPU,2025,,,,,,,,,,
xfx speedster swft 210 core,649.0,,Radeon RX 7800 XT,16.0,,1295.0,XFX,GPU,2025,,,,,,,,,,
evga ftw3 ultra gaming,765.0,,GeForce RTX 3070 Ti,8.0,,1575.0,EVGA,GPU,2025,,,,,,,,,,
powercolor hellhound,1174.08,,Radeon RX 7900 XTX,24.0,,2300.0,PowerColor,GPU,2025,,,,,,,,,,
evga ftw3 ultra gaming,1518.99,,GeForce RTX 3090,24.0,,1395.0,EVGA,GPU,2025,,,,,,,,,,
xfx quicksilver,799.99,,Radeon RX 9070 XT,16.0,,1660.0,XFX,GPU,2025,,,,,,,,,,
asrock challenger oc,269.98,,Arc B580,12.0,,2670.0,ASRock,GPU,2025,,,,,,,,,,
asus tuf gaming oc,599.99,,GeForce RTX 5060 Ti,16.0,,2410.0,Asus,GPU,2025,,,,,,,,,,
msi vanguard soc,859.99,,GeForce RTX 5070 Ti,16.0,,2300.0,MSI,GPU,2025,,,,,,,,,,
sapphire pulse,468.0,,Radeon RX 7600 XT,16.0,,1720.0,Sapphire,GPU,2025,,,,,,,,,,
xfx mercury oc rgb,839.99,,Radeon RX 9070 XT,16.0,,1870.0,XFX,GPU,2025,,,,,,,,,,
asus dual oc,399.99,,GeForce RTX 4060,8.0,,1830.0,Asus,GPU,2025,,,,,,,,,,
msi vanguard soc,649.99,,GeForce RTX 5070,12.0,,2160.0,MSI,GPU,2025,,,,,,,,,,
gigabyte gaming oc,619.99,,GeForce RTX 5070,12.0,,2160.0,Gigabyte,GPU,2025,,,,,,,,,,
zotac twin edge,642.11,,GeForce RTX 5060 Ti,16.0,,2410.0,Zotac,GPU,2025,,,,,,,,,,
asus dual evo oc,949.97,,GeForce RTX 4070,12.0,,1920.0,Asus,GPU,2025,,,,,,,,,,
asus rog strix gaming oc,3539.99,,GeForce RTX 4090,24.0,,2235.0,Asus,GPU,2025,,,,,,,,,,
msi inspire 3x oc plus,1010.0,,GeForce RTX 5070 Ti,16.0,,2300.0,MSI,GPU,2025,,,,,,,,,,
asrock intel arc a380 challenger itx,139.99,,Arc A380,6.0,,2250.0,ASRock,GPU,2025,,,,,,,,,,
xfx swift oc,399.99,,Radeon RX 9060 XT,16.0,,2220.0,XFX,GPU,2025,,,,,,,,,,
onix lumi oc,285.98,,Arc B580,12.0,,2670.0,ONIX,GPU,2025,,,,,,,,,,
xfx rx-79gmercb9,669.99,,Radeon RX 7900 GRE,16.0,,1270.0,XFX,GPU,2025,,,,,,,,,,
asus tuf gaming oc,2940.55,,GeForce RTX 5090,32.0,,2010.0,Asus,GPU,2025,,,,,,,,,,
msi geforce rtx 3080 ventus 3x 10g oc,879.99,,GeForce RTX 3080 10GB,10.0,,1440.0,MSI,GPU,2025,,,,,,,,,,
msi gt 710 2gd3h lp,71.62,,GeForce GT 710,2.0,,954.0,MSI,GPU,2025,,,,,,,,,,
gigabyte gaming oc,595.0,,Radeon RX 5700 XT,8.0,,1650.0,Gigabyte,GPU,2025,,,,,,,,,,
asus tuf gaming oc,1009.99,,GeForce RTX 5070 Ti,16.0,,2300.0,Asus,GPU,2025,,,,,,,,,,
msi geforce rtx 2070 super ventus gp oc,689.0,,GeForce RTX 2070 SUPER,8.0,,1605.0,MSI,GPU,2025,,,,,,,,,,
xfx swift oc,719.99,,Radeon RX 9070,16.0,,1440.0,XFX,GPU,2025,,,,,,,,,,
msi gtx 1050 ti 4gt oc,263.99,,GeForce GTX 1050 Ti,4.0,,1341.0,MSI,GPU,2025,,,,,,,,,,
msi ventus 3x oc,1299.99,,GeForce RTX 5080,16.0,,2300.0,MSI,GPU,2025,,,,,,,,,,
sapphire pure,540.66,,Radeon RX 9060 XT,16.0,,2220.0,Sapphire,GPU,2025,,,,,,,,,,
gigabyte eagle oc ice sff,1149.0,,GeForce RTX 5070 Ti,16.0,,2541.0,Gigabyte,GPU,2025,,,,,,,,,,
msi geforce rtx 3070 ventus 3x oc,534.19,,GeForce RTX 3070,8.0,,1500.0,MSI,GPU,2025,,,,,,,,,,
msi geforce gtx 1650 super,419.0,,GeForce GTX 1650 SUPER,4.0,,1530.0,MSI,GPU,2025,,,,,,,,,,
sapphire pure,896.64,,Radeon RX 9070,16.0,,2210.0,Sapphire,GPU,2025,,,,,,,,,,
asus tuf gaming oc,479.99,,Radeon RX 9060 XT,16.0,,2220.0,Asus,GPU,2025,,,,,,,,,,
msi gaming x,575.0,,GeForce RTX 2060 SUPER,8.0,,1470.0,MSI,GPU,2025,,,,,,,,,,
powercolor hellhound oc,399.98,,Radeon RX 9060 XT,16.0,,2220.0,PowerColor,GPU,2025,,,,,,,,,,
gigabyte windforce oc,249.99,,GeForce RTX 5050,8.0,,2317.0,Gigabyte,GPU,2025,,,,,,,,,,
msi gaming x,425.0,,GeForce GTX 1660 Ti,6.0,,1500.0,MSI,GPU,2025,,,,,,,,,,
sapphire nitro+,399.99,,Radeon RX 9060 XT,16.0,,2220.0,Sapphire,GPU,2025,,,,,,,,,,
gigabyte aorus master,1039.99,,GeForce RTX 5070 Ti,16.0,,2670.0,Gigabyte,GPU,2025,,,,,,,,,,
msi vanguard soc launch edition,3062.98,,GeForce RTX 5090,32.0,,2010.0,MSI,GPU,2025,,,,,,,,,,
gigabyte windforce,1999.99,,GeForce RTX 5090,32.0,,2010.0,Gigabyte,GPU,2025,,,,,,,,,,
gigabyte gaming oc,1480.0,,GeForce RTX 4070 Ti SUPER,16.0,,2340.0,Gigabyte,GPU,2025,,,,,,,,,,
gigabyte aero oc,334.99,,GeForce RTX 5060,8.0,,2280.0,Gigabyte,GPU,2025,,,,,,,,,,
gigabyte eagle,528.66,,GeForce RTX 4060 Ti,8.0,,2310.0,Gigabyte,GPU,2025,,,,,,,,,,
asus dual oc,784.35,,GeForce RTX 5070,12.0,,2160.0,Asus,GPU,2025,,,,,,,,,,
zotac gaming solid core oc,1682.12,,GeForce RTX 5080,16.0,,2300.0,Zotac,GPU,2025,,,,,,,,,,
asus rog strix gaming oc,1299.99,,GeForce RTX 4080 SUPER,16.0,,2210.0,Asus,GPU,2025,,,,,,,,,,
pny xlr8 gaming verto epic-x rgb,579.0,,GeForce RTX 4070,12.0,,1920.0,PNY,GPU,2025,,,,,,,,,,
pny argb epic-x rgb oc,1459.24,,GeForce RTX 5080,16.0,,2300.0,PNY,GPU,2025,,,,,,,,,,
pny dual fan oc,353.48,,GeForce RTX 5060 Ti,8.0,,2407.0,PNY,GPU,2025,,,,,,,,,,
msi gaming trio oc,369.99,,GeForce RTX 5060,8.0,,2280.0,MSI,GPU,2025,,,,,,,,,,
gigabyte gaming,499.0,,GeForce GTX 1080,8.0,,1721.0,Gigabyte,GPU,2025,,,,,,,,,,
asrock challenger oc,319.99,,Radeon RX 9060 XT,8.0,,2220.0,ASRock,GPU,2025,,,,,,,,,,
powercolor hellhound oc,677.54,,Radeon RX 7800 XT,16.0,,1295.0,PowerColor,GPU,2025,,,,,,,,,,
asus prime oc,737.85,,Radeon RX 9070,16.0,,2120.0,Asus,GPU,2025,,,,,,,,,,
msi ventus 2x,329.99,,GeForce RTX 5060,8.0,,2280.0,MSI,GPU,2025,,,,,,,,,,
msi inspire 3x oc,1399.99,,GeForce RTX 5080,16.0,,2300.0,MSI,GPU,2025,,,,,,,,,,
msi ventus 2x black oc,593.01,,GeForce RTX 4060 Ti,8.0,,2310.0,MSI,GPU,2025,,,,,,,,,,
palit infinity 3 oc,653.25,,GeForce RTX 5060 Ti,16.0,,2407.0,Palit,GPU,2025,,,,,,,,,,
pny argb epic-x rgb oc,599.99,,GeForce RTX 5070,12.0,,2325.0,PNY,GPU,2025,,,,,,,,,,
gigabyte gaming oc,2915.99,,GeForce RTX 4090,24.0,,2235.0,Gigabyte,GPU,2025,,,,,,,,,,
asrock steel legend oc,339.99,,Radeon RX 9060 XT,8.0,,2220.0,ASRock,GPU,2025,,,,,,,,,,
msi rtx 3060 ventus 3x 12g oc,569.99,,GeForce RTX 3060 12GB,12.0,,1320.0,MSI,GPU,2025,,,,,,,,,,
msi vanguard soc,2799.99,,GeForce RTX 5090,32.0,,2010.0,MSI,GPU,2025,,,,,,,,,,
msi ventus 3x oc,489.99,,GeForce RTX 5060 Ti,16.0,,2410.0,MSI,GPU,2025,,,,,,,,,,
asrock steel legend oc,279.98,,Arc B580,12.0,,2670.0,ASRock,GPU,2025,,,,,,,,,,
xfx speedster merc 319 core,719.0,,Radeon RX 6800 XT,16.0,,1825.0,XFX,GPU,2025,,,,,,,,,,
msi ventus 3x oc,579.99,,GeForce RTX 5070,12.0,,2557.0,MSI,GPU,2025,,,,,,,,,,
gigabyte eagle oc,499.0,,GeForce RTX 4060,8.0,,1830.0,Gigabyte,GPU,2025,,,,,,,,,,
asus gt1030-2g-csm,106.56,,GeForce GT 1030,2.0,,1266.0,Asus,GPU,2025,,,,,,,,,,
pny oc,2699.99,,GeForce RTX 5090,32.0,,2010.0,PNY,GPU,2025,,,,,,,,,,
asus proart oc,1799.0,,GeForce RTX 4080 SUPER,16.0,,2210.0,Asus,GPU,2025,,,,,,,,,,
nvidia founders edition,879.0,,GeForce RTX 2080 Ti,11.0,,1350.0,NVIDIA,GPU,2025,,,,,,,,,,
gigabyte gaming oc,795.0,,GeForce RTX 3070 Ti,8.0,,1575.0,Gigabyte,GPU,2025,,,,,,,,,,
powercolor fighter oc,110.49,,Radeon RX 6500 XT,4.0,,2310.0,PowerColor,GPU,2025,,,,,,,,,,
msi gaming oc,359.99,,GeForce RTX 5060,8.0,,2280.0,MSI,GPU,2025,,,,,,,,,,
zotac gaming twin fan,255.0,,GeForce GTX 1660 SUPER,6.0,,1530.0,Zotac,GPU,2025,,,,,,,,,,
pny rtx a-series,4974.0,,RTX A6000,48.0,,1455.0,PNY,GPU,2025,,,,,,,,,,
msi gaming trio oc,869.99,,GeForce RTX 5070 Ti,16.0,,2300.0,MSI,GPU,2025,,,,,,,,,,
evga xc3 ultra gaming,695.0,,GeForce RTX 3070,8.0,,1500.0,EVGA,GPU,2025,,,,,,,,,,
inno3d x3,1472.0,,GeForce RTX 5080,16.0,,2295.0,Inno3D,GPU,2025,,,,,,,,,,
msi rx 6600 xt mech 2x 8g oc,648.0,,Radeon RX 6600 XT,8.0,,1968.0,MSI,GPU,2025,,,,,,,,,,
palit gamerock,3719.15,,GeForce RTX 5090,32.0,,2010.0,Palit,GPU,2025,,,,,,,,,,
msi ventus 2x plus oc,379.99,,GeForce RTX 5060 Ti,8.0,,2410.0,MSI,GPU,2025,,,,,,,,,,
gigabyte eagle oc sff,659.99,,GeForce RTX 5070,12.0,,2160.0,Gigabyte,GPU,2025,,,,,,,,,,
gigabyte gv-r9070xtgaming-16gd,839.95,,Radeon RX 9070 XT,16.0,,2400.0,Gigabyte,GPU,2025,,,,,,,,,,
gigabyte windforce oc,270.89,,GeForce RTX 3050 6GB,6.0,,1040.0,Gigabyte,GPU,2025,,,,,,,,,,
msi gaming trio oc,349.99,,GeForce RTX 5060,8.0,,2280.0,MSI,GPU,2025,,,,,,,,,,
msi lp oc,219.98,,GeForce RTX 3050 6GB,6.0,,1040.0,MSI,GPU,2025,,,,,,,,,,
nvidia founders edition,1949.99,,GeForce RTX 3090 Ti,24.0,,1560.0,NVIDIA,GPU,2025,,,,,,,,,,
asus dual evo oc,877.7,,GeForce RTX 4070,12.0,,1920.0,Asus,GPU,2025,,,,,,,,,,
sapphire pulse,633.37,,Radeon RX 7700 XT,12.0,,1700.0,Sapphire,GPU,2025,,,,,,,,,,
gigabyte windforce,299.99,,GeForce RTX 5060,8.0,,2280.0,Gigabyte,GPU,2025,,,,,,,,,,
asrock taichi oc,1416.06,,Radeon RX 7900 XTX,24.0,,2300.0,ASRock,GPU,2025,,,,,,,,,,
gigabyte eagle oc sff,1019.98,,GeForce RTX 5070 Ti,16.0,,2542.0,Gigabyte,GPU,2025,,,,,,,,,,
msi geforce rtx 3060 ventus 2x 12g oc,349.75,,GeForce RTX 3060 12GB,12.0,,1320.0,MSI,GPU,2025,,,,,,,,,,
asus tuf gaming oc,1556.77,,GeForce RTX 4070 Ti SUPER,16.0,,2340.0,Asus,GPU,2025,,,,,,,,,,
asus dual evo oc,866.0,,GeForce RTX 4070 SUPER,12.0,,1980.0,Asus,GPU,2025,,,,,,,,,,
asus prime oc,379.99,,GeForce RTX 5060,8.0,,2280.0,Asus,GPU,2025,,,,,,,,,,
zotac gaming solid oc,3112.98,,GeForce RTX 5090,32.0,,2010.0,Zotac,GPU,2025,,,,,,,,,,
powercolor reaper,299.99,,Radeon RX 9060 XT,8.0,,2220.0,PowerColor,GPU,2025,,,,,,,,,,
xfx mercury oc magnetic air rgb,879.99,,Radeon RX 9070 XT,16.0,,1870.0,XFX,GPU,2025,,,,,,,,,,
asus tuf gaming,1264.99,,GeForce RTX 5080,16.0,,2300.0,Asus,GPU,2025,,,,,,,,,,
msi ventus 2x oc,464.0,,GeForce RTX 4060,8.0,,1830.0,MSI,GPU,2025,,,,,,,,,,
palit gamingpro,1558.8,,GeForce RTX 5080,16.0,,2295.0,Palit,GPU,2025,,,,,,,,,,
asrock steel legend dark,1615.52,,Radeon RX 9070 XT,16.0,,2400.0,ASRock,GPU,2025,,,,,,,,,,
msi ventus 3x oc,944.99,,GeForce RTX 4070 SUPER,12.0,,1980.0,MSI,GPU,2025,,,,,,,,,,
msi geforce rtx 2060 ventus gp oc,349.99,,GeForce RTX 2060,6.0,,1365.0,MSI,GPU,2025,,,,,,,,,,
evga ftw3 ultra gaming le icx3,1298.0,,GeForce RTX 3080 Ti,12.0,,1365.0,EVGA,GPU,2025,,,,,,,,,,
xfx speedster swft 210,459.0,,Radeon RX 7600 XT,16.0,,1720.0,XFX,GPU,2025,,,,,,,,,,
zotac gaming solid oc,1470.0,,GeForce RTX 5080,16.0,,2300.0,Zotac,GPU,2025,,,,,,,,,,
gigabyte gaming oc,3411.6,,GeForce RTX 3080 10GB,10.0,,1440.0,Gigabyte,GPU,2025,,,,,,,,,,
msi gaming trio oc,1867.62,,GeForce RTX 5080,16.0,,2300.0,MSI,GPU,2025,,,,,,,,,,
asus prime oc,378.0,,Radeon RX 9060 XT,8.0,,2220.0,Asus,GPU,2025,,,,,,,,,,
asus dual,339.99,,Radeon RX 9060 XT,8.0,,2220.0,Asus,GPU,2025,,,,,,,,,,
asus tuf gaming oc,409.99,,GeForce RTX 5060,8.0,,2280.0,Asus,GPU,2025,,,,,,,,,,
asrock phantom gaming oc,811.84,,Radeon RX 7900 XT,20.0,,2000.0,ASRock,GPU,2025,,,,,,,,,,
msi rx 580 8g,260.0,,Radeon RX 580,8.0,,1257.0,MSI,GPU,2025,,,,,,,,,,
gigabyte eagle oc,459.99,,GeForce RTX 5060 Ti,16.0,,2410.0,Gigabyte,GPU,2025,,,,,,,,,,
nvidia founders edition,575.0,,GeForce RTX 2060 SUPER,8.0,,1470.0,NVIDIA,GPU,2025,,,,,,,,,,
sparkle titan luna oc,393.45,,Arc B580,12.0,,2670.0,Sparkle,GPU,2025,,,,,,,,,,
msi ventus 3x oc,1799.99,,GeForce RTX 4080 SUPER,16.0,,2210.0,MSI,GPU,2025,,,,,,,,,,
asus rog strix-gtx1070-o8g-gaming,499.0,,GeForce GTX 1070,8.0,,1632.0,Asus,GPU,2025,,,,,,,,,,
asus prime oc,709.99,,GeForce RTX 5070,12.0,,2160.0,Asus,GPU,2025,,,,,,,,,,
msi d4 lp oc,99.97,,GeForce GT 1030 DDR4,4.0,,1151.0,MSI,GPU,2025,,,,,,,,,,
acer nitro oc,319.99,,Arc B580,12.0,,2740.0,Acer,GPU,2025,,,,,,,,,,
xfx swift oc,299.99,,Radeon RX 9060 XT,8.0,,2220.0,XFX,GPU,2025,,,,,,,,,,
xfx speedster qick 319 core,1028.0,,Radeon RX 7800 XT,16.0,,1295.0,XFX,GPU,2025,,,,,,,,,,
zotac gaming solid core,1809.99,,GeForce RTX 5080,16.0,,2300.0,Zotac,GPU,2025,,,,,,,,,,
xfx speedster qick 210,169.99,,Radeon RX 6500 XT,4.0,,2310.0,XFX,GPU,2025,,,,,,,,,,
gigabyte windforce oc,429.95,,GeForce RTX 3060 12GB,12.0,,1320.0,Gigabyte,GPU,2025,,,,,,,,,,
asus rog strix oc,447.31,,GeForce RTX 4060,8.0,,1830.0,Asus,GPU,2025,,,,,,,,,,
evga xc gaming,595.0,,GeForce RTX 3060 Ti,8.0,,1410.0,EVGA,GPU,2025,,,,,,,,,,
evga sc ultra gaming,279.99,,GeForce GTX 1660 SUPER,6.0,,1530.0,EVGA,GPU,2025,,,,,,,,,,
zotac gaming amp extreme airo,2590.0,,GeForce RTX 4090,24.0,,2235.0,Zotac,GPU,2025,,,,,,,,,,
xfx mercury oc rgb v2,859.99,,Radeon RX 9070 XT,16.0,,1870.0,XFX,GPU,2025,,,,,,,,,,
msi geforce rtx 3080 gaming x trio 10g,779.0,,GeForce RTX 3080 10GB,10.0,,1440.0,MSI,GPU,2025,,,,,,,,,,
msi gt 710 1gd3h lp,45.99,,GeForce GT 710,1.0,,954.0,MSI,GPU,2025,,,,,,,,,,
evga xc gaming,748.97,,GeForce RTX 3060 12GB,12.0,,1320.0,EVGA,GPU,2025,,,,,,,,,,
asus tuf gaming oc,3275.0,,GeForce RTX 4090,24.0,,2235.0,Asus,GPU,2025,,,,,,,,,,
gigabyte gaming oc,339.99,,GeForce RTX 5060,8.0,,2280.0,Gigabyte,GPU,2025,,,,,,,,,,
asrock challenger oc,239.98,,Arc B570,10.0,,2500.0,ASRock,GPU,2025,,,,,,,,,,
asus dual oc,419.99,,GeForce RTX 5060 Ti,8.0,,2410.0,Asus,GPU,2025,,,,,,,,,,
powercolor red devil e/oc,1043.99,,Radeon RX 9070 XT,16.0,,2460.0,PowerColor,GPU,2025,,,,,,,,,,
gigabyte aorus xtreme waterforce,1939.0,,GeForce RTX 5080,16.0,,2300.0,Gigabyte,GPU,2025,,,,,,,,,,
pny epic-x rgb oc,499.99,,GeForce RTX 5060 Ti,16.0,,2407.0,PNY,GPU,2025,,,,,,,,,,
msi suprim soc,1809.0,,GeForce RTX 5080,16.0,,2300.0,MSI,GPU,2025,,,,,,,,,,
powercolor red devil,539.0,,Radeon RX 5700 XT,8.0,,1605.0,PowerColor,GPU,2025,,,,,,,,,,
powercolor fighter,345.0,,Radeon RX 6600,8.0,,1626.0,PowerColor,GPU,2025,,,,,,,,,,
nvidia founders edition,775.0,,GeForce RTX 2070 SUPER,8.0,,1605.0,NVIDIA,GPU,2025,,,,,,,,,,
asus strix gaming,749.0,,GeForce GTX 1080 Ti,11.0,,1493.0,Asus,GPU,2025,,,,,,,,,,
msi rtx 3070 gaming x trio,699.0,,GeForce RTX 3070,8.0,,1500.0,MSI,GPU,2025,,,,,,,,,,
zotac gaming solid core,762.98,,GeForce RTX 5070 Ti,16.0,,2300.0,Zotac,GPU,2025,,,,,,,,,,
asus dual,385.0,,GeForce GTX 1060 6GB,6.0,,1594.0,Asus,GPU,2025,,,,,,,,,,
zotac gaming amp,499.99,,GeForce RTX 5060 Ti,16.0,,2410.0,Zotac,GPU,2025,,,,,,,,,,
sapphire pulse,327.12,,Radeon RX 6600,8.0,,1626.0,Sapphire,GPU,2025,,,,,,,,,,
msi vanguard soc,1459.99,,GeForce RTX 5080,16.0,,2300.0,MSI,GPU,2025,,,,,,,,,,
msi ventus 2x oc,487.54,,GeForce RTX 3060 Ti,8.0,,1410.0,MSI,GPU,2025,,,,,,,,,,
msi gaming x,194.99,,GeForce RTX 3050 6GB,6.0,,1040.0,MSI,GPU,2025,,,,,,,,,,
xfx speedster swft 210 core,299.99,,Radeon RX 6650 XT,8.0,,2055.0,XFX,GPU,2025,,,,,,,,,,
acer nitro oc,987.91,,Radeon RX 9070 XT,16.0,,2400.0,Acer,GPU,2025,,,,,,,,,,
gigabyte gaming oc,1324.17,,GeForce RTX 3080 Ti,12.0,,1365.0,Gigabyte,GPU,2025,,,,,,,,,,
pny verto,449.99,,GeForce RTX 4060 Ti,16.0,,2310.0,PNY,GPU,2025,,,,,,,,,,
powercolor hellhound oc,699.99,,Radeon RX 9070,16.0,,2070.0,PowerColor,GPU,2025,,,,,,,,,,
xfx swift oc,712.98,,Radeon RX 9070,16.0,,1440.0,XFX,GPU,2025,,,,,,,,,,
gigabyte gaming oc,1799.99,,GeForce RTX 4080 SUPER,16.0,,2210.0,Gigabyte,GPU,2025,,,,,,,,,,
zotac solid oc,1462.98,,GeForce RTX 5080,16.0,,2300.0,Zotac,GPU,2025,,,,,,,,,,
msi gaming z trio,989.0,,Radeon RX 6800 XT,16.0,,1825.0,MSI,GPU,2025,,,,,,,,,,
asus rog strix gaming oc,1985.0,,GeForce RTX 4080 SUPER,16.0,,2210.0,Asus,GPU,2025,,,,,,,,,,
nvidia founders edition,439.0,,GeForce GTX 1060 6GB,6.0,,1506.0,NVIDIA,GPU,2025,,,,,,,,,,
msi gaming trio oc,429.99,,GeForce RTX 5060 Ti,8.0,,2410.0,MSI,GPU,2025,,,,,,,,,,
gigabyte oc,430.0,,GeForce GTX 1660 Ti,6.0,,1500.0,Gigabyte,GPU,2025,,,,,,,,,,
acer nitro oc,832.67,,Radeon RX 9070,16.0,,2070.0,Acer,GPU,2025,,,,,,,,,,
asus tuf gaming oc,1849.99,,Radeon RX 7900 XTX,24.0,,2300.0,Asus,GPU,2025,,,,,,,,,,
sparkle eco,129.99,,Arc A310,4.0,,1750.0,Sparkle,GPU,2025,,,,,,,,,,
asus dual oc,894.99,,GeForce RTX 4070,12.0,,1920.0,Asus,GPU,2025,,,,,,,,,,
asus rog astral,1762.98,,GeForce RTX 5080,16.0,,2300.0,Asus,GPU,2025,,,,,,,,,,
zotac gaming twin edge oc,439.99,,GeForce RTX 4060,8.0,,1830.0,Zotac,GPU,2025,,,,,,,,,,
asus dual oc,566.85,,GeForce RTX 4060 Ti,8.0,,2310.0,Asus,GPU,2025,,,,,,,,,,
zotac gaming twin edge oc,429.9,,GeForce RTX 3060 12GB,12.0,,1320.0,Zotac,GPU,2025,,,,,,,,,,
sparkle elf,149.99,,Arc A380,6.0,,2000.0,Sparkle,GPU,2025,,,,,,,,,,
msi ventus 2x oc,576.1,,GeForce RTX 3070,8.0,,1500.0,MSI,GPU,2025,,,,,,,,,,
zotac gaming trinity,1049.99,,GeForce RTX 4070 Ti SUPER,16.0,,2340.0,Zotac,GPU,2025,,,,,,,,,,
msi gaming trio oc,429.99,,GeForce RTX 5060 Ti,8.0,,2410.0,MSI,GPU,2025,,,,,,,,,,
zotac gaming twin edge oc,743.34,,GeForce RTX 3070,8.0,,1500.0,Zotac,GPU,2025,,,,,,,,,,
zotac gaming solid core oc,1121.07,,GeForce RTX 5070 Ti,16.0,,2300.0,Zotac,GPU,2025,,,,,,,,,,
msi gaming x,258.44,,GeForce GTX 1660 SUPER,6.0,,1530.0,MSI,GPU,2025,,,,,,,,,,
gigabyte oc,521.38,,GeForce GTX 1660 SUPER,6.0,,1530.0,Gigabyte,GPU,2025,,,,,,,,,,
gigabyte aero oc,1749.97,,GeForce RTX 4080 SUPER,16.0,,2210.0,Gigabyte,GPU,2025,,,,,,,,,,
asus strix gaming oc,1599.99,,GeForce RTX 3090,24.0,,1395.0,Asus,GPU,2025,,,,,,,,,,
powercolor fighter oc,708.4,,Radeon RX 7800 XT,16.0,,1295.0,PowerColor,GPU,2025,,,,,,,,,,
powercolor rx 7900 xt 20g,998.59,,Radeon RX 7900 XT,20.0,,2000.0,PowerColor,GPU,2025,,,,,,,,,,
asus rog strix gaming oc,835.0,,GeForce RTX 3070 Ti,8.0,,1575.0,Asus,GPU,2025,,,,,,,,,,
asus dual oc,225.0,,GeForce GTX 1650 G5,4.0,,1485.0,Asus,GPU,2025,,,,,,,,,,
zotac gaming solid,759.9,,GeForce RTX 5070,12.0,,2160.0,Zotac,GPU,2025,,,,,,,,,,
gigabyte windforce oc,1361.35,,GeForce RTX 4070 Ti SUPER,16.0,,2340.0,Gigabyte,GPU,2025,,,,,,,,,,
acer nitro oc,239.99,,Arc B570,10.0,,2500.0,Acer,GPU,2025,,,,,,,,,,
asus dual evo oc,339.99,,GeForce RTX 2060,6.0,,1365.0,Asus,GPU,2025,,,,,,,,,,
asus tuf gaming oc,795.0,,GeForce RTX 4070,12.0,,1920.0,Asus,GPU,2025,,,,,,,,,,
zotac zt-71115-20l,59.99,,GeForce GT 730,4.0,,902.0,Zotac,GPU,2025,,,,,,,,,,
gigabyte gaming oc,379.99,,GeForce RTX 5060 Ti,8.0,,2410.0,Gigabyte,GPU,2025,,,,,,,,,,
asus strix gaming oc,979.0,,GeForce RTX 2080 Ti,11.0,,1350.0,Asus,GPU,2025,,,,,,,,,,
yeston sakura,849.0,,GeForce RTX 4070 SUPER,12.0,,1980.0,Yeston,GPU,2025,,,,,,,,,,
asus tuf gaming oc,1199.0,,GeForce RTX 3080 Ti,12.0,,1365.0,Asus,GPU,2025,,,,,,,,,,
xfx quicksilver magnetic air,959.0,,Radeon RX 9070 XT,16.0,,1870.0,XFX,GPU,2025,,,,,,,,,,
msi suprim liquid x,3049.0,,GeForce RTX 4090,24.0,,2235.0,MSI,GPU,2025,,,,,,,,,,
asus prime,419.99,,GeForce RTX 5060 Ti,8.0,,2410.0,Asus,GPU,2025,,,,,,,,,,
asus prime oc,1129.0,,GeForce RTX 4070 Ti SUPER,16.0,,2340.0,Asus,GPU,2025,,,,,,,,,,
msi ventus 3x oc,527.39,,GeForce RTX 4060 Ti,8.0,,2310.0,MSI,GPU,2025,,,,,,,,,,
asus tuf gaming oc,699.0,,GeForce RTX 3060 Ti,8.0,,1410.0,Asus,GPU,2025,,,,,,,,,,
msi ventus 2x oc,899.0,,GeForce RTX 4070,12.0,,1920.0,MSI,GPU,2025,,,,,,,,,,
gigabyte gv-n1030d4-2gl,77.98,,GeForce GT 1030 DDR4,2.0,,1151.0,Gigabyte,GPU,2025,,,,,,,,,,
xfx quicksilver oc,833.21,,Radeon RX 9070,16.0,,1440.0,XFX,GPU,2025,,,,,,,,,,
sapphire pulse low profile,216.56,,Radeon RX 6400,4.0,,1923.0,Sapphire,GPU,2025,,,,,,,,,,
gigabyte eagle,267.24,,Radeon RX 6500 XT,4.0,,2310.0,Gigabyte,GPU,2025,,,,,,,,,,
msi gaming x,469.0,,GeForce GTX 1070,8.0,,1506.0,MSI,GPU,2025,,,,,,,,,,
powercolor red devil,825.0,,Radeon RX 6700 XT,12.0,,2321.0,PowerColor,GPU,2025,,,,,,,,,,
gigabyte aero oc,1443.85,,GeForce RTX 4070 Ti SUPER,16.0,,2340.0,Gigabyte,GPU,2025,,,,,,,,,,
evga ftw3 ultra gaming,1999.99,,GeForce RTX 3090 Ti,24.0,,1560.0,EVGA,GPU,2025,,,,,,,,,,
nvidia founders edition,775.0,,GeForce RTX 2080,8.0,,1515.0,NVIDIA,GPU,2025,,,,,,,,,,
gigabyte gaming oc,269.99,,GeForce RTX 5050,8.0,,2317.0,Gigabyte,GPU,2025,,,,,,,,,,
xfx mercury oc magnetic air rgb,859.99,,Radeon RX 9070 XT,16.0,,1870.0,XFX,GPU,2025,,,,,,,,,,
msi ventus 3x oc,795.0,,GeForce RTX 3070 Ti,8.0,,1575.0,MSI,GPU,2025,,,,,,,,,,
yeston sakura,587.16,,GeForce RTX 4060 Ti,16.0,,2310.0,Yeston,GPU,2025,,,,,,,,,,
gigabyte gaming oc,1495.0,,GeForce RTX 4070 Ti,12.0,,2310.0,Gigabyte,GPU,2025,,,,,,,,,,
msi rtx 5060 ti 16g inspire 2x oc,539.98,,GeForce RTX 5060 Ti,16.0,,2410.0,MSI,GPU,2025,,,,,,,,,,
sapphire nitro+,451.97,,Radeon RX 6600 XT,8.0,,1968.0,Sapphire,GPU,2025,,,,,,,,,,
zotac gaming twin fan,269.0,,GeForce GTX 1660,6.0,,1530.0,Zotac,GPU,2025,,,,,,,,,,
gigabyte windforce sff,1399.99,,GeForce RTX 5080,16.0,,2300.0,Gigabyte,GPU,2025,,,,,,,,,,
xfx speedster merc 319 black,958.99,,Radeon RX 7800 XT,16.0,,1295.0,XFX,GPU,2025,,,,,,,,,,
asus tuf gaming,1984.99,,GeForce RTX 4080 SUPER,16.0,,2210.0,Asus,GPU,2025,,,,,,,,,,
asus rog strix gaming oc,1298.0,,GeForce RTX 3080 Ti,12.0,,1365.0,Asus,GPU,2025,,,,,,,,,,
asus dual evo oc,629.99,,GeForce RTX 4070 SUPER,12.0,,1980.0,Asus,GPU,2025,,,,,,,,,,
msi ventus 3x oc,1005.74,,GeForce RTX 4070,12.0,,1920.0,MSI,GPU,2025,,,,,,,,,,
msi gaming x trio,1245.0,,GeForce RTX 4070 Ti,12.0,,2310.0,MSI,GPU,2025,,,,,,,,,,
evga ftw3 ultra gaming,695.0,,GeForce RTX 3070,8.0,,1500.0,EVGA,GPU,2025,,,,,,,,,,
zotac gaming amp extreme infinity,2799.99,,GeForce RTX 5090,32.0,,2010.0,Zotac,GPU,2025,,,,,,,,,,
msi gaming x trio,3259.95,,GeForce RTX 4090,24.0,,2235.0,MSI,GPU,2025,,,,,,,,,,
zotac twin edge,379.99,,GeForce RTX 5060 Ti,8.0,,2410.0,Zotac,GPU,2025,,,,,,,,,,
msi ventus 2x plus,489.99,,GeForce RTX 5060 Ti,16.0,,2410.0,MSI,GPU,2025,,,,,,,,,,
xfx mercury oc,399.99,,Radeon RX 9060 XT,16.0,,2220.0,XFX,GPU,2025,,,,,,,,,,
palit dual,452.86,,GeForce RTX 5060,8.0,,2280.0,Palit,GPU,2025,,,,,,,,,,
asus prime oc,399.99,,GeForce RTX 5060 Ti,8.0,,2410.0,Asus,GPU,2025,,,,,,,,,,
palit gamerock,1233.54,,GeForce RTX 5070 Ti,16.0,,2300.0,Palit,GPU,2025,,,,,,,,,,
gigabyte windforce oc,384.99,,GeForce RTX 5060 Ti,8.0,,2410.0,Gigabyte,GPU,2025,,,,,,,,,,
amd 100-300000074,3640.0,,Radeon PRO W7900,48.0,,1855.0,AMD,GPU,2025,,,,,,,,,,
asus rog strix,498.0,,GeForce GTX 1080,8.0,,1670.0,Asus,GPU,2025,,,,,,,,,,
gigabyte aorus master,757.06,,GeForce RTX 3070,8.0,,1500.0,Gigabyte,GPU,2025,,,,,,,,,,
zotac twin edge oc,829.99,,GeForce RTX 4070,12.0,,1920.0,Zotac,GPU,2025,,,,,,,,,,
powercolor red devil ultimate,769.99,,Radeon RX 6900 XT,16.0,,1825.0,PowerColor,GPU,2025,,,,,,,,,,
msi ventus 3x oc,579.99,,GeForce RTX 5070,12.0,,2160.0,MSI,GPU,2025,,,,,,,,,,
msi gaming oc,539.99,,GeForce RTX 5060 Ti,16.0,,2410.0,MSI,GPU,2025,,,,,,,,,,
msi gaming x trio,1795.0,,GeForce RTX 4080,16.0,,2205.0,MSI,GPU,2025,,,,,,,,,,
gigabyte oc low profile,499.99,,GeForce RTX 4060,8.0,,1830.0,Gigabyte,GPU,2025,,,,,,,,,,
asus rog strix gaming oc,1398.0,,GeForce RTX 4070 Ti SUPER,16.0,,2340.0,Asus,GPU,2025,,,,,,,,,,
sapphire nitro+,459.0,,Radeon RX 580,8.0,,1257.0,Sapphire,GPU,2025,,,,,,,,,,
zotac gaming trinity oc,2590.0,,GeForce RTX 4090,24.0,,2235.0,Zotac,GPU,2025,,,,,,,,,,
yeston sakura,899.0,,Radeon RX 9070 XT,16.0,,2070.0,Yeston,GPU,2025,,,,,,,,,,
evga xc3 ultra gaming,919.0,,GeForce RTX 3080 10GB,10.0,,1440.0,EVGA,GPU,2025,,,,,,,,,,
asus tuf gaming og oc,1819.99,,GeForce RTX 4090,24.0,,2235.0,Asus,GPU,2025,,,,,,,,,,
gigabyte aorus master,799.99,,GeForce RTX 5070,12.0,,2160.0,Gigabyte,GPU,2025,,,,,,,,,,
zotac gaming trinity,1750.0,,GeForce RTX 4080 SUPER,16.0,,2210.0,Zotac,GPU,2025,,,,,,,,,,
gigabyte eagle oc,594.0,,GeForce RTX 4060 Ti,8.0,,2310.0,Gigabyte,GPU,2025,,,,,,,,,,
gigabyte aorus elite,795.3,,GeForce RTX 5060 Ti,16.0,,2410.0,Gigabyte,GPU,2025,,,,,,,,,,
pny vcnrtx4000ada-pb,1290.73,,RTX 4000 Ada Generation,20.0,,1500.0,PNY,GPU,2025,,,,,,,,,,
zotac gaming amp,309.99,,GeForce RTX 5060,8.0,,2280.0,Zotac,GPU,2025,,,,,,,,,,
sparkle roc luna oc,301.6,,Arc A750,8.0,,2050.0,Sparkle,GPU,2025,,,,,,,,,,
asus tuf gaming oc,1189.0,,GeForce RTX 4070 SUPER,12.0,,1980.0,Asus,GPU,2025,,,,,,,,,,
asrock steel legend oc,430.55,,Radeon RX 7600,8.0,,1720.0,ASRock,GPU,2025,,,,,,,,,,
evga sc gaming acx 3.0,495.0,,GeForce GTX 1070,8.0,,1594.0,EVGA,GPU,2025,,,,,,,,,,
msi radeon rx 6600 mech 2x 8g,595.0,,Radeon RX 6600,8.0,,1626.0,MSI,GPU,2025,,,,,,,,,,
asus strix gaming oc,685.0,,GeForce RTX 2070,8.0,,1410.0,Asus,GPU,2025,,,,,,,,,,
msi geforce rtx 3090 gaming x trio 24g,1695.99,,GeForce RTX 3090,24.0,,1395.0,MSI,GPU,2025,,,,,,,,,,
asus dual oc,599.0,,Radeon RX 7700 XT,12.0,,1700.0,Asus,GPU,2025,,,,,,,,,,
gigabyte windforce oc,299.99,,GeForce GTX 1660 Ti,6.0,,1500.0,Gigabyte,GPU,2025,,,,,,,,,,
asus tuf gaming oc,1889.0,,GeForce RTX 4080,16.0,,2205.0,Asus,GPU,2025,,,,,,,,,,
asus dual oc,695.0,,GeForce RTX 3070,8.0,,1500.0,Asus,GPU,2025,,,,,,,,,,
asrock challenger oc,840.45,,Radeon RX 7800 XT,16.0,,1295.0,ASRock,GPU,2025,,,,,,,,,,
msi rtx 4090 ventus 3x 24g oc,3089.0,,GeForce RTX 4090,24.0,,2235.0,MSI,GPU,2025,,,,,,,,,,
inno3d x3 oc,1175.73,,GeForce RTX 5070 Ti,16.0,,2295.0,Inno3D,GPU,2025,,,,,,,,,,
nvidia founders edition,859.0,,GeForce RTX 2080 SUPER,8.0,,1650.0,NVIDIA,GPU,2025,,,,,,,,,,
zotac gaming trinity oc,1699.99,,GeForce RTX 3090,24.0,,1395.0,Zotac,GPU,2025,,,,,,,,,,
zotac gaming low profile,299.28,,GeForce RTX 3050 6GB,6.0,,1040.0,Zotac,GPU,2025,,,,,,,,,,
xfx speedster merc 310,1059.0,,Radeon RX 7900 XT,20.0,,1775.0,XFX,GPU,2025,,,,,,,,,,
zotac solid core oc,1220.25,,GeForce RTX 5070 Ti,16.0,,2300.0,Zotac,GPU,2025,,,,,,,,,,
asus dual oc,899.99,,GeForce RTX 4070 SUPER,12.0,,1980.0,Asus,GPU,2025,,,,,,,,,,
asus dual,249.99,,GeForce RTX 5050,8.0,,2317.0,Asus,GPU,2025,,,,,,,,,,
pny oc,299.99,,GeForce RTX 5060,8.0,,2280.0,PNY,GPU,2025,,,,,,,,,,
asus dual oc,619.99,,GeForce RTX 4070,12.0,,1920.0,Asus,GPU,2025,,,,,,,,,,
asrock steel legend oc,898.99,,Radeon RX 9070,16.0,,2210.0,ASRock,GPU,2025,,,,,,,,,,
nvidia 9001g4012510000,369.0,,GeForce GTX 970,4.0,,1050.0,NVIDIA,GPU,2025,,,,,,,,,,
pny xlr8 gaming verto epic-x rgb oc,899.0,,GeForce RTX 4070 SUPER,12.0,,1980.0,PNY,GPU,2025,,,,,,,,,,
msi ventus 3x oc,514.79,,GeForce RTX 3060 Ti LHR,8.0,,1410.0,MSI,GPU,2025,,,,,,,,,,
gigabyte aero oc,484.02,,GeForce RTX 5060 Ti,8.0,,2410.0,Gigabyte,GPU,2025,,,,,,,,,,
msi gaming x,445.0,,GeForce GTX 1060 6GB,6.0,,1506.0,MSI,GPU,2025,,,,,,,,,,
pny vcqp600-pb,64.04,,Quadro P600,2.0,,1354.0,PNY,GPU,2025,,,,,,,,,,
zotac twin edge oc,668.0,,GeForce RTX 3060 Ti,8.0,,1410.0,Zotac,GPU,2025,,,,,,,,,,
zotac gaming trinity oc,1080.0,,GeForce RTX 3080 10GB,10.0,,1440.0,Zotac,GPU,2025,,,,,,,,,,
asus dual,530.96,,Radeon RX 6600,8.0,,1626.0,Asus,GPU,2025,,,,,,,,,,
gigabyte aero oc,2990.0,,GeForce RTX 4090,24.0,,2520.0,Gigabyte,GPU,2025,,,,,,,,,,
msi gaming x,699.0,,GeForce GTX 1080 Ti,11.0,,1569.0,MSI,GPU,2025,,,,,,,,,,
msi gaming x,350.0,,GeForce GTX 1050 Ti,4.0,,1290.0,MSI,GPU,2025,,,,,,,,,,
amd radeon pro wx 7100,184.96,,Radeon Pro WX 7100,8.0,,900.0,AMD,GPU,2025,,,,,,,,,,
msi suprim liquid soc,1699.99,,GeForce RTX 5080,16.0,,2300.0,MSI,GPU,2025,,,,,,,,,,
powercolor hellhound oc,365.72,,Radeon RX 9060 XT,8.0,,2220.0,PowerColor,GPU,2025,,,,,,,,,,
powercolor fighter,325.61,,Radeon RX 7600,8.0,,1720.0,PowerColor,GPU,2025,,,,,,,,,,
pny rtx a-series,944.0,,RTX A4000,16.0,,735.0,PNY,GPU,2025,,,,,,,,,,
powercolor fighter,789.0,,Radeon RX 6700 XT,12.0,,2321.0,PowerColor,GPU,2025,,,,,,,,,,
msi armor oc,472.57,,Radeon RX 580,8.0,,1257.0,MSI,GPU,2025,,,,,,,,,,
xfx swift,799.99,,Radeon RX 9070 XT,16.0,,1660.0,XFX,GPU,2025,,,,,,,,,,
gigabyte vision oc,795.0,,GeForce RTX 3070 Ti,8.0,,1575.0,Gigabyte,GPU,2025,,,,,,,,,,
pny epic-x rgb triple fan plus oc,1272.91,,GeForce RTX 5070 Ti,16.0,,2295.0,PNY,GPU,2025,,,,,,,,,,
sparkle roc oc,404.5,,Arc A770,16.0,,2100.0,Sparkle,GPU,2025,,,,,,,,,,
msi ventus 2x oc,359.99,,GeForce RTX 3060 8GB,8.0,,1320.0,MSI,GPU,2025,,,,,,,,,,
zotac gaming twin edge,574.39,,GeForce RTX 4060 Ti,8.0,,2310.0,Zotac,GPU,2025,,,,,,,,,,
xfx speedster qick 308 black,376.72,,Radeon RX 7600,8.0,,1875.0,XFX,GPU,2025,,,,,,,,,,
gigabyte windforce oc,399.0,,GeForce GTX 1060 6GB,6.0,,1582.0,Gigabyte,GPU,2025,,,,,,,,,,
msi ventus 2x plus,369.99,,GeForce RTX 5060 Ti,8.0,,2410.0,MSI,GPU,2025,,,,,,,,,,
asus rog strix gaming oc,1999.99,,GeForce RTX 4080,16.0,,2205.0,Asus,GPU,2025,,,,,,,,,,
msi gaming x trio,949.99,,GeForce RTX 3070 Ti,8.0,,1575.0,MSI,GPU,2025,,,,,,,,,,
yeston lp,205.0,,GeForce RTX 3050 6GB,6.0,,1040.0,Yeston,GPU,2025,,,,,,,,,,
gigabyte gaming,459.0,,GeForce GTX 1070,8.0,,1594.0,Gigabyte,GPU,2025,,,,,,,,,,
evga ftw3 ultra gaming icx3,689.0,,GeForce RTX 3060 Ti,8.0,,1410.0,EVGA,GPU,2025,,,,,,,,,,
evga xc3 ultra gaming,593.02,,GeForce RTX 3070 Ti,8.0,,1575.0,EVGA,GPU,2025,,,,,,,,,,
pny verto oc,1799.0,,GeForce RTX 4080 SUPER,16.0,,2210.0,PNY,GPU,2025,,,,,,,,,,
asus tuf gaming,1189.0,,GeForce RTX 4070 Ti,12.0,,2310.0,Asus,GPU,2025,,,,,,,,,,
gigabyte oc,198.0,,GeForce GTX 1050,2.0,,1379.0,Gigabyte,GPU,2025,,,,,,,,,,
powercolor red devil oc,864.91,,Radeon RX 6800 XT,16.0,,1825.0,PowerColor,GPU,2025,,,,,,,,,,
asus dual oc,249.99,,GeForce RTX 5050,8.0,,2317.0,Asus,GPU,2025,,,,,,,,,,
msi gaming x trio,980.99,,GeForce RTX 3080 Ti,12.0,,1365.0,MSI,GPU,2025,,,,,,,,,,
zotac twin edge oc,389.99,,GeForce RTX 5060 Ti,8.0,,2410.0,Zotac,GPU,2025,,,,,,,,,,
pny vcqrtx8000-pb,3296.96,,Quadro RTX 8000,48.0,,1395.0,PNY,GPU,2025,,,,,,,,,,
evga ftw gaming acx 3.0,598.0,,GeForce GTX 1080,8.0,,1721.0,EVGA,GPU,2025,,,,,,,,,,
gigabyte eagle oc ice,599.8,,GeForce RTX 4060,8.0,,1830.0,Gigabyte,GPU,2025,,,,,,,,,,
sapphire nitro+,678.68,,Radeon RX 7700 XT,12.0,,1700.0,Sapphire,GPU,2025,,,,,,,,,,
msi gaming oc,379.99,,GeForce RTX 5060 Ti,8.0,,2410.0,MSI,GPU,2025,,,,,,,,,,
asus rog strix gaming oc,1298.0,,GeForce RTX 4070 Ti,12.0,,2310.0,Asus,GPU,2025,,,,,,,,,,
yeston sakura,519.0,,Radeon RX 7700 XT,12.0,,2171.0,Yeston,GPU,2025,,,,,,,,,,
msi ventus 3x oc,1345.0,,GeForce RTX 3080 Ti,12.0,,1365.0,MSI,GPU,2025,,,,,,,,,,
sapphire pulse,471.92,,Radeon RX 6600 XT,8.0,,1968.0,Sapphire,GPU,2025,,,,,,,,,,
msi gaming x,518.3,,GeForce RTX 4060 Ti,8.0,,2310.0,MSI,GPU,2025,,,,,,,,,,
pny rtx a-series,596.96,,RTX A2000 12GB,12.0,,562.0,PNY,GPU,2025,,,,,,,,,,
asus rog strix gaming oc v2,699.99,,GeForce RTX 3060 12GB,12.0,,1320.0,Asus,GPU,2025,,,,,,,,,,
asus proart oc,1198.0,,GeForce RTX 4060 Ti,16.0,,2310.0,Asus,GPU,2025,,,,,,,,,,
inno3d twin x2,778.55,,GeForce RTX 5070,12.0,,2325.0,Inno3D,GPU,2025,,,,,,,,,,
gigabyte gaming oc,995.0,,Radeon RX 6800 XT,16.0,,1825.0,Gigabyte,GPU,2025,,,,,,,,,,
asrock phantom gaming,244.26,,Radeon RX 6500 XT,8.0,,2420.0,ASRock,GPU,2025,,,,,,,,,,
amd ‎100-438373,1099.99,,Radeon RX 6900 XT,16.0,,1825.0,AMD,GPU,2025,,,,,,,,,,
gigabyte aorus master,868.0,,GeForce RTX 3070 Ti,8.0,,1575.0,Gigabyte,GPU,2025,,,,,,,,,,
pny verto oc,389.99,,GeForce RTX 4060 Ti,8.0,,2310.0,PNY,GPU,2025,,,,,,,,,,
asus tuf gaming oc,1599.99,,GeForce RTX 3090,24.0,,1395.0,Asus,GPU,2025,,,,,,,,,,
asus tuf gaming oc,799.99,,Radeon RX 7900 XT,20.0,,2000.0,Asus,GPU,2025,,,,,,,,,,
gigabyte oc low profile,265.99,,GeForce RTX 3050 6GB,6.0,,1040.0,Gigabyte,GPU,2025,,,,,,,,,,
nvidia titan rtx,1269.0,,TITAN RTX,24.0,,1350.0,NVIDIA,GPU,2025,,,,,,,,,,
evga sc gaming acx 3.0 black edition,525.0,,GeForce GTX 1070 Ti,8.0,,1607.0,EVGA,GPU,2025,,,,,,,,,,
powercolor red dragon,529.0,,Radeon RX 5700 XT,8.0,,1650.0,PowerColor,GPU,2025,,,,,,,,,,
evga sc ultra gaming,235.04,,GeForce GTX 1660,6.0,,1530.0,EVGA,GPU,2025,,,,,,,,,,
zotac gaming twin edge oc,1094.0,,GeForce RTX 4070 SUPER,12.0,,1980.0,Zotac,GPU,2025,,,,,,,,,,
asus tuf gaming oc,1295.0,,GeForce RTX 4070 Ti,12.0,,2310.0,Asus,GPU,2025,,,,,,,,,,
asus phoenix geforce rtx 3060 v2,299.99,,GeForce RTX 3060 12GB,12.0,,1320.0,Asus,GPU,2025,,,,,,,,,,
powercolor red dragon oc,995.0,,Radeon RX 6800 XT,16.0,,1825.0,PowerColor,GPU,2025,,,,,,,,,,
powercolor hellhound,998.99,,Radeon RX 7900 XT,20.0,,2000.0,PowerColor,GPU,2025,,,,,,,,,,
asus tuf gaming oc,1056.64,,Radeon RX 9070,16.0,,2170.0,Asus,GPU,2025,,,,,,,,,,
asrock phantom gaming oc,1129.99,,Radeon RX 7900 XT,20.0,,2000.0,ASRock,GPU,2025,,,,,,,,,,
asus tuf gaming oc,705.56,,GeForce RTX 4060 Ti,8.0,,2310.0,Asus,GPU,2025,,,,,,,,,,
sapphire pulse itx pure,220.71,,Radeon RX 6500 XT,4.0,,2310.0,Sapphire,GPU,2025,,,,,,,,,,
asus prime oc,899.97,,GeForce RTX 4070 SUPER,12.0,,1980.0,Asus,GPU,2025,,,,,,,,,,
pny verto,499.95,,GeForce RTX 4060 Ti,8.0,,2310.0,PNY,GPU,2025,,,,,,,,,,
evga ssc acx 2.0+,399.0,,GeForce GTX 960,4.0,,1279.0,EVGA,GPU,2025,,,,,,,,,,
palit gamerock oc,3637.59,,GeForce RTX 5090,32.0,,2010.0,Palit,GPU,2025,,,,,,,,,,
palit dual oc,378.95,,GeForce RTX 3060 12GB,12.0,,1320.0,Palit,GPU,2025,,,,,,,,,,
pny verto,3295.0,,GeForce RTX 4090,24.0,,2235.0,PNY,GPU,2025,,,,,,,,,,
xfx speedster swft 105,149.99,,Radeon RX 6400,4.0,,1923.0,XFX,GPU,2025,,,,,,,,,,
gigabyte gaming oc,1060.9,,GeForce RTX 4070 SUPER,12.0,,1980.0,Gigabyte,GPU,2025,,,,,,,,,,
asus rog strix gaming oc,449.99,,Radeon RX 6600 XT,8.0,,1968.0,Asus,GPU,2025,,,,,,,,,,
zotac gaming trinity oc,770.0,,GeForce RTX 3070 Ti,8.0,,1575.0,Zotac,GPU,2025,,,,,,,,,,
nvidia founders edition,720.0,,GeForce RTX 2070,8.0,,1410.0,NVIDIA,GPU,2025,,,,,,,,,,
msi ventus xs oc,785.0,,GeForce RTX 2080 SUPER,8.0,,1650.0,MSI,GPU,2025,,,,,,,,,,
gigabyte oc rev 2.0,309.0,,GeForce RTX 2060,6.0,,1365.0,Gigabyte,GPU,2025,,,,,,,,,,
msi gaming x,598.0,,GeForce GTX 1080,8.0,,1607.0,MSI,GPU,2025,,,,,,,,,,
asus gt730-sl-2gd5-brk,79.99,,GeForce GT 730,2.0,,902.0,Asus,GPU,2025,,,,,,,,,,
asus rog strix gaming oc,725.0,,GeForce RTX 3070,8.0,,1500.0,Asus,GPU,2025,,,,,,,,,,
evga ftw3 ultra gaming,1189.0,,GeForce RTX 3080 12GB LHR,12.0,,1260.0,EVGA,GPU,2025,,,,,,,,,,
asus lp brk oc,449.0,,GeForce RTX 4060,8.0,,1830.0,Asus,GPU,2025,,,,,,,,,,
pny vcnrtx2000ada-pb,705.93,,RTX 2000 Ada Generation,16.0,,1620.0,PNY,GPU,2025,,,,,,,,,,
asus rog strix white oc,1999.99,,GeForce RTX 3090,24.0,,1395.0,Asus,GPU,2025,,,,,,,,,,
msi mech oc,635.0,,Radeon RX 5700 XT,8.0,,1670.0,MSI,GPU,2025,,,,,,,,,,
amd 100-506115,132.69,,Radeon Pro WX 3200,4.0,,1250.0,AMD,GPU,2025,,,,,,,,,,
sparkle orc oc,225.93,,Arc A580,8.0,,1700.0,Sparkle,GPU,2025,,,,,,,,,,
asus tuf gaming,1168.51,,GeForce RTX 4070 Ti SUPER,16.0,,2340.0,Asus,GPU,2025,,,,,,,,,,
asrock steel legend oc,809.81,,Radeon RX 7700 XT,12.0,,1700.0,ASRock,GPU,2025,,,,,,,,,,
palit gamingpro,861.59,,GeForce RTX 5070,12.0,,2325.0,Palit,GPU,2025,,,,,,,,,,
sapphire pulse,989.0,,Radeon RX 6800 XT,16.0,,1825.0,Sapphire,GPU,2025,,,,,,,,,,
amd 100-506001,74.98,,Radeon Pro WX 2100,2.0,,925.0,AMD,GPU,2025,,,,,,,,,,
evga ftw3 ultra gaming,998.0,,GeForce RTX 2080 Ti,11.0,,1350.0,EVGA,GPU,2025,,,,,,,,,,
zotac gaming trinity oc,1299.99,,GeForce RTX 3080 Ti,12.0,,1365.0,Zotac,GPU,2025,,,,,,,,,,
pny epic-x rgb oc,399.99,,GeForce RTX 5060 Ti,8.0,,2407.0,PNY,GPU,2025,,,,,,,,,,
xfx mercury oc magnetic air rgb v2,919.99,,Radeon RX 9070 XT,16.0,,1870.0,XFX,GPU,2025,,,,,,,,,,
msi gaming x slim,3189.0,,GeForce RTX 4090,24.0,,2235.0,MSI,GPU,2025,,,,,,,,,,
msi gaming x,738.0,,GeForce RTX 2070 SUPER,8.0,,1605.0,MSI,GPU,2025,,,,,,,,,,
xfx quicksilver magnetic air,920.0,,Radeon RX 7800 XT,16.0,,1295.0,XFX,GPU,2025,,,,,,,,,,
asus tuf gaming oc v2,1049.0,,GeForce RTX 3080 10GB LHR,10.0,,1440.0,Asus,GPU,2025,,,,,,,,,,
msi gaming z trio,949.95,,GeForce RTX 3080 10GB LHR,10.0,,1440.0,MSI,GPU,2025,,,,,,,,,,
pny vcg509032tfxpb1,3862.99,,GeForce RTX 5090,32.0,,2010.0,PNY,GPU,2025,,,,,,,,,,
xfx rs xxx,299.0,,Radeon RX 570,4.0,,1168.0,XFX,GPU,2025,,,,,,,,,,
asus tuf gaming,799.0,,GeForce RTX 3070 Ti,8.0,,1575.0,Asus,GPU,2025,,,,,,,,,,
inno3d twin x2 oc,429.55,,GeForce RTX 5060,8.0,,2280.0,Inno3D,GPU,2025,,,,,,,,,,
asus dual oc,559.99,,GeForce RTX 4060 Ti,8.0,,2310.0,Asus,GPU,2025,,,,,,,,,,
zotac gaming amp holo,698.0,,GeForce RTX 3070,8.0,,1500.0,Zotac,GPU,2025,,,,,,,,,,
msi gaming x trio,539.0,,GeForce RTX 3060 Ti,8.0,,1410.0,MSI,GPU,2025,,,,,,,,,,
evga xc ultra gaming,735.0,,GeForce RTX 2080,8.0,,1515.0,EVGA,GPU,2025,,,,,,,,,,
gigabyte eagle oc,947.76,,GeForce RTX 4070 SUPER,12.0,,1980.0,Gigabyte,GPU,2025,,,,,,,,,,
evga superclocked acx 2.0,389.0,,GeForce GTX 980,4.0,,1266.0,EVGA,GPU,2025,,,,,,,,,,
msi ventus xs oc,425.0,,GeForce GTX 1660 Ti,6.0,,1500.0,MSI,GPU,2025,,,,,,,,,,
evga sc gaming acx 2.0,259.01,,GeForce GTX 1050 Ti,4.0,,1354.0,EVGA,GPU,2025,,,,,,,,,,
pny vcg16606ssfppb,259.0,,GeForce GTX 1660 SUPER,6.0,,1530.0,PNY,GPU,2025,,,,,,,,,,
powercolor red devil limited edition oc,1050.0,,Radeon RX 9070 XT,16.0,,2460.0,PowerColor,GPU,2025,,,,,,,,,,
sparkle orc oc,280.95,,Arc A750,8.0,,2050.0,Sparkle,GPU,2025,,,,,,,,,,
msi geforce rtx 3090 ti gaming x trio 24g,1989.0,,GeForce RTX 3090 Ti,24.0,,1560.0,MSI,GPU,2025,,,,,,,,,,
pny vcg507012tfxpb1,795.78,,GeForce RTX 5070,12.0,,2325.0,PNY,GPU,2025,,,,,,,,,,
pny vcqrtx4000-pb,349.96,,Quadro RTX 4000,8.0,,1005.0,PNY,GPU,2025,,,,,,,,,,
gigabyte aero oc,2140.0,,GeForce RTX 4080,16.0,,2205.0,Gigabyte,GPU,2025,,,,,,,,,,
gigabyte gaming oc,795.0,,Radeon RX 6700 XT,12.0,,2321.0,Gigabyte,GPU,2025,,,,,,,,,,
asus dual evo oc,329.99,,GeForce GTX 1660 SUPER,6.0,,1530.0,Asus,GPU,2025,,,,,,,,,,
xfx rx-560d2sfg5,109.99,,Radeon RX 560 - 896,2.0,,1196.0,XFX,GPU,2025,,,,,,,,,,
inno3d twin x2 oc,784.09,,GeForce RTX 5070,12.0,,2325.0,Inno3D,GPU,2025,,,,,,,,,,
asus strix gaming oc,795.0,,GeForce RTX 2080,8.0,,1515.0,Asus,GPU,2025,,,,,,,,,,
asus tuf-rx6800xt-o16g-gaming,998.0,,Radeon RX 6800 XT,16.0,,1825.0,Asus,GPU,2025,,,,,,,,,,
evga xc ultra gaming,749.0,,GeForce RTX 2070 SUPER,8.0,,1605.0,EVGA,GPU,2025,,,,,,,,,,
gigabyte eagle oc,329.99,,GeForce RTX 5060,8.0,,2280.0,Gigabyte,GPU,2025,,,,,,,,,,
msi vanguard soc launch edition,1992.0,,GeForce RTX 5080,16.0,,2300.0,MSI,GPU,2025,,,,,,,,,,
msi gaming x trio,738.0,,GeForce RTX 2070 SUPER,8.0,,1605.0,MSI,GPU,2025,,,,,,,,,,
asus rog strix gaming,3600.0,,GeForce RTX 4090,24.0,,2235.0,Asus,GPU,2025,,,,,,,,,,
inno3d twin x2,437.13,,GeForce RTX 3060 12GB,12.0,,1320.0,Inno3D,GPU,2025,,,,,,,,,,
zotac gaming twin edge oc white edition,659.0,,GeForce RTX 3070 LHR,8.0,,1500.0,Zotac,GPU,2025,,,,,,,,,,
xfx rx-570p8dfd6,399.0,,Radeon RX 570,8.0,,1168.0,XFX,GPU,2025,,,,,,,,,,
asrock challenger itx,191.05,,Radeon RX 6400,4.0,,1923.0,ASRock,GPU,2025,,,,,,,,,,
asrock challenger se oc,340.84,,Arc A750,8.0,,2200.0,ASRock,GPU,2025,,,,,,,,,,
powercolor rx7700xt 12g-p,551.18,,Radeon RX 7700 XT,12.0,,1700.0,PowerColor,GPU,2025,,,,,,,,,,
gigabyte aorus elite,553.55,,GeForce RTX 5060,8.0,,2280.0,Gigabyte,GPU,2025,,,,,,,,,,
asus tuf gaming,649.99,,GeForce RTX 4070,12.0,,1920.0,Asus,GPU,2025,,,,,,,,,,
msi gaming,529.0,,GeForce GTX 1070 Ti,8.0,,1607.0,MSI,GPU,2025,,,,,,,,,,
msi gaming x trio,985.0,,GeForce RTX 2080 Ti,11.0,,1350.0,MSI,GPU,2025,,,,,,,,,,
zotac gaming twin edge oc,569.99,,GeForce RTX 4060 Ti,8.0,,2310.0,Zotac,GPU,2025,,,,,,,,,,
gigabyte aero oc,1349.0,,GeForce RTX 4070,12.0,,1920.0,Gigabyte,GPU,2025,,,,,,,,,,
asus dual oc,369.99,,GeForce RTX 3060 12GB,12.0,,1320.0,Asus,GPU,2025,,,,,,,,,,
gigabyte vision oc,745.0,,GeForce RTX 3060 Ti,8.0,,1665.0,Gigabyte,GPU,2025,,,,,,,,,,
asrock phantom gaming oc,458.2,,Arc A770,16.0,,2100.0,ASRock,GPU,2025,,,,,,,,,,
msi ventus 2x oc,521.04,,GeForce RTX 3070 LHR,8.0,,1500.0,MSI,GPU,2025,,,,,,,,,,
msi suprim x,1995.0,,GeForce RTX 4080 SUPER,16.0,,2210.0,MSI,GPU,2025,,,,,,,,,,
asus gt1030-2g-brk,112.01,,GeForce GT 1030,2.0,,1266.0,Asus,GPU,2025,,,,,,,,,,
pny xlr8 gaming verto epic-x rgb,582.21,,GeForce RTX 4060,8.0,,1830.0,PNY,GPU,2025,,,,,,,,,,
gigabyte gaming oc,1456.34,,Radeon RX 7900 XT,20.0,,2000.0,Gigabyte,GPU,2025,,,,,,,,,,
xfx speedster qick 308 black,629.99,,Radeon RX 6600 XT,8.0,,2188.0,XFX,GPU,2025,,,,,,,,,,
asus tuf gaming oc v2,456.61,,GeForce RTX 3060 12GB,12.0,,1320.0,Asus,GPU,2025,,,,,,,,,,
gigabyte oc,299.0,,Radeon RX 5500 XT,4.0,,1647.0,Gigabyte,GPU,2025,,,,,,,,,,
zotac gaming solid oc,1099.0,,GeForce RTX 5070 Ti,16.0,,2300.0,Zotac,GPU,2025,,,,,,,,,,
msi ventus 2x oc,1379.0,,GeForce RTX 4070 Ti SUPER,16.0,,2340.0,MSI,GPU,2025,,,,,,,,,,
msi geforce rtx 3080 rtx 3080 suprim x 10g,1145.0,,GeForce RTX 3080 10GB,10.0,,1440.0,MSI,GPU,2025,,,,,,,,,,
sparkle titan oc,428.12,,Arc A770,16.0,,2100.0,Sparkle,GPU,2025,,,,,,,,,,
zotac gaming solo,249.99,,GeForce RTX 5050,8.0,,2317.0,Zotac,GPU,2025,,,,,,,,,,
asus rog strix white oc,1219.99,,GeForce RTX 3080 10GB,10.0,,1440.0,Asus,GPU,2025,,,,,,,,,,
zotac gaming trinity oc,1212.73,,GeForce RTX 4070 Ti,12.0,,2310.0,Zotac,GPU,2025,,,,,,,,,,
zotac mini,698.0,,GeForce RTX 2070 SUPER,8.0,,1605.0,Zotac,GPU,2025,,,,,,,,,,
msi gt oc,239.0,,GeForce GTX 1060 3GB,3.0,,1544.0,MSI,GPU,2025,,,,,,,,,,
pny xlr8 gaming verto epic-x rgb oc,1898.0,,GeForce RTX 4080 SUPER,16.0,,2210.0,PNY,GPU,2025,,,,,,,,,,
asus strix gaming advanced,735.0,,GeForce RTX 2070 SUPER,8.0,,1635.0,Asus,GPU,2025,,,,,,,,,,
xfx mercury oc,440.12,,Radeon RX 9060 XT,16.0,,2220.0,XFX,GPU,2025,,,,,,,,,,
evga xc3 black gaming,789.0,,GeForce RTX 3080 10GB LHR,10.0,,1440.0,EVGA,GPU,2025,,,,,,,,,,
asus dual oc,429.99,,GeForce RTX 4060,8.0,,1830.0,Asus,GPU,2025,,,,,,,,,,
msi gaming x,603.3,,Radeon RX 6600 XT,8.0,,1968.0,MSI,GPU,2025,,,,,,,,,,
asus phoenix oc,289.0,,GeForce GTX 1660 SUPER,6.0,,1530.0,Asus,GPU,2025,,,,,,,,,,
msi vanguard soc launch edition,1059.99,,GeForce RTX 5070 Ti,16.0,,2300.0,MSI,GPU,2025,,,,,,,,,,
asus rog strix,549.0,,GeForce GTX 1070 Ti,8.0,,1607.0,Asus,GPU,2025,,,,,,,,,,
pny vcqp1000-pb,107.0,,Quadro P1000,4.0,,1354.0,PNY,GPU,2025,,,,,,,,,,
msi ventus 3x oc,329.99,,GeForce RTX 5060,8.0,,2280.0,MSI,GPU,2025,,,,,,,,,,
asus rog strix gaming oc,999.99,,GeForce RTX 3080 12GB LHR,12.0,,1260.0,Asus,GPU,2025,,,,,,,,,,
sapphire pulse,979.0,,Radeon RX 6800,16.0,,1700.0,Sapphire,GPU,2025,,,,,,,,,,
msi geforce rtx 3090 ventus 3x 24g oc,1599.99,,GeForce RTX 3090,24.0,,1395.0,MSI,GPU,2025,,,,,,,,,,
gigabyte eagle oc,473.52,,GeForce RTX 5060 Ti,8.0,,2410.0,Gigabyte,GPU,2025,,,,,,,,,,
msi ventus 3x oc,1249.0,,GeForce RTX 4070 Ti,12.0,,2310.0,MSI,GPU,2025,,,,,,,,,,
evga acx 2.0,359.0,,GeForce GTX 970,4.0,,1050.0,EVGA,GPU,2025,,,,,,,,,,
gigabyte oc low profile,376.93,,GeForce RTX 5050,8.0,,2317.0,Gigabyte,GPU,2025,,,,,,,,,,
asus rog strix gaming oc v2,485.17,,GeForce RTX 3060 Ti LHR,8.0,,1410.0,Asus,GPU,2025,,,,,,,,,,
asus dual oc,379.99,,GeForce RTX 3050 8GB,8.0,,1550.0,Asus,GPU,2025,,,,,,,,,,
msi gaming x,489.0,,Radeon RX 580,8.0,,1257.0,MSI,GPU,2025,,,,,,,,,,
pny vcnrtx4000adalp-pb,1299.0,,RTX 4000 SFF Ada Generation,20.0,,1290.0,PNY,GPU,2025,,,,,,,,,,
palit infinity 3 oc,583.58,,GeForce RTX 5060 Ti,8.0,,2407.0,Palit,GPU,2025,,,,,,,,,,
evga ftw gaming acx 3.0,489.0,,GeForce GTX 1070,8.0,,1607.0,EVGA,GPU,2025,,,,,,,,,,
asus tuf gaming oc,868.88,,Radeon RX 6700 XT,12.0,,2321.0,Asus,GPU,2025,,,,,,,,,,
msi expert,1989.0,,GeForce RTX 4080 SUPER,16.0,,2210.0,MSI,GPU,2025,,,,,,,,,,
msi ventus 2x e oc,1398.88,,GeForce RTX 4070,12.0,,1920.0,MSI,GPU,2025,,,,,,,,,,
palit stormx,256.0,,GeForce RTX 3050 6GB,6.0,,1040.0,Palit,GPU,2025,,,,,,,,,,
evga ssc gaming,383.0,,GeForce GTX 1060 6GB,6.0,,1607.0,EVGA,GPU,2025,,,,,,,,,,
msi shadow 3x,1089.0,,GeForce RTX 5070 Ti,16.0,,2300.0,MSI,GPU,2025,,,,,,,,,,
asus tuf gaming oc,539.99,,GeForce RTX 5060 Ti,8.0,,2410.0,Asus,GPU,2025,,,,,,,,,,
pny vcqp620-pb,91.07,,Quadro P620,2.0,,1266.0,PNY,GPU,2025,,,,,,,,,,
asus tuf gaming oc v2,698.97,,GeForce RTX 3060 Ti LHR,8.0,,1410.0,Asus,GPU,2025,,,,,,,,,,
msi gaming z,916.69,,GeForce RTX 2060,6.0,,1365.0,MSI,GPU,2025,,,,,,,,,,
asus rog strix gaming oc,1229.99,,GeForce RTX 4070 SUPER,12.0,,1980.0,Asus,GPU,2025,,,,,,,,,,
zotac gaming amp,399.99,,GeForce RTX 5060 Ti,8.0,,2410.0,Zotac,GPU,2025,,,,,,,,,,
asus dual oc,970.0,,Radeon RX 6750 XT,12.0,,2150.0,Asus,GPU,2025,,,,,,,,,,
msi rtx 3090 suprim x 24g,1658.0,,GeForce RTX 3090,24.0,,1395.0,MSI,GPU,2025,,,,,,,,,,
msi radeon rx 6900 xt gaming x trio 16g,1135.01,,Radeon RX 6900 XT,16.0,,1825.0,MSI,GPU,2025,,,,,,,,,,
xfx gts,294.3,,Radeon RX 580,8.0,,1405.0,XFX,GPU,2025,,,,,,,,,,
powercolor itx,149.8,,Radeon RX 6500 XT,4.0,,2310.0,PowerColor,GPU,2025,,,,,,,,,,
sapphire nitro+,898.0,,Radeon RX 6800 XT,16.0,,1825.0,Sapphire,GPU,2025,,,,,,,,,,
asus strix-gtx960-dc2oc-2gd5,249.0,,GeForce GTX 960,2.0,,1228.0,Asus,GPU,2025,,,,,,,,,,
gigabyte gaming oc,589.0,,Radeon RX 6600 XT,8.0,,1968.0,Gigabyte,GPU,2025,,,,,,,,,,
xfx rx-97tmaqkw9,1221.15,,Radeon RX 9070 XT,16.0,,2400.0,XFX,GPU,2025,,,,,,,,,,
asus proart oc,720.0,,GeForce RTX 4060,8.0,,1830.0,Asus,GPU,2025,,,,,,,,,,
msi gaming x trio,1249.0,,Radeon RX 6950 XT,16.0,,1890.0,MSI,GPU,2025,,,,,,,,,,
asus tuf gaming evo oc,420.0,,GeForce GTX 1660 Ti,6.0,,1500.0,Asus,GPU,2025,,,,,,,,,,
zotac gaming twin edge oc,309.99,,GeForce RTX 5060,8.0,,2280.0,Zotac,GPU,2025,,,,,,,,,,
gigabyte gaming oc,1569.99,,GeForce RTX 3090,24.0,,1395.0,Gigabyte,GPU,2025,,,,,,,,,,
asus dual oc,549.0,,Radeon RX 6600 XT,8.0,,1968.0,Asus,GPU,2025,,,,,,,,,,
zotac gaming solo,278.53,,GeForce RTX 3050 6GB,6.0,,1040.0,Zotac,GPU,2025,,,,,,,,,,
zotac gaming amp holo,585.99,,GeForce RTX 3070 Ti,8.0,,1575.0,Zotac,GPU,2025,,,,,,,,,,
msi gaming x trio,913.46,,Radeon RX 6750 XT,12.0,,2150.0,MSI,GPU,2025,,,,,,,,,,
msi radeon rx 6800 xt gaming x trio 16g,1170.49,,Radeon RX 6800 XT,16.0,,1850.0,MSI,GPU,2025,,,,,,,,,,
asus dual,345.0,,GeForce GTX 1060 3GB,3.0,,1594.0,Asus,GPU,2025,,,,,,,,,,
msi geforce rtx 2080 ti ventus 11g oc,998.0,,GeForce RTX 2080 Ti,11.0,,1350.0,MSI,GPU,2025,,,,,,,,,,
evga ftw3 ultra gaming lhr,799.99,,GeForce RTX 3080 10GB LHR,10.0,,1440.0,EVGA,GPU,2025,,,,,,,,,,
amd 100-505999,139.96,,Radeon Pro WX 3100,4.0,,925.0,AMD,GPU,2025,,,,,,,,,,
gigabyte gaming oc rev 2.0,849.99,,GeForce RTX 3080 10GB LHR,10.0,,1440.0,Gigabyte,GPU,2025,,,,,,,,,,
evga black,998.0,,GeForce RTX 2080 Ti,11.0,,1350.0,EVGA,GPU,2025,,,,,,,,,,
pny vcqrtx5000-pb,749.96,,Quadro RTX 5000,16.0,,1620.0,PNY,GPU,2025,,,,,,,,,,
msi msi rtx 2070 ventus 8g video card,659.0,,GeForce RTX 2070,8.0,,1410.0,MSI,GPU,2025,,,,,,,,,,
pny argb epic-x rgb oc,339.99,,GeForce RTX 5060,8.0,,2280.0,PNY,GPU,2025,,,,,,,,,,
evga sc gaming,589.0,,GeForce RTX 2060,6.0,,1365.0,EVGA,GPU,2025,,,,,,,,,,
pny vcqp400-pb,89.99,,Quadro P400,2.0,,1070.0,PNY,GPU,2025,,,,,,,,,,
msi suprim x,1667.49,,GeForce RTX 3070 Ti,8.0,,1575.0,MSI,GPU,2025,,,,,,,,,,
powercolor red devil,599.0,,Radeon RX 6600 XT,8.0,,1968.0,PowerColor,GPU,2025,,,,,,,,,,
gainward phantom,3324.37,,GeForce RTX 5090,32.0,,2010.0,Gainward,GPU,2025,,,,,,,,,,
msi rtx 4090 gaming slim 24g,3070.0,,GeForce RTX 4090,24.0,,2235.0,MSI,GPU,2025,,,,,,,,,,
msi ventus xs ocv1,245.0,,GeForce GTX 1650 G6,4.0,,1410.0,MSI,GPU,2025,,,,,,,,,,
pny vcnrtx2000adas-llp,749.99,,RTX 2000E Ada Generation,16.0,,,PNY,GPU,2025,,,,,,,,,,
gigabyte gaming oc rev 2.0,699.0,,GeForce RTX 3070 LHR,8.0,,1500.0,Gigabyte,GPU,2025,,,,,,,,,,
asus strix gaming oc,599.0,,GeForce RTX 2060,6.0,,1365.0,Asus,GPU,2025,,,,,,,,,,
gigabyte gaming,289.99,,Radeon RX 570,4.0,,1168.0,Gigabyte,GPU,2025,,,,,,,,,,
pny xlr8 gaming verto epic-x rgb oc,1249.97,,GeForce RTX 4070 Ti SUPER,16.0,,2340.0,PNY,GPU,2025,,,,,,,,,,
pny xlr8 gaming revel epic-x rgb,625.0,,GeForce RTX 3060 12GB,12.0,,1320.0,PNY,GPU,2025,,,,,,,,,,
gigabyte gaming,299.99,,Radeon RX 9060 XT,8.0,,2220.0,Gigabyte,GPU,2025,,,,,,,,,,
msi ventus 2x oc,1089.0,,GeForce RTX 4070 SUPER,12.0,,1980.0,MSI,GPU,2025,,,,,,,,,,
msi armor oc,592.33,,GeForce GTX 1660 Ti,6.0,,1500.0,MSI,GPU,2025,,,,,,,,,,
sapphire pulse be,599.0,,Radeon RX 5700 XT,8.0,,1605.0,Sapphire,GPU,2025,,,,,,,,,,
powercolor red devil oc,779.99,,Radeon RX 9070,16.0,,2170.0,PowerColor,GPU,2025,,,,,,,,,,
evga xc3 ultra gaming,1598.0,,GeForce RTX 3090,24.0,,1395.0,EVGA,GPU,2025,,,,,,,,,,
zotac amp,395.0,,GeForce GTX 1060 6GB,6.0,,1556.0,Zotac,GPU,2025,,,,,,,,,,
zotac gaming,378.88,,GeForce GTX 1660 Ti,6.0,,1500.0,Zotac,GPU,2025,,,,,,,,,,
pny vcqm2000-pb,94.11,,Quadro M2000,4.0,,872.0,PNY,GPU,2025,,,,,,,,,,
amd radeon pro wx 4100,159.0,,Radeon Pro WX 4100,4.0,,925.0,AMD,GPU,2025,,,,,,,,,,
asus tuf gaming og oc,1189.0,,GeForce RTX 4070 Ti SUPER,16.0,,2340.0,Asus,GPU,2025,,,,,,,,,,
asus gt730-4h-sl-2gd5,111.09,,GeForce GT 730,2.0,,902.0,Asus,GPU,2025,,,,,,,,,,
evga sc gaming,268.68,,GeForce GTX 1060 3GB,3.0,,1607.0,EVGA,GPU,2025,,,,,,,,,,
msi gaming trio,3089.0,,GeForce RTX 4090,24.0,,2235.0,MSI,GPU,2025,,,,,,,,,,
inno3d twin x2,256.77,,GeForce RTX 3050 6GB,6.0,,1040.0,Inno3D,GPU,2025,,,,,,,,,,
msi armor,659.0,,GeForce RTX 2070,8.0,,1410.0,MSI,GPU,2025,,,,,,,,,,
gigabyte gaming oc,799.0,,Radeon RX 6800,16.0,,1815.0,Gigabyte,GPU,2025,,,,,,,,,,
msi gaming x trio,656.98,,GeForce RTX 3060 12GB,12.0,,1320.0,MSI,GPU,2025,,,,,,,,,,
pny rtx a-series,1865.62,,RTX A5000,24.0,,1170.0,PNY,GPU,2025,,,,,,,,,,
gigabyte aero oc,1395.0,,GeForce RTX 4070 Ti,12.0,,2310.0,Gigabyte,GPU,2025,,,,,,,,,,
yeston sakura,749.0,,GeForce RTX 5070,12.0,,2325.0,Yeston,GPU,2025,,,,,,,,,,
pny vcnrtx4500ada-pb,2329.98,,RTX 4500 Ada Generation,24.0,,2070.0,PNY,GPU,2025,,,,,,,,,,
asus turbo,545.0,,GeForce GTX 1080 Ti,11.0,,1480.0,Asus,GPU,2025,,,,,,,,,,
xfx speedster merc 319 black,1014.0,,Radeon RX 6700 XT,12.0,,2321.0,XFX,GPU,2025,,,,,,,,,,
gigabyte eagle,589.0,,Radeon RX 6600 XT,8.0,,1968.0,Gigabyte,GPU,2025,,,,,,,,,,
asus strix gaming oc,498.0,,Radeon RX 5600 XT,6.0,,1247.0,Asus,GPU,2025,,,,,,,,,,
gainward phantom gs,4569.8,,GeForce RTX 4080,16.0,,2205.0,Gainward,GPU,2025,,,,,,,,,,
evga xc gaming,419.99,,GeForce RTX 2060,12.0,,1365.0,EVGA,GPU,2025,,,,,,,,,,
msi gaming x slim,999.99,,GeForce RTX 4070,12.0,,1920.0,MSI,GPU,2025,,,,,,,,,,
asus proart oc,1295.0,,GeForce RTX 4070 SUPER,12.0,,1980.0,Asus,GPU,2025,,,,,,,,,,
msi gtx 1070 ti titanium 8g,499.0,,GeForce GTX 1070 Ti,8.0,,1607.0,MSI,GPU,2025,,,,,,,,,,
asus rog strix gaming oc,1599.99,,GeForce RTX 4080,16.0,,2205.0,Asus,GPU,2025,,,,,,,,,,
gigabyte eagle oc,795.0,,GeForce RTX 3070 Ti,8.0,,1575.0,Gigabyte,GPU,2025,,,,,,,,,,
acer predator bifrost oc,899.95,,Radeon RX 9070,16.0,,2070.0,Acer,GPU,2025,,,,,,,,,,
gigabyte windforce v2,2990.0,,GeForce RTX 4090,24.0,,2235.0,Gigabyte,GPU,2025,,,,,,,,,,
msi inspire 2x oc,329.99,,GeForce RTX 5060,8.0,,2280.0,MSI,GPU,2025,,,,,,,,,,
msi mech 2x,738.0,,Radeon RX 6700 XT,12.0,,2321.0,MSI,GPU,2025,,,,,,,,,,
visiontek 901491,62.99,,Radeon HD 6570,1.0,,480.0,VisionTek,GPU,2025,,,,,,,,,,
amd radeon pro wx 5100,182.6,,Radeon Pro WX 5100,8.0,,926.0,AMD,GPU,2025,,,,,,,,,,
msi shadow 2x oc,249.99,,GeForce RTX 5050,8.0,,2317.0,MSI,GPU,2025,,,,,,,,,,
asus dual,1048.0,,GeForce RTX 4070,12.0,,1920.0,Asus,GPU,2025,,,,,,,,,,
palit kalmx,269.67,,GeForce RTX 3050 6GB,6.0,,1040.0,Palit,GPU,2025,,,,,,,,,,
msi duke oc,495.0,,GeForce GTX 1080 Ti,11.0,,1531.0,MSI,GPU,2025,,,,,,,,,,
zotac mini,459.0,,GeForce GTX 1070,8.0,,1518.0,Zotac,GPU,2025,,,,,,,,,,
pny vcqp2000-pb,190.0,,Quadro P2000,5.0,,1370.0,PNY,GPU,2025,,,,,,,,,,
msi suprim x,1325.0,,GeForce RTX 3080 Ti,12.0,,1365.0,MSI,GPU,2025,,,,,,,,,,
evga xc3 black gaming,699.99,,GeForce RTX 3070,8.0,,1500.0,EVGA,GPU,2025,,,,,,,,,,
zotac gaming amp holo,1007.48,,GeForce RTX 3080 Ti,12.0,,1365.0,Zotac,GPU,2025,,,,,,,,,,
evga xc3 ultra gaming icx3,619.0,,GeForce RTX 3070 LHR,8.0,,1500.0,EVGA,GPU,2025,,,,,,,,,,
asus rog strix btf gaming oc,3499.99,,GeForce RTX 4090,24.0,,2235.0,Asus,GPU,2025,,,,,,,,,,
asus dual v2,435.0,,Radeon RX 6600,8.0,,1626.0,Asus,GPU,2025,,,,,,,,,,
amd 100-506095,182.99,,Radeon Pro W5500,8.0,,1354.0,AMD,GPU,2025,,,,,,,,,,
msi gaming x slim,999.99,,GeForce RTX 4060 Ti,16.0,,2310.0,MSI,GPU,2025,,,,,,,,,,
gigabyte aero oc v2,1345.0,,GeForce RTX 4070 Ti,12.0,,2310.0,Gigabyte,GPU,2025,,,,,,,,,,
gigabyte gaming oc,1140.0,,GeForce RTX 4070,12.0,,1920.0,Gigabyte,GPU,2025,,,,,,,,,,
evga sc gaming acx 3.0,614.05,,GeForce GTX 1080,8.0,,1708.0,EVGA,GPU,2025,,,,,,,,,,
asus tuf gaming btf oc,1589.88,,GeForce RTX 4070 Ti,16.0,,2310.0,Asus,GPU,2025,,,,,,,,,,
msi gaming x,345.0,,GeForce GTX 1650 G5,4.0,,1485.0,MSI,GPU,2025,,,,,,,,,,
msi ventus 3x plus oc,1189.0,,GeForce RTX 3080 12GB LHR,12.0,,1260.0,MSI,GPU,2025,,,,,,,,,,
gigabyte windforce oc,430.0,,GeForce GTX 1070,8.0,,1556.0,Gigabyte,GPU,2025,,,,,,,,,,
msi armor oc,598.0,,GeForce GTX 1080,8.0,,1657.0,MSI,GPU,2025,,,,,,,,,,
asus tuf gaming,1889.0,,GeForce RTX 4080,16.0,,2205.0,Asus,GPU,2025,,,,,,,,,,
asus proart oc,1958.0,,GeForce RTX 4080,16.0,,2205.0,Asus,GPU,2025,,,,,,,,,,
msi duke,399.0,,GeForce GTX 1070 Ti,8.0,,1607.0,MSI,GPU,2025,,,,,,,,,,
asus gtxtitanx-12gd5,799.0,,GeForce GTX Titan X,12.0,,1075.0,Asus,GPU,2025,,,,,,,,,,
palit stormx,368.71,,GeForce GTX 1050 Ti,4.0,,1290.0,Palit,GPU,2025,,,,,,,,,,
evga sc ultra gaming,317.33,,GeForce GTX 1650 SUPER,4.0,,1530.0,EVGA,GPU,2025,,,,,,,,,,
zotac gaming twin edge oc,339.99,,GeForce RTX 3050 8GB,8.0,,1550.0,Zotac,GPU,2025,,,,,,,,,,
gigabyte gaming oc pro rev 3.0,598.76,,GeForce RTX 3060 Ti LHR,8.0,,1410.0,Gigabyte,GPU,2025,,,,,,,,,,
nvidia 9001g4012500000,389.0,,GeForce GTX 980,4.0,,1126.0,NVIDIA,GPU,2025,,,,,,,,,,
pny vcqp4000-pb,300.61,,Quadro P4000,8.0,,1227.0,PNY,GPU,2025,,,,,,,,,,
zotac zt-p10300a-10l,124.19,,GeForce GT 1030,2.0,,1227.0,Zotac,GPU,2025,,,,,,,,,,
nvidia 900-5g172-2580-000,499.83,,RTX A1000,8.0,,727.0,NVIDIA,GPU,2025,,,,,,,,,,
gigabyte gaming oc 3x,795.0,,GeForce RTX 2070 SUPER,8.0,,1605.0,Gigabyte,GPU,2025,,,,,,,,,,
asus rog strix gaming oc,795.0,,Radeon RX 6700 XT,12.0,,2321.0,Asus,GPU,2025,,,,,,,,,,
pny vcnrtx5000ada-pb,4100.93,,RTX 5000 Ada Generation,32.0,,1620.0,PNY,GPU,2025,,,,,,,,,,
gigabyte aorus xtreme,1598.0,,GeForce RTX 3090,24.0,,1395.0,Gigabyte,GPU,2025,,,,,,,,,,
msi gaming x,379.0,,GeForce GTX 1650 SUPER,4.0,,1530.0,MSI,GPU,2025,,,,,,,,,,
msi geforce gtx 1650 super,505.8,,GeForce GTX 1650 SUPER,4.0,,1530.0,MSI,GPU,2025,,,,,,,,,,
zotac gaming amp,1769.99,,GeForce RTX 4080 SUPER,16.0,,2210.0,Zotac,GPU,2025,,,,,,,,,,
asrock challenger d oc,411.32,,Radeon RX 5500 XT,8.0,,1685.0,ASRock,GPU,2025,,,,,,,,,,
hp c2j92aa,65.18,,Quadro K600,1.0,,876.0,HP,GPU,2025,,,,,,,,,,
msi geforce rtx 3070 ventus 3x 8g oc lhr,735.0,,GeForce RTX 3070 LHR,8.0,,1500.0,MSI,GPU,2025,,,,,,,,,,
asus rog strix gaming oc,459.99,,Radeon RX 6650 XT,8.0,,2055.0,Asus,GPU,2025,,,,,,,,,,
pny uprising,718.94,,GeForce RTX 3070,8.0,,1500.0,PNY,GPU,2025,,,,,,,,,,
msi n730-2gd3v3,107.52,,GeForce GT 730,2.0,,700.0,MSI,GPU,2025,,,,,,,,,,
asus tuf gaming oc,1145.0,,GeForce RTX 3080 12GB LHR,12.0,,1260.0,Asus,GPU,2025,,,,,,,,,,
asus tuf gaming oc p,255.99,,GeForce GTX 1650 G6,4.0,,1410.0,Asus,GPU,2025,,,,,,,,,,
amd 100-300000078,429.0,,Radeon PRO W7500,8.0,,1500.0,AMD,GPU,2025,,,,,,,,,,
asus turbo,869.0,,GeForce RTX 2080 Ti,11.0,,1350.0,Asus,GPU,2025,,,,,,,,,,
gigabyte turbo,1550.0,,GeForce RTX 3090,24.0,,1395.0,Gigabyte,GPU,2025,,,,,,,,,,
msi ventus 2x ocv1,487.54,,GeForce RTX 3060 Ti LHR,8.0,,1410.0,MSI,GPU,2025,,,,,,,,,,
msi gaming z trio,1189.0,,GeForce RTX 3080 12GB LHR,12.0,,1260.0,MSI,GPU,2025,,,,,,,,,,
evga ssc dt,319.99,,GeForce GTX 1060 6GB,6.0,,1506.0,EVGA,GPU,2025,,,,,,,,,,
gigabyte gv-n107tgaming-8gd,399.0,,GeForce GTX 1070 Ti,8.0,,1607.0,Gigabyte,GPU,2025,,,,,,,,,,
gigabyte eagle oc,1150.0,,GeForce RTX 4070,12.0,,1920.0,Gigabyte,GPU,2025,,,,,,,,,,
gainward ghost,864.46,,GeForce RTX 5060 Ti,8.0,,2410.0,Gainward,GPU,2025,,,,,,,,,,
gigabyte gaming oc,759.0,,GeForce RTX 2080,8.0,,1515.0,Gigabyte,GPU,2025,,,,,,,,,,
msi geforce rtx 3070 ventus 3x,534.19,,GeForce RTX 3070,8.0,,1500.0,MSI,GPU,2025,,,,,,,,,,
asus turbo,379.99,,GeForce GTX 1060 6GB,6.0,,1506.0,Asus,GPU,2025,,,,,,,,,,
asrock phantom gaming d oc,1085.0,,Radeon RX 6900 XT,16.0,,1925.0,ASRock,GPU,2025,,,,,,,,,,
evga ftw dt gaming,485.0,,GeForce GTX 1080,8.0,,1607.0,EVGA,GPU,2025,,,,,,,,,,
asus rog strix gaming oc v2,1099.0,,GeForce RTX 3080 10GB LHR,10.0,,1440.0,Asus,GPU,2025,,,,,,,,,,
msi armor oc,231.32,,GeForce GTX 1660,6.0,,1530.0,MSI,GPU,2025,,,,,,,,,,
gigabyte aorus master,1549.0,,GeForce RTX 3080 Ti,12.0,,1365.0,Gigabyte,GPU,2025,,,,,,,,,,
zotac gaming amp extreme infinity ultra,1800.26,,GeForce RTX 5080,16.0,,2300.0,Zotac,GPU,2025,,,,,,,,,,
xfx gts,219.99,,Radeon RX 580,8.0,,1257.0,XFX,GPU,2025,,,,,,,,,,
xfx speedster merc 308 black,595.35,,Radeon RX 6650 XT,8.0,,2055.0,XFX,GPU,2025,,,,,,,,,,
palit infinity 3,479.78,,GeForce RTX 5060,8.0,,2280.0,Palit,GPU,2025,,,,,,,,,,
msi gaming z trio v1,629.99,,Radeon RX 6800,16.0,,1700.0,MSI,GPU,2025,,,,,,,,,,
msi gaming x trio,1995.0,,GeForce RTX 4080,16.0,,2205.0,MSI,GPU,2025,,,,,,,,,,
powercolor red dragon,164.9,,Radeon RX 550 - 512,4.0,,1100.0,PowerColor,GPU,2025,,,,,,,,,,
msi gaming,389.0,,Radeon R9 390,8.0,,1000.0,MSI,GPU,2025,,,,,,,,,,
gigabyte gaming oc,1962.0,,Radeon RX 6900 XT,16.0,,1825.0,Gigabyte,GPU,2025,,,,,,,,,,
amd 100-505724,189.96,,FirePro W7100,8.0,,824.0,AMD,GPU,2025,,,,,,,,,,
msi gaming z trio,948.99,,GeForce RTX 3070 LHR,8.0,,1500.0,MSI,GPU,2025,,,,,,,,,,
palit gamerock oc,1279.58,,GeForce RTX 5070 Ti,16.0,,2300.0,Palit,GPU,2025,,,,,,,,,,
asus ko gaming oc,735.0,,GeForce RTX 3070,8.0,,1500.0,Asus,GPU,2025,,,,,,,,,,
gigabyte ai top,1349.0,,GeForce RTX 4070 Ti SUPER,16.0,,2340.0,Gigabyte,GPU,2025,,,,,,,,,,
palit gamingpro oc,898.19,,GeForce RTX 5070,12.0,,2325.0,Palit,GPU,2025,,,,,,,,,,
gigabyte gv-n1030sl-2gl,183.0,,GeForce GT 1030,2.0,,1252.0,Gigabyte,GPU,2025,,,,,,,,,,
asus turbo-gtx1070-8g,479.0,,GeForce GTX 1070,8.0,,1506.0,Asus,GPU,2025,,,,,,,,,,
evga xc black gaming,435.0,,GeForce GTX 1660 Ti,6.0,,1500.0,EVGA,GPU,2025,,,,,,,,,,
evga xc gaming,675.0,,GeForce RTX 2070,8.0,,1410.0,EVGA,GPU,2025,,,,,,,,,,
asus turbo,495.0,,GeForce GTX 1080,8.0,,1607.0,Asus,GPU,2025,,,,,,,,,,
amd 100-300000075,2382.14,,Radeon PRO W7800,32.0,,1855.0,AMD,GPU,2025,,,,,,,,,,
zotac gaming amp airo spider-man: across the spider-verse,999.99,,GeForce RTX 4070 Ti,12.0,,2310.0,Zotac,GPU,2025,,,,,,,,,,
msi gaming x,756.0,,Radeon RX 6700 XT,12.0,,2321.0,MSI,GPU,2025,,,,,,,,,,
asus strix lc gaming oc,1499.99,,GeForce RTX 3090 Ti,24.0,,1560.0,Asus,GPU,2025,,,,,,,,,,
amd 100-506061,1149.0,,Vega Frontier Edition,16.0,,1440.0,AMD,GPU,2025,,,,,,,,,,
gigabyte gaming oc pro,560.0,,Radeon RX 6600 XT,8.0,,1968.0,Gigabyte,GPU,2025,,,,,,,,,,
sparkle roc oc,229.72,,Arc A750,8.0,,2050.0,Sparkle,GPU,2025,,,,,,,,,,
zotac gaming trinity oc,1839.99,,GeForce RTX 4080,16.0,,2205.0,Zotac,GPU,2025,,,,,,,,,,
pny vcqk4200-pb,169.0,,Quadro K4200,4.0,,771.0,PNY,GPU,2025,,,,,,,,,,
pny vcqrtx6000-pb,1845.0,,Quadro RTX 6000,24.0,,1440.0,PNY,GPU,2025,,,,,,,,,,
asus prime oc,289.99,,GeForce RTX 5050,8.0,,2317.0,Asus,GPU,2025,,,,,,,,,,
pny t-series,179.0,,T400 4GB,4.0,,420.0,PNY,GPU,2025,,,,,,,,,,
evga 01g-p3-1302-lr,74.91,,GeForce 8400 GS,1.0,,520.0,EVGA,GPU,2025,,,,,,,,,,
evga ftw3 ultra gaming,486.84,,GeForce RTX 3060 Ti LHR,8.0,,1410.0,EVGA,GPU,2025,,,,,,,,,,
asus dual,1295.0,,GeForce RTX 4070 SUPER,12.0,,1980.0,Asus,GPU,2025,,,,,,,,,,
zotac gaming twin edge,380.69,,GeForce RTX 5050,8.0,,2317.0,Zotac,GPU,2025,,,,,,,,,,
evga founders edition,695.0,,GeForce GTX 1080 Ti,11.0,,1480.0,EVGA,GPU,2025,,,,,,,,,,
pny dual fan,479.99,,GeForce RTX 5060 Ti,16.0,,2407.0,PNY,GPU,2025,,,,,,,,,,
gigabyte eagle oc,465.78,,GeForce RTX 5060 Ti,8.0,,2410.0,Gigabyte,GPU,2025,,,,,,,,,,
msi mech 2x v1,849.0,,Radeon RX 6750 XT,12.0,,2150.0,MSI,GPU,2025,,,,,,,,,,
evga ko gaming,475.0,,GeForce RTX 2060,6.0,,1365.0,EVGA,GPU,2025,,,,,,,,,,
powercolor red devil oc,729.99,,Radeon RX 6900 XT,16.0,,2015.0,PowerColor,GPU,2025,,,,,,,,,,
asus rog strix gaming,1499.99,,GeForce RTX 4080,16.0,,2205.0,Asus,GPU,2025,,,,,,,,,,
asus rog strix,509.99,,Radeon RX 580,8.0,,1257.0,Asus,GPU,2025,,,,,,,,,,
gainward phantom gs,3692.59,,GeForce RTX 5090,32.0,,2010.0,Gainward,GPU,2025,,,,,,,,,,
msi ventus 2x oc,1199.99,,GeForce RTX 4070 Ti,12.0,,2310.0,MSI,GPU,2025,,,,,,,,,,
gigabyte windforce oc,611.32,,GeForce RTX 3060 Ti LHR,8.0,,1665.0,Gigabyte,GPU,2025,,,,,,,,,,
asus rog strix gaming,1298.0,,GeForce RTX 4070 Ti,12.0,,2310.0,Asus,GPU,2025,,,,,,,,,,
evga gaming,589.99,,GeForce GTX 1080 Ti,11.0,,1480.0,EVGA,GPU,2025,,,,,,,,,,
sapphire pulse,399.0,,Radeon RX VEGA 56,8.0,,1208.0,Sapphire,GPU,2025,,,,,,,,,,
msi suprim x,1298.0,,GeForce RTX 4070 Ti,12.0,,2310.0,MSI,GPU,2025,,,,,,,,,,
asus tuf gaming oc,1289.0,,Radeon RX 6800,16.0,,1700.0,Asus,GPU,2025,,,,,,,,,,
asus dual evo,685.0,,GeForce RTX 2060 12GB,12.0,,1470.0,Asus,GPU,2025,,,,,,,,,,
msi vanguard soc launch edition,904.97,,GeForce RTX 5070,12.0,,2160.0,MSI,GPU,2025,,,,,,,,,,
zotac amp extreme core holo,1849.0,,GeForce RTX 3090 Ti,24.0,,1560.0,Zotac,GPU,2025,,,,,,,,,,
asus tuf gaming,1249.99,,GeForce RTX 3080 Ti,12.0,,1365.0,Asus,GPU,2025,,,,,,,,,,
asus phoenix,299.99,,GeForce RTX 3050 8GB,8.0,,1550.0,Asus,GPU,2025,,,,,,,,,,
sapphire nitro+ se,1199.0,,Radeon RX 6900 XT,16.0,,1825.0,Sapphire,GPU,2025,,,,,,,,,,
evga xc ultra gaming,998.0,,GeForce RTX 2080 Ti,11.0,,1350.0,EVGA,GPU,2025,,,,,,,,,,
msi aero,599.0,,GeForce GTX 1080 Ti,11.0,,1506.0,MSI,GPU,2025,,,,,,,,,,
asus dual oc,439.0,,GeForce RTX 3060 8GB,8.0,,1320.0,Asus,GPU,2025,,,,,,,,,,
pny verto,1899.0,,GeForce RTX 4080,16.0,,2205.0,PNY,GPU,2025,,,,,,,,,,
gigabyte aorus master,769.99,,Radeon RX 6800,16.0,,1700.0,Gigabyte,GPU,2025,,,,,,,,,,
gigabyte gv-n105td5-4gd,431.0,,GeForce GTX 1050 Ti,4.0,,1290.0,Gigabyte,GPU,2025,,,,,,,,,,
evga ftw3 ultra gaming,1029.0,,GeForce RTX 2070 SUPER,8.0,,1605.0,EVGA,GPU,2025,,,,,,,,,,
asus dual oc,840.0,,GeForce RTX 3060 Ti,8.0,,1410.0,Asus,GPU,2025,,,,,,,,,,
zotac gaming amp,1000.0,,GeForce RTX 2080 Ti,11.0,,1350.0,Zotac,GPU,2025,,,,,,,,,,
asus directcu ii,269.0,,GeForce GTX 760,2.0,,1006.0,Asus,GPU,2025,,,,,,,,,,
msi ventus 2x oc,1289.0,,GeForce RTX 4070,12.0,,1920.0,MSI,GPU,2025,,,,,,,,,,
zotac gaming oc,325.0,,GeForce GTX 1650 G5,4.0,,1485.0,Zotac,GPU,2025,,,,,,,,,,
gigabyte aorus,649.0,,Radeon RX 5700 XT,8.0,,1770.0,Gigabyte,GPU,2025,,,,,,,,,,
amd 100-300000006,968.98,,Radeon PRO W7700,16.0,,1900.0,AMD,GPU,2025,,,,,,,,,,
asus tuf gaming oc,335.0,,GeForce GTX 1650 G6,4.0,,1410.0,Asus,GPU,2025,,,,,,,,,,
msi gaming x trio,1498.0,,GeForce RTX 4070 Ti,12.0,,2310.0,MSI,GPU,2025,,,,,,,,,,
evga ftw3 ultra gaming icx3,624.0,,GeForce RTX 3070 LHR,8.0,,1500.0,EVGA,GPU,2025,,,,,,,,,,
asrock phantom gaming d,429.9,,Radeon RX 570,4.0,,1168.0,ASRock,GPU,2025,,,,,,,,,,
msi gt 1030 2ghd4 lp oc,169.99,,GeForce GT 1030 DDR4,2.0,,1189.0,MSI,GPU,2025,,,,,,,,,,
powercolor hellhound,495.0,,Radeon RX 6600,8.0,,1626.0,PowerColor,GPU,2025,,,,,,,,,,
pny xlr8 gaming verto epic-x rgb oc,1249.0,,GeForce RTX 4070 Ti,12.0,,2310.0,PNY,GPU,2025,,,,,,,,,,
xfx gts,286.3,,Radeon RX 580,8.0,,1405.0,XFX,GPU,2025,,,,,,,,,,
inno3d x3 oc,782.41,,GeForce RTX 5070,12.0,,2325.0,Inno3D,GPU,2025,,,,,,,,,,
amd 100-506189,215.59,,Radeon PRO W6400,4.0,,2331.0,AMD,GPU,2025,,,,,,,,,,
xfx thicc ii,635.0,,Radeon RX 5700 XT,8.0,,1605.0,XFX,GPU,2025,,,,,,,,,,
pny xlr8 gaming epic-x rgb,1699.0,,GeForce RTX 3090,24.0,,1395.0,PNY,GPU,2025,,,,,,,,,,
asrock phantom gaming oc,322.02,,Radeon RX 7600,8.0,,1720.0,ASRock,GPU,2025,,,,,,,,,,
gigabyte windforce,499.0,,GeForce GTX 1070 Ti,8.0,,1632.0,Gigabyte,GPU,2025,,,,,,,,,,
amd 100-506208,310.99,,Radeon PRO W6600,8.0,,2331.0,AMD,GPU,2025,,,,,,,,,,
gigabyte gv-n108tgamingoc black-11gd,495.0,,GeForce GTX 1080 Ti,11.0,,1544.0,Gigabyte,GPU,2025,,,,,,,,,,
gigabyte eagle oc,999.99,,GeForce RTX 3080 10GB,10.0,,1440.0,Gigabyte,GPU,2025,,,,,,,,,,
xfx black edition,272.38,,Radeon RX 580,8.0,,1405.0,XFX,GPU,2025,,,,,,,,,,
msi ventus 3x,1889.99,,GeForce RTX 4080,16.0,,2205.0,MSI,GPU,2025,,,,,,,,,,
msi radeon rx 6900 xt gaming z trio 16g,799.99,,Radeon RX 6900 XT,16.0,,1825.0,MSI,GPU,2025,,,,,,,,,,
asus rog strix gaming,2499.98,,GeForce RTX 4080 SUPER,16.0,,2210.0,Asus,GPU,2025,,,,,,,,,,
asus rog strix gaming oc,679.99,,Radeon RX 6750 XT,12.0,,2150.0,Asus,GPU,2025,,,,,,,,,,
asus strix-r9390-dc3oc-8gd5-gaming,299.0,,Radeon R9 390,8.0,,1050.0,Asus,GPU,2025,,,,,,,,,,
evga 02g-p4-6338-kr,129.99,,GeForce GT 1030,2.0,,1290.0,EVGA,GPU,2025,,,,,,,,,,
evga xc ultra gaming,549.0,,GeForce GTX 1660 Ti,6.0,,1500.0,EVGA,GPU,2025,,,,,,,,,,
sapphire nitro+,969.0,,Radeon RX 6800,16.0,,1700.0,Sapphire,GPU,2025,,,,,,,,,,
pny blower,979.0,,GeForce RTX 2080 Ti,11.0,,1350.0,PNY,GPU,2025,,,,,,,,,,
visiontek 900356,65.12,,Radeon HD 5450,2.0,,,VisionTek,GPU,2025,,,,,,,,,,
asus rog strix,379.0,,Radeon RX 480,8.0,,1120.0,Asus,GPU,2025,,,,,,,,,,
msi ventus 2x oc,269.99,,GeForce RTX 5050,8.0,,2317.0,MSI,GPU,2025,,,,,,,,,,
gigabyte aorus elite rev 2.0,730.0,,GeForce RTX 3060 Ti LHR,8.0,,1410.0,Gigabyte,GPU,2025,,,,,,,,,,
powercolor red dragon,569.0,,Radeon RX 5600 XT,6.0,,1247.0,PowerColor,GPU,2025,,,,,,,,,,
zotac zt-71302-20l,69.98,,GeForce GT 710,2.0,,954.0,Zotac,GPU,2025,,,,,,,,,,
msi ventus,735.0,,GeForce RTX 2080,8.0,,1515.0,MSI,GPU,2025,,,,,,,,,,
zotac zt-70601-10m,395.0,,GeForce GTX 750 Ti,2.0,,1033.0,Zotac,GPU,2025,,,,,,,,,,
zotac gaming twin edge oc,269.99,,GeForce RTX 5050,8.0,,2317.0,Zotac,GPU,2025,,,,,,,,,,
xfx rx-580p427d6,359.0,,Radeon RX 580,4.0,,1366.0,XFX,GPU,2025,,,,,,,,,,
evga sc black gaming,635.0,,GeForce RTX 2060 SUPER,8.0,,1470.0,EVGA,GPU,2025,,,,,,,,,,
msi aero,498.0,,GeForce GTX 1070 Ti,8.0,,1607.0,MSI,GPU,2025,,,,,,,,,,
evga ftw3 ultra gaming,1289.0,,GeForce RTX 2080 SUPER,8.0,,1650.0,EVGA,GPU,2025,,,,,,,,,,
zotac gaming solo,332.08,,GeForce RTX 3050 8GB,8.0,,1550.0,Zotac,GPU,2025,,,,,,,,,,
evga ssc acx 2.0+,359.0,,GeForce GTX 970,4.0,,1190.0,EVGA,GPU,2025,,,,,,,,,,
gigabyte gaming oc,2298.0,,GeForce RTX 3090 Ti,24.0,,1560.0,Gigabyte,GPU,2025,,,,,,,,,,
amd 100-506157,2299.96,,Radeon PRO W6800,32.0,,2075.0,AMD,GPU,2025,,,,,,,,,,
gigabyte aorus master rev 2.0,798.0,,GeForce RTX 3070 LHR,8.0,,1500.0,Gigabyte,GPU,2025,,,,,,,,,,
evga 256-p2-n429-lr,69.98,,GeForce 7200 GS,0.25,,450.0,EVGA,GPU,2025,,,,,,,,,,
pny blower,645.0,,GeForce RTX 2070 SUPER,8.0,,1605.0,PNY,GPU,2025,,,,,,,,,,
pny vcqp5000-pb,598.0,,Quadro P5000,16.0,,1607.0,PNY,GPU,2025,,,,,,,,,,
pny t-series,459.0,,T1000 8GB,8.0,,1065.0,PNY,GPU,2025,,,,,,,,,,
evga ftw3 gaming,1995.0,,GeForce RTX 3090 Ti,24.0,,1560.0,EVGA,GPU,2025,,,,,,,,,,
gigabyte aorus elite,1266.33,,Radeon RX 6750 XT,12.0,,2150.0,Gigabyte,GPU,2025,,,,,,,,,,
msi gaming x slim,1345.0,,GeForce RTX 4070 Ti,12.0,,2310.0,MSI,GPU,2025,,,,,,,,,,
asus tuf gaming oc,799.99,,GeForce RTX 3060 Ti,8.0,,1410.0,Asus,GPU,2025,,,,,,,,,,
gigabyte gaming oc pro,998.97,,GeForce RTX 3060 Ti,8.0,,1410.0,Gigabyte,GPU,2025,,,,,,,,,,
zotac gaming trinity oc,1195.95,,GeForce RTX 3080 12GB LHR,12.0,,1260.0,Zotac,GPU,2025,,,,,,,,,,
evga xc3 black gaming,1098.0,,GeForce RTX 3080 10GB,10.0,,1440.0,EVGA,GPU,2025,,,,,,,,,,
asus rog strix,499.0,,Radeon RX VEGA 64,8.0,,1247.0,Asus,GPU,2025,,,,,,,,,,
msi gt lp,69.98,,GeForce GT 710,1.0,,954.0,MSI,GPU,2025,,,,,,,,,,
amd 100-505957,879.96,,Radeon Pro WX 9100,16.0,,1200.0,AMD,GPU,2025,,,,,,,,,,
pny xlr8 gaming verto epic-x rgb oc,1798.0,,GeForce RTX 4080,16.0,,2205.0,PNY,GPU,2025,,,,,,,,,,
gigabyte aorus master,1898.0,,GeForce RTX 4080,16.0,,2205.0,Gigabyte,GPU,2025,,,,,,,,,,
asus strix gaming,999.0,,GeForce RTX 2080 Ti,11.0,,1350.0,Asus,GPU,2025,,,,,,,,,,
evga ftw gaming acx 3.0,249.99,,GeForce GTX 1050 Ti,4.0,,1379.0,EVGA,GPU,2025,,,,,,,,,,
evga ftw acx 2.0,255.0,,GeForce GTX 950,2.0,,1203.0,EVGA,GPU,2025,,,,,,,,,,
pny vcggtx10708xpb-oc-bb,399.0,,GeForce GTX 1070,8.0,,1518.0,PNY,GPU,2025,,,,,,,,,,
msi radeon rx 480 4g,399.0,,Radeon RX 480,4.0,,1120.0,MSI,GPU,2025,,,,,,,,,,
zotac gaming twin edge oc,279.99,,GeForce RTX 5050,8.0,,2317.0,Zotac,GPU,2025,,,,,,,,,,
amd firepro w2100,89.99,,FirePro W2100,2.0,,630.0,AMD,GPU,2025,,,,,,,,,,
evga ftw2 gaming icx,549.0,,GeForce GTX 1070 Ti,8.0,,1607.0,EVGA,GPU,2025,,,,,,,,,,
pny dual fan,385.95,,GeForce RTX 5060 Ti,8.0,,2407.0,PNY,GPU,2025,,,,,,,,,,
asus strix,379.0,,GeForce GTX 980,4.0,,1178.0,Asus,GPU,2025,,,,,,,,,,
evga k|ngp|n hybrid gaming,1840.0,,GeForce RTX 3090,24.0,,1395.0,EVGA,GPU,2025,,,,,,,,,,
powercolor ax5450 512mk3-sh,64.95,,Radeon HD 5450,0.5,,650.0,PowerColor,GPU,2025,,,,,,,,,,
visiontek sff,134.59,,Radeon HD 7750,2.0,,800.0,VisionTek,GPU,2025,,,,,,,,,,
amd 100-300000077,578.98,,Radeon PRO W7600,8.0,,1720.0,AMD,GPU,2025,,,,,,,,,,
msi armor ocv1,398.0,,GeForce GTX 1060 6GB,6.0,,1544.0,MSI,GPU,2025,,,,,,,,,,
zotac gaming trinity,899.99,,GeForce RTX 3070 Ti,8.0,,1575.0,Zotac,GPU,2025,,,,,,,,,,
gigabyte gaming oc rev 2.0,698.0,,GeForce RTX 3060 Ti LHR,8.0,,1410.0,Gigabyte,GPU,2025,,,,,,,,,,
xfx speedster swft 210 core 2,778.98,,Radeon RX 7800 XT,16.0,,1295.0,XFX,GPU,2025,,,,,,,,,,
evga sc ultra gaming,303.36,,GeForce GTX 1650 G5,4.0,,1485.0,EVGA,GPU,2025,,,,,,,,,,
msi duke,735.0,,GeForce RTX 2080,8.0,,1515.0,MSI,GPU,2025,,,,,,,,,,
evga xc gaming,789.0,,GeForce RTX 2070 SUPER,8.0,,1605.0,EVGA,GPU,2025,,,,,,,,,,
pny blower,839.0,,GeForce RTX 2080 SUPER,8.0,,1650.0,PNY,GPU,2025,,,,,,,,,,
evga dt gaming,495.0,,GeForce GTX 1080 Ti,11.0,,1480.0,EVGA,GPU,2025,,,,,,,,,,
asus rog strix gaming oc,429.99,,GeForce RTX 3050 8GB,8.0,,1550.0,Asus,GPU,2025,,,,,,,,,,
asus gtx660 ti-dc2o-2gd5,239.0,,GeForce GTX 660 Ti,2.0,,1028.0,Asus,GPU,2025,,,,,,,,,,
gigabyte aorus waterforce,998.0,,GeForce GTX 1080 Ti,11.0,,1632.0,Gigabyte,GPU,2025,,,,,,,,,,
nvidia star wars galactic empire,999.0,,Titan Xp,12.0,,1481.0,NVIDIA,GPU,2025,,,,,,,,,,
amd firepro w9100,549.96,,FirePro W9100,16.0,,930.0,AMD,GPU,2025,,,,,,,,,,
asus strix oc,1672.49,,GeForce RTX 3070,8.0,,1500.0,Asus,GPU,2025,,,,,,,,,,
evga superclocked,199.0,,GeForce GTX 950,2.0,,1152.0,EVGA,GPU,2025,,,,,,,,,,
evga 01g-p3-2616-kr,99.99,,GeForce GT 610,1.0,,,EVGA,GPU,2025,,,,,,,,,,
pny uprising,640.94,,GeForce RTX 3060 Ti,8.0,,1410.0,PNY,GPU,2025,,,,,,,,,,
msi armor oc,489.0,,Radeon RX 570,8.0,,1168.0,MSI,GPU,2025,,,,,,,,,,
pny rtx a-series,1730.0,,RTX A4500,20.0,,1050.0,PNY,GPU,2025,,,,,,,,,,
nvidia 900-1g500-2500-000,1250.0,,Titan V,12.0,,1200.0,NVIDIA,GPU,2025,,,,,,,,,,
msi armor mk2 oc,499.99,,Radeon RX 580,8.0,,1340.0,MSI,GPU,2025,,,,,,,,,,
evga xc gaming,1710.0,,GeForce RTX 2080 Ti,11.0,,1350.0,EVGA,GPU,2025,,,,,,,,,,
pny vcq420nvs-x1-dvi-pb,151.98,,Quadro NVS 420,0.5,,,PNY,GPU,2025,,,,,,,,,,
evga acx 3.0,399.99,,GeForce GTX 1070,8.0,,1506.0,EVGA,GPU,2025,,,,,,,,,,
evga ftw3 ultra hybrid gaming icx3,1599.0,,GeForce RTX 3080 Ti,12.0,,1365.0,EVGA,GPU,2025,,,,,,,,,,
evga 04g-p4-2980-kr,369.0,,GeForce GTX 980,4.0,,1126.0,EVGA,GPU,2025,,,,,,,,,,
pny vcqp2200-sb,219.96,,Quadro P2200,5.0,,1000.0,PNY,GPU,2025,,,,,,,,,,
msi d6 ventus xs oc,348.88,,GeForce GTX 1650 G6,4.0,,1410.0,MSI,GPU,2025,,,,,,,,,,
msi ventus 3x plus oc,1717.75,,GeForce RTX 3080 10GB LHR,10.0,,1440.0,MSI,GPU,2025,,,,,,,,,,
msi ventus 3x 8gd6x oc,698.0,,GeForce RTX 3060 Ti,8.0,,1410.0,MSI,GPU,2025,,,,,,,,,,
evga ftw ultra silent gaming,549.0,,GeForce GTX 1070 Ti,8.0,,1607.0,EVGA,GPU,2025,,,,,,,,,,
evga superclocked,147.0,,GeForce GT 740,2.0,,1059.0,EVGA,GPU,2025,,,,,,,,,,
powercolor axrx 560 4gbd5-dha,275.0,,Radeon RX 560 - 896,4.0,,115.0,PowerColor,GPU,2025,,,,,,,,,,
evga sc ultra gaming,319.98,,GeForce GTX 1650 G6,4.0,,1410.0,EVGA,GPU,2025,,,,,,,,,,
asrock creator,1024.99,,Radeon RX 7900 XT,20.0,,2000.0,ASRock,GPU,2025,,,,,,,,,,
sapphire toxic extreme edition,1782.99,,Radeon RX 6900 XT,16.0,,1825.0,Sapphire,GPU,2025,,,,,,,,,,
zotac gaming amp extreme airo,1949.99,,GeForce RTX 4080 SUPER,16.0,,2210.0,Zotac,GPU,2025,,,,,,,,,,
evga ftw3 ultra hybrid gaming,2369.98,,GeForce RTX 2080 Ti,11.0,,1350.0,EVGA,GPU,2025,,,,,,,,,,
pny verto,638.04,,GeForce RTX 3070 Ti,8.0,,1575.0,PNY,GPU,2025,,,,,,,,,,
hp j3g93at,189.96,,FirePro W7100,8.0,,920.0,HP,GPU,2025,,,,,,,,,,
gigabyte mini itx oc,359.0,,GeForce GTX 1060 6GB,6.0,,1531.0,Gigabyte,GPU,2025,,,,,,,,,,
pny xlr8 gaming overclocked edition,599.0,,GeForce RTX 2070,8.0,,1410.0,PNY,GPU,2025,,,,,,,,,,
evga ftw+ gaming,349.0,,GeForce GTX 1060 6GB,6.0,,1632.0,EVGA,GPU,2025,,,,,,,,,,
pny vcqk6000-pb,326.96,,Quadro K6000,12.0,,902.0,PNY,GPU,2025,,,,,,,,,,
zotac amp extreme,499.0,,GeForce GTX 1070,8.0,,1632.0,Zotac,GPU,2025,,,,,,,,,,
palit infinity 3 oc,488.51,,GeForce RTX 5060,8.0,,2280.0,Palit,GPU,2025,,,,,,,,,,
asus turbo,861.44,,GeForce GTX 1070 Ti,8.0,,1607.0,Asus,GPU,2025,,,,,,,,,,
gigabyte gaming,359.0,,GeForce GTX 1060 3GB,3.0,,1620.0,Gigabyte,GPU,2025,,,,,,,,,,
msi aero itx oc,530.39,,GeForce GTX 1070,8.0,,1531.0,MSI,GPU,2025,,,,,,,,,,
zotac gaming trinity oc,1869.99,,GeForce RTX 4080,16.0,,2205.0,Zotac,GPU,2025,,,,,,,,,,
msi ventus 3x e1 oc,1145.0,,GeForce RTX 4070,12.0,,1920.0,MSI,GPU,2025,,,,,,,,,,
xfx rx-vegma3fd6,945.0,,Radeon VII,16.0,,1400.0,XFX,GPU,2025,,,,,,,,,,
evga xc gaming,874.99,,GeForce RTX 2080,8.0,,1515.0,EVGA,GPU,2025,,,,,,,,,,
xfx speedster qick 319 core,1025.99,,Radeon RX 6700 XT,12.0,,2321.0,XFX,GPU,2025,,,,,,,,,,
pny t-series,310.99,,T1000 4GB,4.0,,1065.0,PNY,GPU,2025,,,,,,,,,,
gigabyte aorus xtreme waterforce,1879.0,,GeForce RTX 3080 10GB,10.0,,1440.0,Gigabyte,GPU,2025,,,,,,,,,,
msi gaming ge,449.0,,GeForce GTX 980 Ti,6.0,,1000.0,MSI,GPU,2025,,,,,,,,,,
asus tuf gaming oc,389.99,,GeForce RTX 3050 8GB,8.0,,1550.0,Asus,GPU,2025,,,,,,,,,,
pny vcq2000d-pb,69.75,,Quadro 2000D,1.0,,625.0,PNY,GPU,2025,,,,,,,,,,
xfx hd-467x-zdfr,74.98,,Radeon HD 4670,1.0,,750.0,XFX,GPU,2025,,,,,,,,,,
msi founders edition,698.0,,GeForce GTX 1080 Ti,11.0,,1480.0,MSI,GPU,2025,,,,,,,,,,
amd 100-506163,1399.0,,Radeon Pro VII,16.0,,1400.0,AMD,GPU,2025,,,,,,,,,,
asus tuf-rtx3060-o12g-demonslayer,745.0,,GeForce RTX 3060 12GB,12.0,,1320.0,Asus,GPU,2025,,,,,,,,,,
evga superclocked,680.0,,GeForce GTX 980 Ti,6.0,,1102.0,EVGA,GPU,2025,,,,,,,,,,
asus gt710-sl-2gd5,145.3,,GeForce GT 710,2.0,,954.0,Asus,GPU,2025,,,,,,,,,,
ati 100-505588,199.99,,FirePro 2450,0.5,,,ATI,GPU,2025,,,,,,,,,,
pny vcggt10302pb,119.99,,GeForce GT 1030,2.0,,1227.0,PNY,GPU,2025,,,,,,,,,,
msi gaming oc,279.99,,GeForce RTX 5050,8.0,,2317.0,MSI,GPU,2025,,,,,,,,,,
gigabyte windforce,299.0,,Radeon R9 270X,2.0,,1000.0,Gigabyte,GPU,2025,,,,,,,,,,
asus dual oc,998.0,,GeForce RTX 2080 Ti,11.0,,1350.0,Asus,GPU,2025,,,,,,,,,,
evga black,825.0,,GeForce RTX 2080,8.0,,1515.0,EVGA,GPU,2025,,,,,,,,,,
asus turbo evo,635.0,,GeForce RTX 2060 SUPER,8.0,,1500.0,Asus,GPU,2025,,,,,,,,,,
pny vcqk1200dp-pb,138.01,,Quadro K1200,4.0,,1058.0,PNY,GPU,2025,,,,,,,,,,
asus rog strix lc gaming oc,1789.0,,GeForce RTX 3080 Ti,12.0,,1365.0,Asus,GPU,2025,,,,,,,,,,
msi gaming x slim,2522.19,,GeForce RTX 4070,12.0,,1920.0,MSI,GPU,2025,,,,,,,,,,
xfx r9-290x enfc,210.0,,Radeon R9 290X,4.0,,772.0,XFX,GPU,2025,,,,,,,,,,
gigabyte aorus xtreme,1449.0,,GeForce RTX 3080 Ti,12.0,,1365.0,Gigabyte,GPU,2025,,,,,,,,,,
zotac gaming amp extreme airo,1245.0,,GeForce RTX 4070 Ti,12.0,,2310.0,Zotac,GPU,2025,,,,,,,,,,
evga xc3 ultra gaming,1299.0,,GeForce RTX 3080 12GB LHR,12.0,,1260.0,EVGA,GPU,2025,,,,,,,,,,
asus gtx950-2g,255.0,,GeForce GTX 950 75W,2.0,,1026.0,Asus,GPU,2025,,,,,,,,,,
gigabyte eagle oc rev 2.0,735.0,,GeForce RTX 3070 LHR,8.0,,1500.0,Gigabyte,GPU,2025,,,,,,,,,,
evga acx 3.0,498.0,,GeForce GTX 1080,8.0,,1607.0,EVGA,GPU,2025,,,,,,,,,,
evga xc black gaming,365.0,,GeForce GTX 1660,6.0,,1530.0,EVGA,GPU,2025,,,,,,,,,,
msi duke,659.0,,GeForce RTX 2070,8.0,,1410.0,MSI,GPU,2025,,,,,,,,,,
zotac amp extreme,659.0,,GeForce RTX 2070,8.0,,1410.0,Zotac,GPU,2025,,,,,,,,,,
evga founders edition,525.0,,GeForce GTX 1080,8.0,,1607.0,EVGA,GPU,2025,,,,,,,,,,
pny vcqk2200-pb,133.17,,Quadro K2200,4.0,,1046.0,PNY,GPU,2025,,,,,,,,,,
asus tuf gaming oc,413.77,,Radeon RX 6500 XT,4.0,,2310.0,Asus,GPU,2025,,,,,,,,,,
evga xc3 ultra hybrid gaming,1359.0,,GeForce RTX 3080 12GB LHR,12.0,,1260.0,EVGA,GPU,2025,,,,,,,,,,
msi gaming x trio,559.0,,GeForce GTX 1080 Ti,11.0,,1569.0,MSI,GPU,2025,,,,,,,,,,
evga 06g-p4-3790-kr,499.0,,GeForce GTX Titan Black,6.0,,889.0,EVGA,GPU,2025,,,,,,,,,,
gigabyte mini itx oc,459.0,,GeForce GTX 1070,8.0,,1531.0,Gigabyte,GPU,2025,,,,,,,,,,
pny xlr8 gaming overclocked edition,369.0,,GeForce GTX 1660,6.0,,1530.0,PNY,GPU,2025,,,,,,,,,,
asus tuf gaming,558.72,,GeForce RTX 5060,8.0,,2280.0,Asus,GPU,2025,,,,,,,,,,
asus eah6450 silent/di/512md3(lp),82.96,,Radeon HD 6450,0.5,,625.0,Asus,GPU,2025,,,,,,,,,,
asus r7240-2gd3-l,124.74,,Radeon R7 240,2.0,,730.0,Asus,GPU,2025,,,,,,,,,,
msi geforce gtx 1060 6g ocv1,395.0,,GeForce GTX 1060 6GB,6.0,,1544.0,MSI,GPU,2025,,,,,,,,,,
gigabyte windforce,759.0,,GeForce RTX 2080,8.0,,1710.0,Gigabyte,GPU,2025,,,,,,,,,,
msi d3 lp,69.99,,GeForce GT 710,2.0,,954.0,MSI,GPU,2025,,,,,,,,,,
pny vcggt620xpb,68.59,,GeForce GT 620,1.0,,700.0,PNY,GPU,2025,,,,,,,,,,
pny t-series,299.0,,T600,4.0,,735.0,PNY,GPU,2025,,,,,,,,,,
evga 01g-p3-1561-kr,701.12,,GeForce GTX 560 Ti,1.0,,850.0,EVGA,GPU,2025,,,,,,,,,,
asus strix gaming advanced,979.0,,GeForce RTX 2080 Ti,11.0,,1350.0,Asus,GPU,2025,,,,,,,,,,
evga superclocked,255.0,,GeForce GTX 960,2.0,,1216.0,EVGA,GPU,2025,,,,,,,,,,
inno3d x3 oc,834.51,,GeForce RTX 3070 Ti,8.0,,1575.0,Inno3D,GPU,2025,,,,,,,,,,
visiontek 900614,189.99,,Radeon HD 7750,2.0,,,VisionTek,GPU,2025,,,,,,,,,,
nvidia star wars jedi order,999.0,,Titan Xp,12.0,,1481.0,NVIDIA,GPU,2025,,,,,,,,,,
asrock taichi oc,1049.99,,Radeon RX 7900 XT,20.0,,2000.0,ASRock,GPU,2025,,,,,,,,,,
pny vcq4000-pb,133.69,,Quadro 4000,2.0,,,PNY,GPU,2025,,,,,,,,,,
evga gaming,549.0,,GeForce GTX 1070 Ti,8.0,,1607.0,EVGA,GPU,2025,,,,,,,,,,
asus turbo,548.97,,GeForce RTX 2060,6.0,,1365.0,Asus,GPU,2025,,,,,,,,,,
asus ko gaming oc v2,740.0,,GeForce RTX 3070 LHR,8.0,,1500.0,Asus,GPU,2025,,,,,,,,,,
asus rog strix gaming oc v2,995.0,,GeForce RTX 3070 LHR,8.0,,1500.0,Asus,GPU,2025,,,,,,,,,,
evga gaming,499.0,,GeForce GTX 1070,8.0,,1506.0,EVGA,GPU,2025,,,,,,,,,,
asus phoenix evo,326.95,,Radeon RX 550 - 512,4.0,,1100.0,Asus,GPU,2025,,,,,,,,,,
pny vcggtx10606pb,399.0,,GeForce GTX 1060 6GB,6.0,,1506.0,PNY,GPU,2025,,,,,,,,,,
msi air boost oc,399.99,,Radeon RX VEGA 56,8.0,,1181.0,MSI,GPU,2025,,,,,,,,,,
yeston sakura atlantis,879.9,,Radeon RX 9070 XT,16.0,,2400.0,Yeston,GPU,2025,,,,,,,,,,
evga ftw3 gaming,998.0,,GeForce RTX 2080 Ti,11.0,,1350.0,EVGA,GPU,2025,,,,,,,,,,
lenovo 4x61j52234,178.86,,T400 4GB,4.0,,420.0,Lenovo,GPU,2025,,,,,,,,,,
asus ko oc v2,695.0,,GeForce RTX 3060 12GB,12.0,,1320.0,Asus,GPU,2025,,,,,,,,,,
evga 01g-p3-2710-kr,103.99,,GeForce GT 710,1.0,,954.0,EVGA,GPU,2025,,,,,,,,,,
asrock challenger pro oc,998.18,,Radeon RX 6800,16.0,,1700.0,ASRock,GPU,2025,,,,,,,,,,
gigabyte aorus master rev 2.0,1369.0,,GeForce RTX 3080 10GB LHR,10.0,,1440.0,Gigabyte,GPU,2025,,,,,,,,,,
msi radeon rx 6600 xt mech 2x 8g ocv1,1210.0,,Radeon RX 6600 XT,8.0,,1968.0,MSI,GPU,2025,,,,,,,,,,
powercolor red devil oc,1819.67,,Radeon RX 6650 XT,8.0,,2055.0,PowerColor,GPU,2025,,,,,,,,,,
evga ko gaming,1450.0,,GeForce RTX 2080 SUPER,8.0,,1650.0,EVGA,GPU,2025,,,,,,,,,,
xfx speedster qick 319 black,1094.99,,Radeon RX 6800,16.0,,1850.0,XFX,GPU,2025,,,,,,,,,,
pny vcqk4000-pb,139.0,,Quadro K4000,3.0,,810.0,PNY,GPU,2025,,,,,,,,,,
palit stormx,1289.0,,GeForce RTX 2060,6.0,,1365.0,Palit,GPU,2025,,,,,,,,,,
msi duke oc,499.0,,GeForce GTX 1080,8.0,,1708.0,MSI,GPU,2025,,,,,,,,,,
zotac gaming amp extreme holo,1799.99,,GeForce RTX 3090,24.0,,1395.0,Zotac,GPU,2025,,,,,,,,,,
pny vcg84512d3sppb,126.02,,GeForce 8400 GS,0.5,,520.0,PNY,GPU,2025,,,,,,,,,,
pny vcg50608dfxpb1,368.99,,GeForce RTX 5060,8.0,,2280.0,PNY,GPU,2025,,,,,,,,,,
evga 06g-p4-4990-kr,599.99,,GeForce GTX 980 Ti,6.0,,1000.0,EVGA,GPU,2025,,,,,,,,,,
msi geforce rtx 3070 suprim x 8g lhr,735.0,,GeForce RTX 3070 LHR,8.0,,1500.0,MSI,GPU,2025,,,,,,,,,,
evga 02g-p4-6333-kr,272.33,,GeForce GT 1030,2.0,,1290.0,EVGA,GPU,2025,,,,,,,,,,
pny xlr8 gaming overclocked edition,1929.99,,GeForce RTX 2080 Ti,11.0,,1350.0,PNY,GPU,2025,,,,,,,,,,
evga sc2 gaming icx,498.0,,GeForce GTX 1080,8.0,,1708.0,EVGA,GPU,2025,,,,,,,,,,
pny blower,575.0,,GeForce RTX 2060 SUPER,8.0,,1470.0,PNY,GPU,2025,,,,,,,,,,
gigabyte eagle oc,1565.0,,GeForce RTX 3090,24.0,,1395.0,Gigabyte,GPU,2025,,,,,,,,,,
gigabyte gv-n460oc-1gi v3,154.87,,GeForce GTX 460,1.0,,788.0,Gigabyte,GPU,2025,,,,,,,,,,
gigabyte windforce 2x,785.0,,GeForce RTX 2070,8.0,,1410.0,Gigabyte,GPU,2025,,,,,,,,,,
pny vcqk2000-pb,129.96,,Quadro K2000,2.0,,,PNY,GPU,2025,,,,,,,,,,
powercolor red dragon,479.0,,Radeon RX VEGA 56,8.0,,1177.0,PowerColor,GPU,2025,,,,,,,,,,
evga sc2 gaming icx,426.0,,GeForce GTX 1070,8.0,,1594.0,EVGA,GPU,2025,,,,,,,,,,
msi ventus 3x oc lhr,998.0,,GeForce RTX 3080 10GB LHR,10.0,,1440.0,MSI,GPU,2025,,,,,,,,,,
xfx pvt98gyaf3,181.98,,GeForce 9800 GT,0.5,,550.0,XFX,GPU,2025,,,,,,,,,,
msi armor oc,399.0,,GeForce GTX 1060 6GB,6.0,,1506.0,MSI,GPU,2025,,,,,,,,,,
zotac amp extreme holo,1999.99,,GeForce RTX 3080 Ti,12.0,,1365.0,Zotac,GPU,2025,,,,,,,,,,
visiontek 900574,147.99,,Radeon HD 7750,1.0,,,VisionTek,GPU,2025,,,,,,,,,,
visiontek 901507,189.99,,Radeon RX 550 - 512,4.0,,1100.0,VisionTek,GPU,2025,,,,,,,,,,
gigabyte gaming oc,469.0,,Radeon RX 5500 XT,4.0,,1685.0,Gigabyte,GPU,2025,,,,,,,,,,
evga 04g-p4-1970-kr,359.0,,GeForce GTX 970,4.0,,1050.0,EVGA,GPU,2025,,,,,,,,,,
gigabyte gv-r545-1gi,89.99,,Radeon HD 5450,1.0,,650.0,Gigabyte,GPU,2025,,,,,,,,,,
msi lp,126.12,,Radeon R7 240,2.0,,600.0,MSI,GPU,2025,,,,,,,,,,
xfx pvt95gzafg,161.98,,GeForce 9500 GT,1.0,,550.0,XFX,GPU,2025,,,,,,,,,,
evga xc gaming,399.99,,GeForce GTX 1660,6.0,,1530.0,EVGA,GPU,2025,,,,,,,,,,
asus gtxtitan-6gd5,595.0,,GeForce GTX Titan,6.0,,836.0,Asus,GPU,2025,,,,,,,,,,
gigabyte turbo,849.0,,GeForce RTX 2080 SUPER,8.0,,1650.0,Gigabyte,GPU,2025,,,,,,,,,,
evga ftw2 gaming icx,499.0,,GeForce GTX 1070,8.0,,1607.0,EVGA,GPU,2025,,,,,,,,,,
zotac gaming amp holo,1085.0,,GeForce RTX 3080 10GB LHR,10.0,,1440.0,Zotac,GPU,2025,,,,,,,,,,
evga ssc acx 2.0,299.99,,GeForce GTX 950,2.0,,1190.0,EVGA,GPU,2025,,,,,,,,,,
evga ftw gaming,389.0,,GeForce GTX 1060 6GB,6.0,,1620.0,EVGA,GPU,2025,,,,,,,,,,
evga ssc gaming,349.0,,GeForce GTX 1060 3GB,3.0,,1607.0,EVGA,GPU,2025,,,,,,,,,,
pny founders edition,695.0,,GeForce GTX 1080 Ti,11.0,,1480.0,PNY,GPU,2025,,,,,,,,,,
xfx pv-t95g-znf2,119.99,,GeForce 9500 GT,1.0,,550.0,XFX,GPU,2025,,,,,,,,,,
amd firepro w4100,149.96,,FirePro W4100,2.0,,630.0,AMD,GPU,2025,,,,,,,,,,
evga 01g-p1-n948-lr,181.98,,GeForce 9400 GT,1.0,,,EVGA,GPU,2025,,,,,,,,,,
evga 02g-p4-2645-kr,199.99,,GeForce GT 640,2.0,,901.0,EVGA,GPU,2025,,,,,,,,,,
hp c2j94at,136.99,,Quadro K4000,3.0,,810.0,HP,GPU,2025,,,,,,,,,,
evga ftw acx 2.0+,265.0,,GeForce GTX 960,2.0,,1304.0,EVGA,GPU,2025,,,,,,,,,,
xfx black edition,499.0,,Radeon RX 570,8.0,,1168.0,XFX,GPU,2025,,,,,,,,,,
evga xc hybrid gaming,1899.21,,GeForce RTX 2080 Ti,11.0,,1350.0,EVGA,GPU,2025,,,,,,,,,,
amd 100-505956,499.0,,Radeon Pro WX 8200,8.0,,1200.0,AMD,GPU,2025,,,,,,,,,,
evga 01g-p3-2711-kr,129.9,,GeForce GT 710,1.0,,954.0,EVGA,GPU,2025,,,,,,,,,,
pny vcggtx9804xpb-cg,248.45,,GeForce GTX 980,4.0,,1126.0,PNY,GPU,2025,,,,,,,,,,
xfx rx-vegmlbfx6,449.0,,Radeon RX VEGA 56,8.0,,1156.0,XFX,GPU,2025,,,,,,,,,,
evga 12g-p4-3990-kr,899.0,,GeForce GTX Titan Z,12.0,,705.0,EVGA,GPU,2025,,,,,,,,,,
pny vcqm5000-pb,370.0,,Quadro M5000,8.0,,861.0,PNY,GPU,2025,,,,,,,,,,
evga 02g-p4-2663-kr,299.0,,GeForce GTX 660,2.0,,1072.0,EVGA,GPU,2025,,,,,,,,,,
asus 710-1-sl,203.0,,GeForce GT 710,1.0,,954.0,Asus,GPU,2025,,,,,,,,,,
evga gaming,369.0,,GeForce GTX 1060 6GB,6.0,,1506.0,EVGA,GPU,2025,,,,,,,,,,
asus dual,700.0,,GeForce RTX 2060,6.0,,1365.0,Asus,GPU,2025,,,,,,,,,,
visiontek 900270,76.26,,Radeon HD 4350,0.5,,575.0,VisionTek,GPU,2025,,,,,,,,,,
evga 02g-p3-2717-kr,119.99,,GeForce GT 710,2.0,,954.0,EVGA,GPU,2025,,,,,,,,,,
pny vcq450nvs-x16-pb,108.99,,Quadro NVS 450,0.5,,,PNY,GPU,2025,,,,,,,,,,
amd firepro v7900 sdi,224.06,,FirePro V7900 SDI,2.0,,725.0,AMD,GPU,2025,,,,,,,,,,
pny vcq410-pb,76.0,,Quadro 410,0.5,,706.0,PNY,GPU,2025,,,,,,,,,,
asus strix gaming advanced,685.0,,GeForce RTX 2070,8.0,,1410.0,Asus,GPU,2025,,,,,,,,,,
evga ftw3 ultra gaming,735.0,,GeForce RTX 2080,8.0,,1515.0,EVGA,GPU,2025,,,,,,,,,,
ati firepro rg220a,120.0,,FirePro RG220A,0.5,,800.0,ATI,GPU,2025,,,,,,,,,,
pny xlr8,549.0,,GeForce GTX 1080,8.0,,1708.0,PNY,GPU,2025,,,,,,,,,,
msi suprim x,1145.0,,GeForce RTX 3080 10GB LHR,10.0,,1440.0,MSI,GPU,2025,,,,,,,,,,
gigabyte gv-n295-18i-b,527.36,,GeForce GTX 295,1.75,,,Gigabyte,GPU,2025,,,,,,,,,,
ati firepro 2450 multi-view,109.95,,FirePro 2450,0.5,,600.0,ATI,GPU,2025,,,,,,,,,,
gigabyte gv-r57xt-8gd-b,630.0,,Radeon RX 5700 XT,8.0,,1605.0,Gigabyte,GPU,2025,,,,,,,,,,
evga 02g-p4-3660-kr,379.0,,GeForce GTX 660 Ti,2.0,,915.0,EVGA,GPU,2025,,,,,,,,,,
gigabyte radeon rx vega 56 8g,479.0,,Radeon RX VEGA 56,8.0,,1156.0,Gigabyte,GPU,2025,,,,,,,,,,
visiontek radeon hd 7790 1gb,142.85,,Radeon HD 7790,1.0,,1000.0,VisionTek,GPU,2025,,,,,,,,,,
asus phoenix evo oc,325.0,,GeForce GTX 1650 G6,4.0,,1410.0,Asus,GPU,2025,,,,,,,,,,
evga 01g-p3-1526-kr,79.0,,GeForce GT 520,1.0,,810.0,EVGA,GPU,2025,,,,,,,,,,
pny vcq450nvs-x16-dvi-pb,134.96,,Quadro NVS 450,0.5,,550.0,PNY,GPU,2025,,,,,,,,,,
gigabyte gaming,399.0,,GeForce GTX 1060 6GB,6.0,,1506.0,Gigabyte,GPU,2025,,,,,,,,,,
pny t-series,172.0,,T400 2GB,2.0,,420.0,PNY,GPU,2025,,,,,,,,,,
msi d3h lp,89.0,,GeForce GT 710,1.0,,954.0,MSI,GPU,2025,,,,,,,,,,
gigabyte gv-r929d5-4gd-b,299.0,,Radeon R9 290,4.0,,947.0,Gigabyte,GPU,2025,,,,,,,,,,
evga 01g-p3-3736-kr,169.0,,GeForce GT 730,1.0,,700.0,EVGA,GPU,2025,,,,,,,,,,
pny vcqk5000-pb,169.95,,Quadro K5000,4.0,,706.0,PNY,GPU,2025,,,,,,,,,,
pny vcggtx1070t8pb-cg,459.0,,GeForce GTX 1070 Ti,8.0,,1607.0,PNY,GPU,2025,,,,,,,,,,
evga 01g-p3-1303-kr,99.0,,GeForce 8400 GS,1.0,,520.0,EVGA,GPU,2025,,,,,,,,,,
evga superclocked,259.0,,GeForce GT 740,2.0,,1085.0,EVGA,GPU,2025,,,,,,,,,,
evga acx 2.0+,359.0,,GeForce GTX 970,4.0,,1050.0,EVGA,GPU,2025,,,,,,,,,,
asus founders edition,498.0,,GeForce GTX 1080,8.0,,1607.0,Asus,GPU,2025,,,,,,,,,,
evga ftw+ gaming,335.0,,GeForce GTX 1060 3GB,3.0,,1632.0,EVGA,GPU,2025,,,,,,,,,,
pny vcnvs810dvi-pb,645.0,,NVS 810,4.0,,1020.0,PNY,GPU,2025,,,,,,,,,,
hp 5z7d8at,499.0,,T1000 8GB,8.0,,1065.0,HP,GPU,2025,,,,,,,,,,
evga 768-p3-1360-rx,447.0,,GeForce GTX 460,0.75,,675.0,EVGA,GPU,2025,,,,,,,,,,
asus engtx570 dcii/2dis/1280md5,398.0,,GeForce GTX 570,1.25,,742.0,Asus,GPU,2025,,,,,,,,,,
pny vcqk2000d-pb,168.75,,Quadro K2000D,2.0,,,PNY,GPU,2025,,,,,,,,,,
amd firepro w9000,344.96,,FirePro W9000,6.0,,975.0,AMD,GPU,2025,,,,,,,,,,
msi sea hawk x,795.0,,GeForce RTX 2080,8.0,,1515.0,MSI,GPU,2025,,,,,,,,,,
msi r5670-pd512,80.08,,Radeon HD 5670,0.5,,775.0,MSI,GPU,2025,,,,,,,,,,
evga 01g-p3-1377-tr,228.18,,GeForce GTX 460,1.0,,850.0,EVGA,GPU,2025,,,,,,,,,,
gigabyte gv-r785oc-1gd,174.99,,Radeon HD 7850,1.0,,900.0,Gigabyte,GPU,2025,,,,,,,,,,
pny vcqk420-pb,129.89,,Quadro K420,1.0,,876.0,PNY,GPU,2025,,,,,,,,,,
powercolor red devil,599.0,,Radeon RX VEGA 56,8.0,,1308.0,PowerColor,GPU,2025,,,,,,,,,,
asus engts250/di/512md3/ww,118.11,,GeForce GTS 250,0.5,,675.0,Asus,GPU,2025,,,,,,,,,,
ati firepro w5000,149.96,,FirePro W5000,2.0,,825.0,ATI,GPU,2025,,,,,,,,,,
evga ftw acx 2.0,369.0,,GeForce GTX 980,4.0,,1279.0,EVGA,GPU,2025,,,,,,,,,,
ati firepro v7900 sdi,202.0,,FirePro V7900 SDI,2.0,,725.0,ATI,GPU,2025,,,,,,,,,,
evga classified acx 2.0,399.0,,GeForce GTX 980,4.0,,1291.0,EVGA,GPU,2025,,,,,,,,,,
xfx rx-vegmtsfx6,699.0,,Radeon RX VEGA 64,8.0,,1247.0,XFX,GPU,2025,,,,,,,,,,
evga 02g-p4-3662-kr,379.0,,GeForce GTX 660 Ti,2.0,,967.0,EVGA,GPU,2025,,,,,,,,,,
ati firepro w7000,199.0,,FirePro W7000,4.0,,950.0,ATI,GPU,2025,,,,,,,,,,
asus 90yv0810-u0na00,799.0,,GeForce GTX Titan X,12.0,,1000.0,Asus,GPU,2025,,,,,,,,,,
evga ssc gaming,383.0,,GeForce GTX 1060 6GB,6.0,,1607.0,EVGA,GPU,2025,,,,,,,,,,
lenovo 4x61j52233,542.79,,T1000 8GB,8.0,,1065.0,Lenovo,GPU,2025,,,,,,,,,,
pny vcq6000-pb,349.77,,Quadro 6000,6.0,,,PNY,GPU,2025,,,,,,,,,,
pny vcqk1200dvi-pb,137.42,,Quadro K1200,4.0,,1058.0,PNY,GPU,2025,,,,,,,,,,
msi ventus 3x oc,998.0,,GeForce RTX 3080 10GB LHR,10.0,,1440.0,MSI,GPU,2025,,,,,,,,,,
xfx hd-467x-zdf2,119.99,,Radeon HD 4670,1.0,,750.0,XFX,GPU,2025,,,,,,,,,,
asus gt730-sl-1gd3-brk,143.26,,GeForce GT 730,1.0,,902.0,Asus,GPU,2025,,,,,,,,,,
gigabyte gv-n275ud-896i,253.59,,GeForce GTX 275,0.875,,,Gigabyte,GPU,2025,,,,,,,,,,
gigabyte windforce 2x,299.0,,Radeon R7 370,2.0,,975.0,Gigabyte,GPU,2025,,,,,,,,,,
bfg bfge94512gte,129.99,,GeForce 9400 GT,0.5,,,BFG,GPU,2025,,,,,,,,,,
gigabyte gv-n970ttoc-4gd,379.0,,GeForce GTX 970,4.0,,1101.0,Gigabyte,GPU,2025,,,,,,,,,,
hp j3g92at,158.96,,FirePro W5100,4.0,,930.0,HP,GPU,2025,,,,,,,,,,
pny vcq5000-pb,184.96,,Quadro 5000,2.5,,,PNY,GPU,2025,,,,,,,,,,
hp c2j93aa,129.96,,Quadro K2000,2.0,,,HP,GPU,2025,,,,,,,,,,
ati firepro 2270,129.75,,FirePro 2270,1.0,,600.0,ATI,GPU,2025,,,,,,,,,,
gigabyte gv-n250oc-1gi,169.79,,GeForce GTS 250,1.0,,,Gigabyte,GPU,2025,,,,,,,,,,
msi twin frozr ii,329.42,,Radeon HD 5850,1.0,,725.0,MSI,GPU,2025,,,,,,,,,,
hp c2j93at,129.96,,Quadro K2000,2.0,,954.0,HP,GPU,2025,,,,,,,,,,
ati firepro w600,234.96,,FirePro W600,2.0,,600.0,ATI,GPU,2025,,,,,,,,,,
asus engtx460/2di/768md5,224.95,,GeForce GTX 460,0.75,,,Asus,GPU,2025,,,,,,,,,,
evga 01g-p3-2722-kr,460.08,,GeForce GT 720,1.0,,797.0,EVGA,GPU,2025,,,,,,,,,,
evga 04g-p4-1976-kr,399.0,,GeForce GTX 970,4.0,,1140.0,EVGA,GPU,2025,,,,,,,,,,
gigabyte xtreme,459.0,,GeForce GTX 1070,8.0,,1670.0,Gigabyte,GPU,2025,,,,,,,,,,
asus eah5550/di/1gd3(lp),90.17,,Radeon HD 5550,1.0,,550.0,Asus,GPU,2025,,,,,,,,,,
asus eah6870/2di2s/1gd5,267.73,,Radeon HD 6870,1.0,,913.0,Asus,GPU,2025,,,,,,,,,,
asus ares/2dis/4gd5,1092.21,,Radeon HD 5870 X2,4.0,,850.0,Asus,GPU,2025,,,,,,,,,,
msi r5450-md1gh/d2,78.34,,Radeon HD 5450,1.0,,650.0,MSI,GPU,2025,,,,,,,,,,
msi n465gtx-m2d1g,274.64,,GeForce GTX 465,1.0,,607.0,MSI,GPU,2025,,,,,,,,,,
xfx fx-795a-tdjc,358.26,,Radeon HD 7950,3.0,,800.0,XFX,GPU,2025,,,,,,,,,,
evga 02g-p3-2738-kr,189.0,,GeForce GT 730,2.0,,700.0,EVGA,GPU,2025,,,,,,,,,,
evga superclocked,369.0,,GeForce GTX 980,4.0,,1241.0,EVGA,GPU,2025,,,,,,,,,,
pny vcqk5000mac-pb,588.02,,Quadro K5000,4.0,,706.0,PNY,GPU,2025,,,,,,,,,,
msi r5750-md1g,117.84,,Radeon HD 5750,1.0,,700.0,MSI,GPU,2025,,,,,,,,,,
galaxy 68nph6dv5zgx,738.0,,GeForce GTX 680,2.0,,1006.0,Galaxy,GPU,2025,,,,,,,,,,
ati firepro w5000,149.96,,FirePro W5000,2.0,,825.0,ATI,GPU,2025,,,,,,,,,,
xfx pvt95gyar2,119.99,,GeForce 9500 GT,0.5,,550.0,XFX,GPU,2025,,,,,,,,,,
msi n570gtx-m2d12d5,387.62,,GeForce GTX 570,1.25,,732.0,MSI,GPU,2025,,,,,,,,,,
msi r6850-pm2d1gd5/oc,206.7,,Radeon HD 6850,1.0,,820.0,MSI,GPU,2025,,,,,,,,,,
pny vcq4000mac-pb,221.01,,Quadro 4000,2.0,,,PNY,GPU,2025,,,,,,,,,,
gigabyte windforce 2x,243.89,,Radeon R9 285,2.0,,973.0,Gigabyte,GPU,2025,,,,,,,,,,
ati firepro w8000,199.96,,FirePro W8000,4.0,,900.0,ATI,GPU,2025,,,,,,,,,,
asus r7265-dc2-2gd5,159.72,,Radeon R7 265,2.0,,900.0,Asus,GPU,2025,,,,,,,,,,
xfx hd-545x-zaf2,69.98,,Radeon HD 5450,1.0,,650.0,XFX,GPU,2025,,,,,,,,,,
asus r9290-4gd5,448.14,,Radeon R9 290,4.0,,947.0,Asus,GPU,2025,,,,,,,,,,
lenovo 0b47392,129.96,,Quadro K2000,2.0,,954.0,Lenovo,GPU,2025,,,,,,,,,,
asus eah5850 directcu top/2dis/1gd5,252.4,,Radeon HD 5850,1.0,,765.0,Asus,GPU,2025,,,,,,,,,,
evga 012-p3-1578-ar,288.74,,GeForce GTX 570,1.25,,822.0,EVGA,GPU,2025,,,,,,,,,,
powercolor turboduo,497.99,,Radeon R9 280X,3.0,,850.0,PowerColor,GPU,2025,,,,,,,,,,
ati firepro v8750,1267.77,,FirePro V8750,2.0,,750.0,ATI,GPU,2025,,,,,,,,,,
amd ryzen 7 9800x3d,451.5,,,,120,,AMD,CPU,2025,8.0,Zen 5,,,,,,,,
amd ryzen 7 7800x3d,340.05,,,,120,,AMD,CPU,2025,8.0,Zen 4,,,,,,,,
amd ryzen 5 7600x,170.49,,,,105,,AMD,CPU,2025,6.0,Zen 4,,,,,,,,
amd ryzen 5 9600x,204.99,,,,65,,AMD,CPU,2025,6.0,Zen 5,,,,,,,,
amd ryzen 7 7700x,242.98,,,,105,,AMD,CPU,2025,8.0,Zen 4,,,,,,,,
amd ryzen 9 9950x3d,649.99,,,,170,,AMD,CPU,2025,16.0,Zen 5,,,,,,,,
amd ryzen 5 5500,74.22,,,,65,,AMD,CPU,2025,6.0,Zen 3,,,,,,,,
amd ryzen 7 9700x,305.89,,,,65,,AMD,CPU,2025,8.0,Zen 5,,,,,,,,
amd ryzen 5 5600x,158.99,,,,65,,AMD,CPU,2025,6.0,Zen 3,,,,,,,,
amd ryzen 5 5600,125.61,,,,65,,AMD,CPU,2025,6.0,Zen 3,,,,,,,,
amd ryzen 7 5800x,179.95,,,,105,,AMD,CPU,2025,8.0,Zen 3,,,,,,,,
intel core i7-14700k,297.17,,,,125,,Intel,CPU,2025,20.0,Raptor Lake Refresh,,,,,,,,
intel core i9-14900k,439.0,,,,125,,Intel,CPU,2025,24.0,Raptor Lake Refresh,,,,,,,,
intel core i5-12400f,108.99,,,,65,,Intel,CPU,2025,6.0,Alder Lake,,,,,,,,
amd ryzen 5 3600,79.75,,,,65,,AMD,CPU,2025,6.0,Zen 2,,,,,,,,
amd ryzen 5 7600,196.97,,,,65,,AMD,CPU,2025,6.0,Zen 4,,,,,,,,
amd ryzen 7 5700x,154.99,,,,65,,AMD,CPU,2025,8.0,Zen 3,,,,,,,,
amd ryzen 9 7900x,314.11,,,,170,,AMD,CPU,2025,12.0,Zen 4,,,,,,,,
amd ryzen 9 9900x,359.0,,,,120,,AMD,CPU,2025,12.0,Zen 5,,,,,,,,
intel core i5-14600k,189.99,,,,125,,Intel,CPU,2025,14.0,Raptor Lake Refresh,,,,,,,,
intel core ultra 7 265k,269.99,,,,125,,Intel,CPU,2025,20.0,Arrow Lake,,,,,,,,
amd ryzen 7 5700x3d,313.3,,,,105,,AMD,CPU,2025,8.0,Zen 3,,,,,,,,
intel core i5-14400f,125.99,,,,65,,Intel,CPU,2025,10.0,Raptor Lake Refresh,,,,,,,,
amd ryzen 9 9950x,533.83,,,,170,,AMD,CPU,2025,16.0,Zen 5,,,,,,,,
amd ryzen 7 5800xt,140.0,,,,105,,AMD,CPU,2025,8.0,Zen 3,,,,,,,,
intel core ultra 9 285k,559.99,,,,125,,Intel,CPU,2025,24.0,Arrow Lake,,,,,,,,
intel core i7-12700k,214.15,,,,125,,Intel,CPU,2025,12.0,Alder Lake,,,,,,,,
amd ryzen 5 7600x3d,433.5,,,,65,,AMD,CPU,2025,6.0,Zen 4,,,,,,,,
amd ryzen 5 5600g,134.99,,,,65,,AMD,CPU,2025,6.0,Zen 3,,,,,,,,
amd ryzen 7 7700,293.97,,,,65,,AMD,CPU,2025,8.0,Zen 4,,,,,,,,
intel core i5-13400f,151.47,,,,65,,Intel,CPU,2025,10.0,Raptor Lake,,,,,,,,
intel core i7-12700kf,174.99,,,,125,,Intel,CPU,2025,12.0,Alder Lake,,,,,,,,
amd ryzen 9 5900x,254.99,,,,105,,AMD,CPU,2025,12.0,Zen 3,,,,,,,,
amd ryzen 7 3700x,142.94,,,,65,,AMD,CPU,2025,8.0,Zen 2,,,,,,,,
intel core i5-12600kf,129.99,,,,125,,Intel,CPU,2025,10.0,Alder Lake,,,,,,,,
amd ryzen 5 8400f,137.57,,,,65,,AMD,CPU,2025,6.0,Zen 4,,,,,,,,
amd ryzen 5 8500g,152.5,,,,65,,AMD,CPU,2025,6.0,Zen 4,,,,,,,,
amd threadripper 3990x,2699.99,,,,280,,AMD,CPU,2025,64.0,Zen 2,,,,,,,,
intel core i5-12600k,148.19,,,,125,,Intel,CPU,2025,10.0,Alder Lake,,,,,,,,
amd ryzen 7 5700g,174.97,,,,65,,AMD,CPU,2025,8.0,Zen 3,,,,,,,,
amd ryzen 9 5950x,274.99,,,,105,,AMD,CPU,2025,16.0,Zen 3,,,,,,,,
amd ryzen 7 5800x3d,704.86,,,,105,,AMD,CPU,2025,8.0,Zen 3,,,,,,,,
intel core i3-12100f,79.45,,,,58,,Intel,CPU,2025,4.0,Alder Lake,,,,,,,,
amd ryzen 9 7950x,449.96,,,,170,,AMD,CPU,2025,16.0,Zen 4,,,,,,,,
intel core i5-14600kf,197.98,,,,125,,Intel,CPU,2025,14.0,Raptor Lake Refresh,,,,,,,,
amd ryzen 5 4500,78.38,,,,65,,AMD,CPU,2025,6.0,Zen 2,,,,,,,,
amd ryzen 5 8600g,224.83,,,,65,,AMD,CPU,2025,6.0,Zen 4,,,,,,,,
amd ryzen 7 5700,134.96,,,,65,,AMD,CPU,2025,8.0,Zen 3,,,,,,,,
intel core i7-14700kf,313.95,,,,125,,Intel,CPU,2025,20.0,Raptor Lake Refresh,,,,,,,,
intel core i9-12900k,285.99,,,,125,,Intel,CPU,2025,16.0,Alder Lake,,,,,,,,
intel core ultra 7 265kf,277.44,,,,125,,Intel,CPU,2025,20.0,Arrow Lake,,,,,,,,
amd ryzen 9 9900x3d,539.98,,,,120,,AMD,CPU,2025,12.0,Zen 5,,,,,,,,
amd ryzen 9 7950x3d,769.27,,,,120,,AMD,CPU,2025,16.0,Zen 4,,,,,,,,
amd ryzen 7 8700g,279.0,,,,65,,AMD,CPU,2025,8.0,Zen 4,,,,,,,,
intel core i9-14900kf,419.97,,,,125,,Intel,CPU,2025,24.0,Raptor Lake Refresh,,,,,,,,
intel core i7-13700k,390.33,,,,125,,Intel,CPU,2025,16.0,Raptor Lake,,,,,,,,
intel core i5-10400f,137.44,,,,65,,Intel,CPU,2025,6.0,Comet Lake,,,,,,,,
amd ryzen 7 8700f,239.99,,,,65,,AMD,CPU,2025,8.0,Zen 4,,,,,,,,
amd ryzen 5 2600,149.99,,,,65,,AMD,CPU,2025,6.0,Zen+,,,,,,,,
intel core i9-14900ks,639.97,,,,150,,Intel,CPU,2025,24.0,Raptor Lake Refresh,,,,,,,,
amd ryzen 5 5600gt,135.0,,,,65,,AMD,CPU,2025,6.0,Zen 3,,,,,,,,
intel core i5-13600kf,195.9,,,,125,,Intel,CPU,2025,14.0,Raptor Lake,,,,,,,,
amd ryzen 9 5900xt,249.99,,,,105,,AMD,CPU,2025,16.0,Zen 3,,,,,,,,
intel core i7-14700f,294.58,,,,65,,Intel,CPU,2025,20.0,Raptor Lake Refresh,,,,,,,,
amd ryzen 9 7900,342.94,,,,65,,AMD,CPU,2025,12.0,Zen 4,,,,,,,,
intel core i7-9700k,239.43,,,,95,,Intel,CPU,2025,8.0,Coffee Lake Refresh,,,,,,,,
intel core i7-8700k,179.0,,,,95,,Intel,CPU,2025,6.0,Coffee Lake,,,,,,,,
amd ryzen 3 3200g,73.45,,,,65,,AMD,CPU,2025,4.0,Zen+,,,,,,,,
amd ryzen 5 3400g,85.08,,,,65,,AMD,CPU,2025,4.0,Zen+,,,,,,,,
intel core i9-13900k,434.0,,,,125,,Intel,CPU,2025,24.0,Raptor Lake,,,,,,,,
intel core i5-12400,143.55,,,,65,,Intel,CPU,2025,6.0,Alder Lake,,,,,,,,
amd ryzen 5 3600x,171.97,,,,95,,AMD,CPU,2025,6.0,Zen 2,,,,,,,,
intel core i9-9900k,399.0,,,,95,,Intel,CPU,2025,8.0,Coffee Lake Refresh,,,,,,,,
amd ryzen 7 2700x,170.99,,,,105,,AMD,CPU,2025,8.0,Zen+,,,,,,,,
intel core i3-14100f,90.05,,,,58,,Intel,CPU,2025,4.0,Raptor Lake Refresh,,,,,,,,
intel core i9-12900kf,265.68,,,,125,,Intel,CPU,2025,16.0,Alder Lake,,,,,,,,
amd ryzen 5 5600xt,144.99,,,,65,,AMD,CPU,2025,6.0,Zen 3,,,,,,,,
intel core i5-13600k,299.99,,,,125,,Intel,CPU,2025,14.0,Raptor Lake,,,,,,,,
intel core i7-7700k,151.69,,,,91,,Intel,CPU,2025,4.0,Kaby Lake,,,,,,,,
amd ryzen 3 4100,75.29,,,,65,,AMD,CPU,2025,4.0,Zen 2,,,,,,,,
intel core ultra 5 245k,259.99,,,,125,,Intel,CPU,2025,14.0,Arrow Lake,,,,,,,,
amd ryzen 3 3100,96.43,,,,65,,AMD,CPU,2025,4.0,Zen 2,,,,,,,,
intel core i5-9400f,93.0,,,,65,,Intel,CPU,2025,6.0,Coffee Lake Refresh,,,,,,,,
intel core i7-13700kf,299.0,,,,125,,Intel,CPU,2025,16.0,Raptor Lake,,,,,,,,
intel core i7-10700k,349.0,,,,125,,Intel,CPU,2025,8.0,Comet Lake,,,,,,,,
intel core i5-14400,175.98,,,,65,,Intel,CPU,2025,10.0,Raptor Lake Refresh,,,,,,,,
amd ryzen 7 7700,393.08,,,,65,,AMD,CPU,2025,8.0,Zen 4,,,,,,,,
intel core i7-6700k,228.96,,,,91,,Intel,CPU,2025,4.0,Skylake,,,,,,,,
amd ryzen 7 7800x3d,431.66,,,,120,,AMD,CPU,2025,8.0,Zen 4,,,,,,,,
intel core i5-11400f,192.0,,,,65,,Intel,CPU,2025,6.0,Rocket Lake,,,,,,,,
amd threadripper 3970x,1714.99,,,,280,,AMD,CPU,2025,32.0,Zen 2,,,,,,,,
amd ryzen 7 3800x,269.8,,,,105,,AMD,CPU,2025,8.0,Zen 2,,,,,,,,
amd ryzen 5 2600x,115.0,,,,95,,AMD,CPU,2025,6.0,Zen+,,,,,,,,
intel core i7-12700f,247.0,,,,65,,Intel,CPU,2025,12.0,Alder Lake,,,,,,,,
intel core i5-9600k,166.0,,,,95,,Intel,CPU,2025,6.0,Coffee Lake Refresh,,,,,,,,
intel core ultra 5 225f,190.83,,,,65,,Intel,CPU,2025,10.0,Arrow Lake,,,,,,,,
intel core i7-11700k,293.99,,,,125,,Intel,CPU,2025,8.0,Rocket Lake,,,,,,,,
intel core i3-12100,113.58,,,,60,,Intel,CPU,2025,4.0,Alder Lake,,,,,,,,
intel core i5-10400,139.99,,,,65,,Intel,CPU,2025,6.0,Comet Lake,,,,,,,,
intel core i7-8700,188.47,,,,65,,Intel,CPU,2025,6.0,Coffee Lake,,,,,,,,
intel core i3-14100,119.95,,,,60,,Intel,CPU,2025,4.0,Raptor Lake Refresh,,,,,,,,
intel core i3-13100f,85.34,,,,58,,Intel,CPU,2025,4.0,Raptor Lake,,,,,,,,
intel pentium e5700,14.99,,,,65,,Intel,CPU,2025,2.0,Wolfdale,,,,,,,,
intel core i9-10900k,548.99,,,,125,,Intel,CPU,2025,10.0,Comet Lake,,,,,,,,
intel core i5-13400,164.05,,,,65,,Intel,CPU,2025,10.0,Raptor Lake,,,,,,,,
intel core i7-7700,102.5,,,,65,,Intel,CPU,2025,4.0,Kaby Lake,,,,,,,,
intel core i7-13700f,255.0,,,,65,,Intel,CPU,2025,16.0,Raptor Lake,,,,,,,,
intel core i5-6500,87.13,,,,65,,Intel,CPU,2025,4.0,Skylake,,,,,,,,
amd ryzen 5 5500gt,141.92,,,,65,,AMD,CPU,2025,6.0,Zen 3,,,,,,,,
intel core i9-13900kf,435.0,,,,125,,Intel,CPU,2025,24.0,Raptor Lake,,,,,,,,
amd ryzen 5 9600,467.55,,,,65,,AMD,CPU,2025,6.0,Zen 5,,,,,,,,
intel core ultra 5 235,264.99,,,,65,,Intel,CPU,2025,14.0,Arrow Lake,,,,,,,,
intel core i5-8400,178.89,,,,65,,Intel,CPU,2025,6.0,Coffee Lake,,,,,,,,
intel core i7-6700,123.0,,,,65,,Intel,CPU,2025,4.0,Skylake,,,,,,,,
intel core ultra 5 225,213.01,,,,65,,Intel,CPU,2025,10.0,Arrow Lake,,,,,,,,
intel core i7-14700,306.55,,,,65,,Intel,CPU,2025,20.0,Raptor Lake Refresh,,,,,,,,
amd ryzen 5 1600 (14nm),115.0,,,,65,,AMD,CPU,2025,6.0,Zen,,,,,,,,
intel core i9-11900k,449.0,,,,125,,Intel,CPU,2025,8.0,Rocket Lake,,,,,,,,
intel core i7-10700f,325.26,,,,65,,Intel,CPU,2025,8.0,Comet Lake,,,,,,,,
intel core i3-10100f,100.0,,,,65,,Intel,CPU,2025,4.0,Comet Lake,,,,,,,,
intel core i7-11700f,229.99,,,,65,,Intel,CPU,2025,8.0,Rocket Lake,,,,,,,,
intel core i5-13500,234.99,,,,65,,Intel,CPU,2025,14.0,Raptor Lake,,,,,,,,
intel pentium e2220,12.99,,,,65,,Intel,CPU,2025,2.0,Core,,,,,,,,
intel core i7-12700,289.97,,,,65,,Intel,CPU,2025,12.0,Alder Lake,,,,,,,,
intel core i5-10600k,174.99,,,,125,,Intel,CPU,2025,6.0,Comet Lake,,,,,,,,
intel core i5-6600k,89.99,,,,91,,Intel,CPU,2025,4.0,Skylake,,,,,,,,
intel core ultra 9 285,579.99,,,,65,,Intel,CPU,2025,24.0,Arrow Lake,,,,,,,,
intel core i7-4770k,99.0,,,,84,,Intel,CPU,2025,4.0,Haswell,,,,,,,,
intel core i7-3770,98.69,,,,77,,Intel,CPU,2025,4.0,Ivy Bridge,,,,,,,,
intel core i7-10700,399.69,,,,65,,Intel,CPU,2025,8.0,Comet Lake,,,,,,,,
amd ryzen 9 3950x,455.95,,,,105,,AMD,CPU,2025,16.0,Zen 2,,,,,,,,
intel core i3-6100,29.99,,,,51,,Intel,CPU,2025,2.0,Skylake,,,,,,,,
amd threadripper 3960x,1267.0,,,,280,,AMD,CPU,2025,24.0,Zen 2,,,,,,,,
amd ryzen 7 2700,161.69,,,,65,,AMD,CPU,2025,8.0,Zen+,,,,,,,,
intel core i5-7500,63.0,,,,65,,Intel,CPU,2025,4.0,Kaby Lake,,,,,,,,
intel core i5-14500,238.09,,,,65,,Intel,CPU,2025,14.0,Raptor Lake Refresh,,,,,,,,
intel core i7-9700,298.68,,,,65,,Intel,CPU,2025,8.0,Coffee Lake Refresh,,,,,,,,
intel core ultra 7 265,374.99,,,,65,,Intel,CPU,2025,20.0,Arrow Lake,,,,,,,,
intel core i5-11400,159.99,,,,65,,Intel,CPU,2025,6.0,Rocket Lake,,,,,,,,
intel core i9-13900ks,429.0,,,,150,,Intel,CPU,2025,24.0,Raptor Lake,,,,,,,,
intel core ultra 7 265f,269.99,,,,65,,Intel,CPU,2025,20.0,Arrow Lake,,,,,,,,
intel core i3-8100,60.78,,,,65,,Intel,CPU,2025,4.0,Coffee Lake,,,,,,,,
intel core i7-4790,149.94,,,,84,,Intel,CPU,2025,4.0,Haswell Refresh,,,,,,,,
intel xeon e5-2699 v4,332.72,,,,145,,Intel,CPU,2025,22.0,Broadwell,,,,,,,,
intel core i5-4690k,54.0,,,,88,,Intel,CPU,2025,4.0,Haswell Refresh,,,,,,,,
intel xeon e5-2680 v4,1975.0,,,,120,,Intel,CPU,2025,14.0,Broadwell,,,,,,,,
intel core i9-12900ks,379.99,,,,150,,Intel,CPU,2025,16.0,Alder Lake,,,,,,,,
amd ryzen 7 1700,165.0,,,,65,,AMD,CPU,2025,8.0,Zen,,,,,,,,
intel core i5-8600k,327.23,,,,95,,Intel,CPU,2025,6.0,Coffee Lake,,,,,,,,
intel core i3-10100,99.99,,,,65,,Intel,CPU,2025,4.0,Comet Lake,,,,,,,,
intel pentium g640,19.0,,,,65,,Intel,CPU,2025,2.0,Sandy Bridge,,,,,,,,
intel core i9-9900kf,329.0,,,,95,,Intel,CPU,2025,8.0,Coffee Lake Refresh,,,,,,,,
intel core i7-9700f,259.0,,,,65,,Intel,CPU,2025,8.0,Coffee Lake Refresh,,,,,,,,
amd epyc 4564p,699.99,,,,170,,AMD,CPU,2025,16.0,Zen 4,,,,,,,,
amd ryzen 5 2400g,115.0,,,,65,,AMD,CPU,2025,4.0,Zen,,,,,,,,
intel core i5-12500,179.92,,,,65,,Intel,CPU,2025,6.0,Alder Lake,,,,,,,,
intel core i3-9100f,75.0,,,,65,,Intel,CPU,2025,4.0,Coffee Lake Refresh,,,,,,,,
intel core i5-8500,170.0,,,,65,,Intel,CPU,2025,6.0,Coffee Lake,,,,,,,,
intel core i5-7500t,55.0,,,,35,,Intel,CPU,2025,4.0,Kaby Lake,,,,,,,,
amd ryzen 5 1600 (12nm),99.0,,,,65,,AMD,CPU,2025,6.0,Zen+,,,,,,,,
amd athlon 3000g (14nm),98.79,,,,35,,AMD,CPU,2025,2.0,Zen,,,,,,,,
intel core i7-10700kf,245.0,,,,125,,Intel,CPU,2025,8.0,Comet Lake,,,,,,,,
intel core i3-10105f,143.53,,,,65,,Intel,CPU,2025,4.0,Comet Lake,,,,,,,,
intel core i5-7600,55.8,,,,65,,Intel,CPU,2025,4.0,Kaby Lake,,,,,,,,
intel core i7-9700kf,395.02,,,,95,,Intel,CPU,2025,8.0,Coffee Lake Refresh,,,,,,,,
intel core i7-4770,177.0,,,,84,,Intel,CPU,2025,4.0,Haswell,,,,,,,,
intel core i5-3470,95.46,,,,77,,Intel,CPU,2025,4.0,Ivy Bridge,,,,,,,,
amd ryzen 5 1600x,99.0,,,,95,,AMD,CPU,2025,6.0,Zen,,,,,,,,
intel core i7-11700kf,354.57,,,,125,,Intel,CPU,2025,8.0,Rocket Lake,,,,,,,,
intel core i3-4150,35.0,,,,54,,Intel,CPU,2025,2.0,Haswell Refresh,,,,,,,,
intel core i7-11700,377.99,,,,65,,Intel,CPU,2025,8.0,Rocket Lake,,,,,,,,
intel core ultra 5 245kf,284.99,,,,125,,Intel,CPU,2025,14.0,Arrow Lake,,,,,,,,
intel core i5-7600k,182.89,,,,91,,Intel,CPU,2025,4.0,Kaby Lake,,,,,,,,
intel core i3-13100,125.25,,,,60,,Intel,CPU,2025,4.0,Raptor Lake,,,,,,,,
intel core i9-11900kf,399.0,,,,125,,Intel,CPU,2025,8.0,Rocket Lake,,,,,,,,
amd ryzen 7 1700x,428.88,,,,95,,AMD,CPU,2025,8.0,Zen,,,,,,,,
intel core i7-13700,319.93,,,,65,,Intel,CPU,2025,16.0,Raptor Lake,,,,,,,,
amd ryzen 3 3300x,110.99,,,,65,,AMD,CPU,2025,4.0,Zen 2,,,,,,,,
intel core i9-14900f,499.0,,,,65,,Intel,CPU,2025,24.0,Raptor Lake Refresh,,,,,,,,
amd ryzen 7 1800x,135.0,,,,95,,AMD,CPU,2025,8.0,Zen,,,,,,,,
amd ryzen 5 3600xt,609.9,,,,95,,AMD,CPU,2025,6.0,Zen 2,,,,,,,,
intel core i5-4570,98.0,,,,84,,Intel,CPU,2025,4.0,Haswell,,,,,,,,
intel core i5-11600kf,169.89,,,,125,,Intel,CPU,2025,6.0,Rocket Lake,,,,,,,,
intel core i5-2400,49.99,,,,95,,Intel,CPU,2025,4.0,Sandy Bridge,,,,,,,,
intel core i5-9600kf,169.69,,,,95,,Intel,CPU,2025,6.0,Coffee Lake Refresh,,,,,,,,
intel core i5-9400,149.94,,,,65,,Intel,CPU,2025,6.0,Coffee Lake Refresh,,,,,,,,
intel core i3-10105,99.0,,,,65,,Intel,CPU,2025,4.0,Comet Lake,,,,,,,,
intel core i5-4460,68.56,,,,84,,Intel,CPU,2025,4.0,Haswell Refresh,,,,,,,,
amd ryzen 3 1200 (14nm),70.0,,,,65,,AMD,CPU,2025,4.0,Zen,,,,,,,,
intel core i5-10600kf,236.92,,,,125,,Intel,CPU,2025,6.0,Comet Lake,,,,,,,,
amd ryzen 5 1400,79.98,,,,65,,AMD,CPU,2025,4.0,Zen,,,,,,,,
intel core i7-6800k,72.98,,,,140,,Intel,CPU,2025,6.0,Broadwell,,,,,,,,
intel core i5-4570t,49.0,,,,35,,Intel,CPU,2025,2.0,Haswell,,,,,,,,
amd ryzen 5 5600t,160.19,,,,65,,AMD,CPU,2025,6.0,Zen 3,,,,,,,,
intel core i7-8700k,255.04,,,,95,,Intel,CPU,2025,6.0,Coffee Lake,,,,,,,,
amd threadripper 2920x,199.1,,,,180,,AMD,CPU,2025,12.0,Zen+,,,,,,,,
intel core i3-9100,108.89,,,,65,,Intel,CPU,2025,4.0,Coffee Lake Refresh,,,,,,,,
intel core i3-7100,36.99,,,,51,,Intel,CPU,2025,2.0,Kaby Lake,,,,,,,,
intel xeon e5-2687w v4,2282.01,,,,160,,Intel,CPU,2025,12.0,Broadwell,,,,,,,,
intel core i9-14900,571.86,,,,65,,Intel,CPU,2025,24.0,Raptor Lake Refresh,,,,,,,,
intel core i9-9900ks,1389.0,,,,127,,Intel,CPU,2025,8.0,Coffee Lake Refresh,,,,,,,,
intel core i5-9500,198.69,,,,65,,Intel,CPU,2025,6.0,Coffee Lake Refresh,,,,,,,,
intel core i7-2600,189.69,,,,95,,Intel,CPU,2025,4.0,Sandy Bridge,,,,,,,,
amd ryzen 5 1500x,149.99,,,,65,,AMD,CPU,2025,4.0,Zen,,,,,,,,
intel core i5-10500,229.95,,,,65,,Intel,CPU,2025,6.0,Comet Lake,,,,,,,,
intel core i9-10980xe,1004.04,,,,165,,Intel,CPU,2025,18.0,Cascade Lake,,,,,,,,
intel core i9-7900x,264.99,,,,140,,Intel,CPU,2025,10.0,Skylake,,,,,,,,
intel core i5-3570k,128.99,,,,77,,Intel,CPU,2025,4.0,Ivy Bridge,,,,,,,,
intel core i7-4790k,130.51,,,,88,,Intel,CPU,2025,4.0,Haswell Refresh,,,,,,,,
intel core i3-4130,41.0,,,,54,,Intel,CPU,2025,2.0,Haswell,,,,,,,,
intel core i5-4690,52.0,,,,84,,Intel,CPU,2025,4.0,Haswell Refresh,,,,,,,,
intel core i5-8400,198.95,,,,65,,Intel,CPU,2025,6.0,Coffee Lake,,,,,,,,
amd threadripper 1950x,850.0,,,,180,,AMD,CPU,2025,16.0,Zen,,,,,,,,
intel celeron g6900,93.71,,,,46,,Intel,CPU,2025,2.0,Alder Lake,,,,,,,,
amd epyc 4244p,189.33,,,,65,,AMD,CPU,2025,6.0,Zen 4,,,,,,,,
intel core i9-13900,414.99,,,,65,,Intel,CPU,2025,24.0,Raptor Lake,,,,,,,,
intel pentium gold g7400,90.0,,,,46,,Intel,CPU,2025,2.0,Alder Lake,,,,,,,,
intel core i9-9940x,1950.0,,,,165,,Intel,CPU,2025,14.0,Skylake,,,,,,,,
amd athlon 200ge,69.98,,,,35,,AMD,CPU,2025,2.0,Zen,,,,,,,,
intel core i5-2500k,100.0,,,,95,,Intel,CPU,2025,4.0,Sandy Bridge,,,,,,,,
amd threadripper 1920x,195.0,,,,180,,AMD,CPU,2025,12.0,Zen,,,,,,,,
intel core i5-8500t,125.0,,,,35,,Intel,CPU,2025,6.0,Coffee Lake,,,,,,,,
intel core 2 duo e8400,27.55,,,,65,,Intel,CPU,2025,2.0,Wolfdale,,,,,,,,
intel xeon e3-1220 v6,25.0,,,,72,,Intel,CPU,2025,4.0,Kaby Lake,,,,,,,,
intel pentium gold g5420,29.0,,,,54,,Intel,CPU,2025,2.0,Coffee Lake,,,,,,,,
intel pentium g4400,50.0,,,,54,,Intel,CPU,2025,2.0,Skylake,,,,,,,,
intel core i5-12600,249.99,,,,65,,Intel,CPU,2025,6.0,Alder Lake,,,,,,,,
intel celeron 420,69.95,,,,35,,Intel,CPU,2025,1.0,Core,,,,,,,,
intel core i9-10900,390.77,,,,65,,Intel,CPU,2025,10.0,Comet Lake,,,,,,,,
intel celeron g5900,45.2,,,,58,,Intel,CPU,2025,2.0,Comet Lake,,,,,,,,
intel core i9-10900x,479.99,,,,165,,Intel,CPU,2025,10.0,Cascade Lake,,,,,,,,
intel core i5-4670k,105.86,,,,84,,Intel,CPU,2025,4.0,Haswell,,,,,,,,
intel core i5-6500,149.94,,,,65,,Intel,CPU,2025,4.0,Skylake,,,,,,,,
intel core i9-9900k,954.81,,,,95,,Intel,CPU,2025,8.0,Coffee Lake Refresh,,,,,,,,
amd threadripper 2970wx,898.88,,,,250,,AMD,CPU,2025,24.0,Zen+,,,,,,,,
intel core i9-13900f,516.43,,,,65,,Intel,CPU,2025,24.0,Raptor Lake,,,,,,,,
intel xeon e5-1650 v4,114.94,,,,140,,Intel,CPU,2025,6.0,Broadwell,,,,,,,,
intel core i5-11600,140.0,,,,65,,Intel,CPU,2025,6.0,Rocket Lake,,,,,,,,
intel core i7-8086k,343.12,,,,95,,Intel,CPU,2025,6.0,Coffee Lake,,,,,,,,
amd epyc 4464p,429.99,,,,65,,AMD,CPU,2025,12.0,Zen 4,,,,,,,,
intel core i7-2600k,255.55,,,,95,,Intel,CPU,2025,4.0,Sandy Bridge,,,,,,,,
intel core i5-11500,160.0,,,,65,,Intel,CPU,2025,6.0,Rocket Lake,,,,,,,,
intel core i9-9900,419.69,,,,65,,Intel,CPU,2025,8.0,Coffee Lake Refresh,,,,,,,,
intel core i9-11900f,329.0,,,,65,,Intel,CPU,2025,8.0,Rocket Lake,,,,,,,,
intel core i7-6850k,85.0,,,,140,,Intel,CPU,2025,6.0,Broadwell,,,,,,,,
amd fx-9590,292.58,,,,220,,AMD,CPU,2025,8.0,Piledriver,,,,,,,,
intel core i9-12900f,359.89,,,,65,,Intel,CPU,2025,16.0,Alder Lake,,,,,,,,
intel celeron g5905,51.79,,,,58,,Intel,CPU,2025,2.0,Comet Lake,,,,,,,,
intel core i9-12900,391.4,,,,65,,Intel,CPU,2025,16.0,Alder Lake,,,,,,,,
intel core i7-4770s,99.0,,,,65,,Intel,CPU,2025,4.0,Haswell,,,,,,,,
intel core i7-4930k,98.0,,,,130,,Intel,CPU,2025,6.0,Ivy Bridge,,,,,,,,
intel core i5-8600,189.0,,,,65,,Intel,CPU,2025,6.0,Coffee Lake,,,,,,,,
intel core i5-4440,100.0,,,,84,,Intel,CPU,2025,4.0,Haswell,,,,,,,,
intel celeron g3930,28.5,,,,51,,Intel,CPU,2025,2.0,Kaby Lake,,,,,,,,
intel pentium g4560,59.0,,,,54,,Intel,CPU,2025,2.0,Kaby Lake,,,,,,,,
intel core i3-530,45.0,,,,73,,Intel,CPU,2025,2.0,Westmere,,,,,,,,
intel core i5-9600,213.69,,,,65,,Intel,CPU,2025,6.0,Coffee Lake Refresh,,,,,,,,
intel core i7-7700,140.0,,,,65,,Intel,CPU,2025,4.0,Kaby Lake,,,,,,,,
intel core i5-10600,529.95,,,,65,,Intel,CPU,2025,6.0,Comet Lake,,,,,,,,
intel pentium gold g6600,186.19,,,,58,,Intel,CPU,2025,2.0,Comet Lake,,,,,,,,
amd athlon ii x2 240,29.48,,,,65,,AMD,CPU,2025,2.0,K10,,,,,,,,
intel core i9-10920x,769.87,,,,165,,Intel,CPU,2025,12.0,Cascade Lake,,,,,,,,
intel core i7-2700k,195.86,,,,95,,Intel,CPU,2025,4.0,Sandy Bridge,,,,,,,,
intel core i3-7100t,29.0,,,,35,,Intel,CPU,2025,2.0,Kaby Lake,,,,,,,,
intel core i9-9900k (standard folding box),565.0,,,,95,,Intel,CPU,2025,8.0,Coffee Lake Refresh,,,,,,,,
intel core i7-7820x,1224.41,,,,140,,Intel,CPU,2025,8.0,Skylake,,,,,,,,
intel xeon e5-2630 v4,255.06,,,,85,,Intel,CPU,2025,10.0,Broadwell,,,,,,,,
amd fx-8300,111.37,,,,95,,AMD,CPU,2025,8.0,Piledriver,,,,,,,,
amd a4-6300,46.79,,,,65,,AMD,CPU,2025,2.0,Piledriver,,,,,,,,
intel core i7-7800x,499.99,,,,140,,Intel,CPU,2025,6.0,Skylake,,,,,,,,
intel core i9-11900,390.99,,,,65,,Intel,CPU,2025,8.0,Rocket Lake,,,,,,,,
intel pentium gold g6400,66.95,,,,58,,Intel,CPU,2025,2.0,Comet Lake,,,,,,,,
intel xeon e5-2667 v3,298.95,,,,135,,Intel,CPU,2025,8.0,Haswell,,,,,,,,
intel 300,105.36,,,,46,,Intel,CPU,2025,2.0,Raptor Lake Refresh,,,,,,,,
intel xeon e5-4620,58.77,,,,95,,Intel,CPU,2025,8.0,Sandy Bridge,,,,,,,,
intel core i3-2100,49.0,,,,65,,Intel,CPU,2025,2.0,Sandy Bridge,,,,,,,,
intel celeron e3400,18.98,,,,65,,Intel,CPU,2025,2.0,Wolfdale,,,,,,,,
intel core i7-6700,395.05,,,,65,,Intel,CPU,2025,4.0,Skylake,,,,,,,,
intel core i3-2120,170.0,,,,65,,Intel,CPU,2025,2.0,Sandy Bridge,,,,,,,,
amd epyc 4344p,345.99,,,,65,,AMD,CPU,2025,8.0,Zen 4,,,,,,,,
intel core i9-7920x,170.66,,,,140,,Intel,CPU,2025,12.0,Skylake,,,,,,,,
intel xeon e5-2620,36.75,,,,95,,Intel,CPU,2025,6.0,Sandy Bridge,,,,,,,,
intel core i9-9980xe,1498.95,,,,165,,Intel,CPU,2025,18.0,Skylake,,,,,,,,
amd ryzen 3 1200 (12nm),70.0,,,,65,,AMD,CPU,2025,4.0,Zen+,,,,,,,,
intel core i5-4430,83.0,,,,84,,Intel,CPU,2025,4.0,Haswell,,,,,,,,
intel core i7-920,80.0,,,,130,,Intel,CPU,2025,4.0,Nehalem,,,,,,,,
intel core i7-4960x extreme edition,775.04,,,,130,,Intel,CPU,2025,6.0,Ivy Bridge,,,,,,,,
intel core i5-4670,119.88,,,,84,,Intel,CPU,2025,4.0,Haswell,,,,,,,,
amd threadripper 1900x,240.0,,,,180,,AMD,CPU,2025,8.0,Zen,,,,,,,,
intel xeon e5-2630 v3,169.95,,,,85,,Intel,CPU,2025,8.0,Haswell,,,,,,,,
intel core i7-6950x,328.19,,,,140,,Intel,CPU,2025,10.0,Broadwell,,,,,,,,
amd fx-6100,72.8,,,,95,,AMD,CPU,2025,6.0,Bulldozer,,,,,,,,
intel core i5-750,69.0,,,,95,,Intel,CPU,2025,4.0,Nehalem,,,,,,,,
amd athlon ii x4 640,53.01,,,,95,,AMD,CPU,2025,4.0,K10,,,,,,,,
intel core i3-8350k,135.0,,,,91,,Intel,CPU,2025,4.0,Coffee Lake,,,,,,,,
intel core i7-3930k,298.98,,,,130,,Intel,CPU,2025,6.0,Sandy Bridge,,,,,,,,
amd fx-4350,82.96,,,,125,,AMD,CPU,2025,4.0,Piledriver,,,,,,,,
intel core i7-6900k,279.0,,,,140,,Intel,CPU,2025,8.0,Broadwell,,,,,,,,
intel xeon e5-2683 v4,329.95,,,,120,,Intel,CPU,2025,16.0,Broadwell,,,,,,,,
amd epyc 4364p,389.99,,,,105,,AMD,CPU,2025,8.0,Zen 4,,,,,,,,
intel core i9-10940x,699.99,,,,165,,Intel,CPU,2025,14.0,Cascade Lake,,,,,,,,
amd fx-8370,257.01,,,,125,,AMD,CPU,2025,8.0,Piledriver,,,,,,,,
intel core i7-8700t,279.95,,,,35,,Intel,CPU,2025,6.0,Coffee Lake,,,,,,,,
amd a8-7600,78.89,,,,65,,AMD,CPU,2025,4.0,Steamroller,,,,,,,,
intel celeron g5925,59.99,,,,58,,Intel,CPU,2025,2.0,Comet Lake,,,,,,,,
intel core i7-860,50.0,,,,95,,Intel,CPU,2025,4.0,Nehalem,,,,,,,,
intel core i7-9700,335.01,,,,65,,Intel,CPU,2025,8.0,Coffee Lake Refresh,,,,,,,,
intel pentium gold g5400,115.69,,,,58,,Intel,CPU,2025,2.0,Coffee Lake,,,,,,,,
intel core i9-9980xe,1814.98,,,,165,,Intel,CPU,2025,18.0,Skylake,,,,,,,,
intel core i5-7400t,64.56,,,,35,,Intel,CPU,2025,4.0,Kaby Lake,,,,,,,,
intel core i7-7740x,378.88,,,,112,,Intel,CPU,2025,4.0,Kaby Lake,,,,,,,,
intel core i7-9700f,279.0,,,,65,,Intel,CPU,2025,8.0,Coffee Lake Refresh,,,,,,,,
intel core i9-7980xe,1249.95,,,,165,,Intel,CPU,2025,18.0,Skylake,,,,,,,,
intel core i5-3450,95.0,,,,77,,Intel,CPU,2025,4.0,Ivy Bridge,,,,,,,,
intel xeon e5-2650,69.94,,,,95,,Intel,CPU,2025,8.0,Sandy Bridge,,,,,,,,
amd fx-4350,55.05,,,,125,,AMD,CPU,2025,4.0,Piledriver,,,,,,,,
intel xeon e5-1630 v4,298.95,,,,140,,Intel,CPU,2025,4.0,Broadwell,,,,,,,,
intel core 2 quad q9300,42.6,,,,95,,Intel,CPU,2025,4.0,Yorkfield,,,,,,,,
intel xeon e5-2683 v4,1998.95,,,,120,,Intel,CPU,2025,16.0,Broadwell,,,,,,,,
intel core i3-3240,199.0,,,,55,,Intel,CPU,2025,2.0,Ivy Bridge,,,,,,,,
amd a10-7700k,128.02,,,,95,,AMD,CPU,2025,4.0,Steamroller,,,,,,,,
intel core i5-9600kf,274.99,,,,95,,Intel,CPU,2025,6.0,Coffee Lake Refresh,,,,,,,,
amd phenom ii x6 1090t black,291.98,,,,125,,AMD,CPU,2025,6.0,K10,,,,,,,,
intel xeon e5-1620 v3,111.0,,,,140,,Intel,CPU,2025,4.0,Haswell,,,,,,,,
intel core i7-4820k,198.0,,,,130,,Intel,CPU,2025,4.0,Ivy Bridge,,,,,,,,
intel xeon e5-2660 v3,149.94,,,,105,,Intel,CPU,2025,10.0,Haswell,,,,,,,,
intel core i9-7960x,462.16,,,,165,,Intel,CPU,2025,16.0,Skylake,,,,,,,,
amd fx-6120,58.53,,,,95,,AMD,CPU,2025,6.0,Bulldozer,,,,,,,,
intel xeon e3-1230 v2,274.0,,,,69,,Intel,CPU,2025,4.0,Ivy Bridge,,,,,,,,
intel core i5-9500f,162.0,,,,65,,Intel,CPU,2025,6.0,Coffee Lake Refresh,,,,,,,,
intel core i5-8400t,113.37,,,,35,,Intel,CPU,2025,6.0,Coffee Lake,,,,,,,,
intel xeon e5-2680,110.0,,,,130,,Intel,CPU,2025,8.0,Sandy Bridge,,,,,,,,
intel core i7-7700t,498.95,,,,35,,Intel,CPU,2025,4.0,Kaby Lake,,,,,,,,
amd fx-8350,192.49,,,,125,,AMD,CPU,2025,8.0,Piledriver,,,,,,,,
amd a8-6600k,92.86,,,,100,,AMD,CPU,2025,4.0,Piledriver,,,,,,,,
intel pentium g3258,124.99,,,,53,,Intel,CPU,2025,2.0,Haswell Refresh,,,,,,,,
amd a10-7850k,139.84,,,,95,,AMD,CPU,2025,4.0,Steamroller,,,,,,,,
intel celeron g3900,48.56,,,,51,,Intel,CPU,2025,2.0,Skylake,,,,,,,,
amd fx-8320,106.55,,,,125,,AMD,CPU,2025,8.0,Piledriver,,,,,,,,
intel core i7-4770k,300.0,,,,84,,Intel,CPU,2025,4.0,Haswell,,,,,,,,
intel xeon e3-1270 v3,410.0,,,,80,,Intel,CPU,2025,4.0,Haswell,,,,,,,,
intel core i5-6402p,118.66,,,,65,,Intel,CPU,2025,4.0,Skylake,,,,,,,,
intel core 2 quad q9550,52.55,,,,95,,Intel,CPU,2025,4.0,Yorkfield,,,,,,,,
intel core 2 duo e7500,149.0,,,,65,,Intel,CPU,2025,2.0,Wolfdale,,,,,,,,
amd fx-6300,62.51,,,,95,,AMD,CPU,2025,6.0,Piledriver,,,,,,,,
intel core i7-950,84.15,,,,130,,Intel,CPU,2025,4.0,Nehalem,,,,,,,,
intel core i7-3970x extreme edition,175.0,,,,150,,Intel,CPU,2025,6.0,Sandy Bridge,,,,,,,,
intel core i3-8100,120.32,,,,65,,Intel,CPU,2025,4.0,Coffee Lake,,,,,,,,
amd a10-9700,127.71,,,,65,,AMD,CPU,2025,4.0,Excavator,,,,,,,,
intel core i9-9900x,579.99,,,,165,,Intel,CPU,2025,10.0,Skylake,,,,,,,,
amd phenom ii x4 820,52.64,,,,95,,AMD,CPU,2025,4.0,K10,,,,,,,,
intel core i7-5820k,429.95,,,,140,,Intel,CPU,2025,6.0,Haswell,,,,,,,,
intel core i5-7400,184.6,,,,65,,Intel,CPU,2025,4.0,Kaby Lake,,,,,,,,
intel core i5-6500t,229.95,,,,35,,Intel,CPU,2025,4.0,Skylake,,,,,,,,
intel core i3-6300,99.99,,,,51,,Intel,CPU,2025,2.0,Skylake,,,,,,,,
intel core i7-3960x extreme edition,320.0,,,,130,,Intel,CPU,2025,6.0,Sandy Bridge,,,,,,,,
intel core i7-10700k avengers collector's edition,741.0,,,,125,,Intel,CPU,2025,8.0,Comet Lake,,,,,,,,
intel core i5-3550,299.0,,,,77,,Intel,CPU,2025,4.0,Ivy Bridge,,,,,,,,
intel core i3-7350k,115.0,,,,60,,Intel,CPU,2025,2.0,Kaby Lake,,,,,,,,
intel xeon e5-2630,47.66,,,,95,,Intel,CPU,2025,6.0,Sandy Bridge,,,,,,,,
intel core i7-4770k,99.0,,,,84,,Intel,CPU,2025,4.0,Haswell,,,,,,,,
intel core i7-7740x,209.95,,,,112,,Intel,CPU,2025,4.0,Kaby Lake,,,,,,,,
intel pentium gold g6405,94.99,,,,58,,Intel,CPU,2025,2.0,Comet Lake,,,,,,,,
intel core i3-7100,76.77,,,,51,,Intel,CPU,2025,2.0,Kaby Lake,,,,,,,,
intel pentium g645,40.99,,,,65,,Intel,CPU,2025,2.0,Sandy Bridge,,,,,,,,
intel xeon e3-1240 v2,400.0,,,,69,,Intel,CPU,2025,4.0,Ivy Bridge,,,,,,,,
intel core i3-7320,59.0,,,,51,,Intel,CPU,2025,2.0,Kaby Lake,,,,,,,,
intel xeon e5-1620 v4,232.12,,,,140,,Intel,CPU,2025,4.0,Broadwell,,,,,,,,
intel core i3-10320,120.0,,,,65,,Intel,CPU,2025,4.0,Comet Lake,,,,,,,,
intel xeon e3-1245 v6,120.0,,,,73,,Intel,CPU,2025,4.0,Kaby Lake,,,,,,,,
intel xeon e5-1660 v3,204.44,,,,140,,Intel,CPU,2025,8.0,Haswell,,,,,,,,
intel celeron g3930,29.0,,,,51,,Intel,CPU,2025,2.0,Kaby Lake,,,,,,,,
intel core i3-2120t,40.0,,,,35,,Intel,CPU,2025,2.0,Sandy Bridge,,,,,,,,
intel core i5-8500,170.0,,,,65,,Intel,CPU,2025,6.0,Coffee Lake,,,,,,,,
intel celeron g4900,48.59,,,,65,,Intel,CPU,2025,2.0,Coffee Lake,,,,,,,,
intel xeon e-2286g,627.61,,,,95,,Intel,CPU,2025,6.0,Coffee Lake Refresh,,,,,,,,
intel core i7-960,150.0,,,,130,,Intel,CPU,2025,4.0,Nehalem,,,,,,,,
intel xeon e3-1230 v3,309.0,,,,80,,Intel,CPU,2025,4.0,Haswell,,,,,,,,
intel xeon e3-1241 v3,298.0,,,,80,,Intel,CPU,2025,4.0,Haswell Refresh,,,,,,,,
intel core i9-9960x,999.99,,,,165,,Intel,CPU,2025,16.0,Skylake,,,,,,,,
amd phenom ii x6 1055t,199.99,,,,125,,AMD,CPU,2025,6.0,K10,,,,,,,,
amd a6-7400k,89.98,,,,65,,AMD,CPU,2025,2.0,Steamroller,,,,,,,,
intel core i7-2600s,99.99,,,,65,,Intel,CPU,2025,4.0,Sandy Bridge,,,,,,,,
intel celeron 440,49.99,,,,35,,Intel,CPU,2025,1.0,Core,,,,,,,,
intel core i3-3250,90.0,,,,55,,Intel,CPU,2025,2.0,Ivy Bridge,,,,,,,,
intel xeon e5-2620 v3,127.98,,,,85,,Intel,CPU,2025,6.0,Haswell,,,,,,,,
intel xeon e5-2630 v2,488.88,,,,80,,Intel,CPU,2025,6.0,Ivy Bridge,,,,,,,,
intel xeon e5-2660 v4,399.0,,,,105,,Intel,CPU,2025,14.0,Broadwell,,,,,,,,
intel pentium g2020,34.99,,,,55,,Intel,CPU,2025,2.0,Ivy Bridge,,,,,,,,
intel core 2 extreme qx9775,1298.0,,,,150,,Intel,CPU,2025,4.0,Yorkfield,,,,,,,,
amd a10-6700,102.76,,,,65,,AMD,CPU,2025,4.0,Piledriver,,,,,,,,
intel core i3-9350kf,136.06,,,,91,,Intel,CPU,2025,4.0,Coffee Lake Refresh,,,,,,,,
intel core i7-7800x,389.95,,,,140,,Intel,CPU,2025,6.0,Skylake,,,,,,,,
intel core i9-7900x,449.95,,,,140,,Intel,CPU,2025,10.0,Skylake,,,,,,,,
intel core i5-2400s,214.76,,,,65,,Intel,CPU,2025,4.0,Sandy Bridge,,,,,,,,
intel core i5-7640x,188.88,,,,112,,Intel,CPU,2025,4.0,Kaby Lake,,,,,,,,
intel core 2 quad q9550,165.51,,,,95,,Intel,CPU,2025,4.0,Yorkfield,,,,,,,,
intel xeon e5-1680 v3,404.09,,,,140,,Intel,CPU,2025,8.0,Haswell,,,,,,,,
amd a12-9800e,142.82,,,,35,,AMD,CPU,2025,4.0,Excavator,,,,,,,,
intel core i3-9300,240.13,,,,62,,Intel,CPU,2025,4.0,Coffee Lake Refresh,,,,,,,,
intel core i3-540,98.95,,,,73,,Intel,CPU,2025,2.0,Westmere,,,,,,,,
intel pentium g630,30.74,,,,65,,Intel,CPU,2025,2.0,Sandy Bridge,,,,,,,,
intel xeon e5-2650l,129.94,,,,70,,Intel,CPU,2025,8.0,Sandy Bridge,,,,,,,,
intel core i7-5930k,529.95,,,,140,,Intel,CPU,2025,6.0,Haswell,,,,,,,,
amd athlon ii x4 640,74.79,,,,95,,AMD,CPU,2025,4.0,K10,,,,,,,,
amd fx-9370,216.59,,,,220,,AMD,CPU,2025,8.0,Piledriver,,,,,,,,
intel xeon e-2236,452.02,,,,80,,Intel,CPU,2025,6.0,Coffee Lake Refresh,,,,,,,,
intel core i7-4790t,149.88,,,,45,,Intel,CPU,2025,4.0,Haswell Refresh,,,,,,,,
intel core 2 quad q8400,84.95,,,,95,,Intel,CPU,2025,4.0,Yorkfield,,,,,,,,
intel celeron g3900,39.0,,,,51,,Intel,CPU,2025,2.0,Skylake,,,,,,,,
intel celeron 430,59.95,,,,35,,Intel,CPU,2025,1.0,Core,,,,,,,,
intel xeon e5-1650 v2,235.03,,,,130,,Intel,CPU,2025,6.0,Ivy Bridge,,,,,,,,
intel core i5-3340,278.02,,,,77,,Intel,CPU,2025,4.0,Ivy Bridge,,,,,,,,
intel pentium gold g5400t,90.0,,,,35,,Intel,CPU,2025,2.0,Coffee Lake,,,,,,,,
intel core 2 duo e4300,75.0,,,,65,,Intel,CPU,2025,2.0,Core,,,,,,,,
intel core i3-6100t,149.94,,,,35,,Intel,CPU,2025,2.0,Skylake,,,,,,,,
intel xeon e3-1220 v3,149.94,,,,80,,Intel,CPU,2025,4.0,Haswell,,,,,,,,
amd athlon ii x4 635,58.02,,,,95,,AMD,CPU,2025,4.0,K10,,,,,,,,
intel core i7-980,356.02,,,,130,,Intel,CPU,2025,6.0,Westmere,,,,,,,,
amd fx-8370,317.33,,,,125,,AMD,CPU,2025,8.0,Piledriver,,,,,,,,
intel core i7-6800k,189.95,,,,140,,Intel,CPU,2025,6.0,Broadwell,,,,,,,,
intel pentium e2160,49.0,,,,65,,Intel,CPU,2025,2.0,Core,,,,,,,,
intel core i5-3450s,85.0,,,,65,,Intel,CPU,2025,4.0,Ivy Bridge,,,,,,,,
intel xeon e3-1245 v6,435.16,,,,73,,Intel,CPU,2025,4.0,Kaby Lake,,,,,,,,
intel pentium e5300,86.24,,,,65,,Intel,CPU,2025,2.0,Wolfdale,,,,,,,,
intel core i7-930,148.72,,,,130,,Intel,CPU,2025,4.0,Nehalem,,,,,,,,
intel core 2 quad q9300,219.0,,,,95,,Intel,CPU,2025,4.0,Yorkfield,,,,,,,,
intel core i7-875k,180.0,,,,95,,Intel,CPU,2025,4.0,Nehalem,,,,,,,,
intel core i3-3210,159.0,,,,55,,Intel,CPU,2025,2.0,Ivy Bridge,,,,,,,,
intel core i5-7400t,78.02,,,,35,,Intel,CPU,2025,4.0,Kaby Lake,,,,,,,,
amd a10-5800k,78.02,,,,100,,AMD,CPU,2025,4.0,Piledriver,,,,,,,,
intel core i7-870,195.02,,,,95,,Intel,CPU,2025,4.0,Nehalem,,,,,,,,
intel core 2 quad q9550s,259.64,,,,65,,Intel,CPU,2025,4.0,Yorkfield,,,,,,,,
intel core i3-2100t,64.63,,,,35,,Intel,CPU,2025,2.0,Sandy Bridge,,,,,,,,
intel xeon e5-2603 v3,135.0,,,,85,,Intel,CPU,2025,6.0,Haswell,,,,,,,,
intel core 2 quad q6600,94.97,,,,100,,Intel,CPU,2025,4.0,Core,,,,,,,,
intel core i3-550,129.94,,,,73,,Intel,CPU,2025,2.0,Westmere,,,,,,,,
intel core i3-2130,92.0,,,,65,,Intel,CPU,2025,2.0,Sandy Bridge,,,,,,,,
intel core i3-6098p,59.0,,,,54,,Intel,CPU,2025,2.0,Skylake,,,,,,,,
intel xeon e3-1285 v6,989.95,,,,79,,Intel,CPU,2025,4.0,Kaby Lake,,,,,,,,
intel core i9-9940x,998.95,,,,165,,Intel,CPU,2025,14.0,Skylake,,,,,,,,
intel celeron g4900,73.0,,,,65,,Intel,CPU,2025,2.0,Coffee Lake,,,,,,,,
amd athlon ii x4 620,53.55,,,,95,,AMD,CPU,2025,4.0,K10,,,,,,,,
intel xeon e3-1245 v2,315.0,,,,77,,Intel,CPU,2025,4.0,Ivy Bridge,,,,,,,,
intel pentium e2140,99.0,,,,65,,Intel,CPU,2025,2.0,Core,,,,,,,,
intel core 2 duo e8400,98.95,,,,65,,Intel,CPU,2025,2.0,Wolfdale,,,,,,,,
intel core i5-6600t,179.95,,,,35,,Intel,CPU,2025,4.0,Skylake,,,,,,,,
intel xeon e-2176g,583.29,,,,80,,Intel,CPU,2025,6.0,Coffee Lake,,,,,,,,
intel core 2 duo e6400,74.9,,,,65,,Intel,CPU,2025,2.0,Core,,,,,,,,
intel core i7-940,149.94,,,,130,,Intel,CPU,2025,4.0,Nehalem,,,,,,,,
amd athlon ii x4 630,52.6,,,,95,,AMD,CPU,2025,4.0,K10,,,,,,,,
intel celeron g530,35.88,,,,65,,Intel,CPU,2025,2.0,Sandy Bridge,,,,,,,,
intel celeron g1610,49.0,,,,55,,Intel,CPU,2025,2.0,Ivy Bridge,,,,,,,,
intel celeron g4930,129.69,,,,54,,Intel,CPU,2025,2.0,Coffee Lake,,,,,,,,
intel pentium g640t,89.0,,,,35,,Intel,CPU,2025,2.0,Sandy Bridge,,,,,,,,
amd a10-6700,83.22,,,,65,,AMD,CPU,2025,4.0,Piledriver,,,,,,,,
amd a10-5700,72.51,,,,65,,AMD,CPU,2025,4.0,Piledriver,,,,,,,,
intel core i3-6100,98.95,,,,51,,Intel,CPU,2025,2.0,Skylake,,,,,,,,
intel celeron g4920,73.0,,,,65,,Intel,CPU,2025,2.0,Coffee Lake,,,,,,,,
intel pentium g3420,71.73,,,,54,,Intel,CPU,2025,2.0,Haswell,,,,,,,,
intel core i7-7820x,495.03,,,,140,,Intel,CPU,2025,8.0,Skylake,,,,,,,,
intel xeon e-2136,732.0,,,,80,,Intel,CPU,2025,6.0,Coffee Lake,,,,,,,,
intel celeron g3920,489.95,,,,35,,Intel,CPU,2025,2.0,Skylake,,,,,,,,
intel core i5-8600,269.95,,,,65,,Intel,CPU,2025,6.0,Coffee Lake,,,,,,,,
intel core i3-3245,109.0,,,,55,,Intel,CPU,2025,2.0,Ivy Bridge,,,,,,,,
intel xeon e5-2630l v3,391.94,,,,55,,Intel,CPU,2025,8.0,Haswell,,,,,,,,
intel xeon e3-1230 v6,455.49,,,,72,,Intel,CPU,2025,4.0,Kaby Lake,,,,,,,,
amd a10-9700e,132.71,,,,35,,AMD,CPU,2025,4.0,Excavator,,,,,,,,
intel xeon e-2274g,1098.95,,,,83,,Intel,CPU,2025,4.0,Coffee Lake Refresh,,,,,,,,
intel core 2 duo e8400,99.43,,,,65,,Intel,CPU,2025,2.0,Wolfdale,,,,,,,,
intel pentium g2120,35.0,,,,55,,Intel,CPU,2025,2.0,Ivy Bridge,,,,,,,,
intel xeon e3-1265l v3,398.95,,,,45,,Intel,CPU,2025,4.0,Haswell,,,,,,,,
intel xeon e3-1280 v6,562.0,,,,72,,Intel,CPU,2025,4.0,Kaby Lake,,,,,,,,
intel core i5-3330s,149.94,,,,65,,Intel,CPU,2025,4.0,Ivy Bridge,,,,,,,,
intel core i3-4340,92.35,,,,54,,Intel,CPU,2025,2.0,Haswell,,,,,,,,
intel celeron g3930t,46.07,,,,35,,Intel,CPU,2025,2.0,Kaby Lake,,,,,,,,
intel core 2 duo e6700,103.95,,,,65,,Intel,CPU,2025,2.0,Core,,,,,,,,
intel core 2 duo e7200,169.95,,,,65,,Intel,CPU,2025,2.0,Wolfdale,,,,,,,,
intel xeon e5-2643 v3,229.95,,,,135,,Intel,CPU,2025,6.0,Haswell,,,,,,,,
amd opteron 6320,269.0,,,,115,,AMD,CPU,2025,8.0,Piledriver,,,,,,,,
intel xeon e5-2603 v4,449.95,,,,85,,Intel,CPU,2025,6.0,Broadwell,,,,,,,,
intel xeon e5-2643 v4,929.95,,,,135,,Intel,CPU,2025,6.0,Broadwell,,,,,,,,
intel pentium gold g5600,229.69,,,,54,,Intel,CPU,2025,2.0,Coffee Lake,,,,,,,,
intel core i7-6900k,289.08,,,,140,,Intel,CPU,2025,8.0,Broadwell,,,,,,,,
intel core i5-7500t,199.95,,,,35,,Intel,CPU,2025,4.0,Kaby Lake,,,,,,,,
intel pentium g6950,37.93,,,,73,,Intel,CPU,2025,2.0,Westmere,,,,,,,,
amd a4-3300,89.95,,,,65,,AMD,CPU,2025,2.0,Lynx,,,,,,,,
intel xeon e5-2695 v3,498.95,,,,120,,Intel,CPU,2025,14.0,Haswell,,,,,,,,
intel pentium g3470,153.1,,,,53,,Intel,CPU,2025,2.0,Haswell Refresh,,,,,,,,
intel xeon e3-1220 v5,349.95,,,,80,,Intel,CPU,2025,4.0,Skylake,,,,,,,,
intel xeon e3-1270 v6,719.95,,,,72,,Intel,CPU,2025,4.0,Kaby Lake,,,,,,,,
intel xeon e-2174g,649.95,,,,71,,Intel,CPU,2025,4.0,Coffee Lake,,,,,,,,
amd phenom ii x4 830,55.05,,,,95,,AMD,CPU,2025,4.0,K10,,,,,,,,
amd phenom ii x4 975,168.02,,,,125,,AMD,CPU,2025,4.0,K10,,,,,,,,
intel pentium g870,67.64,,,,65,,Intel,CPU,2025,2.0,Sandy Bridge,,,,,,,,
amd a4-6300b,49.95,,,,65,,AMD,CPU,2025,2.0,Piledriver,,,,,,,,
intel core i3-6300t,119.99,,,,35,,Intel,CPU,2025,2.0,Skylake,,,,,,,,
intel core 2 duo e6320,89.95,,,,65,,Intel,CPU,2025,2.0,Core,,,,,,,,
intel core 2 duo e6550,95.91,,,,65,,Intel,CPU,2025,2.0,Core,,,,,,,,
intel xeon e3-1275,376.99,,,,95,,Intel,CPU,2025,4.0,Sandy Bridge,,,,,,,,
intel xeon e3-1225 v2,214.5,,,,77,,Intel,CPU,2025,4.0,Ivy Bridge,,,,,,,,
amd opteron 6320,242.39,,,,115,,AMD,CPU,2025,8.0,Piledriver,,,,,,,,
intel xeon e-2124g,270.99,,,,71,,Intel,CPU,2025,4.0,Coffee Lake,,,,,,,,
intel xeon e5-2623 v3,234.94,,,,105,,Intel,CPU,2025,4.0,Haswell,,,,,,,,
intel core i3-560,89.95,,,,73,,Intel,CPU,2025,2.0,Westmere,,,,,,,,
intel xeon e5-2640 v3,189.95,,,,90,,Intel,CPU,2025,8.0,Haswell,,,,,,,,
intel pentium e6500,89.99,,,,65,,Intel,CPU,2025,2.0,Wolfdale,,,,,,,,
intel core 2 duo e6750,89.95,,,,65,,Intel,CPU,2025,2.0,Core,,,,,,,,
intel core 2 duo e7600,98.95,,,,65,,Intel,CPU,2025,2.0,Wolfdale,,,,,,,,
intel celeron g540,69.98,,,,65,,Intel,CPU,2025,2.0,Sandy Bridge,,,,,,,,
intel core i3-2125,152.0,,,,65,,Intel,CPU,2025,2.0,Sandy Bridge,,,,,,,,
intel xeon e5-2643 v2,398.95,,,,130,,Intel,CPU,2025,6.0,Ivy Bridge,,,,,,,,
intel core i5-7600t,229.95,,,,35,,Intel,CPU,2025,4.0,Kaby Lake,,,,,,,,
intel core i5-7640x,217.4,,,,112,,Intel,CPU,2025,4.0,Kaby Lake,,,,,,,,
intel xeon e3-1275 v6,504.44,,,,73,,Intel,CPU,2025,4.0,Kaby Lake,,,,,,,,
intel xeon e5-2620,77.0,,,,95,,Intel,CPU,2025,6.0,Sandy Bridge,,,,,,,,
intel celeron e3300,61.79,,,,65,,Intel,CPU,2025,2.0,Wolfdale,,,,,,,,
intel core 2 duo e6400,89.95,,,,65,,Intel,CPU,2025,2.0,Core,,,,,,,,
intel core 2 duo e6420,69.95,,,,65,,Intel,CPU,2025,2.0,Core,,,,,,,,
intel core i5-660,149.94,,,,73,,Intel,CPU,2025,2.0,Westmere,,,,,,,,
intel core i5-670,109.08,,,,73,,Intel,CPU,2025,2.0,Westmere,,,,,,,,
intel xeon e5-2665,149.94,,,,115,,Intel,CPU,2025,8.0,Sandy Bridge,,,,,,,,
amd pro a10-7850b,148.02,,,,95,,AMD,CPU,2025,4.0,Steamroller,,,,,,,,
intel xeon e5-2620 v3,149.94,,,,85,,Intel,CPU,2025,6.0,Haswell,,,,,,,,
intel pentium g4620,224.12,,,,51,,Intel,CPU,2025,2.0,Kaby Lake,,,,,,,,
intel xeon e3-1240 v6,429.95,,,,72,,Intel,CPU,2025,4.0,Kaby Lake,,,,,,,,
intel xeon e3-1220 v6,249.95,,,,72,,Intel,CPU,2025,4.0,Kaby Lake,,,,,,,,
intel xeon e3-1225 v6,355.29,,,,73,,Intel,CPU,2025,4.0,Kaby Lake,,,,,,,,
intel xeon e3-1225 v6,369.51,,,,73,,Intel,CPU,2025,4.0,Kaby Lake,,,,,,,,
intel xeon e5-2620,139.94,,,,95,,Intel,CPU,2025,6.0,Sandy Bridge,,,,,,,,
intel pentium e5300,79.4,,,,65,,Intel,CPU,2025,2.0,Wolfdale,,,,,,,,
intel core 2 duo e6850,89.95,,,,65,,Intel,CPU,2025,2.0,Core,,,,,,,,
intel core 2 duo e8300,99.95,,,,65,,Intel,CPU,2025,2.0,Wolfdale,,,,,,,,
intel core i5-661,80.0,,,,87,,Intel,CPU,2025,2.0,Westmere,,,,,,,,
intel core i7-860,189.95,,,,95,,Intel,CPU,2025,4.0,Nehalem,,,,,,,,
intel xeon e3-1230,918.89,,,,80,,Intel,CPU,2025,4.0,Sandy Bridge,,,,,,,,
intel xeon e5-2603,98.95,,,,80,,Intel,CPU,2025,4.0,Sandy Bridge,,,,,,,,
intel xeon e5-2609,89.95,,,,80,,Intel,CPU,2025,4.0,Sandy Bridge,,,,,,,,
intel xeon e3-1230 v2,189.95,,,,69,,Intel,CPU,2025,4.0,Ivy Bridge,,,,,,,,
intel xeon e3-1275 v2,374.0,,,,77,,Intel,CPU,2025,4.0,Ivy Bridge,,,,,,,,
intel pentium g4600,169.95,,,,51,,Intel,CPU,2025,2.0,Kaby Lake,,,,,,,,
intel celeron g3950,64.97,,,,51,,Intel,CPU,2025,2.0,Kaby Lake,,,,,,,,
intel celeron 430,59.95,,,,35,,Intel,CPU,2025,1.0,Core,,,,,,,,
intel core 2 duo e4600,98.95,,,,65,,Intel,CPU,2025,2.0,Core,,,,,,,,
intel pentium e5300,79.4,,,,65,,Intel,CPU,2025,2.0,Wolfdale,,,,,,,,
intel pentium g3460,125.0,,,,53,,Intel,CPU,2025,2.0,Haswell Refresh,,,,,,,,
intel xeon e3-1275 v6,495.4,,,,73,,Intel,CPU,2025,4.0,Kaby Lake,,,,,,,,
corsair vengeance rgb 32 gb,94.99,,,,,,Corsair,RAM,2025,,,"5,6000","2,16",36.0,12.0,,,,
g.skill flare x5 32 gb,89.99,,,,,,G.Skill,RAM,2025,,,"5,6000","2,16",36.0,12.0,,,,
corsair vengeance lpx 16 gb,45.99,,,,,,Corsair,RAM,2025,,,"4,3200","2,8",16.0,10.0,,,,
corsair vengeance 32 gb,129.99,,,,,,Corsair,RAM,2025,,,"5,6000","2,16",30.0,10.0,,,,
teamgroup t-create expert 32 gb,98.99,,,,,,TEAMGROUP,RAM,2025,,,"5,6000","2,16",30.0,10.0,,,,
corsair vengeance lpx 32 gb,77.98,,,,,,Corsair,RAM,2025,,,"4,3600","2,16",18.0,10.0,,,,
crucial pro overclocking 32 gb,84.99,,,,,,Crucial,RAM,2025,,,"5,6000","2,16",36.0,12.0,,,,
g.skill trident z5 rgb 64 gb,234.99,,,,,,G.Skill,RAM,2025,,,"5,6400","2,32",32.0,10.0,,,,
corsair vengeance rgb 64 gb,229.99,,,,,,Corsair,RAM,2025,,,"5,6000","2,32",30.0,10.0,,,,
teamgroup t-force delta rgb 32 gb,105.99,,,,,,TEAMGROUP,RAM,2025,,,"5,6000","2,16",30.0,10.0,,,,
g.skill trident z5 neo rgb 32 gb,119.99,,,,,,G.Skill,RAM,2025,,,"5,6000","2,16",30.0,10.0,,,,
patriot viper venom 32 gb,85.99,,,,,,Patriot,RAM,2025,,,"5,6000","2,16",30.0,10.0,,,,
corsair vengeance rgb pro 32 gb,115.0,,,,,,Corsair,RAM,2025,,,"4,3600","2,16",18.0,10.0,,,,
teamgroup t-force delta rgb 32 gb,105.99,,,,,,TEAMGROUP,RAM,2025,,,"5,6000","2,16",30.0,10.0,,,,
corsair vengeance rgb 32 gb,95.99,,,,,,Corsair,RAM,2025,,,"5,6000","2,16",36.0,12.0,,,,
silicon power gaming 16 gb,32.97,,,,,,Silicon,RAM,2025,,,"4,3200","2,8",16.0,10.0,,,,
teamgroup t-force vulcan z 16 gb,38.99,,,,,,TEAMGROUP,RAM,2025,,,"4,3200","2,8",16.0,10.0,,,,
corsair vengeance lpx 32 gb,71.98,,,,,,Corsair,RAM,2025,,,"4,3200","2,16",16.0,10.0,,,,
kingston fury beast 32 gb,122.99,,,,,,Kingston,RAM,2025,,,"5,6000","2,16",30.0,10.0,,,,
g.skill trident z5 neo rgb 64 gb,207.99,,,,,,G.Skill,RAM,2025,,,"5,6000","2,32",30.0,10.0,,,,
g.skill ripjaws v 32 gb,71.98,,,,,,G.Skill,RAM,2025,,,"4,3200","2,16",16.0,10.0,,,,
teamgroup t-create expert 32 gb,98.99,,,,,,TEAMGROUP,RAM,2025,,,"5,6000","2,16",30.0,10.0,,,,
g.skill flare x5 32 gb,109.99,,,,,,G.Skill,RAM,2025,,,"5,6000","2,16",30.0,10.0,,,,
kingston fury beast 16 gb,62.93,,,,,,Kingston,RAM,2025,,,"5,5200","2,8",40.0,15.385,,,,
corsair vengeance rgb pro 16 gb,54.99,,,,,,Corsair,RAM,2025,,,"4,3200","2,8",16.0,10.0,,,,
silicon power value gaming 32 gb,90.97,,,,,,Silicon,RAM,2025,,,"5,6000","2,16",30.0,10.0,,,,
corsair vengeance 64 gb,156.28,,,,,,Corsair,RAM,2025,,,"5,5200","2,32",40.0,15.385,,,,
g.skill flare x5 64 gb,193.98,,,,,,G.Skill,RAM,2025,,,"5,6000","2,32",30.0,10.0,,,,
teamgroup t-force vulcan 32 gb,96.99,,,,,,TEAMGROUP,RAM,2025,,,"5,6000","2,16",30.0,10.0,,,,
silicon power gaming 32 gb,60.99,,,,,,Silicon,RAM,2025,,,"4,3200","2,16",16.0,10.0,,,,
corsair vengeance rgb 32 gb,124.99,,,,,,Corsair,RAM,2025,,,"5,6000","2,16",30.0,10.0,,,,
patriot viper venom 32 gb,76.99,,,,,,Patriot,RAM,2025,,,"5,6000","2,16",36.0,12.0,,,,
corsair dominator titanium 64 gb,286.44,,,,,,Corsair,RAM,2025,,,"5,6600","2,32",32.0,9.697,,,,
g.skill ripjaws v 64 gb,1351.9,,,,,,G.Skill,RAM,2025,,,"4,3200","4,16",14.0,8.75,,,,
crucial pro overclocking 32 gb,89.99,,,,,,Crucial,RAM,2025,,,"5,6000","2,16",36.0,12.0,,,,
g.skill trident z5 royal neo rgb 32 gb,149.99,,,,,,G.Skill,RAM,2025,,,"5,6000","2,16",28.0,9.333,,,,
corsair vengeance 64 gb,199.99,,,,,,Corsair,RAM,2025,,,"5,6000","2,32",30.0,10.0,,,,
g.skill trident z rgb 32 gb,82.99,,,,,,G.Skill,RAM,2025,,,"4,3600","2,16",18.0,10.0,,,,
kingston fury beast 16 gb,78.61,,,,,,Kingston,RAM,2025,,,"4,3200","2,8",16.0,10.0,,,,
g.skill ripjaws v 16 gb,45.99,,,,,,G.Skill,RAM,2025,,,"4,3200","2,8",16.0,10.0,,,,
crucial classic 16 gb,43.99,,,,,,Crucial,RAM,2025,,,"5,5600","2,8",46.0,16.429,,,,
silicon power xpower zenith gaming 32 gb,86.99,,,,,,Silicon,RAM,2025,,,"5,6000","2,16",30.0,10.0,,,,
corsair vengeance rgb 32 gb,94.99,,,,,,Corsair,RAM,2025,,,"5,6400","2,16",36.0,11.25,,,,
g.skill ripjaws s5 32 gb,109.99,,,,,,G.Skill,RAM,2025,,,"5,6000","2,16",30.0,10.0,,,,
corsair vengeance lpx 64 gb,154.99,,,,,,Corsair,RAM,2025,,,"4,3200","2,32",16.0,10.0,,,,
crucial pro 32 gb,82.99,,,,,,Crucial,RAM,2025,,,"5,5600","2,16",46.0,16.429,,,,
kingston fury beast rgb 32 gb,134.99,,,,,,Kingston,RAM,2025,,,"5,6000","2,16",30.0,10.0,,,,
corsair dominator titanium 64 gb,306.23,,,,,,Corsair,RAM,2025,,,"5,6600","2,32",32.0,9.697,,,,
crucial pro 32 gb,78.98,,,,,,Crucial,RAM,2025,,,"4,3200","2,16",22.0,13.75,,,,
patriot venom 64 gb,157.99,,,,,,Patriot,RAM,2025,,,"5,6000","2,32",30.0,10.0,,,,
crucial pro 64 gb,139.99,,,,,,Crucial,RAM,2025,,,"5,5600","2,32",46.0,16.429,,,,
corsair vengeance 32 gb,109.99,,,,,,Corsair,RAM,2025,,,"5,6000","2,16",36.0,12.0,,,,
corsair vengeance rgb 192 gb,614.99,,,,,,Corsair,RAM,2025,,,"5,5200","4,48",38.0,14.615,,,,
g.skill ripjaws v 16 gb,49.99,,,,,,G.Skill,RAM,2025,,,"4,3600","2,8",16.0,8.889,,,,
silicon power xpower zenith gaming 32 gb,86.99,,,,,,Silicon,RAM,2025,,,"5,6000","2,16",30.0,10.0,,,,
teamgroup t-force delta rgb 16 gb,50.99,,,,,,TEAMGROUP,RAM,2025,,,"4,3600","2,8",18.0,10.0,,,,
kingston fury beast 32 gb,115.81,,,,,,Kingston,RAM,2025,,,"4,3200","2,16",16.0,10.0,,,,
kingston fury beast 64 gb,233.99,,,,,,Kingston,RAM,2025,,,"5,6000","2,32",30.0,10.0,,,,
g.skill trident z5 rgb 48 gb,259.99,,,,,,G.Skill,RAM,2025,,,"5,8400","2,24",40.0,9.524,,,,
patriot viper venom 64 gb,189.99,,,,,,Patriot,RAM,2025,,,"5,6400","2,32",32.0,10.0,,,,
g.skill trident z5 rgb 32 gb,116.99,,,,,,G.Skill,RAM,2025,,,"5,6400","2,16",32.0,10.0,,,,
corsair vengeance 32 gb,114.99,,,,,,Corsair,RAM,2025,,,"5,6000","2,16",30.0,10.0,,,,
timetec pinnacle konduit 16 gb,31.99,,,,,,Timetec,RAM,2025,,,"4,3200","2,8",16.0,10.0,,,,
corsair dominator titanium 32 gb,180.99,,,,,,Corsair,RAM,2025,,,"5,6000","2,16",30.0,10.0,,,,
patriot viper steel 32 gb,59.99,,,,,,Patriot,RAM,2025,,,"4,3200","2,16",16.0,10.0,,,,
g.skill flare x5 64 gb,234.99,,,,,,G.Skill,RAM,2025,,,"5,6000","2,32",28.0,9.333,,,,
corsair vengeance 16 gb,64.98,,,,,,Corsair,RAM,2025,,,"5,5200","2,8",40.0,15.385,,,,
g.skill ripjaws s5 64 gb,154.99,,,,,,G.Skill,RAM,2025,,,"5,6000","2,32",36.0,12.0,,,,
crucial cp2k64g56c46u5 128 gb,299.99,,,,,,Crucial,RAM,2025,,,"5,5600","2,64",46.0,16.429,,,,
teamgroup t-create expert 32 gb,87.99,,,,,,TEAMGROUP,RAM,2025,,,"5,6000","2,16",38.0,12.667,,,,
patriot viper venom 32 gb,87.99,,,,,,Patriot,RAM,2025,,,"5,6400","2,16",32.0,10.0,,,,
g.skill flare x5 32 gb,127.99,,,,,,G.Skill,RAM,2025,,,"5,6000","2,16",28.0,9.333,,,,
crucial pro 32 gb,81.99,,,,,,Crucial,RAM,2025,,,"5,6400","2,16",38.0,11.875,,,,
corsair vengeance rgb 128 gb,551.99,,,,,,Corsair,RAM,2025,,,"5,5600","4,32",40.0,14.286,,,,
corsair vengeance rgb pro sl 32 gb,109.99,,,,,,Corsair,RAM,2025,,,"4,3600","2,16",18.0,10.0,,,,
corsair dominator titanium 96 gb,424.99,,,,,,Corsair,RAM,2025,,,"5,6600","2,48",32.0,9.697,,,,
corsair vengeance 64 gb,229.99,,,,,,Corsair,RAM,2025,,,"5,6400","2,32",32.0,10.0,,,,
kingston fury beast 16 gb,67.98,,,,,,Kingston,RAM,2025,,,"5,6000","2,8",30.0,10.0,,,,
teamgroup t-create classic 32 gb,74.99,,,,,,TEAMGROUP,RAM,2025,,,"5,5600","2,16",46.0,16.429,,,,
corsair vengeance 32 gb,86.99,,,,,,Corsair,RAM,2025,,,"5,6000","2,16",36.0,12.0,,,,
patriot viper elite 5 rgb 32 gb,102.99,,,,,,Patriot,RAM,2025,,,"5,6000","2,16",30.0,10.0,,,,
teamgroup t-force delta rgb 64 gb,184.99,,,,,,TEAMGROUP,RAM,2025,,,"5,6000","2,32",38.0,12.667,,,,
corsair vengeance rgb 64 gb,259.99,,,,,,Corsair,RAM,2025,,,"5,6000","2,32",30.0,10.0,,,,
g.skill trident z5 royal 32 gb,154.99,,,,,,G.Skill,RAM,2025,,,"5,6400","2,16",30.0,9.375,,,,
kingston fury beast 32 gb,106.63,,,,,,Kingston,RAM,2025,,,"5,5600","2,16",36.0,12.857,,,,
corsair vengeance rgb 32 gb,96.99,,,,,,Corsair,RAM,2025,,,"5,5200","2,16",40.0,15.385,,,,
teamgroup t-force vulcan z 32 gb,66.03,,,,,,TEAMGROUP,RAM,2025,,,"4,3200","2,16",16.0,10.0,,,,
g.skill ripjaws v 32 gb,89.99,,,,,,G.Skill,RAM,2025,,,"4,3600","2,16",16.0,8.889,,,,
teamgroup t-force delta rgb 16 gb,50.99,,,,,,TEAMGROUP,RAM,2025,,,"4,3600","2,8",18.0,10.0,,,,
g.skill trident z rgb 16 gb,54.99,,,,,,G.Skill,RAM,2025,,,"4,3600","2,8",18.0,10.0,,,,
kingston fury beast rgb 32 gb,141.19,,,,,,Kingston,RAM,2025,,,"5,6000","2,16",30.0,10.0,,,,
corsair vengeance 128 gb,372.99,,,,,,Corsair,RAM,2025,,,"5,6400","2,64",42.0,13.125,,,,
corsair vengeance rgb 16 gb,67.98,,,,,,Corsair,RAM,2025,,,"5,5200","2,8",40.0,15.385,,,,
crucial ct2k8g48c40u5 16 gb,41.99,,,,,,Crucial,RAM,2025,,,"5,4800","2,8",40.0,16.667,,,,
g.skill trident z5 neo 64 gb,204.99,,,,,,G.Skill,RAM,2025,,,"5,6000","2,32",30.0,10.0,,,,
silicon power xpower pulse gaming 32 gb,79.97,,,,,,Silicon,RAM,2025,,,"5,6000","2,16",36.0,12.0,,,,
corsair vengeance rgb 32 gb,147.99,,,,,,Corsair,RAM,2025,,,"5,6000","2,16",28.0,9.333,,,,
silicon power sp016glltu160n22 16 gb,16.95,,,,,,Silicon,RAM,2025,,,"3,1600","2,8",11.0,13.75,,,,
pny xlr8 gaming rgb 32 gb,94.99,,,,,,PNY,RAM,2025,,,"5,6000","2,16",36.0,12.0,,,,
g.skill trident z5 rgb 32 gb,139.99,,,,,,G.Skill,RAM,2025,,,"5,7200","2,16",34.0,9.444,,,,
kingston fury beast 8 gb,29.89,,,,,,Kingston,RAM,2025,,,"4,3200","1,8",16.0,10.0,,,,
corsair vengeance 32 gb,96.99,,,,,,Corsair,RAM,2025,,,"5,5200","2,16",40.0,15.385,,,,
teamgroup t-create expert 32 gb,62.99,,,,,,TEAMGROUP,RAM,2025,,,"4,3200","2,16",16.0,10.0,,,,
silicon power xpower pulse gaming 32 gb,84.99,,,,,,Silicon,RAM,2025,,,"5,6400","2,16",32.0,10.0,,,,
corsair dominator titanium 96 gb,427.99,,,,,,Corsair,RAM,2025,,,"5,7000","2,48",40.0,11.429,,,,
corsair vengeance lpx 16 gb,91.99,,,,,,Corsair,RAM,2025,,,"4,3600","2,8",18.0,10.0,,,,
corsair vengeance rgb pro 16 gb,97.91,,,,,,Corsair,RAM,2025,,,"4,3200","2,8",16.0,10.0,,,,
patriot viper venom 16 gb,52.99,,,,,,Patriot,RAM,2025,,,"5,5200","2,8",36.0,13.846,,,,
g.skill trident z5 royal 64 gb,259.99,,,,,,G.Skill,RAM,2025,,,"5,6400","2,32",32.0,10.0,,,,
crucial pro 64 gb,125.99,,,,,,Crucial,RAM,2025,,,"4,3200","2,32",22.0,13.75,,,,
corsair dominator titanium 96 gb,419.99,,,,,,Corsair,RAM,2025,,,"5,6600","2,48",32.0,9.697,,,,
adata xpg lancer blade rgb 32 gb,134.99,,,,,,ADATA,RAM,2025,,,"5,6000","2,16",30.0,10.0,,,,
corsair vengeance rgb 128 gb,389.99,,,,,,Corsair,RAM,2025,,,"5,6400","2,64",42.0,13.125,,,,
corsair vengeance rgb 32 gb,144.99,,,,,,Corsair,RAM,2025,,,"5,6000","2,16",30.0,10.0,,,,
patriot signature line 32 gb,71.98,,,,,,Patriot,RAM,2025,,,"5,4800","2,16",40.0,16.667,,,,
crucial ct2k16g48c40u5 32 gb,73.98,,,,,,Crucial,RAM,2025,,,"5,4800","2,16",40.0,16.667,,,,
g.skill trident z5 neo rgb 96 gb,414.99,,,,,,G.Skill,RAM,2025,,,"5,6000","2,48",28.0,9.333,,,,
teamgroup t-force delta rgb 32 gb,89.99,,,,,,TEAMGROUP,RAM,2025,,,"5,6000","2,16",38.0,12.667,,,,
crucial pro overclocking 64 gb,199.99,,,,,,Crucial,RAM,2025,,,"5,6400","2,32",40.0,12.5,,,,
g.skill trident z5 neo rgb 64 gb,254.99,,,,,,G.Skill,RAM,2025,,,"5,6000","2,32",28.0,9.333,,,,
corsair vengeance rgb pro 32 gb,82.99,,,,,,Corsair,RAM,2025,,,"4,3200","2,16",16.0,10.0,,,,
corsair vengeance 96 gb,324.99,,,,,,Corsair,RAM,2025,,,"5,6000","2,48",30.0,10.0,,,,
corsair vengeance lpx 8 gb,36.99,,,,,,Corsair,RAM,2025,,,"4,2400","1,8",16.0,13.333,,,,
silicon power xpower zenith gaming 64 gb,164.99,,,,,,Silicon,RAM,2025,,,"5,6000","2,32",30.0,10.0,,,,
lexar ares rgb 32 gb,114.99,,,,,,Lexar,RAM,2025,,,"5,6000","2,16",30.0,10.0,,,,
crucial ct2k8g4dfra32a 16 gb,56.54,,,,,,Crucial,RAM,2025,,,"4,3200","2,8",22.0,13.75,,,,
corsair dominator titanium 32 gb,179.99,,,,,,Corsair,RAM,2025,,,"5,6000","2,16",30.0,10.0,,,,
crucial ct8g4dfs824a 8 gb,19.98,,,,,,Crucial,RAM,2025,,,"4,2400","1,8",17.0,14.167,,,,
timetec pinnacle konduit 32 gb,59.99,,,,,,Timetec,RAM,2025,,,"4,3200","2,16",16.0,10.0,,,,
kingston fury beast rgb 64 gb,244.99,,,,,,Kingston,RAM,2025,,,"5,6000","2,32",30.0,10.0,,,,
corsair vengeance rgb 64 gb,217.99,,,,,,Corsair,RAM,2025,,,"5,6000","2,32",30.0,10.0,,,,
corsair vengeance 192 gb,614.99,,,,,,Corsair,RAM,2025,,,"5,5200","4,48",38.0,14.615,,,,
g.skill trident z5 rgb 64 gb,254.99,,,,,,G.Skill,RAM,2025,,,"5,6800","2,32",34.0,10.0,,,,
teamgroup t-force vulcan 32 gb,82.99,,,,,,TEAMGROUP,RAM,2025,,,"5,6000","2,16",38.0,12.667,,,,
g.skill trident z5 neo 32 gb,116.99,,,,,,G.Skill,RAM,2025,,,"5,6000","2,16",30.0,10.0,,,,
g.skill aegis 16 gb,44.99,,,,,,G.Skill,RAM,2025,,,"4,3200","2,8",16.0,10.0,,,,
pny xlr8 32 gb,59.99,,,,,,PNY,RAM,2025,,,"4,3600","2,16",18.0,10.0,,,,
teamgroup elite 16 gb,28.99,,,,,,TEAMGROUP,RAM,2025,,,"4,2666","2,8",19.0,14.254,,,,
silicon power xpower zenith rgb gaming 32 gb,99.99,,,,,,Silicon,RAM,2025,,,"5,6000","2,16",30.0,10.0,,,,
g.skill ripjaws s5 32 gb,89.99,,,,,,G.Skill,RAM,2025,,,"5,6000","2,16",36.0,12.0,,,,
oloy nd4u1632161dj0da 32 gb,69.99,,,,,,OLOy,RAM,2025,,,"4,3200","2,16",16.0,10.0,,,,
corsair vengeance rgb pro 32 gb,142.99,,,,,,Corsair,RAM,2025,,,"4,3200","2,16",16.0,10.0,,,,
adata xpg lancer blade 32 gb,152.21,,,,,,ADATA,RAM,2025,,,"5,6000","2,16",30.0,10.0,,,,
g.skill ripjaws v 32 gb,73.98,,,,,,G.Skill,RAM,2025,,,"4,3600","2,16",18.0,10.0,,,,
crucial pro 64 gb,171.34,,,,,,Crucial,RAM,2025,,,"5,6000","2,32",40.0,13.333,,,,
silicon power xpower turbine 16 gb,33.97,,,,,,Silicon,RAM,2025,,,"4,3200","2,8",16.0,10.0,,,,
g.skill trident z5 royal neo rgb 64 gb,259.99,,,,,,G.Skill,RAM,2025,,,"5,6000","2,32",30.0,10.0,,,,
crucial ct16g48c40u5 16 gb,38.86,,,,,,Crucial,RAM,2025,,,"5,4800","1,16",40.0,16.667,,,,
patriot viper steel 64 gb,164.99,,,,,,Patriot,RAM,2025,,,"4,3600","2,32",18.0,10.0,,,,
g.skill trident z5 neo rgb 32 gb,134.99,,,,,,G.Skill,RAM,2025,,,"5,6400","2,16",30.0,9.375,,,,
klevv fit v 32 gb,84.99,,,,,,Klevv,RAM,2025,,,"5,6000","2,16",32.0,10.667,,,,
teamgroup t-create expert 32 gb,72.99,,,,,,TEAMGROUP,RAM,2025,,,"5,6000","2,16",38.0,12.667,,,,
kingston fury beast rgb 16 gb,75.98,,,,,,Kingston,RAM,2025,,,"5,6000","2,8",36.0,12.0,,,,
corsair vengeance 32 gb,114.99,,,,,,Corsair,RAM,2025,,,"5,6400","2,16",32.0,10.0,,,,
corsair vengeance rgb 96 gb,349.99,,,,,,Corsair,RAM,2025,,,"5,6000","2,48",30.0,10.0,,,,
corsair vengeance rgb 32 gb,194.99,,,,,,Corsair,RAM,2025,,,"5,8000","2,16",36.0,9.0,,,,
corsair vengeance lpx 32 gb,160.99,,,,,,Corsair,RAM,2025,,,"4,3600","2,16",18.0,10.0,,,,
patriot viper xtreme 5 32 gb,134.99,,,,,,Patriot,RAM,2025,,,"5,8200","2,16",38.0,9.268,,,,
teamgroup t-force delta rgb 32 gb,136.69,,,,,,TEAMGROUP,RAM,2025,,,"4,3600","2,16",18.0,10.0,,,,
g.skill ripjaws v 16 gb,45.99,,,,,,G.Skill,RAM,2025,,,"4,3600","2,8",18.0,10.0,,,,
g.skill trident z neo 32 gb,99.99,,,,,,G.Skill,RAM,2025,,,"4,3600","2,16",16.0,8.889,,,,
timetec pinnacle konduit 32 gb,59.99,,,,,,Timetec,RAM,2025,,,"4,3200","2,16",16.0,10.0,,,,
patriot viper venom rgb 32 gb,90.99,,,,,,Patriot,RAM,2025,,,"5,6000","2,16",30.0,10.0,,,,
kingston fury beast 128 gb,402.99,,,,,,Kingston,RAM,2025,,,"5,5600","4,32",40.0,14.286,,,,
corsair vengeance 48 gb,179.99,,,,,,Corsair,RAM,2025,,,"5,6000","2,24",30.0,10.0,,,,
kingston fury beast 16 gb,64.99,,,,,,Kingston,RAM,2025,,,"5,5600","2,8",36.0,12.857,,,,
g.skill trident z5 royal neo rgb 96 gb,449.99,,,,,,G.Skill,RAM,2025,,,"5,6000","2,48",28.0,9.333,,,,
teamgroup t-force delta rgb 32 gb,107.99,,,,,,TEAMGROUP,RAM,2025,,,"5,6400","2,16",32.0,10.0,,,,
g.skill ripjaws s5 96 gb,284.99,,,,,,G.Skill,RAM,2025,,,"5,6400","2,48",32.0,10.0,,,,
teamgroup t-force delta rgb 32 gb,74.94,,,,,,TEAMGROUP,RAM,2025,,,"4,3200","2,16",16.0,10.0,,,,
g.skill trident z5 rgb 32 gb,95.98,,,,,,G.Skill,RAM,2025,,,"5,6000","2,16",36.0,12.0,,,,
silicon power sp016gblfu320b22 16 gb,39.97,,,,,,Silicon,RAM,2025,,,"4,3200","2,8",22.0,13.75,,,,
g.skill trident z5 neo rgb 32 gb,134.99,,,,,,G.Skill,RAM,2025,,,"5,6400","2,16",30.0,9.375,,,,
g.skill ripjaws s5 32 gb,99.99,,,,,,G.Skill,RAM,2025,,,"5,5600","2,16",28.0,10.0,,,,
corsair vengeance lpx 64 gb,128.99,,,,,,Corsair,RAM,2025,,,"4,3600","2,32",18.0,10.0,,,,
patriot viper venom 32 gb,114.99,,,,,,Patriot,RAM,2025,,,"5,7000","2,16",32.0,9.143,,,,
teamgroup t-force delta rgb 32 gb,107.99,,,,,,TEAMGROUP,RAM,2025,,,"5,6400","2,16",32.0,10.0,,,,
g.skill aegis 32 gb,69.98,,,,,,G.Skill,RAM,2025,,,"4,3200","2,16",16.0,10.0,,,,
teamgroup t-create expert 32 gb,89.99,,,,,,TEAMGROUP,RAM,2025,,,"5,6400","2,16",32.0,10.0,,,,
kingston fury beast rgb 64 gb,239.99,,,,,,Kingston,RAM,2025,,,"5,6000","2,32",30.0,10.0,,,,
lexar thor oc 32 gb,104.99,,,,,,Lexar,RAM,2025,,,"5,6000","2,16",32.0,10.667,,,,
silicon power xpower zenith rgb gaming 64 gb,169.99,,,,,,Silicon,RAM,2025,,,"5,6000","2,32",30.0,10.0,,,,
corsair vengeance 64 gb,219.99,,,,,,Corsair,RAM,2025,,,"5,6000","2,32",30.0,10.0,,,,
teamgroup t-create expert 64 gb,176.99,,,,,,TEAMGROUP,RAM,2025,,,"5,6000","2,32",34.0,11.333,,,,
corsair vengeance rgb 32 gb,144.99,,,,,,Corsair,RAM,2025,,,"5,6000","2,16",30.0,10.0,,,,
kingston fury beast 128 gb,339.99,,,,,,Kingston,RAM,2025,,,"5,5600","2,64",36.0,12.857,,,,
patriot viper venom 16 gb,49.99,,,,,,Patriot,RAM,2025,,,"5,6400","2,8",32.0,10.0,,,,
timetec pinnacle konduit 16 gb,31.99,,,,,,Timetec,RAM,2025,,,"4,3200","2,8",16.0,10.0,,,,
g.skill trident z5 rgb 64 gb,159.99,,,,,,G.Skill,RAM,2025,,,"5,6000","2,32",36.0,12.0,,,,
corsair dominator titanium 64 gb,299.99,,,,,,Corsair,RAM,2025,,,"5,6000","2,32",30.0,10.0,,,,
patriot viper venom 16 gb,48.99,,,,,,Patriot,RAM,2025,,,"5,6000","1,16",30.0,10.0,,,,
silicon power xpower zenith rgb gaming 32 gb,99.99,,,,,,Silicon,RAM,2025,,,"5,6000","2,16",30.0,10.0,,,,
corsair vengeance rgb 64 gb,244.99,,,,,,Corsair,RAM,2025,,,"5,6400","2,32",32.0,10.0,,,,
corsair vengeance 64 gb,149.99,,,,,,Corsair,RAM,2025,,,"5,5600","2,32",40.0,14.286,,,,
g.skill trident z rgb 32 gb,105.53,,,,,,G.Skill,RAM,2025,,,"4,3200","2,16",16.0,10.0,,,,
kingston kcp424ns6/4 4 gb,9.99,,,,,,Kingston,RAM,2025,,,"4,2400","1,4",17.0,14.167,,,,
g.skill trident z5 royal 48 gb,279.99,,,,,,G.Skill,RAM,2025,,,"5,8400","2,24",40.0,9.524,,,,
corsair vengeance lpx 32 gb,85.88,,,,,,Corsair,RAM,2025,,,"4,3600","2,16",16.0,8.889,,,,
g.skill trident z5 rgb 48 gb,214.99,,,,,,G.Skill,RAM,2025,,,"5,8000","2,24",40.0,10.0,,,,
corsair vengeance 128 gb,540.99,,,,,,Corsair,RAM,2025,,,"5,5600","4,32",40.0,14.286,,,,
kingston fury beast rgb 128 gb,399.99,,,,,,Kingston,RAM,2025,,,"5,5200","4,32",40.0,15.385,,,,
g.skill flare x5 32 gb,104.99,,,,,,G.Skill,RAM,2025,,,"5,6000","2,16",32.0,10.667,,,,
teamgroup elite 32 gb,78.98,,,,,,TEAMGROUP,RAM,2025,,,"4,3200","2,16",22.0,13.75,,,,
teamgroup t-force delta rgb 32 gb,89.99,,,,,,TEAMGROUP,RAM,2025,,,"5,6000","2,16",38.0,12.667,,,,
adata xpg spectrix d35g rgb 16 gb,54.99,,,,,,ADATA,RAM,2025,,,"4,3200","2,8",16.0,10.0,,,,
crucial pro 32 gb,94.99,,,,,,Crucial,RAM,2025,,,"5,6400","2,16",38.0,11.875,,,,
g.skill trident z rgb 64 gb,149.99,,,,,,G.Skill,RAM,2025,,,"4,3600","2,32",18.0,10.0,,,,
teamgroup t-force vulcan z 16 gb,38.99,,,,,,TEAMGROUP,RAM,2025,,,"4,3200","2,8",16.0,10.0,,,,
patriot viper venom 64 gb,159.99,,,,,,Patriot,RAM,2025,,,"5,6000","2,32",36.0,12.0,,,,
corsair vengeance rgb 32 gb,121.99,,,,,,Corsair,RAM,2025,,,"5,6000","2,16",40.0,13.333,,,,
crucial ct51264ba160b 4 gb,10.29,,,,,,Crucial,RAM,2025,,,"3,1600","1,4",11.0,13.75,,,,
corsair vengeance lpx 16 gb,85.99,,,,,,Corsair,RAM,2025,,,"4,3000","2,8",15.0,10.0,,,,
silicon power xpower turbine 32 gb,60.99,,,,,,Silicon,RAM,2025,,,"4,3200","2,16",16.0,10.0,,,,
teamgroup t-force delta rgb 16 gb,77.99,,,,,,TEAMGROUP,RAM,2025,,,"5,6000","2,8",38.0,12.667,,,,
corsair dominator titanium 64 gb,319.99,,,,,,Corsair,RAM,2025,,,"5,6000","2,32",30.0,10.0,,,,
g.skill ripjaws s5 32 gb,109.99,,,,,,G.Skill,RAM,2025,,,"5,6400","2,16",32.0,10.0,,,,
g.skill flare x5 96 gb,184.99,,,,,,G.Skill,RAM,2025,,,"5,5200","2,48",40.0,15.385,,,,
klevv bolt v 32 gb,93.99,,,,,,Klevv,RAM,2025,,,"5,6000","2,16",30.0,10.0,,,,
g.skill ripjaws m5 neo rgb 32 gb,94.99,,,,,,G.Skill,RAM,2025,,,"5,6000","2,16",36.0,12.0,,,,
corsair vengeance rgb 32 gb,117.99,,,,,,Corsair,RAM,2025,,,"5,6400","2,16",32.0,10.0,,,,
corsair vengeance 32 gb,135.99,,,,,,Corsair,RAM,2025,,,"5,6000","2,16",28.0,9.333,,,,
teamgroup vulcan z 16 gb,42.99,,,,,,TEAMGROUP,RAM,2025,,,"4,3600","2,8",18.0,10.0,,,,
silicon power gaming 16 gb,37.97,,,,,,Silicon,RAM,2025,,,"4,3600","2,8",18.0,10.0,,,,
teamgroup t-create expert 96 gb,291.99,,,,,,TEAMGROUP,RAM,2025,,,"5,6400","2,48",32.0,10.0,,,,
g.skill ripjaws s5 32 gb,84.99,,,,,,G.Skill,RAM,2025,,,"5,5200","2,16",40.0,15.385,,,,
corsair vengeance rgb 64 gb,184.99,,,,,,Corsair,RAM,2025,,,"5,6000","2,32",40.0,13.333,,,,
teamgroup t-create expert 32 gb,110.99,,,,,,TEAMGROUP,RAM,2025,,,"5,7200","2,16",34.0,9.444,,,,
corsair vengeance 96 gb,329.99,,,,,,Corsair,RAM,2025,,,"5,6400","2,48",32.0,10.0,,,,
patriot signature line 16 gb,34.99,,,,,,Patriot,RAM,2025,,,"5,4800","1,16",40.0,16.667,,,,
corsair vengeance rgb 64 gb,277.99,,,,,,Corsair,RAM,2025,,,"5,6400","2,32",32.0,10.0,,,,
crucial ct2k64g56c46u5 128 gb,279.99,,,,,,Crucial,RAM,2025,,,"5,5600","2,64",46.0,16.429,,,,
g.skill trident z rgb 16 gb,54.99,,,,,,G.Skill,RAM,2025,,,"4,3200","2,8",16.0,10.0,,,,
teamgroup t-force delta rgb 32 gb,89.99,,,,,,TEAMGROUP,RAM,2025,,,"5,6400","2,16",40.0,12.5,,,,
silicon power xpower zenith gaming 64 gb,164.99,,,,,,Silicon,RAM,2025,,,"5,6000","2,32",30.0,10.0,,,,
kingston fury beast rgb 128 gb,349.99,,,,,,Kingston,RAM,2025,,,"5,5600","2,64",36.0,12.857,,,,
patriot viper venom 16 gb,48.99,,,,,,Patriot,RAM,2025,,,"5,6000","2,8",36.0,12.0,,,,
corsair vengeance rgb pro 32 gb,128.99,,,,,,Corsair,RAM,2025,,,"4,3200","4,8",16.0,10.0,,,,
g.skill ripjaws m5 rgb 32 gb,114.99,,,,,,G.Skill,RAM,2025,,,"5,6000","2,16",30.0,10.0,,,,
kingston fury beast 16 gb,74.54,,,,,,Kingston,RAM,2025,,,"4,3200","1,16",16.0,10.0,,,,
g.skill flare x5 96 gb,329.99,,,,,,G.Skill,RAM,2025,,,"5,6000","2,48",30.0,10.0,,,,
kingston fury beast 32 gb,93.99,,,,,,Kingston,RAM,2025,,,"5,5200","2,16",40.0,15.385,,,,
patriot viper venom 32 gb,83.99,,,,,,Patriot,RAM,2025,,,"5,5600","2,16",36.0,12.857,,,,
silicon power xpower storm rgb 32 gb,94.97,,,,,,Silicon,RAM,2025,,,"5,6400","2,16",32.0,10.0,,,,
corsair vengeance lpx 16 gb,48.99,,,,,,Corsair,RAM,2025,,,"4,3600","2,8",16.0,8.889,,,,
corsair dominator platinum rgb 64 gb,377.99,,,,,,Corsair,RAM,2025,,,"5,6600","4,16",32.0,9.697,,,,
silicon power xpower storm rgb 32 gb,85.99,,,,,,Silicon,RAM,2025,,,"5,6000","2,16",36.0,12.0,,,,
teamgroup elite 16 gb,48.99,,,,,,TEAMGROUP,RAM,2025,,,"4,3200","2,8",22.0,13.75,,,,
klevv bolt x 32 gb,80.98,,,,,,Klevv,RAM,2025,,,"4,3600","2,16",18.0,10.0,,,,
crucial classic 64 gb,130.99,,,,,,Crucial,RAM,2025,,,"5,5600","2,32",46.0,16.429,,,,
corsair vengeance rgb 32 gb,94.99,,,,,,Corsair,RAM,2025,,,"5,6000","2,16",36.0,12.0,,,,
teamgroup t-create expert 16 gb,45.99,,,,,,TEAMGROUP,RAM,2025,,,"4,3200","2,8",16.0,10.0,,,,
klevv bolt x 16 gb,47.99,,,,,,Klevv,RAM,2025,,,"4,3600","2,8",18.0,10.0,,,,
corsair vengeance 32 gb,94.99,,,,,,Corsair,RAM,2025,,,"5,4800","2,16",40.0,16.667,,,,
g.skill aegis 16 gb,36.99,,,,,,G.Skill,RAM,2025,,,"4,3000","2,8",16.0,10.667,,,,
teamgroup elite 32 gb,75.98,,,,,,TEAMGROUP,RAM,2025,,,"5,5600","2,16",46.0,16.429,,,,
corsair vengeance 32 gb,89.99,,,,,,Corsair,RAM,2025,,,"5,5600","2,16",40.0,14.286,,,,
patriot viper venom rgb 32 gb,84.99,,,,,,Patriot,RAM,2025,,,"5,6000","2,16",36.0,12.0,,,,
timetec pinnacle konduit 16 gb,33.99,,,,,,Timetec,RAM,2025,,,"4,3600","2,8",18.0,10.0,,,,
patriot viper 4 blackout 64 gb,1203.86,,,,,,Patriot,RAM,2025,,,"4,3000","2,32",16.0,10.667,,,,
crucial ct64g4yfq426s 64 gb,649.95,,,,,,Crucial,RAM,2025,,,"4,2666","1,64",19.0,14.254,,,,
g.skill ripjaws s5 64 gb,192.99,,,,,,G.Skill,RAM,2025,,,"5,6000","2,32",30.0,10.0,,,,
corsair vengeance rgb 32 gb,121.99,,,,,,Corsair,RAM,2025,,,"5,5600","2,16",40.0,14.286,,,,
teamgroup t-force delta rgb 32 gb,89.99,,,,,,TEAMGROUP,RAM,2025,,,"5,6400","2,16",40.0,12.5,,,,
crucial ct64g56c46u5 64 gb,156.99,,,,,,Crucial,RAM,2025,,,"5,5600","1,64",46.0,16.429,,,,
teamgroup t-force deltaα rgb 16 gb,69.99,,,,,,TEAMGROUP,RAM,2025,,,"5,6000","2,8",38.0,12.667,,,,
g.skill ripjaws v 32 gb,99.99,,,,,,G.Skill,RAM,2025,,,"4,4000","2,16",18.0,9.0,,,,
teamgroup t-force delta rgb 64 gb,184.99,,,,,,TEAMGROUP,RAM,2025,,,"5,6000","2,32",38.0,12.667,,,,
klevv kd5agu880-56k300f 32 gb,80.98,,,,,,Klevv,RAM,2025,,,"5,5600","2,16",30.0,10.714,,,,
crucial ct8g48c40u5 8 gb,24.98,,,,,,Crucial,RAM,2025,,,"5,4800","1,8",40.0,16.667,,,,
acer predator vesta ii rgb 32 gb,143.8,,,,,,Acer,RAM,2025,,,"5,6000","2,16",30.0,10.0,,,,
silicon power xpower zenith rgb gaming 32 gb,67.99,,,,,,Silicon,RAM,2025,,,"4,3600","2,16",18.0,10.0,,,,
kingston fury beast rgb 32 gb,160.05,,,,,,Kingston,RAM,2025,,,"4,3600","2,16",18.0,10.0,,,,
teamgroup t-force delta rgb 32 gb,124.99,,,,,,TEAMGROUP,RAM,2025,,,"5,6000","2,16",28.0,9.333,,,,
corsair vengeance 96 gb,354.99,,,,,,Corsair,RAM,2025,,,"5,6000","2,48",30.0,10.0,,,,
lexar ares rgb 32 gb,117.99,,,,,,Lexar,RAM,2025,,,"5,6400","2,16",32.0,10.0,,,,
g.skill flare x5 128 gb,399.99,,,,,,G.Skill,RAM,2025,,,"5,6000","2,64",34.0,11.333,,,,
crucial pro 96 gb,209.99,,,,,,Crucial,RAM,2025,,,"5,5600","2,48",46.0,16.429,,,,
corsair vengeance rgb pro 16 gb,103.99,,,,,,Corsair,RAM,2025,,,"4,3600","2,8",18.0,10.0,,,,
g.skill trident z5 rgb 96 gb,339.99,,,,,,G.Skill,RAM,2025,,,"5,6800","2,48",34.0,10.0,,,,
pny xlr8 16 gb,31.99,,,,,,PNY,RAM,2025,,,"4,3200","2,8",16.0,10.0,,,,
patriot viper steel 16 gb,51.99,,,,,,Patriot,RAM,2025,,,"4,3600","2,8",17.0,9.444,,,,
crucial ct2k8g4dfs824a 16 gb,31.35,,,,,,Crucial,RAM,2025,,,"4,2400","2,8",17.0,14.167,,,,
kingston fury beast rgb 64 gb,496.01,,,,,,Kingston,RAM,2025,,,"5,6400","2,32",32.0,10.0,,,,
teamgroup t-force delta rgb 16 gb,49.99,,,,,,TEAMGROUP,RAM,2025,,,"4,3200","2,8",16.0,10.0,,,,
teamgroup t-create expert 48 gb,145.99,,,,,,TEAMGROUP,RAM,2025,,,"5,6400","2,24",32.0,10.0,,,,
crucial classic 8 gb,21.99,,,,,,Crucial,RAM,2025,,,"5,5600","1,8",46.0,16.429,,,,
corsair vengeance lpx 256 gb,703.75,,,,,,Corsair,RAM,2025,,,"4,3200","8,32",16.0,10.0,,,,
crucial ct8g4dfra32a 8 gb,25.72,,,,,,Crucial,RAM,2025,,,"4,3200","1,8",22.0,13.75,,,,
g.skill trident z5 neo rgb 64 gb,349.99,,,,,,G.Skill,RAM,2025,,,"5,6000","2,32",26.0,8.667,,,,
g.skill trident z rgb 32 gb,79.0,,,,,,G.Skill,RAM,2025,,,"4,3200","4,8",16.0,10.0,,,,
patriot viper 3 16 gb,25.99,,,,,,Patriot,RAM,2025,,,"3,1866","2,8",10.0,10.718,,,,
patriot viper venom 32 gb,94.99,,,,,,Patriot,RAM,2025,,,"5,6000","1,32",30.0,10.0,,,,
corsair dominator titanium 64 gb,377.99,,,,,,Corsair,RAM,2025,,,"5,6400","4,16",32.0,10.0,,,,
corsair dominator platinum rgb 32 gb,172.99,,,,,,Corsair,RAM,2025,,,"5,6200","2,16",36.0,11.613,,,,
teamgroup t-create expert 64 gb,180.99,,,,,,TEAMGROUP,RAM,2025,,,"5,6400","2,32",34.0,10.625,,,,
teamgroup elite 16 gb,48.99,,,,,,TEAMGROUP,RAM,2025,,,"4,3200","1,16",22.0,13.75,,,,
teamgroup t-force delta rgb 32 gb,92.99,,,,,,TEAMGROUP,RAM,2025,,,"5,6000","2,16",38.0,12.667,,,,
corsair vengeance lpx 32 gb,80.95,,,,,,Corsair,RAM,2025,,,"4,3200","2,16",16.0,10.0,,,,
crucial ballistix max 16 gb,995.0,,,,,,Crucial,RAM,2025,,,"4,5100","2,8",19.0,7.451,,,,
g.skill ripjaws s5 64 gb,189.99,,,,,,G.Skill,RAM,2025,,,"5,5600","2,32",28.0,10.0,,,,
g.skill trident z5 royal neo rgb 96 gb,449.99,,,,,,G.Skill,RAM,2025,,,"5,6000","2,48",28.0,9.333,,,,
crucial ct2k16g56c46u5 32 gb,77.98,,,,,,Crucial,RAM,2025,,,"5,5600","2,16",46.0,16.429,,,,
teamgroup t-create expert 32 gb,65.98,,,,,,TEAMGROUP,RAM,2025,,,"4,3600","2,16",18.0,10.0,,,,
corsair vengeance lpx 128 gb,315.9,,,,,,Corsair,RAM,2025,,,"4,3200","4,32",16.0,10.0,,,,
g.skill trident z5 rgb 32 gb,142.99,,,,,,G.Skill,RAM,2025,,,"5,7600","2,16",36.0,9.474,,,,
corsair vengeance lpx 32 gb,119.99,,,,,,Corsair,RAM,2025,,,"4,2133","2,16",13.0,12.189,,,,
samsung m378a2k43cb1-ctd 16 gb,29.0,,,,,,Samsung,RAM,2025,,,"4,2666","1,16",19.0,14.254,,,,
kingston fury beast 32 gb,129.58,,,,,,Kingston,RAM,2025,,,"5,6000","2,16",30.0,10.0,,,,
g.skill trident z5 rgb 48 gb,259.99,,,,,,G.Skill,RAM,2025,,,"5,8400","2,24",40.0,9.524,,,,
corsair vengeance rgb 32 gb,102.99,,,,,,Corsair,RAM,2025,,,"5,5200","2,16",40.0,15.385,,,,
g.skill ripjaws s5 64 gb,242.99,,,,,,G.Skill,RAM,2025,,,"5,6800","2,32",34.0,10.0,,,,
patriot viper venom 16 gb,53.99,,,,,,Patriot,RAM,2025,,,"5,5600","2,8",40.0,14.286,,,,
adata xpg spectrix d35g rgb 32 gb,99.99,,,,,,ADATA,RAM,2025,,,"4,3200","2,16",16.0,10.0,,,,
g.skill trident z5 royal neo rgb 32 gb,149.99,,,,,,G.Skill,RAM,2025,,,"5,6400","2,16",30.0,9.375,,,,
g.skill trident z5 rgb 32 gb,164.99,,,,,,G.Skill,RAM,2025,,,"5,8000","2,16",38.0,9.5,,,,
g.skill ripjaws m5 neo rgb 32 gb,94.99,,,,,,G.Skill,RAM,2025,,,"5,6000","2,16",36.0,12.0,,,,
corsair dominator titanium 64 gb,319.99,,,,,,Corsair,RAM,2025,,,"5,6000","2,32",30.0,10.0,,,,
g.skill trident z5 rgb 64 gb,219.99,,,,,,G.Skill,RAM,2025,,,"5,6000","2,32",30.0,10.0,,,,
samsung m378a1k43cb2-crc 8 gb,23.08,,,,,,Samsung,RAM,2025,,,"4,2400","1,8",17.0,14.167,,,,
kingston server premier 64 gb,229.99,,,,,,Kingston,RAM,2025,,,"4,3200","1,64",22.0,13.75,,,,
g.skill flare x5 32 gb,127.99,,,,,,G.Skill,RAM,2025,,,"5,6000","2,16",28.0,9.333,,,,
corsair vengeance 64 gb,218.99,,,,,,Corsair,RAM,2025,,,"5,5600","4,16",36.0,12.857,,,,
kingston fury beast 16 gb,73.36,,,,,,Kingston,RAM,2025,,,"5,6000","2,8",36.0,12.0,,,,
g.skill trident z5 neo rgb 32 gb,139.99,,,,,,G.Skill,RAM,2025,,,"5,6000","2,16",30.0,10.0,,,,
corsair vengeance 32 gb,104.99,,,,,,Corsair,RAM,2025,,,"5,6400","2,16",36.0,11.25,,,,
g.skill trident z5 neo rgb 64 gb,254.99,,,,,,G.Skill,RAM,2025,,,"5,6000","2,32",28.0,9.333,,,,
kingston fury beast rgb 64 gb,523.82,,,,,,Kingston,RAM,2025,,,"5,6400","2,32",32.0,10.0,,,,
teamgroup t-force delta rgb 32 gb,124.99,,,,,,TEAMGROUP,RAM,2025,,,"5,6000","2,16",28.0,9.333,,,,
g.skill ripjaws m5 rgb 48 gb,109.99,,,,,,G.Skill,RAM,2025,,,"5,5200","2,24",40.0,15.385,,,,
corsair vengeance 64 gb,285.0,,,,,,Corsair,RAM,2025,,,"5,6600","2,32",32.0,9.697,,,,
corsair vengeance lpx 16 gb,45.99,,,,,,Corsair,RAM,2025,,,"4,3200","2,8",16.0,10.0,,,,
g.skill ripjaws s5 32 gb,109.99,,,,,,G.Skill,RAM,2025,,,"5,6000","2,16",30.0,10.0,,,,
teamgroup t-create expert 64 gb,180.99,,,,,,TEAMGROUP,RAM,2025,,,"5,6400","2,32",34.0,10.625,,,,
corsair vengeance lpx 16 gb,47.99,,,,,,Corsair,RAM,2025,,,"4,2666","2,8",16.0,12.003,,,,
corsair dominator titanium 64 gb,377.99,,,,,,Corsair,RAM,2025,,,"5,6400","4,16",32.0,10.0,,,,
g.skill flare x5 64 gb,234.99,,,,,,G.Skill,RAM,2025,,,"5,6000","2,32",28.0,9.333,,,,
patriot viper steel 64 gb,126.86,,,,,,Patriot,RAM,2025,,,"4,3200","2,32",16.0,10.0,,,,
g.skill ripjaws m5 rgb 96 gb,179.99,,,,,,G.Skill,RAM,2025,,,"5,5200","2,48",40.0,15.385,,,,
corsair vengeance 16 gb,58.98,,,,,,Corsair,RAM,2025,,,"5,5200","1,16",40.0,15.385,,,,
g.skill trident z5 rgb 32 gb,119.99,,,,,,G.Skill,RAM,2025,,,"5,6000","2,16",30.0,10.0,,,,
kingston fury beast rgb 16 gb,56.0,,,,,,Kingston,RAM,2025,,,"4,3600","2,8",17.0,9.444,,,,
g.skill ripjaws m5 neo rgb 32 gb,88.98,,,,,,G.Skill,RAM,2025,,,"5,6000","2,16",36.0,12.0,,,,
corsair vengeance 16 gb,75.98,,,,,,Corsair,RAM,2025,,,"3,1600","2,8",9.0,11.25,,,,
corsair vengeance rgb 32 gb,119.99,,,,,,Corsair,RAM,2025,,,"5,6400","2,16",36.0,11.25,,,,
g.skill trident z rgb 128 gb,329.99,,,,,,G.Skill,RAM,2025,,,"4,3600","4,32",18.0,10.0,,,,
kingston fury beast 32 gb,149.0,,,,,,Kingston,RAM,2025,,,"4,3600","2,16",18.0,10.0,,,,
g.skill trident z rgb 32 gb,89.99,,,,,,G.Skill,RAM,2025,,,"4,4000","2,16",18.0,9.0,,,,
teamgroup t-create classic 32 gb,54.99,,,,,,TEAMGROUP,RAM,2025,,,"4,3200","2,16",22.0,13.75,,,,
kingston fury 128 gb,427.99,,,,,,Kingston,RAM,2025,,,"5,5600","4,32",40.0,14.286,,,,
teamgroup t-force delta rgb 32 gb,119.99,,,,,,TEAMGROUP,RAM,2025,,,"5,7200","2,16",34.0,9.444,,,,
pny xlr8 gaming rgb 32 gb,89.99,,,,,,PNY,RAM,2025,,,"5,6400","2,16",36.0,11.25,,,,
teamgroup t-create expert 32 gb,72.99,,,,,,TEAMGROUP,RAM,2025,,,"5,5600","2,16",38.0,13.571,,,,
kingston fury beast 32 gb,101.99,,,,,,Kingston,RAM,2025,,,"5,5600","2,16",40.0,14.286,,,,
g.skill ripjaws v 8 gb,69.98,,,,,,G.Skill,RAM,2025,,,"4,2400","1,8",15.0,12.5,,,,
g.skill trident z rgb 96 gb,349.99,,,,,,G.Skill,RAM,2025,,,"5,6400","2,48",32.0,10.0,,,,
corsair vengeance lpx 16 gb,89.99,,,,,,Corsair,RAM,2025,,,"4,3200","2,8",16.0,10.0,,,,
crucial ct16g56c46u5 16 gb,40.99,,,,,,Crucial,RAM,2025,,,"5,5600","1,16",46.0,16.429,,,,
teamgroup t-force vulcan 32 gb,79.99,,,,,,TEAMGROUP,RAM,2025,,,"5,5200","2,16",40.0,15.385,,,,
g.skill trident z5 neo 128 gb,419.99,,,,,,G.Skill,RAM,2025,,,"5,6000","2,64",34.0,11.333,,,,
patriot viper xtreme 5 48 gb,166.99,,,,,,Patriot,RAM,2025,,,"5,8200","2,24",38.0,9.268,,,,
crucial ct16g4dfra32a 16 gb,51.73,,,,,,Crucial,RAM,2025,,,"4,3200","1,16",22.0,13.75,,,,
corsair vengeance rgb pro 64 gb,985.37,,,,,,Corsair,RAM,2025,,,"4,3200","4,16",16.0,10.0,,,,
patriot signature 8 gb,18.98,,,,,,Patriot,RAM,2025,,,"3,1600","1,8",11.0,13.75,,,,
g.skill ripjaws s5 64 gb,229.99,,,,,,G.Skill,RAM,2025,,,"5,6400","2,32",32.0,10.0,,,,
patriot viper steel 32 gb,64.99,,,,,,Patriot,RAM,2025,,,"4,3600","2,16",18.0,10.0,,,,
kingston fury beast 16 gb,55.79,,,,,,Kingston,RAM,2025,,,"5,5200","2,8",36.0,13.846,,,,
crucial ct2k32g48c40u5 64 gb,168.99,,,,,,Crucial,RAM,2025,,,"5,4800","2,32",40.0,16.667,,,,
corsair vengeance rgb 32 gb,114.99,,,,,,Corsair,RAM,2025,,,"5,5600","2,16",40.0,14.286,,,,
g.skill trident z rgb 256 gb,693.05,,,,,,G.Skill,RAM,2025,,,"4,3600","8,32",16.0,8.889,,,,
teamgroup t-create expert 32 gb,81.99,,,,,,TEAMGROUP,RAM,2025,,,"5,5600","2,16",38.0,13.571,,,,
g.skill trident z rgb 128 gb,464.43,,,,,,G.Skill,RAM,2025,,,"4,4000","4,32",18.0,9.0,,,,
patriot viper venom 64 gb,149.99,,,,,,Patriot,RAM,2025,,,"5,5600","2,32",36.0,12.857,,,,
pny xlr8 16 gb,32.99,,,,,,PNY,RAM,2025,,,"4,3600","2,8",18.0,10.0,,,,
corsair vengeance rgb pro 64 gb,511.0,,,,,,Corsair,RAM,2025,,,"4,3200","2,32",16.0,10.0,,,,
corsair dominator platinum rgb 32 gb,172.99,,,,,,Corsair,RAM,2025,,,"5,6200","2,16",36.0,11.613,,,,
teamgroup t-force deltaα rgb 16 gb,77.99,,,,,,TEAMGROUP,RAM,2025,,,"5,6000","2,8",38.0,12.667,,,,
g.skill trident z5 royal 48 gb,297.99,,,,,,G.Skill,RAM,2025,,,"5,8400","2,24",40.0,9.524,,,,
g.skill trident z5 neo rgb 32 gb,99.99,,,,,,G.Skill,RAM,2025,,,"5,6000","2,16",36.0,12.0,,,,
oloy md4u083016bjda 16 gb,34.99,,,,,,OLOy,RAM,2025,,,"4,3000","2,8",16.0,10.667,,,,
kingston fury beast rgb 32 gb,137.73,,,,,,Kingston,RAM,2025,,,"5,5600","2,16",36.0,12.857,,,,
g.skill trident z neo 16 gb,64.98,,,,,,G.Skill,RAM,2025,,,"4,3600","2,8",16.0,8.889,,,,
kingston fury beast rgb 16 gb,72.69,,,,,,Kingston,RAM,2025,,,"5,5600","2,8",40.0,14.286,,,,
g.skill trident z5 neo rgb 32 gb,136.99,,,,,,G.Skill,RAM,2025,,,"5,6400","2,16",30.0,9.375,,,,
teamgroup t-force delta rgb 16 gb,46.99,,,,,,TEAMGROUP,RAM,2025,,,"4,3200","2,8",16.0,10.0,,,,
g.skill trident z5 neo rgb 32 gb,139.99,,,,,,G.Skill,RAM,2025,,,"5,6000","2,16",28.0,9.333,,,,
silicon power xpower storm rgb 32 gb,83.99,,,,,,Silicon,RAM,2025,,,"5,6000","2,16",36.0,12.0,,,,
teamgroup t-create expert 16 gb,40.99,,,,,,TEAMGROUP,RAM,2025,,,"4,3600","2,8",18.0,10.0,,,,
kingston fury beast rgb 16 gb,78.98,,,,,,Kingston,RAM,2025,,,"5,6000","2,8",30.0,10.0,,,,
g.skill ripjaws s5 32 gb,104.99,,,,,,G.Skill,RAM,2025,,,"5,6000","2,16",30.0,10.0,,,,
teamgroup t-create expert 32 gb,89.99,,,,,,TEAMGROUP,RAM,2025,,,"5,6400","2,16",32.0,10.0,,,,
corsair dominator titanium 48 gb,258.99,,,,,,Corsair,RAM,2025,,,"5,7600","2,24",36.0,9.474,,,,
patriot viper venom 32 gb,89.99,,,,,,Patriot,RAM,2025,,,"5,6200","2,16",40.0,12.903,,,,
pny xlr8 gaming epic-x rgb 16 gb,43.99,,,,,,PNY,RAM,2025,,,"4,3200","2,8",16.0,10.0,,,,
corsair vengeance rgb pro sl 32 gb,109.99,,,,,,Corsair,RAM,2025,,,"4,3600","2,16",18.0,10.0,,,,
silicon power xpower zenith rgb gaming 64 gb,169.99,,,,,,Silicon,RAM,2025,,,"5,6000","2,32",30.0,10.0,,,,
corsair vengeance 32 gb,96.99,,,,,,Corsair,RAM,2025,,,"5,5200","2,16",40.0,15.385,,,,
g.skill trident z rgb 256 gb,899.0,,,,,,G.Skill,RAM,2025,,,"4,2666","8,32",18.0,13.503,,,,
kingston fury beast 16 gb,49.0,,,,,,Kingston,RAM,2025,,,"4,3600","2,8",17.0,9.444,,,,
corsair vengeance 32 gb,82.99,,,,,,Corsair,RAM,2025,,,"5,5200","1,32",40.0,15.385,,,,
teamgroup t-force delta rgb 32 gb,92.99,,,,,,TEAMGROUP,RAM,2025,,,"5,6000","2,16",38.0,12.667,,,,
silicon power xpower zenith rgb gaming 16 gb,39.97,,,,,,Silicon,RAM,2025,,,"4,3600","2,8",18.0,10.0,,,,
adata xpg spectrix d50 16 gb,69.98,,,,,,ADATA,RAM,2025,,,"4,3200","2,8",16.0,10.0,,,,
crucial ct32g56c46u5 32 gb,70.29,,,,,,Crucial,RAM,2025,,,"5,5600","1,32",46.0,16.429,,,,
g.skill ripjaws x 16 gb,36.99,,,,,,G.Skill,RAM,2025,,,"3,1600","2,8",10.0,12.5,,,,
g.skill trident z5 neo rgb 48 gb,179.99,,,,,,G.Skill,RAM,2025,,,"5,6400","2,24",32.0,10.0,,,,
g.skill ripjaws m5 rgb 64 gb,214.99,,,,,,G.Skill,RAM,2025,,,"5,6000","2,32",30.0,10.0,,,,
kingston fury beast 64 gb,203.0,,,,,,Kingston,RAM,2025,,,"5,5600","2,32",36.0,12.857,,,,
kingston fury beast 16 gb,49.99,,,,,,Kingston,RAM,2025,,,"5,5200","1,16",40.0,15.385,,,,
corsair vengeance lpx 32 gb,109.99,,,,,,Corsair,RAM,2025,,,"4,3600","4,8",18.0,10.0,,,,
crucial pro 48 gb,123.99,,,,,,Crucial,RAM,2025,,,"5,6000","2,24",48.0,16.0,,,,
teamgroup t-force vulcan 32 gb,94.49,,,,,,TEAMGROUP,RAM,2025,,,"5,6400","2,16",32.0,10.0,,,,
g.skill ripjaws v 64 gb,157.99,,,,,,G.Skill,RAM,2025,,,"4,3600","2,32",18.0,10.0,,,,
crucial ct2k16g4dfra32a 32 gb,99.99,,,,,,Crucial,RAM,2025,,,"4,3200","2,16",22.0,13.75,,,,
kingston fury beast 32 gb,131.19,,,,,,Kingston,RAM,2025,,,"5,6000","2,16",30.0,10.0,,,,
teamgroup t-force vulcan z 16 gb,59.0,,,,,,TEAMGROUP,RAM,2025,,,"4,3200","2,8",16.0,10.0,,,,
patriot viper steel 16 gb,43.98,,,,,,Patriot,RAM,2025,,,"4,3200","2,8",16.0,10.0,,,,
g.skill trident z royal 32 gb,99.99,,,,,,G.Skill,RAM,2025,,,"4,3600","2,16",19.0,10.556,,,,
g.skill ripjaws s5 96 gb,309.99,,,,,,G.Skill,RAM,2025,,,"5,6800","2,48",34.0,10.0,,,,
g.skill trident z5 royal 96 gb,319.99,,,,,,G.Skill,RAM,2025,,,"5,6400","2,48",32.0,10.0,,,,
g.skill trident z5 neo rgb 64 gb,169.99,,,,,,G.Skill,RAM,2025,,,"5,6000","2,32",36.0,12.0,,,,
g.skill flare x5 32 gb,84.99,,,,,,G.Skill,RAM,2025,,,"5,5600","2,16",36.0,12.857,,,,
corsair vengeance lpx 16 gb,70.4,,,,,,Corsair,RAM,2025,,,"4,2133","2,8",13.0,12.189,,,,
corsair vengeance rgb 32 gb,140.99,,,,,,Corsair,RAM,2025,,,"5,6200","2,16",36.0,11.613,,,,
corsair vengeance rgb 32 gb,126.71,,,,,,Corsair,RAM,2025,,,"5,7200","2,16",34.0,9.444,,,,
teamgroup elite plus 16 gb,41.99,,,,,,TEAMGROUP,RAM,2025,,,"5,6000","1,16",40.0,13.333,,,,
corsair dominator titanium 96 gb,470.99,,,,,,Corsair,RAM,2025,,,"5,6400","4,24",32.0,10.0,,,,
teamgroup t-create expert 48 gb,139.99,,,,,,TEAMGROUP,RAM,2025,,,"5,6400","2,24",32.0,10.0,,,,
g.skill ripjaws v 16 gb,42.99,,,,,,G.Skill,RAM,2025,,,"4,3200","1,16",16.0,10.0,,,,
g.skill trident z5 neo rgb 32 gb,164.99,,,,,,G.Skill,RAM,2025,,,"5,8000","2,16",38.0,9.5,,,,
patriot viper elite 5 rgb 16 gb,47.99,,,,,,Patriot,RAM,2025,,,"5,6000","1,16",42.0,14.0,,,,
v-color tra564g60d436o 512 gb,3737.49,,,,,,V-Color,RAM,2025,,,"5,6000","8,64",36.0,12.0,,,,
g.skill trident z5 neo rgb 64 gb,249.99,,,,,,G.Skill,RAM,2025,,,"5,6000","2,32",30.0,10.0,,,,
corsair dominator platinum rgb 64 gb,319.99,,,,,,Corsair,RAM,2025,,,"5,6800","2,32",40.0,11.765,,,,
corsair dominator titanium 48 gb,251.99,,,,,,Corsair,RAM,2025,,,"5,7200","2,24",36.0,10.0,,,,
g.skill ripjaws v 64 gb,159.99,,,,,,G.Skill,RAM,2025,,,"4,3200","4,16",16.0,10.0,,,,
g.skill ripjaws m5 rgb 64 gb,229.99,,,,,,G.Skill,RAM,2025,,,"5,6400","2,32",32.0,10.0,,,,
oloy md4u083216bjda 16 gb,44.99,,,,,,OLOy,RAM,2025,,,"4,3200","2,8",16.0,10.0,,,,
kingston fury beast 64 gb,245.63,,,,,,Kingston,RAM,2025,,,"5,6000","2,32",30.0,10.0,,,,
corsair vengeance rgb pro 32 gb,103.99,,,,,,Corsair,RAM,2025,,,"4,3600","2,16",18.0,10.0,,,,
corsair vengeance rgb 48 gb,189.99,,,,,,Corsair,RAM,2025,,,"5,6000","2,24",30.0,10.0,,,,
teamgroup t-create expert 48 gb,168.99,,,,,,TEAMGROUP,RAM,2025,,,"5,7200","2,24",34.0,9.444,,,,
kingston fury beast 32 gb,113.99,,,,,,Kingston,RAM,2025,,,"5,5200","2,16",36.0,13.846,,,,
g.skill ripjaws m5 neo rgb 96 gb,309.99,,,,,,G.Skill,RAM,2025,,,"5,6000","2,48",30.0,10.0,,,,
corsair vengeance rgb 96 gb,358.99,,,,,,Corsair,RAM,2025,,,"5,6600","2,48",32.0,9.697,,,,
g.skill trident z5 rgb 64 gb,239.99,,,,,,G.Skill,RAM,2025,,,"5,6400","2,32",32.0,10.0,,,,
corsair vengeance lpx 16 gb,73.98,,,,,,Corsair,RAM,2025,,,"4,2400","2,8",16.0,13.333,,,,
crucial ct32g48c40u5 32 gb,69.98,,,,,,Crucial,RAM,2025,,,"5,4800","1,32",40.0,16.667,,,,
teamgroup t-force vulcan eco 32 gb,96.99,,,,,,TEAMGROUP,RAM,2025,,,"5,6000","2,16",30.0,10.0,,,,
g.skill aegis 16 gb,33.99,,,,,,G.Skill,RAM,2025,,,"4,3200","1,16",16.0,10.0,,,,
corsair vengeance 64 gb,162.99,,,,,,Corsair,RAM,2025,,,"5,5200","2,32",40.0,15.385,,,,
teamgroup t-force delta rgb 32 gb,129.99,,,,,,TEAMGROUP,RAM,2025,,,"5,7200","2,16",34.0,9.444,,,,
corsair dominator titanium 32 gb,215.99,,,,,,Corsair,RAM,2025,,,"5,7200","2,16",34.0,9.444,,,,
kingston server premier 32 gb,158.72,,,,,,Kingston,RAM,2025,,,"4,3200","1,32",22.0,13.75,,,,
adata xpg lancer rgb 32 gb,149.99,,,,,,ADATA,RAM,2025,,,"5,6400","2,16",32.0,10.0,,,,
g.skill aegis 8 gb,27.64,,,,,,G.Skill,RAM,2025,,,"4,3200","1,8",16.0,10.0,,,,
corsair vengeance 64 gb,190.99,,,,,,Corsair,RAM,2025,,,"5,6000","2,32",38.0,12.667,,,,
g.skill trident z5 royal neo rgb 32 gb,179.99,,,,,,G.Skill,RAM,2025,,,"5,8000","2,16",38.0,9.5,,,,
teamgroup t-force vulcan z 16 gb,38.99,,,,,,TEAMGROUP,RAM,2025,,,"4,3600","2,8",18.0,10.0,,,,
corsair vengeance 32 gb,110.99,,,,,,Corsair,RAM,2025,,,"5,6000","2,16",36.0,12.0,,,,
g.skill ripjaws m5 rgb 64 gb,214.99,,,,,,G.Skill,RAM,2025,,,"5,6000","2,32",30.0,10.0,,,,
corsair dominator titanium 32 gb,179.99,,,,,,Corsair,RAM,2025,,,"5,7200","2,16",34.0,9.444,,,,
kingston fury beast 16 gb,89.65,,,,,,Kingston,RAM,2025,,,"5,6000","1,16",30.0,10.0,,,,
corsair vengeance lpx 64 gb,179.99,,,,,,Corsair,RAM,2025,,,"4,3200","4,16",16.0,10.0,,,,
corsair vengeance rgb 64 gb,317.99,,,,,,Corsair,RAM,2025,,,"5,6600","4,16",32.0,9.697,,,,
g.skill f5-6000j3636f32gx2-fx5 64 gb,154.99,,,,,,G.Skill,RAM,2025,,,"5,6000","2,32",36.0,12.0,,,,
g.skill trident z5 neo rgb 32 gb,134.99,,,,,,G.Skill,RAM,2025,,,"5,6400","2,16",30.0,9.375,,,,
g.skill trident z5 rgb 32 gb,109.99,,,,,,G.Skill,RAM,2025,,,"5,5600","2,16",28.0,10.0,,,,
kingston fury beast 64 gb,259.99,,,,,,Kingston,RAM,2025,,,"5,6400","2,32",32.0,10.0,,,,
patriot viper elite ii 32 gb,94.99,,,,,,Patriot,RAM,2025,,,"4,4000","2,16",20.0,10.0,,,,
g.skill trident z neo 64 gb,214.99,,,,,,G.Skill,RAM,2025,,,"4,3600","4,16",16.0,8.889,,,,
corsair vengeance rgb 64 gb,259.99,,,,,,Corsair,RAM,2025,,,"5,6000","2,32",30.0,10.0,,,,
teamgroup t-force vulcan 16 gb,52.99,,,,,,TEAMGROUP,RAM,2025,,,"5,5200","2,8",40.0,15.385,,,,
corsair vengeance 96 gb,245.99,,,,,,Corsair,RAM,2025,,,"5,5600","2,48",40.0,14.286,,,,
corsair vengeance 32 gb,114.99,,,,,,Corsair,RAM,2025,,,"5,6400","2,16",32.0,10.0,,,,
corsair vengeance rgb 64 gb,269.99,,,,,,Corsair,RAM,2025,,,"5,6600","2,32",32.0,9.697,,,,
corsair dominator titanium 32 gb,189.99,,,,,,Corsair,RAM,2025,,,"5,6600","2,16",32.0,9.697,,,,
g.skill trident z rgb 32 gb,97.99,,,,,,G.Skill,RAM,2025,,,"4,3600","2,16",16.0,8.889,,,,
g.skill trident z rgb 64 gb,169.99,,,,,,G.Skill,RAM,2025,,,"4,4000","2,32",18.0,9.0,,,,
silicon power xpower zenith rgb gaming 32 gb,72.98,,,,,,Silicon,RAM,2025,,,"4,3600","2,16",18.0,10.0,,,,
g.skill trident z5 royal neo rgb 32 gb,179.99,,,,,,G.Skill,RAM,2025,,,"5,6000","2,16",28.0,9.333,,,,
corsair vengeance 64 gb,299.99,,,,,,Corsair,RAM,2025,,,"5,6600","4,16",32.0,9.697,,,,
g.skill trident z5 rgb 64 gb,169.99,,,,,,G.Skill,RAM,2025,,,"5,6000","2,32",36.0,12.0,,,,
silicon power xpower storm rgb 32 gb,99.97,,,,,,Silicon,RAM,2025,,,"5,7200","2,16",34.0,9.444,,,,
g.skill ripjaws x 8 gb,32.52,,,,,,G.Skill,RAM,2025,,,"3,1600","2,4",9.0,11.25,,,,
corsair vengeance rgb rs 16 gb,82.99,,,,,,Corsair,RAM,2025,,,"4,3200","2,8",16.0,10.0,,,,
patriot viper venom 64 gb,144.99,,,,,,Patriot,RAM,2025,,,"5,5200","2,32",40.0,15.385,,,,
corsair vengeance lpx 32 gb,100.36,,,,,,Corsair,RAM,2025,,,"4,3200","4,8",16.0,10.0,,,,
timetec pinnacle konduit 8 gb,17.99,,,,,,Timetec,RAM,2025,,,"4,3600","1,8",18.0,10.0,,,,
g.skill flare x5 256 gb,779.99,,,,,,G.Skill,RAM,2025,,,"5,6000","4,64",36.0,12.0,,,,
corsair vengeance 32 gb,96.99,,,,,,Corsair,RAM,2025,,,"5,5200","2,16",40.0,15.385,,,,
corsair dominator platinum rgb 32 gb,171.99,,,,,,Corsair,RAM,2025,,,"5,6000","2,16",30.0,10.0,,,,
crucial pro 48 gb,105.08,,,,,,Crucial,RAM,2025,,,"5,5600","2,24",46.0,16.429,,,,
teamgroup t-create expert 96 gb,291.99,,,,,,TEAMGROUP,RAM,2025,,,"5,6400","2,48",32.0,10.0,,,,
corsair vengeance 96 gb,285.99,,,,,,Corsair,RAM,2025,,,"5,5600","4,24",40.0,14.286,,,,
corsair vengeance 32 gb,114.99,,,,,,Corsair,RAM,2025,,,"5,6000","2,16",36.0,12.0,,,,
patriot viper xtreme 5 rgb 48 gb,168.98,,,,,,Patriot,RAM,2025,,,"5,8000","2,24",38.0,9.5,,,,
kingston fury beast 64 gb,149.99,,,,,,Kingston,RAM,2025,,,"4,3200","2,32",16.0,10.0,,,,
patriot signature line 8 gb,27.98,,,,,,Patriot,RAM,2025,,,"5,4800","1,8",40.0,16.667,,,,
g.skill ripjaws m5 rgb 48 gb,109.99,,,,,,G.Skill,RAM,2025,,,"5,5200","2,24",40.0,15.385,,,,
teamgroup t-force delta rgb 16 gb,77.99,,,,,,TEAMGROUP,RAM,2025,,,"5,6000","2,8",38.0,12.667,,,,
g.skill trident z5 rgb 32 gb,154.99,,,,,,G.Skill,RAM,2025,,,"5,7800","2,16",36.0,9.231,,,,
g.skill aegis 8 gb,27.38,,,,,,G.Skill,RAM,2025,,,"4,3000","1,8",16.0,10.667,,,,
teamgroup t-create expert 32 gb,80.99,,,,,,TEAMGROUP,RAM,2025,,,"5,5600","2,16",38.0,13.571,,,,
patriot viper elite ii 16 gb,49.99,,,,,,Patriot,RAM,2025,,,"4,4000","2,8",20.0,10.0,,,,
timetec 75tt133u2r8-8g 8 gb,11.99,,,,,,Timetec,RAM,2025,,,"3,1333","1,8",9.0,13.503,,,,
teamgroup t-force vulcan 32 gb,79.99,,,,,,TEAMGROUP,RAM,2025,,,"5,6000","2,16",38.0,12.667,,,,
corsair dominator platinum rgb 64 gb,289.99,,,,,,Corsair,RAM,2025,,,"5,6000","2,32",30.0,10.0,,,,
corsair vengeance rgb pro 32 gb,109.0,,,,,,Corsair,RAM,2025,,,"4,3200","2,16",16.0,10.0,,,,
corsair vengeance 64 gb,195.99,,,,,,Corsair,RAM,2025,,,"5,6000","2,32",40.0,13.333,,,,
g.skill ripjaws m5 rgb 32 gb,114.99,,,,,,G.Skill,RAM,2025,,,"5,6000","2,16",30.0,10.0,,,,
crucial ct2k16g56c46s5 32 gb,77.99,,,,,,Crucial,RAM,2025,,,"5,5600","2,16",46.0,16.429,,,,
corsair vengeance rgb 64 gb,275.99,,,,,,Corsair,RAM,2025,,,"5,6000","4,16",36.0,12.0,,,,
kingston fury beast rgb 32 gb,129.75,,,,,,Kingston,RAM,2025,,,"5,6000","2,16",36.0,12.0,,,,
teamgroup t-force delta rgb 32 gb,90.99,,,,,,TEAMGROUP,RAM,2025,,,"5,5600","2,16",36.0,12.857,,,,
kingston fury beast rgb 16 gb,63.99,,,,,,Kingston,RAM,2025,,,"5,5200","2,8",40.0,15.385,,,,
g.skill trident z5 rgb 96 gb,349.99,,,,,,G.Skill,RAM,2025,,,"5,6400","2,48",32.0,10.0,,,,
g.skill trident z5 royal 32 gb,156.99,,,,,,G.Skill,RAM,2025,,,"5,7200","2,16",34.0,9.444,,,,
patriot viper steel 16 gb,47.99,,,,,,Patriot,RAM,2025,,,"4,3600","2,8",18.0,10.0,,,,
g.skill ripjaws v 16 gb,39.99,,,,,,G.Skill,RAM,2025,,,"4,3200","2,8",16.0,10.0,,,,
corsair vengeance rgb pro sl 16 gb,102.99,,,,,,Corsair,RAM,2025,,,"4,3600","2,8",18.0,10.0,,,,
teamgroup elite 16 gb,49.99,,,,,,TEAMGROUP,RAM,2025,,,"5,4800","2,8",40.0,16.667,,,,
teamgroup t-force delta rgb 32 gb,90.99,,,,,,TEAMGROUP,RAM,2025,,,"5,5600","2,16",36.0,12.857,,,,
patriot viper venom 32 gb,114.99,,,,,,Patriot,RAM,2025,,,"5,7200","2,16",34.0,9.444,,,,
corsair vengeance 64 gb,154.99,,,,,,Corsair,RAM,2025,,,"5,4800","2,32",40.0,16.667,,,,
corsair vengeance 96 gb,349.99,,,,,,Corsair,RAM,2025,,,"5,6600","2,48",32.0,9.697,,,,
silicon power xpower pulse gaming 64 gb,169.99,,,,,,Silicon,RAM,2025,,,"5,6000","2,32",30.0,10.0,,,,
corsair vengeance rgb 48 gb,144.99,,,,,,Corsair,RAM,2025,,,"5,6000","2,24",36.0,12.0,,,,
corsair dominator titanium 32 gb,209.99,,,,,,Corsair,RAM,2025,,,"5,7000","2,16",34.0,9.714,,,,
patriot signature premium 16 gb,41.99,,,,,,Patriot,RAM,2025,,,"4,2666","1,16",19.0,14.254,,,,
patriot viper xtreme 5 48 gb,159.99,,,,,,Patriot,RAM,2025,,,"5,7600","2,24",36.0,9.474,,,,
teamgroup t-force vulcan 32 gb,82.99,,,,,,TEAMGROUP,RAM,2025,,,"5,6000","2,16",38.0,12.667,,,,
patriot signature 8 gb,14.99,,,,,,Patriot,RAM,2025,,,"3,1600","1,8",11.0,13.75,,,,
mushkin redline st 64 gb,209.99,,,,,,Mushkin,RAM,2025,,,"5,6400","2,32",30.0,9.375,,,,
adata xpg spectrix d60g 16 gb,39.99,,,,,,ADATA,RAM,2025,,,"4,3200","2,8",16.0,10.0,,,,
patriot viper xtreme 5 32 gb,109.99,,,,,,Patriot,RAM,2025,,,"5,7600","2,16",36.0,9.474,,,,
corsair vengeance 96 gb,229.99,,,,,,Corsair,RAM,2025,,,"5,5200","2,48",38.0,14.615,,,,
g.skill ripjaws s5 32 gb,99.99,,,,,,G.Skill,RAM,2025,,,"5,6000","2,16",32.0,10.667,,,,
g.skill ripjaws s5 48 gb,129.99,,,,,,G.Skill,RAM,2025,,,"5,6400","2,24",36.0,11.25,,,,
g.skill aegis 32 gb,68.98,,,,,,G.Skill,RAM,2025,,,"4,3000","2,16",16.0,10.667,,,,
patriot viper steel 16 gb,41.99,,,,,,Patriot,RAM,2025,,,"4,3200","1,16",16.0,10.0,,,,
patriot viper steel rgb 32 gb,95.99,,,,,,Patriot,RAM,2025,,,"4,3600","2,16",20.0,11.111,,,,
corsair vengeance lpx 16 gb,64.98,,,,,,Corsair,RAM,2025,,,"4,3000","1,16",16.0,10.667,,,,
g.skill trident z neo 64 gb,179.99,,,,,,G.Skill,RAM,2025,,,"4,3600","2,32",16.0,8.889,,,,
patriot viper elite 5 rgb tuf gaming alliance 48 gb,129.99,,,,,,Patriot,RAM,2025,,,"5,6000","2,24",36.0,12.0,,,,
corsair vengeance rgb rt 32 gb,119.99,,,,,,Corsair,RAM,2025,,,"4,3600","2,16",16.0,8.889,,,,
silicon power xpower pulse gaming 64 gb,147.99,,,,,,Silicon,RAM,2025,,,"5,6000","2,32",38.0,12.667,,,,
patriot viper elite 5 rgb 32 gb,81.99,,,,,,Patriot,RAM,2025,,,"5,5600","1,32",38.0,13.571,,,,
patriot viper elite 5 rgb tuf gaming alliance 32 gb,97.99,,,,,,Patriot,RAM,2025,,,"5,6000","2,16",36.0,12.0,,,,
kingston fury renegade 96 gb,289.95,,,,,,Kingston,RAM,2025,,,"5,6000","2,48",32.0,10.667,,,,
kingston fury renegade rgb 32 gb,169.0,,,,,,Kingston,RAM,2025,,,"5,6400","2,16",32.0,10.0,,,,
teamgroup t-create expert 64 gb,176.99,,,,,,TEAMGROUP,RAM,2025,,,"5,6000","2,32",34.0,11.333,,,,
teamgroup xtreem 48 gb,237.99,,,,,,TEAMGROUP,RAM,2025,,,"5,8200","2,24",38.0,9.268,,,,
patriot viper elite 5 rgb tuf gaming alliance 32 gb,104.99,,,,,,Patriot,RAM,2025,,,"5,6600","2,16",34.0,10.303,,,,
corsair vengeance 32 gb,164.99,,,,,,Corsair,RAM,2025,,,"5,7200","2,16",34.0,9.444,,,,
corsair vengeance lpx 16 gb,37.21,,,,,,Corsair,RAM,2025,,,"4,3000","2,8",16.0,10.667,,,,
corsair vengeance rgb 64 gb,236.99,,,,,,Corsair,RAM,2025,,,"5,5600","4,16",36.0,12.857,,,,
teamgroup t-create expert 32 gb,87.99,,,,,,TEAMGROUP,RAM,2025,,,"5,6000","2,16",38.0,12.667,,,,
corsair dominator titanium 96 gb,419.99,,,,,,Corsair,RAM,2025,,,"5,6400","2,48",32.0,10.0,,,,
corsair dominator titanium 96 gb,465.99,,,,,,Corsair,RAM,2025,,,"5,6000","4,24",30.0,10.0,,,,
teamgroup elite 16 gb,16.98,,,,,,TEAMGROUP,RAM,2025,,,"3,1600","2,8",11.0,13.75,,,,
g.skill trident z5 neo rgb 96 gb,424.99,,,,,,G.Skill,RAM,2025,,,"5,6000","2,48",28.0,9.333,,,,
corsair dominator platinum rgb 32 gb,137.96,,,,,,Corsair,RAM,2025,,,"4,3200","2,16",16.0,10.0,,,,
g.skill trident z5 rgb 32 gb,119.99,,,,,,G.Skill,RAM,2025,,,"5,6400","2,16",32.0,10.0,,,,
g.skill ripjaws m5 rgb 96 gb,187.99,,,,,,G.Skill,RAM,2025,,,"5,5200","2,48",40.0,15.385,,,,
corsair dominator platinum rgb 64 gb,229.99,,,,,,Corsair,RAM,2025,,,"5,5600","2,32",40.0,14.286,,,,
klevv cras x rgb 16 gb,49.99,,,,,,Klevv,RAM,2025,,,"4,3200","2,8",16.0,10.0,,,,
adata xpg lancer blade rgb 32 gb,189.98,,,,,,ADATA,RAM,2025,,,"5,6400","2,16",32.0,10.0,,,,
kingston fury beast 32 gb,100.43,,,,,,Kingston,RAM,2025,,,"5,5600","1,32",40.0,14.286,,,,
kingston fury beast 8 gb,45.33,,,,,,Kingston,RAM,2025,,,"5,6000","1,8",30.0,10.0,,,,
silicon power xpower zenith rgb gaming 32 gb,97.99,,,,,,Silicon,RAM,2025,,,"5,6000","2,16",30.0,10.0,,,,
kingston fury beast 64 gb,188.99,,,,,,Kingston,RAM,2025,,,"5,5600","2,32",40.0,14.286,,,,
corsair dominator titanium 32 gb,189.99,,,,,,Corsair,RAM,2025,,,"5,6600","2,16",32.0,9.697,,,,
g.skill trident z5 royal neo rgb 48 gb,239.99,,,,,,G.Skill,RAM,2025,,,"5,8000","2,24",40.0,10.0,,,,
teamgroup elite 8 gb,24.55,,,,,,TEAMGROUP,RAM,2025,,,"4,3200","1,8",22.0,13.75,,,,
crucial ct25664aa667 2 gb,11.0,,,,,,Crucial,RAM,2025,,,"2,667","1,2",5.0,14.993,,,,
crucial ct2k32g4dfd832a 64 gb,189.99,,,,,,Crucial,RAM,2025,,,"4,3200","2,32",22.0,13.75,,,,
corsair vengeance rgb pro 16 gb,67.98,,,,,,Corsair,RAM,2025,,,"4,3600","2,8",18.0,10.0,,,,
corsair vengeance rgb pro 32 gb,119.99,,,,,,Corsair,RAM,2025,,,"4,3200","4,8",16.0,10.0,,,,
g.skill ripjaws m5 rgb 96 gb,319.99,,,,,,G.Skill,RAM,2025,,,"5,6400","2,48",32.0,10.0,,,,
lexar ares rgb 16 gb,44.99,,,,,,Lexar,RAM,2025,,,"4,3600","2,8",18.0,10.0,,,,
pny xlr8 gaming low profile 32 gb,69.98,,,,,,PNY,RAM,2025,,,"4,3200","2,16",16.0,10.0,,,,
corsair vengeance lpx 8 gb,34.99,,,,,,Corsair,RAM,2025,,,"4,2400","2,4",16.0,13.333,,,,
crucial ct4g4dfs824a 4 gb,13.99,,,,,,Crucial,RAM,2025,,,"4,2400","1,4",17.0,14.167,,,,
g.skill flare x5 64 gb,159.99,,,,,,G.Skill,RAM,2025,,,"5,5600","2,32",36.0,12.857,,,,
g.skill trident z5 32 gb,114.99,,,,,,G.Skill,RAM,2025,,,"5,6400","2,16",32.0,10.0,,,,
corsair vengeance lpx 8 gb,45.99,,,,,,Corsair,RAM,2025,,,"4,3200","1,8",16.0,10.0,,,,
g.skill trident z rgb 32 gb,82.99,,,,,,G.Skill,RAM,2025,,,"4,3200","2,16",16.0,10.0,,,,
corsair vengeance lpx 16 gb,91.99,,,,,,Corsair,RAM,2025,,,"4,3200","2,8",16.0,10.0,,,,
corsair vengeance rgb rs 32 gb,94.99,,,,,,Corsair,RAM,2025,,,"4,3600","2,16",18.0,10.0,,,,
corsair vengeance lpx 32 gb,124.99,,,,,,Corsair,RAM,2025,,,"4,2666","2,16",16.0,12.003,,,,
g.skill trident z5 rgb 48 gb,164.99,,,,,,G.Skill,RAM,2025,,,"5,6400","2,24",32.0,10.0,,,,
pny xlr8 gaming mako 32 gb,109.99,,,,,,PNY,RAM,2025,,,"5,6000","2,16",40.0,13.333,,,,
teamgroup t-force delta rgb 32 gb,159.99,,,,,,TEAMGROUP,RAM,2025,,,"5,8000","2,16",38.0,9.5,,,,
g.skill trident z5 rgb 32 gb,99.99,,,,,,G.Skill,RAM,2025,,,"5,6000","2,16",36.0,12.0,,,,
kingston fury beast 32 gb,139.99,,,,,,Kingston,RAM,2025,,,"5,6400","2,16",32.0,10.0,,,,
g.skill ripjaws v 128 gb,268.99,,,,,,G.Skill,RAM,2025,,,"4,3200","4,32",16.0,10.0,,,,
g.skill trident z5 rgb 48 gb,229.99,,,,,,G.Skill,RAM,2025,,,"5,8200","2,24",40.0,9.756,,,,
patriot viper venom rgb 32 gb,89.99,,,,,,Patriot,RAM,2025,,,"5,5600","1,32",36.0,12.857,,,,
kingston fury beast 16 gb,55.8,,,,,,Kingston,RAM,2025,,,"5,5600","1,16",40.0,14.286,,,,
kingston fury beast 16 gb,65.98,,,,,,Kingston,RAM,2025,,,"5,5600","2,8",40.0,14.286,,,,
g.skill ripjaws v 64 gb,159.99,,,,,,G.Skill,RAM,2025,,,"4,4000","2,32",18.0,9.0,,,,
kingston fury beast 32 gb,137.0,,,,,,Kingston,RAM,2025,,,"4,3200","1,32",16.0,10.0,,,,
patriot viper venom 16 gb,47.99,,,,,,Patriot,RAM,2025,,,"5,5600","1,16",36.0,12.857,,,,
g.skill trident z5 royal 32 gb,139.99,,,,,,G.Skill,RAM,2025,,,"5,6400","2,16",32.0,10.0,,,,
lexar ares rgb 32 gb,269.95,,,,,,Lexar,RAM,2025,,,"5,6400","2,16",32.0,10.0,,,,
kingston fury beast rgb 16 gb,74.38,,,,,,Kingston,RAM,2025,,,"5,5600","2,8",36.0,12.857,,,,
kingston fury beast rgb 16 gb,134.27,,,,,,Kingston,RAM,2025,,,"4,3200","2,8",16.0,10.0,,,,
g.skill aegis 32 gb,73.16,,,,,,G.Skill,RAM,2025,,,"4,3200","4,8",16.0,10.0,,,,
kingston fury renegade rgb 48 gb,214.18,,,,,,Kingston,RAM,2025,,,"5,6400","1,48",32.0,10.0,,,,
corsair vengeance rgb 32 gb,155.99,,,,,,Corsair,RAM,2025,,,"5,6400","2,16",32.0,10.0,,,,
corsair vengeance rgb 96 gb,254.99,,,,,,Corsair,RAM,2025,,,"5,5600","2,48",40.0,14.286,,,,
corsair dominator titanium 96 gb,419.99,,,,,,Corsair,RAM,2025,,,"5,6400","2,48",32.0,10.0,,,,
timetec pinnacle konduit 16 gb,30.99,,,,,,Timetec,RAM,2025,,,"4,3200","1,16",16.0,10.0,,,,
kingston fury beast rgb 32 gb,111.83,,,,,,Kingston,RAM,2025,,,"5,5200","2,16",40.0,15.385,,,,
timetec pinnacle konduit 8 gb,17.99,,,,,,Timetec,RAM,2025,,,"4,3200","1,8",16.0,10.0,,,,
corsair vengeance lpx 256 gb,670.31,,,,,,Corsair,RAM,2025,,,"4,3600","8,32",18.0,10.0,,,,
g.skill trident z5 rgb 64 gb,219.99,,,,,,G.Skill,RAM,2025,,,"5,6000","2,32",30.0,10.0,,,,
crucial ct64g4lfq424a 64 gb,159.99,,,,,,Crucial,RAM,2025,,,"4,2400","1,64",17.0,14.167,,,,
corsair vengeance rgb 64 gb,202.99,,,,,,Corsair,RAM,2025,,,"5,6000","2,32",38.0,12.667,,,,
g.skill flare x5 32 gb,112.99,,,,,,G.Skill,RAM,2025,,,"5,6400","2,16",32.0,10.0,,,,
samsung m378b5173db0-ck0 4 gb,18.89,,,,,,Samsung,RAM,2025,,,"3,1600","1,4",11.0,13.75,,,,
patriot viper steel 8 gb,23.98,,,,,,Patriot,RAM,2025,,,"4,3200","1,8",16.0,10.0,,,,
g.skill ripjaws m5 rgb 32 gb,97.99,,,,,,G.Skill,RAM,2025,,,"5,6400","2,16",36.0,11.25,,,,
kingston fury beast 128 gb,330.65,,,,,,Kingston,RAM,2025,,,"5,5600","2,64",40.0,14.286,,,,
corsair dominator titanium 64 gb,329.99,,,,,,Corsair,RAM,2025,,,"5,6000","4,16",36.0,12.0,,,,
teamgroup t-create expert 32 gb,116.99,,,,,,TEAMGROUP,RAM,2025,,,"5,7200","2,16",34.0,9.444,,,,
corsair vengeance rgb 48 gb,156.99,,,,,,Corsair,RAM,2025,,,"5,6000","2,24",36.0,12.0,,,,
teamgroup t-force delta rgb 48 gb,156.99,,,,,,TEAMGROUP,RAM,2025,,,"5,6400","2,24",32.0,10.0,,,,
patriot viper elite ii 32 gb,84.99,,,,,,Patriot,RAM,2025,,,"4,3600","2,16",20.0,11.111,,,,
g.skill ripjaws v 16 gb,39.99,,,,,,G.Skill,RAM,2025,,,"4,2400","2,8",15.0,12.5,,,,
corsair vengeance lpx 16 gb,91.99,,,,,,Corsair,RAM,2025,,,"4,3600","2,8",18.0,10.0,,,,
adata xpg lancer blade 32 gb,149.28,,,,,,ADATA,RAM,2025,,,"5,6400","2,16",32.0,10.0,,,,
adata xpg spectrix d50 32 gb,109.99,,,,,,ADATA,RAM,2025,,,"4,3200","2,16",16.0,10.0,,,,
teamgroup t-force vulcan 32 gb,96.99,,,,,,TEAMGROUP,RAM,2025,,,"5,6000","2,16",30.0,10.0,,,,
corsair dominator titanium 48 gb,209.99,,,,,,Corsair,RAM,2025,,,"5,6000","2,24",30.0,10.0,,,,
corsair vengeance 64 gb,264.99,,,,,,Corsair,RAM,2025,,,"5,6000","4,16",36.0,12.0,,,,
adata xpg lancer blade 16 gb,69.41,,,,,,ADATA,RAM,2025,,,"5,5600","1,16",46.0,16.429,,,,
g.skill ripjaws s5 32 gb,84.99,,,,,,G.Skill,RAM,2025,,,"5,5200","2,16",40.0,15.385,,,,
patriot viper venom rgb 32 gb,97.99,,,,,,Patriot,RAM,2025,,,"5,6000","1,32",30.0,10.0,,,,
patriot viper venom 32 gb,119.99,,,,,,Patriot,RAM,2025,,,"5,7400","2,16",36.0,9.73,,,,
kingston fury beast rgb 16 gb,72.11,,,,,,Kingston,RAM,2025,,,"5,5200","2,8",36.0,13.846,,,,
g.skill tridentz rgb 32 gb,418.0,,,,,,G.Skill,RAM,2025,,,"4,4800","2,16",20.0,8.333,,,,
g.skill ripjaws s5 64 gb,492.84,,,,,,G.Skill,RAM,2025,,,"5,6000","2,32",30.0,10.0,,,,
kingston fury beast 16 gb,78.95,,,,,,Kingston,RAM,2025,,,"5,6000","2,8",30.0,10.0,,,,
kingston valueram 8 gb,25.99,,,,,,Kingston,RAM,2025,,,"4,2666","1,8",19.0,14.254,,,,
g.skill ripjaws v 32 gb,79.98,,,,,,G.Skill,RAM,2025,,,"4,3600","2,16",19.0,10.556,,,,
pny xlr8 gaming epic-x rgb 32 gb,69.98,,,,,,PNY,RAM,2025,,,"4,3200","2,16",16.0,10.0,,,,
corsair dominator titanium 32 gb,179.99,,,,,,Corsair,RAM,2025,,,"5,6000","2,16",30.0,10.0,,,,
corsair vengeance lpx 32 gb,129.99,,,,,,Corsair,RAM,2025,,,"4,4000","2,16",18.0,9.0,,,,
corsair vengeance rgb pro sl 64 gb,219.99,,,,,,Corsair,RAM,2025,,,"4,3600","4,16",18.0,10.0,,,,
corsair vengeance rgb pro 64 gb,219.99,,,,,,Corsair,RAM,2025,,,"4,3600","4,16",18.0,10.0,,,,
corsair dominator titanium 48 gb,233.99,,,,,,Corsair,RAM,2025,,,"5,6000","2,24",30.0,10.0,,,,
patriot viper xtreme 5 rgb 32 gb,146.99,,,,,,Patriot,RAM,2025,,,"5,8000","2,16",38.0,9.5,,,,
g.skill trident z5 neo rgb 32 gb,111.98,,,,,,G.Skill,RAM,2025,,,"5,5600","2,16",28.0,10.0,,,,
kingston server premier 16 gb,103.15,,,,,,Kingston,RAM,2025,,,"4,3200","1,16",22.0,13.75,,,,
goodram irdm pro 32 gb,146.72,,,,,,GOODRAM,RAM,2025,,,"4,3600","2,16",18.0,10.0,,,,
teamgroup t-force xtreem 32 gb,121.99,,,,,,TEAMGROUP,RAM,2025,,,"5,7200","2,16",34.0,9.444,,,,
corsair vengeance rgb pro sl 32 gb,140.99,,,,,,Corsair,RAM,2025,,,"4,3200","2,16",16.0,10.0,,,,
adata xpg lancer rgb 32 gb,194.99,,,,,,ADATA,RAM,2025,,,"5,6000","2,16",30.0,10.0,,,,
g.skill trident z5 rgb 48 gb,189.99,,,,,,G.Skill,RAM,2025,,,"5,7200","2,24",36.0,10.0,,,,
crucial pro overclocking 16 gb,80.68,,,,,,Crucial,RAM,2025,,,"5,6000","1,16",36.0,12.0,,,,
kingston fury beast 32 gb,266.54,,,,,,Kingston,RAM,2025,,,"5,4800","2,16",38.0,15.833,,,,
g.skill trident z neo 64 gb,169.99,,,,,,G.Skill,RAM,2025,,,"4,3600","2,32",18.0,10.0,,,,
corsair vengeance lpx 32 gb,82.89,,,,,,Corsair,RAM,2025,,,"4,2400","2,16",16.0,13.333,,,,
g.skill ripjaws s5 32 gb,119.99,,,,,,G.Skill,RAM,2025,,,"5,6800","2,16",34.0,10.0,,,,
kingston fury beast 64 gb,220.99,,,,,,Kingston,RAM,2025,,,"5,6000","2,32",36.0,12.0,,,,
corsair dominator titanium 64 gb,329.99,,,,,,Corsair,RAM,2025,,,"5,6400","2,32",32.0,10.0,,,,
patriot signature line 16 gb,44.99,,,,,,Patriot,RAM,2025,,,"4,3200","2,8",19.0,11.875,,,,
corsair vengeance rgb 96 gb,349.85,,,,,,Corsair,RAM,2025,,,"5,6400","2,48",32.0,10.0,,,,
patriot viper venom 32 gb,154.28,,,,,,Patriot,RAM,2025,,,"5,6600","2,16",34.0,10.303,,,,
corsair vengeance lpx 16 gb,80.98,,,,,,Corsair,RAM,2025,,,"4,3600","1,16",18.0,10.0,,,,
teamgroup t-create expert 96 gb,345.99,,,,,,TEAMGROUP,RAM,2025,,,"5,6800","2,48",36.0,10.588,,,,
g.skill trident z5 neo rgb 48 gb,169.99,,,,,,G.Skill,RAM,2025,,,"5,6400","2,24",32.0,10.0,,,,
corsair vengeance rgb 48 gb,213.99,,,,,,Corsair,RAM,2025,,,"5,7600","2,24",36.0,9.474,,,,
corsair vengeance lpx 32 gb,128.99,,,,,,Corsair,RAM,2025,,,"4,3000","2,16",16.0,10.667,,,,
samsung green 8 gb,23.99,,,,,,Samsung,RAM,2025,,,"4,2133","1,8",15.0,14.065,,,,
adata xpg spectrix d35g rgb 16 gb,88.26,,,,,,ADATA,RAM,2025,,,"4,3600","2,8",18.0,10.0,,,,
teamgroup elite 16 gb,37.99,,,,,,TEAMGROUP,RAM,2025,,,"5,5600","1,16",46.0,16.429,,,,
g.skill trident z5 neo rgb 64 gb,219.99,,,,,,G.Skill,RAM,2025,,,"5,6000","2,32",32.0,10.667,,,,
patriot viper elite 5 rgb 64 gb,179.99,,,,,,Patriot,RAM,2025,,,"5,6200","2,32",42.0,13.548,,,,
patriot viper venom rgb 16 gb,52.99,,,,,,Patriot,RAM,2025,,,"5,6000","1,16",30.0,10.0,,,,
g.skill trident z5 rgb 48 gb,139.99,,,,,,G.Skill,RAM,2025,,,"5,6400","2,24",36.0,11.25,,,,
corsair dominator titanium 32 gb,209.99,,,,,,Corsair,RAM,2025,,,"5,7000","2,16",34.0,9.714,,,,
g.skill flare x5 32 gb,114.99,,,,,,G.Skill,RAM,2025,,,"5,6000","2,16",30.0,10.0,,,,
g.skill ripjaws m5 rgb 32 gb,97.99,,,,,,G.Skill,RAM,2025,,,"5,6400","2,16",36.0,11.25,,,,
corsair vengeance rgb rs 32 gb,137.99,,,,,,Corsair,RAM,2025,,,"4,3200","2,16",16.0,10.0,,,,
teamgroup elite 32 gb,78.98,,,,,,TEAMGROUP,RAM,2025,,,"5,4800","2,16",40.0,16.667,,,,
corsair vengeance rgb pro sl 16 gb,59.99,,,,,,Corsair,RAM,2025,,,"4,3600","2,8",18.0,10.0,,,,
corsair vengeance lpx 16 gb,73.98,,,,,,Corsair,RAM,2025,,,"4,3000","2,8",16.0,10.667,,,,
crucial ct8g4dfra266 8 gb,18.98,,,,,,Crucial,RAM,2025,,,"4,2666","1,8",19.0,14.254,,,,
corsair dominator titanium 48 gb,249.99,,,,,,Corsair,RAM,2025,,,"5,7200","2,24",36.0,10.0,,,,
patriot signature premium 16 gb,42.99,,,,,,Patriot,RAM,2025,,,"4,2666","2,8",19.0,14.254,,,,
thermaltake toughram xg rgb d5 32 gb,154.98,,,,,,Thermaltake,RAM,2025,,,"5,6000","2,16",36.0,12.0,,,,
teamgroup t-create classic 16 gb,39.99,,,,,,TEAMGROUP,RAM,2025,,,"4,3200","2,8",22.0,13.75,,,,
kingston fury beast 32 gb,143.27,,,,,,Kingston,RAM,2025,,,"4,3600","1,32",17.0,9.444,,,,
g.skill trident z5 neo rgb 32 gb,134.99,,,,,,G.Skill,RAM,2025,,,"5,7200","2,16",34.0,9.444,,,,
g.skill trident z neo 32 gb,94.99,,,,,,G.Skill,RAM,2025,,,"4,3600","2,16",18.0,10.0,,,,
g.skill trident z royal 32 gb,119.99,,,,,,G.Skill,RAM,2025,,,"4,4000","2,16",18.0,9.0,,,,
g.skill ripjaws v 16 gb,52.99,,,,,,G.Skill,RAM,2025,,,"4,4000","2,8",18.0,9.0,,,,
g.skill flare x5 64 gb,142.99,,,,,,G.Skill,RAM,2025,,,"5,5200","2,32",36.0,13.846,,,,
corsair dominator platinum rgb 64 gb,286.99,,,,,,Corsair,RAM,2025,,,"5,5600","4,16",36.0,12.857,,,,
kingston fury renegade 32 gb,154.72,,,,,,Kingston,RAM,2025,,,"4,3600","2,16",16.0,8.889,,,,
crucial ct32g4dfd832a 32 gb,97.98,,,,,,Crucial,RAM,2025,,,"4,3200","1,32",22.0,13.75,,,,
patriot viper venom 32 gb,73.98,,,,,,Patriot,RAM,2025,,,"5,5600","1,32",36.0,12.857,,,,
g.skill ripjaws v 32 gb,69.98,,,,,,G.Skill,RAM,2025,,,"4,2400","2,16",15.0,12.5,,,,
kingston fury beast rgb 64 gb,281.49,,,,,,Kingston,RAM,2025,,,"5,6400","2,32",32.0,10.0,,,,
kingston fury beast 8 gb,33.99,,,,,,Kingston,RAM,2025,,,"5,5600","1,8",40.0,14.286,,,,
corsair vengeance lpx 8 gb,36.99,,,,,,Corsair,RAM,2025,,,"4,3000","1,8",16.0,10.667,,,,
corsair dominator platinum rgb 64 gb,299.99,,,,,,Corsair,RAM,2025,,,"5,6600","2,32",32.0,9.697,,,,
corsair vengeance lpx 8 gb,45.98,,,,,,Corsair,RAM,2025,,,"4,3200","1,8",16.0,10.0,,,,
g.skill trident z5 neo rgb 48 gb,219.99,,,,,,G.Skill,RAM,2025,,,"5,8000","2,24",40.0,10.0,,,,
crucial ct2kit51264bd160b 8 gb,20.89,,,,,,Crucial,RAM,2025,,,"3,1600","2,4",11.0,13.75,,,,
corsair vengeance rgb 32 gb,134.99,,,,,,Corsair,RAM,2025,,,"5,7000","2,16",36.0,10.286,,,,
g.skill trident z5 neo rgb 32 gb,124.99,,,,,,G.Skill,RAM,2025,,,"5,6000","2,16",32.0,10.667,,,,
g.skill ripjaws v 64 gb,154.99,,,,,,G.Skill,RAM,2025,,,"4,3200","2,32",16.0,10.0,,,,
g.skill trident z royal 16 gb,79.98,,,,,,G.Skill,RAM,2025,,,"4,3200","2,8",16.0,10.0,,,,
corsair vengeance 32 gb,142.99,,,,,,Corsair,RAM,2025,,,"5,7000","2,16",40.0,11.429,,,,
teamgroup t-force delta rgb 48 gb,156.99,,,,,,TEAMGROUP,RAM,2025,,,"5,6400","2,24",32.0,10.0,,,,
g.skill trident z5 rgb 48 gb,224.99,,,,,,G.Skill,RAM,2025,,,"5,8000","2,24",38.0,9.5,,,,
corsair dominator titanium 32 gb,188.99,,,,,,Corsair,RAM,2025,,,"5,6400","2,16",32.0,10.0,,,,
g.skill aegis 32 gb,74.99,,,,,,G.Skill,RAM,2025,,,"4,2666","2,16",19.0,14.254,,,,
teamgroup t-force vulcan 64 gb,169.99,,,,,,TEAMGROUP,RAM,2025,,,"5,6000","2,32",38.0,12.667,,,,
patriot viper elite ii 32 gb,84.99,,,,,,Patriot,RAM,2025,,,"4,3200","2,16",18.0,11.25,,,,
adata xpg gammix d20 16 gb,37.99,,,,,,ADATA,RAM,2025,,,"4,3200","2,8",16.0,10.0,,,,
corsair vengeance rgb 32 gb,158.99,,,,,,Corsair,RAM,2025,,,"5,6600","2,16",32.0,9.697,,,,
g.skill ripjaws s5 32 gb,87.99,,,,,,G.Skill,RAM,2025,,,"5,5600","2,16",36.0,12.857,,,,
kingston fury beast rgb 8 gb,38.99,,,,,,Kingston,RAM,2025,,,"5,5200","1,8",40.0,15.385,,,,
patriot venom rgb 64 gb,189.99,,,,,,Patriot,RAM,2025,,,"5,6000","2,32",30.0,10.0,,,,
corsair dominator platinum rgb 64 gb,289.99,,,,,,Corsair,RAM,2025,,,"5,6000","2,32",30.0,10.0,,,,
patriot viper 3 16 gb,25.99,,,,,,Patriot,RAM,2025,,,"3,1600","2,8",9.0,11.25,,,,
kingston kvr21r15d4k4/64 64 gb,108.57,,,,,,Kingston,RAM,2025,,,"4,2133","4,16",15.0,14.065,,,,
corsair vengeance 96 gb,379.9,,,,,,Corsair,RAM,2025,,,"5,6000","4,24",30.0,10.0,,,,
kingston fury beast rgb 32 gb,145.99,,,,,,Kingston,RAM,2025,,,"5,6400","2,16",32.0,10.0,,,,
teamgroup t-force vulcan z 8 gb,45.5,,,,,,TEAMGROUP,RAM,2025,,,"4,3200","1,8",16.0,10.0,,,,
oloy warhawk rgb 16 gb,43.99,,,,,,OLOy,RAM,2025,,,"4,3200","2,8",16.0,10.0,,,,
corsair dominator titanium 64 gb,329.99,,,,,,Corsair,RAM,2025,,,"5,6400","2,32",32.0,10.0,,,,
teamgroup t-create expert 64 gb,258.1,,,,,,TEAMGROUP,RAM,2025,,,"4,3200","2,32",16.0,10.0,,,,
kingston fury beast rgb 32 gb,113.91,,,,,,Kingston,RAM,2025,,,"5,5600","2,16",36.0,12.857,,,,
g.skill value 8 gb,25.84,,,,,,G.Skill,RAM,2025,,,"4,2400","2,4",17.0,14.167,,,,
g.skill ripjaws s5 64 gb,149.99,,,,,,G.Skill,RAM,2025,,,"5,5600","2,32",36.0,12.857,,,,
corsair vengeance 96 gb,339.99,,,,,,Corsair,RAM,2025,,,"5,6800","2,48",40.0,11.765,,,,
corsair vengeance rgb 96 gb,378.99,,,,,,Corsair,RAM,2025,,,"5,6800","2,48",40.0,11.765,,,,
patriot viper venom rgb 16 gb,47.99,,,,,,Patriot,RAM,2025,,,"5,5600","1,16",36.0,12.857,,,,
corsair vengeance 32 gb,109.99,,,,,,Corsair,RAM,2025,,,"5,6000","2,16",36.0,12.0,,,,
patriot viper venom rgb 32 gb,84.99,,,,,,Patriot,RAM,2025,,,"5,5600","2,16",36.0,12.857,,,,
corsair vengeance rgb 64 gb,169.99,,,,,,Corsair,RAM,2025,,,"5,5200","2,32",40.0,15.385,,,,
g.skill ripjaws m5 rgb 32 gb,114.99,,,,,,G.Skill,RAM,2025,,,"5,6400","2,16",32.0,10.0,,,,
kingston fury renegade rgb 64 gb,277.98,,,,,,Kingston,RAM,2025,,,"5,6400","2,32",32.0,10.0,,,,
adata xpg gammix d10 8 gb,49.15,,,,,,ADATA,RAM,2025,,,"4,3200","1,8",16.0,10.0,,,,
g.skill trident z5 neo 32 gb,109.99,,,,,,G.Skill,RAM,2025,,,"5,5600","2,16",28.0,10.0,,,,
g.skill ripjaws v 128 gb,309.99,,,,,,G.Skill,RAM,2025,,,"4,3600","4,32",18.0,10.0,,,,
oloy md4u1636181chkda 32 gb,75.99,,,,,,OLOy,RAM,2025,,,"4,3600","2,16",18.0,10.0,,,,
corsair vengeance lpx 16 gb,71.98,,,,,,Corsair,RAM,2025,,,"4,3200","2,8",16.0,10.0,,,,
teamgroup t-force delta rgb 32 gb,81.99,,,,,,TEAMGROUP,RAM,2025,,,"5,5600","2,16",38.0,13.571,,,,
timetec fba_75tt160ul1r8-4g 16 gb,16.98,,,,,,Timetec,RAM,2025,,,"3,1600","2,8",11.0,13.75,,,,
teamgroup t-force delta rgb 64 gb,179.99,,,,,,TEAMGROUP,RAM,2025,,,"5,6000","2,32",38.0,12.667,,,,
kingston fury 128 gb,393.0,,,,,,Kingston,RAM,2025,,,"5,5200","4,32",40.0,15.385,,,,
kingston fury beast 32 gb,132.19,,,,,,Kingston,RAM,2025,,,"4,3200","2,16",16.0,10.0,,,,
corsair vengeance 48 gb,179.99,,,,,,Corsair,RAM,2025,,,"5,6000","2,24",30.0,10.0,,,,
g.skill trident z5 neo rgb 48 gb,264.99,,,,,,G.Skill,RAM,2025,,,"5,6000","2,24",26.0,8.667,,,,
g.skill ripjaws m5 rgb 32 gb,114.99,,,,,,G.Skill,RAM,2025,,,"5,6400","2,16",32.0,10.0,,,,
teamgroup t-create expert 96 gb,345.99,,,,,,TEAMGROUP,RAM,2025,,,"5,6800","2,48",36.0,10.588,,,,
corsair vengeance rgb 32 gb,99.99,,,,,,Corsair,RAM,2025,,,"5,6400","2,16",36.0,11.25,,,,
crucial ct16g4dfd824a 16 gb,35.0,,,,,,Crucial,RAM,2025,,,"4,2400","1,16",17.0,14.167,,,,
g.skill ripjaws s5 64 gb,159.99,,,,,,G.Skill,RAM,2025,,,"5,5200","2,32",40.0,15.385,,,,
kingston fury 64 gb,242.99,,,,,,Kingston,RAM,2025,,,"5,5600","4,16",40.0,14.286,,,,
teamgroup xtreem 32 gb,105.99,,,,,,TEAMGROUP,RAM,2025,,,"5,6000","2,16",30.0,10.0,,,,
g.skill ripjaws s5 48 gb,104.99,,,,,,G.Skill,RAM,2025,,,"5,5200","2,24",40.0,15.385,,,,
g.skill trident z5 32 gb,114.99,,,,,,G.Skill,RAM,2025,,,"5,6000","2,16",30.0,10.0,,,,
teamgroup t-force delta rgb eco 32 gb,84.99,,,,,,TEAMGROUP,RAM,2025,,,"5,6000","2,16",38.0,12.667,,,,
teamgroup t-force delta rgb 32 gb,87.99,,,,,,TEAMGROUP,RAM,2025,,,"5,5200","2,16",40.0,15.385,,,,
g.skill trident z neo 32 gb,95.99,,,,,,G.Skill,RAM,2025,,,"4,4000","2,16",18.0,9.0,,,,
kingston fury beast rgb 64 gb,269.99,,,,,,Kingston,RAM,2025,,,"5,6400","2,32",32.0,10.0,,,,
teamgroup elite plus 16 gb,40.99,,,,,,TEAMGROUP,RAM,2025,,,"5,5600","1,16",40.0,14.286,,,,
g.skill trident z royal 128 gb,464.59,,,,,,G.Skill,RAM,2025,,,"4,4000","4,32",18.0,9.0,,,,
corsair vengeance 32 gb,139.09,,,,,,Corsair,RAM,2025,,,"5,6400","2,16",32.0,10.0,,,,
adata xpg lancer blade 32 gb,162.93,,,,,,ADATA,RAM,2025,,,"5,6000","2,16",30.0,10.0,,,,
kingston fury beast rgb 64 gb,222.25,,,,,,Kingston,RAM,2025,,,"5,6000","2,32",36.0,12.0,,,,
corsair vengeance lpx 64 gb,144.99,,,,,,Corsair,RAM,2025,,,"4,2666","4,16",16.0,12.003,,,,
pny performance 16 gb,31.99,,,,,,PNY,RAM,2025,,,"4,3200","1,16",22.0,13.75,,,,
corsair vengeance 64 gb,275.99,,,,,,Corsair,RAM,2025,,,"5,6200","4,16",32.0,10.323,,,,
samsung m386a4g40dm0-cpb 32 gb,49.99,,,,,,Samsung,RAM,2025,,,"4,2133","1,32",15.0,14.065,,,,
corsair vengeance rgb pro 8 gb,52.98,,,,,,Corsair,RAM,2025,,,"4,3200","1,8",16.0,10.0,,,,
kingston kvr1333d3n9hk2/8g 8 gb,49.99,,,,,,Kingston,RAM,2025,,,"3,1333","2,4",9.0,13.503,,,,
corsair vengeance 32 gb,124.49,,,,,,Corsair,RAM,2025,,,"5,6000","2,16",36.0,12.0,,,,
corsair vengeance rgb 32 gb,119.99,,,,,,Corsair,RAM,2025,,,"5,6000","2,16",36.0,12.0,,,,
corsair vengeance rgb pro 256 gb,660.29,,,,,,Corsair,RAM,2025,,,"4,3200","8,32",16.0,10.0,,,,
patriot viper xtreme 5 rgb 48 gb,157.99,,,,,,Patriot,RAM,2025,,,"5,7600","2,24",36.0,9.474,,,,
patriot viper xtreme 5 rgb 32 gb,127.99,,,,,,Patriot,RAM,2025,,,"5,7600","2,16",36.0,9.474,,,,
corsair dominator platinum rgb 64 gb,319.99,,,,,,Corsair,RAM,2025,,,"5,6400","2,32",32.0,10.0,,,,
corsair vengeance 32 gb,108.99,,,,,,Corsair,RAM,2025,,,"5,6200","2,16",36.0,11.613,,,,
corsair vengeance 8 gb,60.98,,,,,,Corsair,RAM,2025,,,"3,1600","2,4",9.0,11.25,,,,
g.skill tridentz rgb 16 gb,189.0,,,,,,G.Skill,RAM,2025,,,"4,4000","2,8",17.0,8.5,,,,
teamgroup t-force xtreem 32 gb,154.99,,,,,,TEAMGROUP,RAM,2025,,,"5,7600","2,16",36.0,9.474,,,,
pny xlr8 gaming epic-x rgb 16 gb,39.99,,,,,,PNY,RAM,2025,,,"4,3600","2,8",18.0,10.0,,,,
teamgroup t-force vulcanα 32 gb,82.49,,,,,,TEAMGROUP,RAM,2025,,,"5,5600","2,16",40.0,14.286,,,,
kingston valueram 16 gb,58.2,,,,,,Kingston,RAM,2025,,,"4,3200","1,16",22.0,13.75,,,,
corsair vengeance rgb 32 gb,117.99,,,,,,Corsair,RAM,2025,,,"5,6200","2,16",36.0,11.613,,,,
kingston fury renegade rgb 96 gb,369.99,,,,,,Kingston,RAM,2025,,,"5,6400","2,48",32.0,10.0,,,,
kingston kcp424ss6/4 4 gb,5.0,,,,,,Kingston,RAM,2025,,,"4,2400","1,4",17.0,14.167,,,,
corsair vengeance rgb 64 gb,169.0,,,,,,Corsair,RAM,2025,,,"5,5200","2,32",40.0,15.385,,,,
adata xpg lancer rgb 64 gb,296.27,,,,,,ADATA,RAM,2025,,,"5,6400","2,32",32.0,10.0,,,,
corsair vengeance lpx 16 gb,37.79,,,,,,Corsair,RAM,2025,,,"4,2400","1,16",14.0,11.667,,,,
corsair vengeance lpx 16 gb,72.98,,,,,,Corsair,RAM,2025,,,"4,3200","1,16",16.0,10.0,,,,
g.skill trident z5 32 gb,97.99,,,,,,G.Skill,RAM,2025,,,"5,6000","2,16",36.0,12.0,,,,
g.skill ripjaws m5 rgb 32 gb,89.99,,,,,,G.Skill,RAM,2025,,,"5,5200","2,16",40.0,15.385,,,,
corsair vengeance rgb 96 gb,294.99,,,,,,Corsair,RAM,2025,,,"5,6000","4,24",40.0,13.333,,,,
kingston fury beast 16 gb,65.0,,,,,,Kingston,RAM,2025,,,"5,4800","2,8",38.0,15.833,,,,
patriot signature premium 8 gb,19.98,,,,,,Patriot,RAM,2025,,,"4,2400","1,8",17.0,14.167,,,,
teamgroup t-force deltaα rgb 32 gb,92.49,,,,,,TEAMGROUP,RAM,2025,,,"5,6000","2,16",38.0,12.667,,,,
g.skill trident z neo 32 gb,116.99,,,,,,G.Skill,RAM,2025,,,"4,3600","4,8",18.0,10.0,,,,
timetec pinnacle konduit 16 gb,30.99,,,,,,Timetec,RAM,2025,,,"4,3600","1,16",18.0,10.0,,,,
g.skill trident z royal 128 gb,799.0,,,,,,G.Skill,RAM,2025,,,"4,3600","4,32",16.0,8.889,,,,
kingston fury beast 32 gb,139.34,,,,,,Kingston,RAM,2025,,,"5,6000","2,16",30.0,10.0,,,,
g.skill ripjaws m5 rgb 64 gb,154.99,,,,,,G.Skill,RAM,2025,,,"5,5200","2,32",40.0,15.385,,,,
teamgroup t-force delta rgb 64 gb,179.99,,,,,,TEAMGROUP,RAM,2025,,,"5,6000","2,32",38.0,12.667,,,,
teamgroup t-force delta rgb 32 gb,159.99,,,,,,TEAMGROUP,RAM,2025,,,"5,8000","2,16",38.0,9.5,,,,
g.skill trident z rgb 16 gb,56.99,,,,,,G.Skill,RAM,2025,,,"4,3000","2,8",16.0,10.667,,,,
kingston server premier 32 gb,182.99,,,,,,Kingston,RAM,2025,,,"5,5600","1,32",46.0,16.429,,,,
kingston fury beast rgb 32 gb,149.77,,,,,,Kingston,RAM,2025,,,"5,6000","2,16",30.0,10.0,,,,
g.skill trident z5 rgb 48 gb,229.03,,,,,,G.Skill,RAM,2025,,,"5,6000","2,24",40.0,13.333,,,,
g.skill ripjaws m5 rgb 32 gb,99.99,,,,,,G.Skill,RAM,2025,,,"5,6000","2,16",36.0,12.0,,,,
corsair vengeance rgb 64 gb,189.99,,,,,,Corsair,RAM,2025,,,"5,5600","2,32",40.0,14.286,,,,
corsair vengeance 64 gb,149.99,,,,,,Corsair,RAM,2025,,,"5,5200","2,32",40.0,15.385,,,,
corsair vengeance lpx 32 gb,124.99,,,,,,Corsair,RAM,2025,,,"4,2400","2,16",14.0,11.667,,,,
timetec pinnacle konduit rgb 16 gb,39.99,,,,,,Timetec,RAM,2025,,,"4,3600","2,8",18.0,10.0,,,,
samsung m393a8g40mb2-cvf 64 gb,149.99,,,,,,Samsung,RAM,2025,,,"4,2933","1,64",21.0,14.32,,,,
g.skill trident z5 neo rgb 48 gb,284.45,,,,,,G.Skill,RAM,2025,,,"5,6000","2,24",40.0,13.333,,,,
g.skill trident z rgb 16 gb,58.99,,,,,,G.Skill,RAM,2025,,,"4,4000","2,8",18.0,9.0,,,,
thermaltake toughram xg rgb d5 32 gb,154.98,,,,,,Thermaltake,RAM,2025,,,"5,6000","2,16",36.0,12.0,,,,
corsair vengeance rgb 96 gb,397.99,,,,,,Corsair,RAM,2025,,,"5,6400","4,24",32.0,10.0,,,,
pny performance 8 gb,16.32,,,,,,PNY,RAM,2025,,,"4,3200","1,8",22.0,13.75,,,,
g.skill trident z5 rgb 32 gb,92.99,,,,,,G.Skill,RAM,2025,,,"5,5600","2,16",36.0,12.857,,,,
teamgroup t-force delta rgb 32 gb,137.99,,,,,,TEAMGROUP,RAM,2025,,,"5,7600","2,16",36.0,9.474,,,,
g.skill trident z5 royal 32 gb,159.99,,,,,,G.Skill,RAM,2025,,,"5,7600","2,16",36.0,9.474,,,,
g.skill value 4 gb,14.72,,,,,,G.Skill,RAM,2025,,,"3,1600","1,4",11.0,13.75,,,,
g.skill trident z5 neo rgb 32 gb,138.99,,,,,,G.Skill,RAM,2025,,,"5,6400","2,16",32.0,10.0,,,,
teamgroup xtreem 32 gb,121.99,,,,,,TEAMGROUP,RAM,2025,,,"5,7200","2,16",34.0,9.444,,,,
g.skill ripjaws v 32 gb,69.98,,,,,,G.Skill,RAM,2025,,,"4,3200","1,32",16.0,10.0,,,,
klevv cras x rgb 16 gb,51.99,,,,,,Klevv,RAM,2025,,,"4,3600","2,8",18.0,10.0,,,,
teamgroup t-force delta rgb 16 gb,43.99,,,,,,TEAMGROUP,RAM,2025,,,"4,3200","2,8",16.0,10.0,,,,
patriot viper elite 5 rgb 48 gb,139.99,,,,,,Patriot,RAM,2025,,,"5,6000","2,24",42.0,14.0,,,,
corsair dominator platinum rgb 32 gb,186.42,,,,,,Corsair,RAM,2025,,,"4,3600","4,8",18.0,10.0,,,,
teamgroup t-force vulcan 16 gb,85.59,,,,,,TEAMGROUP,RAM,2025,,,"5,5200","1,16",40.0,15.385,,,,
samsung m393a4k40cb1-crc 32 gb,59.98,,,,,,Samsung,RAM,2025,,,"4,2400","1,32",17.0,14.167,,,,
g.skill trident z5 royal 32 gb,184.99,,,,,,G.Skill,RAM,2025,,,"5,7200","2,16",34.0,9.444,,,,
g.skill flare x5 48 gb,132.99,,,,,,G.Skill,RAM,2025,,,"5,6000","2,24",40.0,13.333,,,,
kingston fury beast 32 gb,123.87,,,,,,Kingston,RAM,2025,,,"5,6000","1,32",30.0,10.0,,,,
silicon power xpower storm rgb 64 gb,159.99,,,,,,Silicon,RAM,2025,,,"5,6000","2,32",38.0,12.667,,,,
crucial ballistix elite 16 gb,159.96,,,,,,Crucial,RAM,2025,,,"4,2666","2,8",16.0,12.003,,,,
corsair dominator titanium 32 gb,188.99,,,,,,Corsair,RAM,2025,,,"5,6400","2,16",32.0,10.0,,,,
kingston fury beast 64 gb,174.99,,,,,,Kingston,RAM,2025,,,"5,5200","2,32",40.0,15.385,,,,
corsair dominator platinum rgb 32 gb,210.99,,,,,,Corsair,RAM,2025,,,"5,7600","2,16",36.0,9.474,,,,
kingston fury beast 8 gb,34.9,,,,,,Kingston,RAM,2025,,,"5,5200","1,8",40.0,15.385,,,,
g.skill trident z5 rgb 64 gb,219.99,,,,,,G.Skill,RAM,2025,,,"5,6000","2,32",30.0,10.0,,,,
g.skill ripjaws s5 32 gb,109.99,,,,,,G.Skill,RAM,2025,,,"5,6000","2,16",30.0,10.0,,,,
kingston fury beast 64 gb,240.93,,,,,,Kingston,RAM,2025,,,"5,6000","2,32",30.0,10.0,,,,
corsair vengeance rgb pro 32 gb,134.99,,,,,,Corsair,RAM,2025,,,"4,3600","4,8",18.0,10.0,,,,
teamgroup t-force delta rgb 48 gb,249.99,,,,,,TEAMGROUP,RAM,2025,,,"5,8200","2,24",38.0,9.268,,,,
corsair vengeance 32 gb,98.99,,,,,,Corsair,RAM,2025,,,"5,5600","1,32",40.0,14.286,,,,
kingston fury renegade 96 gb,398.49,,,,,,Kingston,RAM,2025,,,"5,6400","2,48",32.0,10.0,,,,
crucial ct8g4dfs8213 8 gb,19.0,,,,,,Crucial,RAM,2025,,,"4,2133","1,8",15.0,14.065,,,,
kingston fury beast rgb 32 gb,139.56,,,,,,Kingston,RAM,2025,,,"5,6000","2,16",36.0,12.0,,,,
patriot viper steel rgb 64 gb,172.99,,,,,,Patriot,RAM,2025,,,"4,3600","2,32",20.0,11.111,,,,
teamgroup t-force delta rgb 48 gb,179.99,,,,,,TEAMGROUP,RAM,2025,,,"5,7200","2,24",34.0,9.444,,,,
kingston fury beast 64 gb,280.0,,,,,,Kingston,RAM,2025,,,"4,3600","2,32",18.0,10.0,,,,
kingston fury beast 16 gb,55.8,,,,,,Kingston,RAM,2025,,,"5,5600","1,16",36.0,12.857,,,,
samsung m471b5273dh0-ck0 4 gb,10.25,,,,,,Samsung,RAM,2025,,,"3,1600","1,4",11.0,13.75,,,,
corsair vengeance rgb 48 gb,201.99,,,,,,Corsair,RAM,2025,,,"5,6000","2,24",30.0,10.0,,,,
crucial ct2k16g4rfd4213 32 gb,56.25,,,,,,Crucial,RAM,2025,,,"4,2133","2,16",15.0,14.065,,,,
corsair vengeance lpx 8 gb,34.93,,,,,,Corsair,RAM,2025,,,"4,2666","2,4",16.0,12.003,,,,
kingston fury 128 gb,274.99,,,,,,Kingston,RAM,2025,,,"5,5200","4,32",40.0,15.385,,,,
teamgroup t-force delta rgb 48 gb,214.99,,,,,,TEAMGROUP,RAM,2025,,,"5,8000","2,24",38.0,9.5,,,,
teamgroup t-force vulcan 32 gb,87.99,,,,,,TEAMGROUP,RAM,2025,,,"5,5600","2,16",36.0,12.857,,,,
corsair dominator titanium 48 gb,239.99,,,,,,Corsair,RAM,2025,,,"5,7000","2,24",36.0,10.286,,,,
corsair vengeance 32 gb,110.73,,,,,,Corsair,RAM,2025,,,"5,6000","2,16",40.0,13.333,,,,
patriot viper elite 5 rgb 32 gb,107.99,,,,,,Patriot,RAM,2025,,,"5,7000","2,16",38.0,10.857,,,,
g.skill ripjaws m5 rgb 32 gb,89.99,,,,,,G.Skill,RAM,2025,,,"5,5200","2,16",40.0,15.385,,,,
kingston fury beast rgb 64 gb,179.99,,,,,,Kingston,RAM,2025,,,"5,5600","2,32",36.0,12.857,,,,
adata premier 16 gb,57.45,,,,,,ADATA,RAM,2025,,,"5,4800","1,16",40.0,16.667,,,,
adata xpg spectrix d35g rgb 16 gb,97.01,,,,,,ADATA,RAM,2025,,,"4,3200","1,16",16.0,10.0,,,,
kingston server premier 32 gb,299.0,,,,,,Kingston,RAM,2025,,,"4,2933","1,32",21.0,14.32,,,,
timetec pinnacle konduit rgb 16 gb,36.99,,,,,,Timetec,RAM,2025,,,"4,3200","2,8",16.0,10.0,,,,
crucial ct2k32g56c46s5 64 gb,246.33,,,,,,Crucial,RAM,2025,,,"5,5600","2,32",46.0,16.429,,,,
g.skill ripjaws s5 32 gb,104.99,,,,,,G.Skill,RAM,2025,,,"5,6000","2,16",32.0,10.667,,,,
corsair dominator platinum rgb 32 gb,140.99,,,,,,Corsair,RAM,2025,,,"5,5200","2,16",40.0,15.385,,,,
g.skill aegis 16 gb,34.72,,,,,,G.Skill,RAM,2025,,,"4,2400","2,8",17.0,14.167,,,,
g.skill flare x5 32 gb,133.8,,,,,,G.Skill,RAM,2025,,,"5,5600","2,16",30.0,10.714,,,,
teamgroup t-force vulcan 64 gb,165.99,,,,,,TEAMGROUP,RAM,2025,,,"5,6000","2,32",38.0,12.667,,,,
corsair vengeance 48 gb,133.99,,,,,,Corsair,RAM,2025,,,"5,5200","2,24",38.0,14.615,,,,
corsair vengeance rgb 48 gb,194.99,,,,,,Corsair,RAM,2025,,,"5,7200","2,24",36.0,10.0,,,,
corsair vengeance rgb 96 gb,400.69,,,,,,Corsair,RAM,2025,,,"5,6000","4,24",30.0,10.0,,,,
crucial ct102464bd160b 8 gb,16.98,,,,,,Crucial,RAM,2025,,,"3,1600","1,8",11.0,13.75,,,,
crucial ct8g4dfd8213 8 gb,24.99,,,,,,Crucial,RAM,2025,,,"4,2133","1,8",15.0,14.065,,,,
crucial ct2k48g56c46s5 96 gb,194.89,,,,,,Crucial,RAM,2025,,,"5,5600","2,48",46.0,16.429,,,,
teamgroup xtreem 48 gb,217.99,,,,,,TEAMGROUP,RAM,2025,,,"5,8000","2,24",38.0,9.5,,,,
kingston fury beast rgb 16 gb,86.04,,,,,,Kingston,RAM,2025,,,"5,6000","2,8",30.0,10.0,,,,
adata xpg spectrix d35g rgb 32 gb,131.58,,,,,,ADATA,RAM,2025,,,"4,3600","2,16",18.0,10.0,,,,
corsair vengeance 32 gb,142.99,,,,,,Corsair,RAM,2025,,,"5,6600","2,16",32.0,9.697,,,,
adata xpg lancer blade rgb 64 gb,327.47,,,,,,ADATA,RAM,2025,,,"5,6000","2,32",30.0,10.0,,,,
g.skill trident z5 royal neo rgb 32 gb,199.99,,,,,,G.Skill,RAM,2025,,,"5,8000","2,16",38.0,9.5,,,,
klevv cras x rgb 32 gb,87.99,,,,,,Klevv,RAM,2025,,,"4,3600","2,16",18.0,10.0,,,,
corsair vengeance 64 gb,197.99,,,,,,Corsair,RAM,2025,,,"5,5600","2,32",40.0,14.286,,,,
patriot viper steel 16 gb,35.99,,,,,,Patriot,RAM,2025,,,"4,3600","1,16",18.0,10.0,,,,
adata xpg lancer blade 64 gb,339.75,,,,,,ADATA,RAM,2025,,,"5,6000","2,32",30.0,10.0,,,,
corsair vengeance 64 gb,160.99,,,,,,Corsair,RAM,2025,,,"5,4400","2,32",36.0,16.364,,,,
patriot viper venom 32 gb,72.98,,,,,,Patriot,RAM,2025,,,"5,5200","1,32",36.0,13.846,,,,
corsair dominator platinum rgb 64 gb,199.99,,,,,,Corsair,RAM,2025,,,"5,5200","2,32",40.0,15.385,,,,
corsair vengeance rgb 64 gb,272.0,,,,,,Corsair,RAM,2025,,,"5,6200","4,16",32.0,10.323,,,,
g.skill trident z5 rgb 32 gb,136.99,,,,,,G.Skill,RAM,2025,,,"5,6800","2,16",34.0,10.0,,,,
teamgroup elite 16 gb,40.99,,,,,,TEAMGROUP,RAM,2025,,,"5,4800","1,16",40.0,16.667,,,,
g.skill trident z5 64 gb,204.99,,,,,,G.Skill,RAM,2025,,,"5,6000","2,32",32.0,10.667,,,,
teamgroup t-create classic 32 gb,87.99,,,,,,TEAMGROUP,RAM,2025,,,"5,6000","2,16",48.0,16.0,,,,
kingston fury beast rgb 32 gb,118.99,,,,,,Kingston,RAM,2025,,,"5,5600","2,16",40.0,14.286,,,,
g.skill ripjaws s5 64 gb,179.99,,,,,,G.Skill,RAM,2025,,,"5,5600","2,32",30.0,10.714,,,,
g.skill trident z5 neo rgb 32 gb,125.0,,,,,,G.Skill,RAM,2025,,,"5,6400","2,16",32.0,10.0,,,,
g.skill trident z5 rgb 48 gb,109.99,,,,,,G.Skill,RAM,2025,,,"5,5600","2,24",40.0,14.286,,,,
corsair vengeance rgb pro 16 gb,87.99,,,,,,Corsair,RAM,2025,,,"4,3600","1,16",18.0,10.0,,,,
teamgroup t-create classic 64 gb,159.99,,,,,,TEAMGROUP,RAM,2025,,,"5,6000","2,32",48.0,16.0,,,,
klevv bolt v 32 gb,102.99,,,,,,Klevv,RAM,2025,,,"5,6800","2,16",34.0,10.0,,,,
corsair vengeance lpx 32 gb,82.56,,,,,,Corsair,RAM,2025,,,"4,3000","1,32",16.0,10.667,,,,
patriot signature line 8 gb,23.99,,,,,,Patriot,RAM,2025,,,"4,3200","1,8",22.0,13.75,,,,
kingston fury renegade 48 gb,173.99,,,,,,Kingston,RAM,2025,,,"5,6000","1,48",32.0,10.667,,,,
teamgroup t-force delta rgb 48 gb,249.99,,,,,,TEAMGROUP,RAM,2025,,,"5,8200","2,24",38.0,9.268,,,,
patriot viper steel rgb 16 gb,52.99,,,,,,Patriot,RAM,2025,,,"4,3600","2,8",20.0,11.111,,,,
corsair vengeance 16 gb,149.06,,,,,,Corsair,RAM,2025,,,"3,1600","4,4",9.0,11.25,,,,
v-color tra564g60d434q 256 gb,1839.99,,,,,,V-Color,RAM,2025,,,"5,6000","4,64",34.0,11.333,,,,
corsair vengeance rgb pro sl 16 gb,59.99,,,,,,Corsair,RAM,2025,,,"4,3200","2,8",16.0,10.0,,,,
corsair vengeance rgb 32 gb,134.99,,,,,,Corsair,RAM,2025,,,"5,6800","2,16",40.0,11.765,,,,
kingston fury renegade 32 gb,144.99,,,,,,Kingston,RAM,2025,,,"5,6400","2,16",32.0,10.0,,,,
kingston fury beast rgb 64 gb,199.99,,,,,,Kingston,RAM,2025,,,"5,5600","2,32",40.0,14.286,,,,
kingston fury renegade 32 gb,174.64,,,,,,Kingston,RAM,2025,,,"5,6400","2,16",32.0,10.0,,,,
crucial pro overclocking 16 gb,56.99,,,,,,Crucial,RAM,2025,,,"5,6000","1,16",36.0,12.0,,,,
teamgroup elite 8 gb,17.98,,,,,,TEAMGROUP,RAM,2025,,,"4,2666","1,8",19.0,14.254,,,,
g.skill trident z neo 256 gb,629.99,,,,,,G.Skill,RAM,2025,,,"4,3600","8,32",18.0,10.0,,,,
g.skill ripjaws m5 neo rgb 32 gb,91.99,,,,,,G.Skill,RAM,2025,,,"5,6000","2,16",36.0,12.0,,,,
g.skill flare x5 96 gb,239.99,,,,,,G.Skill,RAM,2025,,,"5,5600","2,48",40.0,14.286,,,,
corsair dominator titanium first edition 64 gb,328.99,,,,,,Corsair,RAM,2025,,,"5,6600","2,32",32.0,9.697,,,,
g.skill trident z5 rgb 64 gb,239.99,,,,,,G.Skill,RAM,2025,,,"5,6400","2,32",32.0,10.0,,,,
corsair vengeance rgb 32 gb,137.99,,,,,,Corsair,RAM,2025,,,"5,6000","2,16",36.0,12.0,,,,
corsair vengeance rgb pro 128 gb,381.81,,,,,,Corsair,RAM,2025,,,"4,3200","4,32",16.0,10.0,,,,
corsair dominator platinum rgb 32 gb,199.99,,,,,,Corsair,RAM,2025,,,"5,7200","2,16",34.0,9.444,,,,
g.skill flare x5 48 gb,104.99,,,,,,G.Skill,RAM,2025,,,"5,5200","2,24",40.0,15.385,,,,
kingston valueram 8 gb,24.13,,,,,,Kingston,RAM,2025,,,"4,3200","1,8",22.0,13.75,,,,
g.skill ripjaws s5 64 gb,142.99,,,,,,G.Skill,RAM,2025,,,"5,5200","2,32",36.0,13.846,,,,
g.skill trident z5 64 gb,260.98,,,,,,G.Skill,RAM,2025,,,"5,6000","2,32",30.0,10.0,,,,
g.skill trident z5 rgb 32 gb,97.99,,,,,,G.Skill,RAM,2025,,,"5,6000","2,16",36.0,12.0,,,,
kingston fury beast rgb 64 gb,177.98,,,,,,Kingston,RAM,2025,,,"4,3600","2,32",18.0,10.0,,,,
g.skill ripjaws m5 rgb 64 gb,229.99,,,,,,G.Skill,RAM,2025,,,"5,6400","2,32",32.0,10.0,,,,
corsair vengeance 32 gb,109.99,,,,,,Corsair,RAM,2025,,,"5,5600","2,16",36.0,12.857,,,,
patriot viper elite ii 16 gb,43.99,,,,,,Patriot,RAM,2025,,,"4,3200","2,8",18.0,11.25,,,,
g.skill trident z5 rgb 32 gb,210.15,,,,,,G.Skill,RAM,2025,,,"5,6000","2,16",30.0,10.0,,,,
g.skill trident z5 royal neo rgb 32 gb,179.99,,,,,,G.Skill,RAM,2025,,,"5,6400","2,16",30.0,9.375,,,,
corsair vengeance rgb pro 32 gb,228.0,,,,,,Corsair,RAM,2025,,,"4,3200","2,16",16.0,10.0,,,,
kingston fury beast 32 gb,97.94,,,,,,Kingston,RAM,2025,,,"5,5200","1,32",40.0,15.385,,,,
patriot viper steel 8 gb,30.98,,,,,,Patriot,RAM,2025,,,"4,3200","2,4",16.0,10.0,,,,
corsair vengeance rgb 32 gb,121.99,,,,,,Corsair,RAM,2025,,,"5,6000","2,16",40.0,13.333,,,,
corsair vengeance rgb 32 gb,110.51,,,,,,Corsair,RAM,2025,,,"5,5600","2,16",40.0,14.286,,,,
g.skill trident z5 rgb 32 gb,120.98,,,,,,G.Skill,RAM,2025,,,"5,6400","2,16",32.0,10.0,,,,
g.skill trident z 32 gb,173.25,,,,,,G.Skill,RAM,2025,,,"4,3200","2,16",16.0,10.0,,,,
corsair vengeance 48 gb,140.99,,,,,,Corsair,RAM,2025,,,"5,5600","2,24",40.0,14.286,,,,
g.skill flare x5 32 gb,84.99,,,,,,G.Skill,RAM,2025,,,"5,5200","2,16",36.0,13.846,,,,
kingston fury renegade 32 gb,236.33,,,,,,Kingston,RAM,2025,,,"5,8000","2,16",38.0,9.5,,,,
kingston fury beast 16 gb,74.53,,,,,,Kingston,RAM,2025,,,"4,3200","1,16",16.0,10.0,,,,
corsair vengeance rgb pro sl 32 gb,140.99,,,,,,Corsair,RAM,2025,,,"4,3600","4,8",18.0,10.0,,,,
teamgroup t-force vulcanα 32 gb,157.43,,,,,,TEAMGROUP,RAM,2025,,,"5,6000","2,16",38.0,12.667,,,,
corsair vengeance 64 gb,195.99,,,,,,Corsair,RAM,2025,,,"5,6000","2,32",40.0,13.333,,,,
g.skill trident z royal 64 gb,199.99,,,,,,G.Skill,RAM,2025,,,"4,3600","2,32",18.0,10.0,,,,
corsair vengeance rgb 32 gb,137.99,,,,,,Corsair,RAM,2025,,,"5,6000","2,16",36.0,12.0,,,,
patriot viper elite 5 rgb 96 gb,274.99,,,,,,Patriot,RAM,2025,,,"5,6000","2,48",42.0,14.0,,,,
g.skill ripjaws m5 rgb 64 gb,154.99,,,,,,G.Skill,RAM,2025,,,"5,5200","2,32",40.0,15.385,,,,
kingston fury impact 32 gb,91.99,,,,,,Kingston,RAM,2025,,,"5,5600","2,16",40.0,14.286,,,,
kingston fury beast 64 gb,207.0,,,,,,Kingston,RAM,2025,,,"5,6000","2,32",36.0,12.0,,,,
g.skill ripjaws v 128 gb,259.99,,,,,,G.Skill,RAM,2025,,,"4,2666","4,32",18.0,13.503,,,,
corsair vengeance 32 gb,159.9,,,,,,Corsair,RAM,2025,,,"5,7000","2,16",34.0,9.714,,,,
g.skill trident z5 rgb 32 gb,139.99,,,,,,G.Skill,RAM,2025,,,"5,7200","2,16",34.0,9.444,,,,
crucial ct8g4dfd824a 8 gb,20.04,,,,,,Crucial,RAM,2025,,,"4,2400","1,8",17.0,14.167,,,,
kingston fury beast 32 gb,150.74,,,,,,Kingston,RAM,2025,,,"4,3200","4,8",16.0,10.0,,,,
kingston fury impact 64 gb,169.99,,,,,,Kingston,RAM,2025,,,"5,5600","2,32",40.0,14.286,,,,
crucial ct2k16g48c40s5 32 gb,71.06,,,,,,Crucial,RAM,2025,,,"5,4800","2,16",40.0,16.667,,,,
kingston fury renegade rgb 96 gb,319.99,,,,,,Kingston,RAM,2025,,,"5,6000","2,48",32.0,10.667,,,,
corsair vengeance rgb pro 32 gb,101.67,,,,,,Corsair,RAM,2025,,,"4,3000","2,16",16.0,10.667,,,,
patriot viper elite ii 16 gb,47.99,,,,,,Patriot,RAM,2025,,,"4,4000","1,16",20.0,10.0,,,,
kingston server premier 64 gb,209.0,,,,,,Kingston,RAM,2025,,,"4,3200","1,64",22.0,13.75,,,,
kingston fury beast 8 gb,44.94,,,,,,Kingston,RAM,2025,,,"4,3600","1,8",17.0,9.444,,,,
corsair dominator platinum rgb 16 gb,95.99,,,,,,Corsair,RAM,2025,,,"4,3600","2,8",18.0,10.0,,,,
corsair vengeance 48 gb,179.99,,,,,,Corsair,RAM,2025,,,"5,7000","2,24",40.0,11.429,,,,
g.skill trident z5 rgb 96 gb,239.99,,,,,,G.Skill,RAM,2025,,,"5,5600","2,48",40.0,14.286,,,,
corsair vengeance lpx 16 gb,51.99,,,,,,Corsair,RAM,2025,,,"4,2933","2,8",16.0,10.91,,,,
g.skill ripjaws s5 32 gb,87.99,,,,,,G.Skill,RAM,2025,,,"5,5600","2,16",36.0,12.857,,,,
kingston fury renegade 32 gb,199.99,,,,,,Kingston,RAM,2025,,,"5,7200","2,16",38.0,10.556,,,,
kingston kvr16n11/8 8 gb,24.36,,,,,,Kingston,RAM,2025,,,"3,1600","1,8",11.0,13.75,,,,
silicon power sp032gbsvu560f22 32 gb,74.99,,,,,,Silicon,RAM,2025,,,"5,5600","2,16",46.0,16.429,,,,
teamgroup xtreem 32 gb,189.99,,,,,,TEAMGROUP,RAM,2025,,,"5,8000","2,16",38.0,9.5,,,,
g.skill ripjaws s5 96 gb,239.99,,,,,,G.Skill,RAM,2025,,,"5,5600","2,48",40.0,14.286,,,,
corsair vengeance rgb pro sl 32 gb,140.99,,,,,,Corsair,RAM,2025,,,"4,3200","2,16",16.0,10.0,,,,
corsair vengeance rgb 32 gb,150.99,,,,,,Corsair,RAM,2025,,,"5,7000","2,16",40.0,11.429,,,,
teamgroup t-force xtreem argb 16 gb,52.99,,,,,,TEAMGROUP,RAM,2025,,,"4,3600","2,8",18.0,10.0,,,,
g.skill ripjaws v 32 gb,69.98,,,,,,G.Skill,RAM,2025,,,"4,2666","2,16",15.0,11.253,,,,
teamgroup t-create expert 48 gb,168.99,,,,,,TEAMGROUP,RAM,2025,,,"5,7200","2,24",34.0,9.444,,,,
g.skill zeta r5 neo 192 gb,1279.99,,,,,,G.Skill,RAM,2025,,,"5,6400","4,48",32.0,10.0,,,,
corsair vengeance 64 gb,195.99,,,,,,Corsair,RAM,2025,,,"5,6000","2,32",40.0,13.333,,,,
kingston fury beast 32 gb,239.08,,,,,,Kingston,RAM,2025,,,"5,6400","2,16",32.0,10.0,,,,
g.skill flare x5 48 gb,457.07,,,,,,G.Skill,RAM,2025,,,"5,6000","2,24",30.0,10.0,,,,
teamgroup t-force vulcan 64 gb,168.99,,,,,,TEAMGROUP,RAM,2025,,,"5,6000","2,32",38.0,12.667,,,,
kingston fury beast rgb 32 gb,119.99,,,,,,Kingston,RAM,2025,,,"5,5200","2,16",36.0,13.846,,,,
patriot viper elite ii 8 gb,21.99,,,,,,Patriot,RAM,2025,,,"4,3600","1,8",20.0,11.111,,,,
corsair vengeance rgb pro 128 gb,356.54,,,,,,Corsair,RAM,2025,,,"4,3600","4,32",18.0,10.0,,,,
teamgroup t-force vulcan 32 gb,89.99,,,,,,TEAMGROUP,RAM,2025,,,"5,6400","2,16",40.0,12.5,,,,
g.skill trident z rgb 256 gb,579.99,,,,,,G.Skill,RAM,2025,,,"4,3200","8,32",16.0,10.0,,,,
adata xpg gammix d10 16 gb,95.17,,,,,,ADATA,RAM,2025,,,"4,3200","2,8",16.0,10.0,,,,
g.skill trident z royal 32 gb,99.99,,,,,,G.Skill,RAM,2025,,,"4,3200","2,16",16.0,10.0,,,,
corsair dominator platinum rgb 32 gb,179.9,,,,,,Corsair,RAM,2025,,,"5,6400","2,16",32.0,10.0,,,,
pny xlr8 gaming epic-x rgb 32 gb,79.98,,,,,,PNY,RAM,2025,,,"4,3600","2,16",18.0,10.0,,,,
teamgroup t-force delta rgb 48 gb,179.99,,,,,,TEAMGROUP,RAM,2025,,,"5,7200","2,24",34.0,9.444,,,,
kingston fury beast rgb 64 gb,344.53,,,,,,Kingston,RAM,2025,,,"5,6000","2,32",30.0,10.0,,,,
patriot viper xtreme 5 rgb 32 gb,129.99,,,,,,Patriot,RAM,2025,,,"5,7800","2,16",38.0,9.744,,,,
timetec pinnacle konduit rgb 32 gb,55.99,,,,,,Timetec,RAM,2025,,,"4,3200","1,32",16.0,10.0,,,,
silicon power xpower storm rgb 32 gb,99.97,,,,,,Silicon,RAM,2025,,,"5,7200","2,16",34.0,9.444,,,,
g.skill trident z5 neo 48 gb,219.99,,,,,,G.Skill,RAM,2025,,,"5,8000","2,24",40.0,10.0,,,,
corsair vengeance rgb 64 gb,177.99,,,,,,Corsair,RAM,2025,,,"5,5200","2,32",40.0,15.385,,,,
corsair vengeance rgb pro 16 gb,85.99,,,,,,Corsair,RAM,2025,,,"4,3000","2,8",16.0,10.667,,,,
kingston valueram 8 gb,24.33,,,,,,Kingston,RAM,2025,,,"4,3200","1,8",22.0,13.75,,,,
samsung m393a2g40eb1-crc 16 gb,22.8,,,,,,Samsung,RAM,2025,,,"4,2400","1,16",17.0,14.167,,,,
g.skill tridentz rgb 32 gb,677.52,,,,,,G.Skill,RAM,2025,,,"4,4000","2,16",16.0,8.0,,,,
corsair dominator platinum rgb 64 gb,250.99,,,,,,Corsair,RAM,2025,,,"5,6000","2,32",40.0,13.333,,,,
g.skill ripjaws x 16 gb,49.61,,,,,,G.Skill,RAM,2025,,,"3,1600","2,8",9.0,11.25,,,,
corsair vengeance lpx 32 gb,109.99,,,,,,Corsair,RAM,2025,,,"4,3600","4,8",16.0,8.889,,,,
teamgroup t-force deltaα rgb 32 gb,92.49,,,,,,TEAMGROUP,RAM,2025,,,"5,6000","2,16",38.0,12.667,,,,
corsair dominator platinum rgb 32 gb,188.04,,,,,,Corsair,RAM,2025,,,"4,3600","4,8",18.0,10.0,,,,
teamgroup t-force delta rgb 96 gb,345.99,,,,,,TEAMGROUP,RAM,2025,,,"5,6800","2,48",36.0,10.588,,,,
corsair vengeance rgb pro sl 64 gb,209.99,,,,,,Corsair,RAM,2025,,,"4,3600","4,16",18.0,10.0,,,,
g.skill ripjaws s5 96 gb,184.99,,,,,,G.Skill,RAM,2025,,,"5,5200","2,48",40.0,15.385,,,,
g.skill trident z neo 128 gb,467.21,,,,,,G.Skill,RAM,2025,,,"4,3600","4,32",16.0,8.889,,,,
corsair dominator platinum rgb 32 gb,194.72,,,,,,Corsair,RAM,2025,,,"5,5600","2,16",36.0,12.857,,,,
corsair cmv4gx4m1a2133c15 4 gb,18.78,,,,,,Corsair,RAM,2025,,,"4,2133","1,4",15.0,14.065,,,,
g.skill f5-5600j2834f32gx2-tz5rk 64 gb,199.99,,,,,,G.Skill,RAM,2025,,,"5,5600","2,32",28.0,10.0,,,,
crucial ct4g4dfs8213 4 gb,17.55,,,,,,Crucial,RAM,2025,,,"4,2133","1,4",15.0,14.065,,,,
teamgroup t-force delta rgb 16 gb,47.99,,,,,,TEAMGROUP,RAM,2025,,,"5,5200","2,8",40.0,15.385,,,,
teamgroup xtreem argb 48 gb,186.99,,,,,,TEAMGROUP,RAM,2025,,,"5,7200","2,24",34.0,9.444,,,,
patriot viper steel 16 gb,80.75,,,,,,Patriot,RAM,2025,,,"4,3733","2,8",17.0,9.108,,,,
adata xpg lancer blade 16 gb,73.26,,,,,,ADATA,RAM,2025,,,"5,6000","1,16",30.0,10.0,,,,
corsair valueselect 8 gb,45.98,,,,,,Corsair,RAM,2025,,,"4,2666","1,8",18.0,13.503,,,,
crucial ct16g56c46s5 16 gb,40.99,,,,,,Crucial,RAM,2025,,,"5,5600","1,16",46.0,16.429,,,,
corsair vengeance 32 gb,124.9,,,,,,Corsair,RAM,2025,,,"5,6800","2,16",40.0,11.765,,,,
g.skill ripjaws v 16 gb,39.99,,,,,,G.Skill,RAM,2025,,,"4,2666","2,8",15.0,11.253,,,,
kingston fury beast 16 gb,68.98,,,,,,Kingston,RAM,2025,,,"5,6000","1,16",30.0,10.0,,,,
corsair vengeance lpx 16 gb,62.99,,,,,,Corsair,RAM,2025,,,"4,2666","1,16",16.0,12.003,,,,
oloy md4u082417bbsa 8 gb,19.98,,,,,,OLOy,RAM,2025,,,"4,2400","1,8",17.0,14.167,,,,
g.skill trident z5 rgb 64 gb,204.99,,,,,,G.Skill,RAM,2025,,,"5,6000","2,32",32.0,10.667,,,,
teamgroup t-force vulcan 32 gb,82.99,,,,,,TEAMGROUP,RAM,2025,,,"5,6000","2,16",38.0,12.667,,,,
corsair dominator platinum rgb 64 gb,210.99,,,,,,Corsair,RAM,2025,,,"5,5200","2,32",40.0,15.385,,,,
kingston fury beast rgb 8 gb,44.99,,,,,,Kingston,RAM,2025,,,"5,6000","1,8",30.0,10.0,,,,
g.skill trident z5 neo rgb 256 gb,809.99,,,,,,G.Skill,RAM,2025,,,"5,6000","4,64",36.0,12.0,,,,
corsair vengeance rgb 32 gb,136.99,,,,,,Corsair,RAM,2025,,,"5,6600","2,16",38.0,11.515,,,,
teamgroup t-force delta rgb 32 gb,87.99,,,,,,TEAMGROUP,RAM,2025,,,"5,5200","2,16",40.0,15.385,,,,
g.skill trident z rgb 64 gb,159.99,,,,,,G.Skill,RAM,2025,,,"4,3200","2,32",16.0,10.0,,,,
g.skill trident z5 neo 32 gb,99.99,,,,,,G.Skill,RAM,2025,,,"5,6000","2,16",36.0,12.0,,,,
adata xpg spectrix d50 16 gb,116.03,,,,,,ADATA,RAM,2025,,,"4,3200","2,8",16.0,10.0,,,,
g.skill ns 2 gb,12.7,,,,,,G.Skill,RAM,2025,,,"3,1333","1,2",9.0,13.503,,,,
g.skill trident z5 rgb 32 gb,119.99,,,,,,G.Skill,RAM,2025,,,"5,6000","2,16",30.0,10.0,,,,
teamgroup t-force vulcan 64 gb,149.99,,,,,,TEAMGROUP,RAM,2025,,,"5,5200","2,32",40.0,15.385,,,,
g.skill ripjaws s5 96 gb,184.99,,,,,,G.Skill,RAM,2025,,,"5,5200","2,48",40.0,15.385,,,,
kingston server premier 32 gb,128.88,,,,,,Kingston,RAM,2025,,,"4,3200","1,32",22.0,13.75,,,,
timetec pinnacle konduit rgb 8 gb,19.99,,,,,,Timetec,RAM,2025,,,"4,3200","1,8",16.0,10.0,,,,
corsair valueselect 4 gb,36.2,,,,,,Corsair,RAM,2025,,,"3,1600","1,4",11.0,13.75,,,,
mushkin silverline 8 gb,123.14,,,,,,Mushkin,RAM,2025,,,"2,800","2,4",6.0,15.0,,,,
micron mt8jtf25664az-1g4d1 2 gb,22.1,,,,,,Micron,RAM,2025,,,"3,1333","1,2",9.0,13.503,,,,
g.skill ripjaws v 64 gb,139.99,,,,,,G.Skill,RAM,2025,,,"4,2666","2,32",18.0,13.503,,,,
crucial ct16g4wfd8213 16 gb,54.09,,,,,,Crucial,RAM,2025,,,"4,2133","1,16",15.0,14.065,,,,
corsair vengeance rgb 32 gb,102.99,,,,,,Corsair,RAM,2025,,,"5,5200","2,16",40.0,15.385,,,,
corsair vengeance rgb 32 gb,118.99,,,,,,Corsair,RAM,2025,,,"5,5600","2,16",36.0,12.857,,,,
pny xlr8 gaming mako epic-x rgb 32 gb,162.28,,,,,,PNY,RAM,2025,,,"5,6000","2,16",40.0,13.333,,,,
patriot viper 4 blackout 16 gb,40.99,,,,,,Patriot,RAM,2025,,,"4,3600","2,8",18.0,10.0,,,,
kingston server premier 32 gb,167.0,,,,,,Kingston,RAM,2025,,,"5,5200","1,32",42.0,16.154,,,,
g.skill ripjaws m5 rgb 96 gb,319.99,,,,,,G.Skill,RAM,2025,,,"5,6400","2,48",32.0,10.0,,,,
patriot viper venom rgb 64 gb,164.99,,,,,,Patriot,RAM,2025,,,"5,5600","2,32",40.0,14.286,,,,
silicon power xpower turbine rgb 16 gb,44.99,,,,,,Silicon,RAM,2025,,,"4,3200","2,8",16.0,10.0,,,,
corsair vengeance lpx 64 gb,164.64,,,,,,Corsair,RAM,2025,,,"4,3000","4,16",16.0,10.667,,,,
corsair vengeance lpx 8 gb,36.99,,,,,,Corsair,RAM,2025,,,"4,2400","1,8",14.0,11.667,,,,
g.skill trident z5 rgb 48 gb,189.99,,,,,,G.Skill,RAM,2025,,,"5,7600","2,24",38.0,10.0,,,,
crucial ct2k64g56c46s5 128 gb,279.99,,,,,,Crucial,RAM,2025,,,"5,5600","2,64",46.0,16.429,,,,
teamgroup t-force delta rgb 32 gb,112.99,,,,,,TEAMGROUP,RAM,2025,,,"5,6800","2,16",34.0,10.0,,,,
corsair dominator platinum rgb 32 gb,157.99,,,,,,Corsair,RAM,2025,,,"4,4000","2,16",18.0,9.0,,,,
kingston fury beast 64 gb,189.99,,,,,,Kingston,RAM,2025,,,"4,3200","4,16",16.0,10.0,,,,
kingston server premier 16 gb,109.99,,,,,,Kingston,RAM,2025,,,"5,5200","1,16",42.0,16.154,,,,
kingston valueram 4 gb,14.76,,,,,,Kingston,RAM,2025,,,"4,3200","1,4",22.0,13.75,,,,
kingston fury renegade rgb 32 gb,156.99,,,,,,Kingston,RAM,2025,,,"5,6000","2,16",32.0,10.667,,,,
kingston fury renegade 48 gb,216.61,,,,,,Kingston,RAM,2025,,,"5,6400","1,48",32.0,10.0,,,,
g.skill flare x5 128 gb,389.99,,,,,,G.Skill,RAM,2025,,,"5,6000","2,64",36.0,12.0,,,,
patriot viper venom rgb 64 gb,184.99,,,,,,Patriot,RAM,2025,,,"5,6000","2,32",36.0,12.0,,,,
adata xpg lancer rgb 64 gb,331.64,,,,,,ADATA,RAM,2025,,,"5,6400","2,32",32.0,10.0,,,,
teamgroup t-force xtreem 48 gb,181.99,,,,,,TEAMGROUP,RAM,2025,,,"5,7200","2,24",34.0,9.444,,,,
corsair vengeance rgb 64 gb,319.99,,,,,,Corsair,RAM,2025,,,"5,6400","4,16",32.0,10.0,,,,
kingston fury beast 32 gb,248.8,,,,,,Kingston,RAM,2025,,,"5,6400","1,32",32.0,10.0,,,,
corsair dominator platinum rgb 32 gb,184.99,,,,,,Corsair,RAM,2025,,,"5,6600","2,16",32.0,9.697,,,,
patriot viper steel rgb 16 gb,51.99,,,,,,Patriot,RAM,2025,,,"4,3200","2,8",18.0,11.25,,,,
kingston fury beast rgb 16 gb,54.56,,,,,,Kingston,RAM,2025,,,"5,5200","1,16",36.0,13.846,,,,
kingston kvr1333d3n9/4g 4 gb,21.22,,,,,,Kingston,RAM,2025,,,"3,1333","1,4",9.0,13.503,,,,
corsair dominator platinum rgb 32 gb,173.99,,,,,,Corsair,RAM,2025,,,"5,6000","2,16",36.0,12.0,,,,
g.skill ripjaws x 32 gb,98.37,,,,,,G.Skill,RAM,2025,,,"3,1600","4,8",9.0,11.25,,,,
g.skill trident z5 royal 48 gb,219.99,,,,,,G.Skill,RAM,2025,,,"5,8000","2,24",40.0,10.0,,,,
corsair vengeance rgb pro 16 gb,82.99,,,,,,Corsair,RAM,2025,,,"4,2666","2,8",16.0,12.003,,,,
thermaltake toughram rgb 16 gb,113.79,,,,,,Thermaltake,RAM,2025,,,"4,3200","2,8",16.0,10.0,,,,
g.skill trident z neo 256 gb,817.87,,,,,,G.Skill,RAM,2025,,,"4,3200","8,32",16.0,10.0,,,,
corsair dominator platinum rgb 32 gb,171.99,,,,,,Corsair,RAM,2025,,,"5,6000","2,16",30.0,10.0,,,,
patriot viper elite ii 16 gb,39.99,,,,,,Patriot,RAM,2025,,,"4,3200","1,16",18.0,11.25,,,,
corsair vengeance rgb 64 gb,209.99,,,,,,Corsair,RAM,2025,,,"5,6000","2,32",40.0,13.333,,,,
kingston fury beast 128 gb,525.32,,,,,,Kingston,RAM,2025,,,"4,3200","4,32",16.0,10.0,,,,
timetec pinnacle konduit 16 gb,30.99,,,,,,Timetec,RAM,2025,,,"4,3200","1,16",16.0,10.0,,,,
crucial ct32g4rfd432a 32 gb,64.98,,,,,,Crucial,RAM,2025,,,"4,3200","1,32",22.0,13.75,,,,
g.skill aegis 8 gb,39.0,,,,,,G.Skill,RAM,2025,,,"4,2133","1,8",15.0,14.065,,,,
corsair vengeance rgb 32 gb,164.99,,,,,,Corsair,RAM,2025,,,"5,7000","2,16",36.0,10.286,,,,
kingston valueram 4 gb,32.29,,,,,,Kingston,RAM,2025,,,"2,800","2,2",6.0,15.0,,,,
kingston server premier 64 gb,388.23,,,,,,Kingston,RAM,2025,,,"4,2666","1,64",19.0,14.254,,,,
teamgroup t-force delta rgb 32 gb,137.99,,,,,,TEAMGROUP,RAM,2025,,,"5,7600","2,16",36.0,9.474,,,,
kingston fury beast 16 gb,69.45,,,,,,Kingston,RAM,2025,,,"5,6000","1,16",30.0,10.0,,,,
g.skill trident z5 rgb 48 gb,249.99,,,,,,G.Skill,RAM,2025,,,"5,8200","2,24",40.0,9.756,,,,
patriot viper steel 32 gb,79.98,,,,,,Patriot,RAM,2025,,,"4,3200","1,32",16.0,10.0,,,,
kingston fury beast 64 gb,265.41,,,,,,Kingston,RAM,2025,,,"5,6400","2,32",32.0,10.0,,,,
crucial ct8g4dfs8266 8 gb,19.5,,,,,,Crucial,RAM,2025,,,"4,2666","1,8",19.0,14.254,,,,
corsair dominator platinum rgb 32 gb,142.55,,,,,,Corsair,RAM,2025,,,"4,3600","2,16",18.0,10.0,,,,
patriot viper elite ii 16 gb,41.99,,,,,,Patriot,RAM,2025,,,"4,3600","1,16",20.0,11.111,,,,
corsair vengeance 64 gb,308.99,,,,,,Corsair,RAM,2025,,,"5,6400","4,16",32.0,10.0,,,,
crucial ballistix sport 16 gb,99.97,,,,,,Crucial,RAM,2025,,,"3,1600","2,8",9.0,11.25,,,,
kingston fury beast rgb 8 gb,40.17,,,,,,Kingston,RAM,2025,,,"5,5600","1,8",40.0,14.286,,,,
crucial ct2k4g4dfs8266 8 gb,73.48,,,,,,Crucial,RAM,2025,,,"4,2666","2,4",19.0,14.254,,,,
g.skill trident z5 64 gb,190.0,,,,,,G.Skill,RAM,2025,,,"5,6000","2,32",32.0,10.667,,,,
g.skill trident z neo 64 gb,164.99,,,,,,G.Skill,RAM,2025,,,"4,3200","2,32",16.0,10.0,,,,
corsair vengeance 32 gb,84.99,,,,,,Corsair,RAM,2025,,,"5,4800","2,16",40.0,16.667,,,,
corsair vengeance 48 gb,173.92,,,,,,Corsair,RAM,2025,,,"5,6400","2,24",36.0,11.25,,,,
kingston fury beast rgb 32 gb,99.99,,,,,,Kingston,RAM,2025,,,"5,6400","2,16",32.0,10.0,,,,
corsair dominator platinum rgb 32 gb,171.99,,,,,,Corsair,RAM,2025,,,"5,6000","2,16",30.0,10.0,,,,
adata xpg caster rgb 32 gb,474.95,,,,,,ADATA,RAM,2025,,,"5,6400","2,16",40.0,12.5,,,,
pny xlr8 gaming epic-x rgb 8 gb,33.36,,,,,,PNY,RAM,2025,,,"4,3200","1,8",16.0,10.0,,,,
corsair dominator titanium 64 gb,339.99,,,,,,Corsair,RAM,2025,,,"5,6000","4,16",36.0,12.0,,,,
g.skill trident z neo 32 gb,479.82,,,,,,G.Skill,RAM,2025,,,"4,3600","2,16",14.0,7.778,,,,
g.skill trident z5 neo rgb 96 gb,229.99,,,,,,G.Skill,RAM,2025,,,"5,5600","2,48",40.0,14.286,,,,
teamgroup t-force vulcan 64 gb,165.99,,,,,,TEAMGROUP,RAM,2025,,,"5,6000","2,32",38.0,12.667,,,,
teamgroup xtreem 32 gb,154.99,,,,,,TEAMGROUP,RAM,2025,,,"5,7600","2,16",36.0,9.474,,,,
g.skill ripjaws v 64 gb,171.52,,,,,,G.Skill,RAM,2025,,,"4,3600","4,16",16.0,8.889,,,,
teamgroup t-force delta rgb 48 gb,209.99,,,,,,TEAMGROUP,RAM,2025,,,"5,7600","2,24",36.0,9.474,,,,
kingston fury renegade pro 256 gb,2171.44,,,,,,Kingston,RAM,2025,,,"5,6800","8,32",34.0,10.0,,,,
corsair vengeance rgb pro sl 32 gb,134.41,,,,,,Corsair,RAM,2025,,,"4,3200","2,16",16.0,10.0,,,,
g.skill trident z5 rgb 48 gb,169.99,,,,,,G.Skill,RAM,2025,,,"5,6800","2,24",34.0,10.0,,,,
corsair vengeance lpx 16 gb,79.98,,,,,,Corsair,RAM,2025,,,"4,4000","2,8",19.0,9.5,,,,
patriot signature premium 8 gb,27.99,,,,,,Patriot,RAM,2025,,,"4,2666","1,8",19.0,14.254,,,,
kingston valueram 16 gb,43.95,,,,,,Kingston,RAM,2025,,,"4,3200","1,16",22.0,13.75,,,,
crucial ct2kit12864ba160b 2 gb,995.0,,,,,,Crucial,RAM,2025,,,"3,1600","2,1",11.0,13.75,,,,
g.skill trident z rgb 96 gb,442.75,,,,,,G.Skill,RAM,2025,,,"5,6400","2,48",32.0,10.0,,,,
corsair vengeance rgb 64 gb,275.99,,,,,,Corsair,RAM,2025,,,"5,6200","2,32",32.0,10.323,,,,
kingston valueram 32 gb,67.59,,,,,,Kingston,RAM,2025,,,"4,3200","1,32",22.0,13.75,,,,
teamgroup elite plus 16 gb,39.99,,,,,,TEAMGROUP,RAM,2025,,,"5,4800","2,8",40.0,16.667,,,,
patriot signature line 16 gb,48.98,,,,,,Patriot,RAM,2025,,,"5,4800","2,8",40.0,16.667,,,,
corsair vengeance lpx 8 gb,36.99,,,,,,Corsair,RAM,2025,,,"4,2666","1,8",16.0,12.003,,,,
crucial ct2k8g4dfs8266 16 gb,36.5,,,,,,Crucial,RAM,2025,,,"4,2666","2,8",19.0,14.254,,,,
kingston server premier 32 gb,158.55,,,,,,Kingston,RAM,2025,,,"4,2666","1,32",19.0,14.254,,,,
corsair vengeance rgb pro sl 32 gb,143.26,,,,,,Corsair,RAM,2025,,,"4,4000","2,16",18.0,9.0,,,,
g.skill ripjaws s5 64 gb,159.99,,,,,,G.Skill,RAM,2025,,,"5,5600","2,32",36.0,12.857,,,,
corsair vengeance lpx 16 gb,73.98,,,,,,Corsair,RAM,2025,,,"4,2666","2,8",16.0,12.003,,,,
kingston fury beast rgb 32 gb,146.63,,,,,,Kingston,RAM,2025,,,"5,5600","1,32",36.0,12.857,,,,
kingston fury beast 16 gb,56.99,,,,,,Kingston,RAM,2025,,,"4,3600","1,16",18.0,10.0,,,,
kingston valueram 8 gb,25.71,,,,,,Kingston,RAM,2025,,,"4,2400","1,8",17.0,14.167,,,,
kingston server premier 64 gb,276.82,,,,,,Kingston,RAM,2025,,,"4,2666","1,64",19.0,14.254,,,,
v-color xsky rgb 32 gb,164.99,,,,,,V-Color,RAM,2025,,,"5,6000","2,16",36.0,12.0,,,,
kingston fury beast rgb 64 gb,335.44,,,,,,Kingston,RAM,2025,,,"5,6000","2,32",30.0,10.0,,,,
corsair dominator platinum rgb 32 gb,140.99,,,,,,Corsair,RAM,2025,,,"5,5200","2,16",40.0,15.385,,,,
kingston fury beast 64 gb,259.99,,,,,,Kingston,RAM,2025,,,"5,6400","2,32",32.0,10.0,,,,
corsair vengeance 32 gb,110.99,,,,,,Corsair,RAM,2025,,,"5,5600","2,16",40.0,14.286,,,,
teamgroup t-force vulcan z 16 gb,66.15,,,,,,TEAMGROUP,RAM,2025,,,"4,3200","1,16",16.0,10.0,,,,
corsair dominator platinum rgb 64 gb,243.99,,,,,,Corsair,RAM,2025,,,"4,3200","4,16",16.0,10.0,,,,
crucial ballistix sport 8 gb,39.0,,,,,,Crucial,RAM,2025,,,"4,2400","1,8",16.0,13.333,,,,
g.skill trident z5 neo rgb 32 gb,164.99,,,,,,G.Skill,RAM,2025,,,"5,8000","2,16",38.0,9.5,,,,
teamgroup t-force vulcan 64 gb,185.99,,,,,,TEAMGROUP,RAM,2025,,,"5,6400","2,32",34.0,10.625,,,,
corsair vengeance rgb 64 gb,189.9,,,,,,Corsair,RAM,2025,,,"5,5600","2,32",40.0,14.286,,,,
g.skill flare x 32 gb,95.52,,,,,,G.Skill,RAM,2025,,,"4,3200","2,16",16.0,10.0,,,,
kingston fury beast 32 gb,422.19,,,,,,Kingston,RAM,2025,,,"5,6000","2,16",40.0,13.333,,,,
g.skill trident z rgb 64 gb,455.03,,,,,,G.Skill,RAM,2025,,,"4,3200","4,16",16.0,10.0,,,,
patriot viper steel rgb 8 gb,24.99,,,,,,Patriot,RAM,2025,,,"4,3200","1,8",18.0,11.25,,,,
g.skill ripjaws 32 gb,82.99,,,,,,G.Skill,RAM,2025,,,"5,4800","2,16",34.0,14.167,,,,
corsair vengeance rgb rs 64 gb,184.12,,,,,,Corsair,RAM,2025,,,"4,3200","2,32",16.0,10.0,,,,
g.skill ripjaws s5 64 gb,204.99,,,,,,G.Skill,RAM,2025,,,"5,6000","2,32",32.0,10.667,,,,
teamgroup t-force vulcan 32 gb,126.46,,,,,,TEAMGROUP,RAM,2025,,,"5,5600","2,16",32.0,11.429,,,,
g.skill trident z5 neo 128 gb,404.99,,,,,,G.Skill,RAM,2025,,,"5,6000","2,64",36.0,12.0,,,,
corsair vengeance lpx 16 gb,47.99,,,,,,Corsair,RAM,2025,,,"4,2666","2,8",16.0,12.003,,,,
g.skill ripjaws v 16 gb,39.99,,,,,,G.Skill,RAM,2025,,,"4,3000","2,8",16.0,10.667,,,,
g.skill aegis 16 gb,35.99,,,,,,G.Skill,RAM,2025,,,"4,2666","1,16",19.0,14.254,,,,
corsair vengeance rgb 48 gb,188.99,,,,,,Corsair,RAM,2025,,,"5,6400","2,24",36.0,11.25,,,,
g.skill trident z5 rgb 64 gb,290.85,,,,,,G.Skill,RAM,2025,,,"5,5600","2,32",36.0,12.857,,,,
corsair vengeance rgb pro 16 gb,96.99,,,,,,Corsair,RAM,2025,,,"4,3000","2,8",15.0,10.0,,,,
kingston server premier 64 gb,313.99,,,,,,Kingston,RAM,2025,,,"4,3200","1,64",22.0,13.75,,,,
corsair vengeance rgb pro sl 32 gb,109.99,,,,,,Corsair,RAM,2025,,,"4,3600","2,16",18.0,10.0,,,,
teamgroup xtreem argb 32 gb,189.99,,,,,,TEAMGROUP,RAM,2025,,,"5,7600","2,16",36.0,9.474,,,,
corsair vengeance lpx 16 gb,73.98,,,,,,Corsair,RAM,2025,,,"4,2400","2,8",14.0,11.667,,,,
teamgroup xtreem argb 32 gb,199.99,,,,,,TEAMGROUP,RAM,2025,,,"5,8000","2,16",38.0,9.5,,,,
patriot viper venom rgb 32 gb,98.99,,,,,,Patriot,RAM,2025,,,"5,6400","2,16",40.0,12.5,,,,
g.skill trident x 32 gb,184.7,,,,,,G.Skill,RAM,2025,,,"3,2400","4,8",10.0,8.333,,,,
lexar ares rgb 2nd gen 48 gb,209.99,,,,,,Lexar,RAM,2025,,,"5,8000","2,24",40.0,10.0,,,,
teamgroup elite 16 gb,50.99,,,,,,TEAMGROUP,RAM,2025,,,"5,5200","2,8",42.0,16.154,,,,
corsair vengeance 8 gb,84.75,,,,,,Corsair,RAM,2025,,,"3,1600","2,4",9.0,11.25,,,,
corsair cmv8gx4m1a2133c15 8 gb,34.99,,,,,,Corsair,RAM,2025,,,"4,2133","1,8",15.0,14.065,,,,
g.skill ripjaws v 8 gb,23.99,,,,,,G.Skill,RAM,2025,,,"4,2666","1,8",19.0,14.254,,,,
g.skill ns 4 gb,19.05,,,,,,G.Skill,RAM,2025,,,"3,1600","1,4",11.0,13.75,,,,
kingston valueram 32 gb,104.65,,,,,,Kingston,RAM,2025,,,"5,5600","1,32",46.0,16.429,,,,
pny performance 16 gb,207.78,,,,,,PNY,RAM,2025,,,"5,4800","1,16",40.0,16.667,,,,
adata xpg lancer neon rgb 32 gb,157.21,,,,,,ADATA,RAM,2025,,,"5,6400","2,16",32.0,10.0,,,,
corsair vengeance lpx 32 gb,81.76,,,,,,Corsair,RAM,2025,,,"4,2666","1,32",16.0,12.003,,,,
g.skill trident z neo 32 gb,89.99,,,,,,G.Skill,RAM,2025,,,"4,3200","2,16",16.0,10.0,,,,
teamgroup t-force delta rgb 32 gb,92.99,,,,,,TEAMGROUP,RAM,2025,,,"5,6200","2,16",38.0,12.258,,,,
teamgroup t-force delta rgb 16 gb,61.06,,,,,,TEAMGROUP,RAM,2025,,,"4,3200","2,8",16.0,10.0,,,,
crucial ct8g4dfs832a 8 gb,28.76,,,,,,Crucial,RAM,2025,,,"4,3200","1,8",22.0,13.75,,,,
g.skill trident z5 rgb 48 gb,209.99,,,,,,G.Skill,RAM,2025,,,"5,8000","2,24",40.0,10.0,,,,
corsair vengeance rgb rs 16 gb,64.23,,,,,,Corsair,RAM,2025,,,"4,3600","2,8",18.0,10.0,,,,
corsair vengeance rgb pro 8 gb,52.99,,,,,,Corsair,RAM,2025,,,"4,3200","1,8",16.0,10.0,,,,
corsair vengeance rgb rt 32 gb,94.99,,,,,,Corsair,RAM,2025,,,"4,3600","2,16",18.0,10.0,,,,
corsair vengeance rgb 96 gb,262.99,,,,,,Corsair,RAM,2025,,,"5,5200","2,48",38.0,14.615,,,,
silicon power xpower storm rgb 64 gb,169.99,,,,,,Silicon,RAM,2025,,,"5,6000","2,32",38.0,12.667,,,,
teamgroup xtreem argb 48 gb,249.99,,,,,,TEAMGROUP,RAM,2025,,,"5,8000","2,24",38.0,9.5,,,,
teamgroup t-force delta rgb 32 gb,102.99,,,,,,TEAMGROUP,RAM,2025,,,"5,5600","2,16",32.0,11.429,,,,
kingston fury 32 gb,102.42,,,,,,Kingston,RAM,2025,,,"5,5600","1,32",40.0,14.286,,,,
g.skill trident z5 royal 48 gb,214.99,,,,,,G.Skill,RAM,2025,,,"5,7200","2,24",36.0,10.0,,,,
teamgroup elite 16 gb,36.99,,,,,,TEAMGROUP,RAM,2025,,,"4,2666","1,16",19.0,14.254,,,,
kingston fury beast rgb 32 gb,279.0,,,,,,Kingston,RAM,2025,,,"5,6000","2,16",40.0,13.333,,,,
kingston fury renegade rgb 32 gb,239.96,,,,,,Kingston,RAM,2025,,,"5,8000","2,16",38.0,9.5,,,,
crucial ct2k4g4dfs824a 8 gb,29.99,,,,,,Crucial,RAM,2025,,,"4,2400","2,4",17.0,14.167,,,,
patriot signature line 16 gb,41.99,,,,,,Patriot,RAM,2025,,,"4,3200","1,16",22.0,13.75,,,,
timetec pinnacle konduit 32 gb,49.99,,,,,,Timetec,RAM,2025,,,"4,3600","1,32",18.0,10.0,,,,
adata xpg lancer rgb 32 gb,124.99,,,,,,ADATA,RAM,2025,,,"5,5600","2,16",36.0,12.857,,,,
crucial ct32g48c40s5 32 gb,74.99,,,,,,Crucial,RAM,2025,,,"5,4800","1,32",40.0,16.667,,,,
teamgroup t-force delta rgb 48 gb,214.99,,,,,,TEAMGROUP,RAM,2025,,,"5,8000","2,24",38.0,9.5,,,,
teamgroup t-force delta rgb 32 gb,149.99,,,,,,TEAMGROUP,RAM,2025,,,"5,7800","2,16",38.0,9.744,,,,
kingston server premier 8 gb,59.95,,,,,,Kingston,RAM,2025,,,"4,3200","1,8",22.0,13.75,,,,
corsair dominator platinum rgb 32 gb,146.99,,,,,,Corsair,RAM,2025,,,"5,6000","2,16",36.0,12.0,,,,
kingston fury 64 gb,229.59,,,,,,Kingston,RAM,2025,,,"5,6000","2,32",36.0,12.0,,,,
corsair vengeance rgb pro 32 gb,140.99,,,,,,Corsair,RAM,2025,,,"4,2666","2,16",16.0,12.003,,,,
kingston fury beast 32 gb,134.63,,,,,,Kingston,RAM,2025,,,"5,6000","1,32",30.0,10.0,,,,
corsair vengeance lp 16 gb,79.98,,,,,,Corsair,RAM,2025,,,"3,1600","2,8",10.0,12.5,,,,
corsair vengeance 32 gb,114.99,,,,,,Corsair,RAM,2025,,,"5,6600","2,16",38.0,11.515,,,,
corsair vengeance lpx 32 gb,147.99,,,,,,Corsair,RAM,2025,,,"4,2666","4,8",16.0,12.003,,,,
teamgroup t-force vulcan 16 gb,52.99,,,,,,TEAMGROUP,RAM,2025,,,"5,5200","2,8",40.0,15.385,,,,
v-color td48g26s819-vc 8 gb,18.98,,,,,,V-Color,RAM,2025,,,"4,2666","1,8",19.0,14.254,,,,
g.skill ripjaws v 8 gb,68.0,,,,,,G.Skill,RAM,2025,,,"4,3200","2,4",16.0,10.0,,,,
crucial ct102464ba160b 8 gb,18.0,,,,,,Crucial,RAM,2025,,,"3,1600","1,8",11.0,13.75,,,,
g.skill trident z5 rgb 32 gb,119.99,,,,,,G.Skill,RAM,2025,,,"5,6000","2,16",30.0,10.0,,,,
crucial ct2k24g56c46s5 48 gb,106.99,,,,,,Crucial,RAM,2025,,,"5,5600","2,24",46.0,16.429,,,,
crucial ct48g56c46s5 48 gb,101.99,,,,,,Crucial,RAM,2025,,,"5,5600","1,48",46.0,16.429,,,,
crucial ct8g48c40s5 8 gb,20.99,,,,,,Crucial,RAM,2025,,,"5,4800","1,8",40.0,16.667,,,,
g.skill trident z5 rgb 32 gb,193.82,,,,,,G.Skill,RAM,2025,,,"5,7800","2,16",36.0,9.231,,,,
crucial ct2k102464bd186d 16 gb,29.29,,,,,,Crucial,RAM,2025,,,"3,1866","2,8",13.0,13.934,,,,
g.skill trident z5 rgb 32 gb,165.44,,,,,,G.Skill,RAM,2025,,,"5,6600","2,16",34.0,10.303,,,,
kingston fury beast rgb 16 gb,60.78,,,,,,Kingston,RAM,2025,,,"5,5600","1,16",36.0,12.857,,,,
g.skill nt 4 gb,30.03,,,,,,G.Skill,RAM,2025,,,"4,2133","1,4",15.0,14.065,,,,
kingston fury renegade 16 gb,157.99,,,,,,Kingston,RAM,2025,,,"5,7200","1,16",38.0,10.556,,,,
g.skill trident z5 rgb 48 gb,194.99,,,,,,G.Skill,RAM,2025,,,"5,7200","2,24",36.0,10.0,,,,
kingston ksm48e40bd8km-32hm 32 gb,249.99,,,,,,Kingston,RAM,2025,,,"5,4800","1,32",40.0,16.667,,,,
teamgroup elite 16 gb,50.99,,,,,,TEAMGROUP,RAM,2025,,,"5,6000","1,16",48.0,16.0,,,,
kingston fury beast rgb 16 gb,98.26,,,,,,Kingston,RAM,2025,,,"5,6000","1,16",30.0,10.0,,,,
kingston fury beast 32 gb,99.56,,,,,,Kingston,RAM,2025,,,"5,5600","1,32",36.0,12.857,,,,
adata ad5u480016g-dt 32 gb,139.87,,,,,,ADATA,RAM,2025,,,"5,4800","2,16",40.0,16.667,,,,
klevv cras xr5 rgb 32 gb,177.88,,,,,,Klevv,RAM,2025,,,"5,7200","2,16",36.0,10.0,,,,
teamgroup t-create classic 64 gb,114.99,,,,,,TEAMGROUP,RAM,2025,,,"4,3200","2,32",22.0,13.75,,,,
g.skill trident z5 neo rgb 48 gb,109.99,,,,,,G.Skill,RAM,2025,,,"5,5600","2,24",40.0,14.286,,,,
patriot viper 3 16 gb,25.99,,,,,,Patriot,RAM,2025,,,"3,1600","2,8",10.0,12.5,,,,
corsair vengeance lpx 64 gb,248.99,,,,,,Corsair,RAM,2025,,,"4,2400","4,16",14.0,11.667,,,,
g.skill trident z neo 16 gb,54.99,,,,,,G.Skill,RAM,2025,,,"4,3600","2,8",18.0,10.0,,,,
corsair vengeance 32 gb,137.99,,,,,,Corsair,RAM,2025,,,"5,6200","2,16",32.0,10.323,,,,
g.skill aegis 16 gb,64.5,,,,,,G.Skill,RAM,2025,,,"4,2133","2,8",15.0,14.065,,,,
corsair vengeance rgb rt 16 gb,72.98,,,,,,Corsair,RAM,2025,,,"4,3600","2,8",16.0,8.889,,,,
teamgroup t-force vulcan z 8 gb,41.48,,,,,,TEAMGROUP,RAM,2025,,,"4,3200","1,8",16.0,10.0,,,,
kingston hyperx fury 64 gb,399.0,,,,,,Kingston,RAM,2025,,,"4,3600","2,32",18.0,10.0,,,,
kingston ktd-pe421/8g 8 gb,19.89,,,,,,Kingston,RAM,2025,,,"4,2133","1,8",15.0,14.065,,,,
crucial ct2k16g4dfd8266 32 gb,72.0,,,,,,Crucial,RAM,2025,,,"4,2666","2,16",19.0,14.254,,,,
corsair vengeance 32 gb,107.17,,,,,,Corsair,RAM,2025,,,"5,5600","2,16",40.0,14.286,,,,
kingston fury 32 gb,121.99,,,,,,Kingston,RAM,2025,,,"5,5600","2,16",40.0,14.286,,,,
kingston fury beast 32 gb,187.0,,,,,,Kingston,RAM,2025,,,"5,6400","2,16",32.0,10.0,,,,
g.skill trident z neo 16 gb,54.99,,,,,,G.Skill,RAM,2025,,,"4,3200","2,8",16.0,10.0,,,,
patriot viper elite ii 8 gb,29.94,,,,,,Patriot,RAM,2025,,,"4,3200","1,8",18.0,11.25,,,,
kingston fury beast rgb 64 gb,379.48,,,,,,Kingston,RAM,2025,,,"5,6000","2,32",40.0,13.333,,,,
kingston kvr1333d3/2gr 2 gb,22.1,,,,,,Kingston,RAM,2025,,,"3,1333","1,2",9.0,13.503,,,,
patriot psd34g160081 4 gb,13.98,,,,,,Patriot,RAM,2025,,,"3,1600","1,4",11.0,13.75,,,,
corsair vengeance lpx 8 gb,45.99,,,,,,Corsair,RAM,2025,,,"4,3600","1,8",18.0,10.0,,,,
corsair dominator platinum rgb 64 gb,379.99,,,,,,Corsair,RAM,2025,,,"5,6400","4,16",32.0,10.0,,,,
teamgroup t-force vulcan 64 gb,185.99,,,,,,TEAMGROUP,RAM,2025,,,"5,6400","2,32",34.0,10.625,,,,
patriot viper steel rgb 64 gb,129.99,,,,,,Patriot,RAM,2025,,,"4,3200","2,32",18.0,11.25,,,,
g.skill ripjaws v 16 gb,109.94,,,,,,G.Skill,RAM,2025,,,"4,3200","2,8",16.0,10.0,,,,
patriot viper venom rgb 64 gb,154.99,,,,,,Patriot,RAM,2025,,,"5,5200","2,32",40.0,15.385,,,,
g.skill ripjaws s5 48 gb,174.99,,,,,,G.Skill,RAM,2025,,,"5,6800","2,24",34.0,10.0,,,,
kingston fury beast 64 gb,291.92,,,,,,Kingston,RAM,2025,,,"4,3600","4,16",18.0,10.0,,,,
g.skill ripjaws x 16 gb,64.19,,,,,,G.Skill,RAM,2025,,,"3,2400","2,8",11.0,9.167,,,,
lexar ares rgb 32 gb,223.43,,,,,,Lexar,RAM,2025,,,"5,7200","2,16",34.0,9.444,,,,
patriot viper steel rgb 32 gb,91.99,,,,,,Patriot,RAM,2025,,,"4,3200","2,16",18.0,11.25,,,,
kingston fury beast 16 gb,80.6,,,,,,Kingston,RAM,2025,,,"5,5200","1,16",36.0,13.846,,,,
kingston fury 16 gb,64.37,,,,,,Kingston,RAM,2025,,,"5,5200","1,16",40.0,15.385,,,,
kingston fury beast rgb special edition 8 gb,29.99,,,,,,Kingston,RAM,2025,,,"4,3200","1,8",16.0,10.0,,,,
timetec pinnacle konduit 8 gb,17.99,,,,,,Timetec,RAM,2025,,,"4,3200","1,8",16.0,10.0,,,,
teamgroup t-force delta rgb eco 32 gb,97.99,,,,,,TEAMGROUP,RAM,2025,,,"5,6400","2,16",38.0,11.875,,,,
g.skill ripjaws v 64 gb,216.6,,,,,,G.Skill,RAM,2025,,,"4,3600","2,32",16.0,8.889,,,,
oloy warhawk rgb 16 gb,45.99,,,,,,OLOy,RAM,2025,,,"4,3600","2,8",18.0,10.0,,,,
g.skill trident z5 royal 48 gb,259.99,,,,,,G.Skill,RAM,2025,,,"5,8000","2,24",40.0,10.0,,,,
teamgroup t-force xtreem 48 gb,199.99,,,,,,TEAMGROUP,RAM,2025,,,"5,7600","2,24",36.0,9.474,,,,
corsair vengeance rgb pro 64 gb,415.45,,,,,,Corsair,RAM,2025,,,"4,3000","4,16",15.0,10.0,,,,
thermaltake toughram z-one rgb 16 gb,139.98,,,,,,Thermaltake,RAM,2025,,,"4,3600","2,8",18.0,10.0,,,,
adata xpg lancer rgb 32 gb,173.29,,,,,,ADATA,RAM,2025,,,"5,6400","2,16",32.0,10.0,,,,
teamgroup t-force vulcan 32 gb,94.49,,,,,,TEAMGROUP,RAM,2025,,,"5,6400","2,16",32.0,10.0,,,,
g.skill trident z neo 128 gb,329.99,,,,,,G.Skill,RAM,2025,,,"4,3200","4,32",16.0,10.0,,,,
corsair vengeance 64 gb,275.99,,,,,,Corsair,RAM,2025,,,"5,6200","2,32",32.0,10.323,,,,
teamgroup t-create expert 32 gb,89.99,,,,,,TEAMGROUP,RAM,2025,,,"5,6400","2,16",40.0,12.5,,,,
kingston fury beast rgb 8 gb,48.17,,,,,,Kingston,RAM,2025,,,"5,6000","1,8",30.0,10.0,,,,
g.skill trident z5 32 gb,92.99,,,,,,G.Skill,RAM,2025,,,"5,5600","2,16",36.0,12.857,,,,
corsair vengeance rgb pro 16 gb,103.99,,,,,,Corsair,RAM,2025,,,"4,3600","2,8",18.0,10.0,,,,
kingston fury 64 gb,280.31,,,,,,Kingston,RAM,2025,,,"5,5200","4,16",40.0,15.385,,,,
kingston fury renegade rgb 64 gb,274.99,,,,,,Kingston,RAM,2025,,,"5,6400","2,32",32.0,10.0,,,,
corsair vengeance lpx 4 gb,21.51,,,,,,Corsair,RAM,2025,,,"4,2400","1,4",15.0,12.5,,,,
g.skill trident z 16 gb,69.34,,,,,,G.Skill,RAM,2025,,,"4,3200","2,8",16.0,10.0,,,,
g.skill aegis 8 gb,22.55,,,,,,G.Skill,RAM,2025,,,"4,2400","1,8",15.0,12.5,,,,
pny xlr8 32 gb,119.99,,,,,,PNY,RAM,2025,,,"4,3200","2,16",16.0,10.0,,,,
teamgroup elite 4 gb,16.52,,,,,,TEAMGROUP,RAM,2025,,,"3,1600","1,4",11.0,13.75,,,,
corsair vengeance rgb 64 gb,179.97,,,,,,Corsair,RAM,2025,,,"5,5600","2,32",40.0,14.286,,,,
g.skill trident z neo 128 gb,339.99,,,,,,G.Skill,RAM,2025,,,"4,3600","4,32",18.0,10.0,,,,
corsair vengeance rgb 32 gb,124.0,,,,,,Corsair,RAM,2025,,,"5,6000","2,16",36.0,12.0,,,,
corsair vengeance rgb 48 gb,179.99,,,,,,Corsair,RAM,2025,,,"5,7000","2,24",40.0,11.429,,,,
corsair vengeance 64 gb,177.99,,,,,,Corsair,RAM,2025,,,"5,5600","2,32",40.0,14.286,,,,
kingston server premier 16 gb,69.98,,,,,,Kingston,RAM,2025,,,"4,2666","1,16",19.0,14.254,,,,
corsair dominator titanium 48 gb,239.99,,,,,,Corsair,RAM,2025,,,"5,7000","2,24",36.0,10.286,,,,
thermaltake toughram xg rgb 64 gb,554.98,,,,,,Thermaltake,RAM,2025,,,"4,4000","2,32",19.0,9.5,,,,
v-color tra548g70d834q 192 gb,1869.99,,,,,,V-Color,RAM,2025,,,"5,7000","4,48",34.0,9.714,,,,
crucial ct64g56c46s5 64 gb,156.99,,,,,,Crucial,RAM,2025,,,"5,5600","1,64",46.0,16.429,,,,
corsair vengeance lpx 64 gb,158.36,,,,,,Corsair,RAM,2025,,,"4,3000","2,32",16.0,10.667,,,,
g.skill ripjaws s5 64 gb,159.99,,,,,,G.Skill,RAM,2025,,,"5,5600","2,32",36.0,12.857,,,,
g.skill trident z rgb 16 gb,135.71,,,,,,G.Skill,RAM,2025,,,"4,3600","2,8",16.0,8.889,,,,
g.skill ripjaws v 16 gb,36.99,,,,,,G.Skill,RAM,2025,,,"4,2400","2,8",17.0,14.167,,,,
kingston fury beast 16 gb,80.37,,,,,,Kingston,RAM,2025,,,"5,6400","1,16",32.0,10.0,,,,
kingston fury renegade rgb 32 gb,114.61,,,,,,Kingston,RAM,2025,,,"5,6400","1,32",32.0,10.0,,,,
kingston fury beast rgb 32 gb,188.99,,,,,,Kingston,RAM,2025,,,"5,6000","1,32",30.0,10.0,,,,
g.skill ripjaws m5 rgb 64 gb,209.99,,,,,,G.Skill,RAM,2025,,,"5,6000","2,32",32.0,10.667,,,,
corsair vengeance 32 gb,143.99,,,,,,Corsair,RAM,2025,,,"5,6400","2,16",32.0,10.0,,,,
g.skill trident z royal 32 gb,170.53,,,,,,G.Skill,RAM,2025,,,"4,3200","4,8",16.0,10.0,,,,
kingston fury beast 32 gb,119.38,,,,,,Kingston,RAM,2025,,,"5,6000","1,32",36.0,12.0,,,,
kingston fury beast rgb 16 gb,60.78,,,,,,Kingston,RAM,2025,,,"5,5600","1,16",40.0,14.286,,,,
adata xpg lancer rgb 48 gb,223.58,,,,,,ADATA,RAM,2025,,,"5,7200","2,24",34.0,9.444,,,,
corsair vengeance rgb 64 gb,209.99,,,,,,Corsair,RAM,2025,,,"5,6000","2,32",40.0,13.333,,,,
corsair vengeance 32 gb,119.99,,,,,,Corsair,RAM,2025,,,"5,6000","2,16",36.0,12.0,,,,
g.skill trident z 16 gb,135.53,,,,,,G.Skill,RAM,2025,,,"4,3200","2,8",16.0,10.0,,,,
corsair vengeance rgb pro sl 64 gb,269.99,,,,,,Corsair,RAM,2025,,,"4,3600","2,32",18.0,10.0,,,,
corsair vengeance rgb 48 gb,140.99,,,,,,Corsair,RAM,2025,,,"5,5200","2,24",38.0,14.615,,,,
g.skill trident x 16 gb,136.16,,,,,,G.Skill,RAM,2025,,,"3,2400","2,8",10.0,8.333,,,,
crucial ct25664ba160b 2 gb,12.97,,,,,,Crucial,RAM,2025,,,"3,1600","1,2",11.0,13.75,,,,
kingston fury renegade rgb 48 gb,386.61,,,,,,Kingston,RAM,2025,,,"5,7200","2,24",38.0,10.556,,,,
adata xpg lancer rgb 32 gb,208.91,,,,,,ADATA,RAM,2025,,,"5,5200","2,16",38.0,14.615,,,,
crucial ct2k8g48c40s5 16 gb,41.99,,,,,,Crucial,RAM,2025,,,"5,4800","2,8",40.0,16.667,,,,
samsung m393b2g70db0-yk0 16 gb,17.51,,,,,,Samsung,RAM,2025,,,"3,1600","1,16",11.0,13.75,,,,
mushkin enhanced redline stiletto 16 gb,48.98,,,,,,Mushkin,RAM,2025,,,"4,4133","2,8",19.0,9.194,,,,
teamgroup xtreem argb 48 gb,186.99,,,,,,TEAMGROUP,RAM,2025,,,"5,7200","2,24",34.0,9.444,,,,
corsair vengeance rgb pro sl 16 gb,83.99,,,,,,Corsair,RAM,2025,,,"4,3200","2,8",16.0,10.0,,,,
corsair valueselect 16 gb,59.99,,,,,,Corsair,RAM,2025,,,"4,2133","1,16",15.0,14.065,,,,
crucial ballistix sport 8 gb,59.71,,,,,,Crucial,RAM,2025,,,"3,1600","1,8",9.0,11.25,,,,
corsair dominator platinum rgb 64 gb,351.99,,,,,,Corsair,RAM,2025,,,"5,6200","4,16",32.0,10.323,,,,
corsair vengeance rgb pro sl 32 gb,123.88,,,,,,Corsair,RAM,2025,,,"4,3600","4,8",18.0,10.0,,,,
samsung m391a2k43bb1-cpb 16 gb,43.0,,,,,,Samsung,RAM,2025,,,"4,2133","1,16",15.0,14.065,,,,
corsair vengeance rgb 48 gb,167.19,,,,,,Corsair,RAM,2025,,,"5,7000","2,24",36.0,10.286,,,,
patriot viper elite ii 16 gb,44.99,,,,,,Patriot,RAM,2025,,,"4,3600","2,8",20.0,11.111,,,,
corsair vengeance rgb pro 16 gb,96.99,,,,,,Corsair,RAM,2025,,,"4,3000","2,8",15.0,10.0,,,,
corsair dominator titanium first edition 32 gb,233.99,,,,,,Corsair,RAM,2025,,,"5,7200","2,16",34.0,9.444,,,,
kingston fury beast 64 gb,439.32,,,,,,Kingston,RAM,2025,,,"5,6400","2,32",32.0,10.0,,,,
patriot viper steel 8 gb,24.98,,,,,,Patriot,RAM,2025,,,"4,3000","1,8",16.0,10.667,,,,
kingston fury beast rgb 64 gb,193.69,,,,,,Kingston,RAM,2025,,,"5,5200","2,32",40.0,15.385,,,,
g.skill trident z5 rgb 32 gb,329.99,,,,,,G.Skill,RAM,2025,,,"5,5600","2,16",36.0,12.857,,,,
crucial ct2k16g4sfra32a 32 gb,99.99,,,,,,Crucial,RAM,2025,,,"4,3200","2,16",22.0,13.75,,,,
silicon power su016glstu160n22ah 16 gb,16.95,,,,,,Silicon,RAM,2025,,,"3,1600","2,8",11.0,13.75,,,,
corsair vengeance 64 gb,160.99,,,,,,Corsair,RAM,2025,,,"5,4800","2,32",40.0,16.667,,,,
g.skill trident z5 rgb 32 gb,175.85,,,,,,G.Skill,RAM,2025,,,"5,5600","2,16",28.0,10.0,,,,
crucial ct24g56c46s5 24 gb,53.99,,,,,,Crucial,RAM,2025,,,"5,5600","1,24",46.0,16.429,,,,
corsair vengeance rgb 32 gb,129.99,,,,,,Corsair,RAM,2025,,,"5,6400","2,16",38.0,11.875,,,,
g.skill trident z 32 gb,589.52,,,,,,G.Skill,RAM,2025,,,"4,3200","2,16",14.0,8.75,,,,
patriot signature line 16 gb,39.99,,,,,,Patriot,RAM,2025,,,"4,2400","1,16",17.0,14.167,,,,
g.skill value 16 gb,36.33,,,,,,G.Skill,RAM,2025,,,"3,1600","2,8",11.0,13.75,,,,
patriot viper elite ii 64 gb,164.99,,,,,,Patriot,RAM,2025,,,"4,3600","2,32",20.0,11.111,,,,
thermaltake toughram xg rgb 16 gb,73.25,,,,,,Thermaltake,RAM,2025,,,"4,4400","2,8",19.0,8.636,,,,
g.skill trident z5 rgb 32 gb,106.4,,,,,,G.Skill,RAM,2025,,,"5,5600","2,16",36.0,12.857,,,,
g.skill flare x 16 gb,42.9,,,,,,G.Skill,RAM,2025,,,"4,2400","2,8",15.0,12.5,,,,
crucial ct2k8g4dfra266 16 gb,41.0,,,,,,Crucial,RAM,2025,,,"4,2666","2,8",19.0,14.254,,,,
mushkin 996573 4 gb,18.39,,,,,,Mushkin,RAM,2025,,,"3,1066","2,2",7.0,13.133,,,,
pny xlr8 16 gb,71.99,,,,,,PNY,RAM,2025,,,"4,2666","2,8",16.0,12.003,,,,
crucial ct16g52c42u5 16 gb,59.75,,,,,,Crucial,RAM,2025,,,"5,5200","1,16",42.0,16.154,,,,
kingston fury beast rgb 32 gb,257.83,,,,,,Kingston,RAM,2025,,,"5,6400","1,32",32.0,10.0,,,,
g.skill flare x5 32 gb,114.99,,,,,,G.Skill,RAM,2025,,,"5,6400","2,16",32.0,10.0,,,,
kingston fury beast rgb 32 gb,149.99,,,,,,Kingston,RAM,2025,,,"5,6400","2,16",32.0,10.0,,,,
kingston fury renegade pro 128 gb,904.97,,,,,,Kingston,RAM,2025,,,"5,6000","4,32",32.0,10.667,,,,
kingston hyperx savage 16 gb,31.64,,,,,,Kingston,RAM,2025,,,"4,2133","4,4",13.0,12.189,,,,
kingston fury beast rgb 32 gb,179.12,,,,,,Kingston,RAM,2025,,,"5,6000","1,32",30.0,10.0,,,,
teamgroup elite 32 gb,65.98,,,,,,TEAMGROUP,RAM,2025,,,"4,3200","1,32",22.0,13.75,,,,
kingston fury renegade 64 gb,289.76,,,,,,Kingston,RAM,2025,,,"5,6400","2,32",32.0,10.0,,,,
g.skill sniper 8 gb,35.17,,,,,,G.Skill,RAM,2025,,,"3,1600","2,4",9.0,11.25,,,,
silicon power xpower pulse gaming 16 gb,62.52,,,,,,Silicon,RAM,2025,,,"5,6000","1,16",30.0,10.0,,,,
corsair vengeance rgb rt 32 gb,89.99,,,,,,Corsair,RAM,2025,,,"4,3200","2,16",16.0,10.0,,,,
thermaltake toughram xg rgb 16 gb,67.2,,,,,,Thermaltake,RAM,2025,,,"4,4400","2,8",19.0,8.636,,,,
teamgroup xtreem 48 gb,209.99,,,,,,TEAMGROUP,RAM,2025,,,"5,7600","2,24",36.0,9.474,,,,
teamgroup t-force delta rgb 32 gb,102.99,,,,,,TEAMGROUP,RAM,2025,,,"5,5600","2,16",32.0,11.429,,,,
adata xpg caster rgb 32 gb,385.07,,,,,,ADATA,RAM,2025,,,"5,6000","2,16",40.0,13.333,,,,
g.skill ripjaws x 16 gb,57.25,,,,,,G.Skill,RAM,2025,,,"3,1600","4,4",9.0,11.25,,,,
kingston hyperx fury 64 gb,449.0,,,,,,Kingston,RAM,2025,,,"4,3466","2,32",17.0,9.81,,,,
g.skill trident z5 rgb 32 gb,144.99,,,,,,G.Skill,RAM,2025,,,"5,7600","2,16",36.0,9.474,,,,
teamgroup xtreem 32 gb,121.99,,,,,,TEAMGROUP,RAM,2025,,,"5,7200","2,16",34.0,9.444,,,,
g.skill ripjaws s5 64 gb,159.99,,,,,,G.Skill,RAM,2025,,,"5,5600","2,32",36.0,12.857,,,,
teamgroup t-force delta rgb 32 gb,131.47,,,,,,TEAMGROUP,RAM,2025,,,"5,6200","2,16",38.0,12.258,,,,
corsair vengeance lpx 64 gb,161.87,,,,,,Corsair,RAM,2025,,,"4,2400","2,32",16.0,13.333,,,,
g.skill trident z 32 gb,249.99,,,,,,G.Skill,RAM,2025,,,"5,6000","2,16",30.0,10.0,,,,
teamgroup t-create expert 32 gb,89.99,,,,,,TEAMGROUP,RAM,2025,,,"5,6400","2,16",40.0,12.5,,,,
corsair vengeance rgb 32 gb,140.99,,,,,,Corsair,RAM,2025,,,"5,6200","2,16",36.0,11.613,,,,
teamgroup xtreem 32 gb,105.99,,,,,,TEAMGROUP,RAM,2025,,,"5,6400","2,16",32.0,10.0,,,,
samsung m393a2g40db0-cpb 16 gb,64.98,,,,,,Samsung,RAM,2025,,,"4,2133","1,16",15.0,14.065,,,,
teamgroup t-force delta rgb 32 gb,149.99,,,,,,TEAMGROUP,RAM,2025,,,"5,7800","2,16",38.0,9.744,,,,
teamgroup elite 32 gb,76.99,,,,,,TEAMGROUP,RAM,2025,,,"5,4800","1,32",40.0,16.667,,,,
adata xpg spectrix d35g rgb 16 gb,73.22,,,,,,ADATA,RAM,2025,,,"4,3600","1,16",18.0,10.0,,,,
corsair dominator platinum rgb 16 gb,99.22,,,,,,Corsair,RAM,2025,,,"4,3200","2,8",16.0,10.0,,,,
patriot signature line 4 gb,24.86,,,,,,Patriot,RAM,2025,,,"4,2666","1,4",19.0,14.254,,,,
kingston fury renegade 64 gb,280.0,,,,,,Kingston,RAM,2025,,,"5,6000","2,32",32.0,10.667,,,,
corsair vengeance 8 gb,39.99,,,,,,Corsair,RAM,2025,,,"3,1600","1,8",10.0,12.5,,,,
micron mt8jtf51264az-1g6e1 4 gb,11.99,,,,,,Micron,RAM,2025,,,"3,1600","1,4",11.0,13.75,,,,
crucial ct16g4dfd8266 16 gb,47.0,,,,,,Crucial,RAM,2025,,,"4,2666","1,16",19.0,14.254,,,,
thermaltake toughram xg rgb d5 32 gb,164.98,,,,,,Thermaltake,RAM,2025,,,"5,5600","2,16",36.0,12.857,,,,
mushkin proline 16 gb,44.75,,,,,,Mushkin,RAM,2025,,,"4,3200","1,16",22.0,13.75,,,,
g.skill trident z royal 32 gb,162.78,,,,,,G.Skill,RAM,2025,,,"4,3600","2,16",16.0,8.889,,,,
patriot viper venom rgb 32 gb,119.99,,,,,,Patriot,RAM,2025,,,"5,6800","2,16",40.0,11.765,,,,
mushkin redline lumina 64 gb,281.02,,,,,,Mushkin,RAM,2025,,,"4,3200","2,32",14.0,8.75,,,,
teamgroup t-force deltaα rgb 32 gb,89.99,,,,,,TEAMGROUP,RAM,2025,,,"5,5600","2,16",40.0,14.286,,,,
g.skill trident z5 rgb 32 gb,164.99,,,,,,G.Skill,RAM,2025,,,"5,8000","2,16",38.0,9.5,,,,
teamgroup elite 64 gb,160.99,,,,,,TEAMGROUP,RAM,2025,,,"5,5600","2,32",46.0,16.429,,,,
teamgroup t-force deltaα rgb 32 gb,89.99,,,,,,TEAMGROUP,RAM,2025,,,"5,5600","2,16",40.0,14.286,,,,
teamgroup t-force xtreem argb 16 gb,84.99,,,,,,TEAMGROUP,RAM,2025,,,"4,4000","2,8",18.0,9.0,,,,
g.skill trident z5 rgb 32 gb,135.61,,,,,,G.Skill,RAM,2025,,,"5,5200","2,16",36.0,13.846,,,,
corsair dominator platinum rgb 32 gb,174.44,,,,,,Corsair,RAM,2025,,,"4,3200","4,8",16.0,10.0,,,,
kingston valueram 1 gb,24.9,,,,,,Kingston,RAM,2025,,,"3,1333","1,1",9.0,13.503,,,,
timetec pinnacle konduit rgb 8 gb,21.99,,,,,,Timetec,RAM,2025,,,"4,3600","1,8",18.0,10.0,,,,
teamgroup t-force delta rgb 64 gb,159.99,,,,,,TEAMGROUP,RAM,2025,,,"5,5600","2,32",38.0,13.571,,,,
crucial ct16g48c40s5 16 gb,37.78,,,,,,Crucial,RAM,2025,,,"5,4800","1,16",40.0,16.667,,,,
patriot viper steel 32 gb,71.99,,,,,,Patriot,RAM,2025,,,"4,3600","1,32",18.0,10.0,,,,
g.skill ripjaws v 64 gb,246.28,,,,,,G.Skill,RAM,2025,,,"4,3600","4,16",18.0,10.0,,,,
corsair vengeance rgb pro sl 16 gb,79.08,,,,,,Corsair,RAM,2025,,,"4,3600","2,8",16.0,8.889,,,,
patriot viper elite ii 32 gb,79.98,,,,,,Patriot,RAM,2025,,,"4,3600","1,32",20.0,11.111,,,,
teamgroup t-force delta rgb 32 gb,112.99,,,,,,TEAMGROUP,RAM,2025,,,"5,6800","2,16",34.0,10.0,,,,
g.skill trident z5 rgb 48 gb,209.99,,,,,,G.Skill,RAM,2025,,,"5,8000","2,24",40.0,10.0,,,,
teamgroup xtreem argb 32 gb,199.99,,,,,,TEAMGROUP,RAM,2025,,,"5,8000","2,16",38.0,9.5,,,,
corsair vengeance rgb pro 32 gb,296.0,,,,,,Corsair,RAM,2025,,,"4,3600","4,8",18.0,10.0,,,,
g.skill trident z neo 16 gb,599.87,,,,,,G.Skill,RAM,2025,,,"4,3800","2,8",14.0,7.368,,,,
kingston fury beast 32 gb,166.75,,,,,,Kingston,RAM,2025,,,"4,3600","4,8",18.0,10.0,,,,
patriot viper elite ii 16 gb,37.99,,,,,,Patriot,RAM,2025,,,"4,2666","1,16",16.0,12.003,,,,
patriot viper steel rgb 16 gb,48.99,,,,,,Patriot,RAM,2025,,,"4,3600","1,16",20.0,11.111,,,,
corsair dominator platinum 32 gb,375.54,,,,,,Corsair,RAM,2025,,,"3,1600","4,8",7.0,8.75,,,,
crucial ct16g4dfd832a 16 gb,54.99,,,,,,Crucial,RAM,2025,,,"4,3200","1,16",22.0,13.75,,,,
kingston valueram 2 gb,17.23,,,,,,Kingston,RAM,2025,,,"2,800","1,2",6.0,15.0,,,,
kingston valueram 16 gb,129.99,,,,,,Kingston,RAM,2025,,,"4,2133","2,8",15.0,14.065,,,,
teamgroup elite 16 gb,45.99,,,,,,TEAMGROUP,RAM,2025,,,"4,3200","2,8",22.0,13.75,,,,
corsair vengeance rgb rt 64 gb,182.24,,,,,,Corsair,RAM,2025,,,"4,3200","2,32",16.0,10.0,,,,
g.skill trident z rgb 16 gb,48.18,,,,,,G.Skill,RAM,2025,,,"4,3200","2,8",16.0,10.0,,,,
g.skill ripjaws s5 64 gb,184.99,,,,,,G.Skill,RAM,2025,,,"5,5600","2,32",30.0,10.714,,,,
g.skill trident z5 neo 32 gb,182.52,,,,,,G.Skill,RAM,2025,,,"5,5600","2,16",30.0,10.714,,,,
g.skill trident z5 neo 32 gb,119.99,,,,,,G.Skill,RAM,2025,,,"5,6000","2,16",32.0,10.667,,,,
timetec 75tt21nu 8 gb,29.99,,,,,,Timetec,RAM,2025,,,"4,2133","2,4",15.0,14.065,,,,
teamgroup t-create classic 64 gb,155.99,,,,,,TEAMGROUP,RAM,2025,,,"5,5600","2,32",46.0,16.429,,,,
kingston fury beast 64 gb,247.96,,,,,,Kingston,RAM,2025,,,"5,6000","2,32",30.0,10.0,,,,
g.skill trident z rgb 16 gb,54.99,,,,,,G.Skill,RAM,2025,,,"4,3600","2,8",18.0,10.0,,,,
kingston fury renegade 16 gb,123.33,,,,,,Kingston,RAM,2025,,,"5,8000","1,16",38.0,9.5,,,,
corsair vengeance lpx 16 gb,83.72,,,,,,Corsair,RAM,2025,,,"4,4000","2,8",18.0,9.0,,,,
g.skill ripjaws v 128 gb,504.37,,,,,,G.Skill,RAM,2025,,,"4,4000","4,32",18.0,9.0,,,,
g.skill value 32 gb,73.22,,,,,,G.Skill,RAM,2025,,,"4,2400","4,8",15.0,12.5,,,,
corsair vengeance rgb pro 64 gb,285.99,,,,,,Corsair,RAM,2025,,,"4,3200","4,16",16.0,10.0,,,,
v-color tra524g72s836o 192 gb,2101.99,,,,,,V-Color,RAM,2025,,,"5,7200","8,24",36.0,10.0,,,,
v-color tra564g56d436o 512 gb,3622.49,,,,,,V-Color,RAM,2025,,,"5,5600","8,64",36.0,12.857,,,,
kingston valueram 1 gb,12.42,,,,,,Kingston,RAM,2025,,,"2,667","1,1",5.0,14.993,,,,
corsair dominator platinum 16 gb,423.1,,,,,,Corsair,RAM,2025,,,"3,2400","4,4",9.0,7.5,,,,
teamgroup t-force delta rgb 48 gb,345.99,,,,,,TEAMGROUP,RAM,2025,,,"5,6800","2,24",36.0,10.588,,,,
kingston fury beast rgb 32 gb,163.02,,,,,,Kingston,RAM,2025,,,"5,6400","2,16",32.0,10.0,,,,
adata xpg lancer neon rgb 32 gb,260.67,,,,,,ADATA,RAM,2025,,,"5,8000","2,16",38.0,9.5,,,,
crucial ct32g4rfd424a 32 gb,58.65,,,,,,Crucial,RAM,2025,,,"4,2400","1,32",17.0,14.167,,,,
g.skill ripjaws s5 32 gb,109.99,,,,,,G.Skill,RAM,2025,,,"5,6600","2,16",34.0,10.303,,,,
patriot viper venom rgb 32 gb,127.99,,,,,,Patriot,RAM,2025,,,"5,7200","2,16",40.0,11.111,,,,
corsair vengeance rgb pro sl 16 gb,102.99,,,,,,Corsair,RAM,2025,,,"4,3600","2,8",18.0,10.0,,,,
kingston fury beast rgb 16 gb,74.98,,,,,,Kingston,RAM,2025,,,"5,6000","1,16",30.0,10.0,,,,
g.skill ripjaws m5 rgb 96 gb,229.99,,,,,,G.Skill,RAM,2025,,,"5,5600","2,48",40.0,14.286,,,,
corsair dominator platinum rgb 32 gb,131.52,,,,,,Corsair,RAM,2025,,,"4,3466","2,16",16.0,9.233,,,,
kingston fury renegade pro 128 gb,744.99,,,,,,Kingston,RAM,2025,,,"5,5600","4,32",28.0,10.0,,,,
kingston fury beast rgb special edition 16 gb,82.15,,,,,,Kingston,RAM,2025,,,"4,3600","2,8",17.0,9.444,,,,
kingston fury renegade 16 gb,60.93,,,,,,Kingston,RAM,2025,,,"5,6800","1,16",36.0,10.588,,,,
corsair vengeance rgb pro 16 gb,101.98,,,,,,Corsair,RAM,2025,,,"4,4000","2,8",18.0,9.0,,,,
kingston kvr16n11k2/16 16 gb,64.98,,,,,,Kingston,RAM,2025,,,"3,1600","2,8",11.0,13.75,,,,
corsair vengeance rgb pro 16 gb,103.99,,,,,,Corsair,RAM,2025,,,"4,3600","2,8",18.0,10.0,,,,
kingston fury renegade 32 gb,190.8,,,,,,Kingston,RAM,2025,,,"5,7200","2,16",38.0,10.556,,,,
crucial ballistix sport 4 gb,29.0,,,,,,Crucial,RAM,2025,,,"3,1600","1,4",9.0,11.25,,,,
g.skill trident z 32 gb,114.99,,,,,,G.Skill,RAM,2025,,,"5,6400","2,16",32.0,10.0,,,,
corsair vengeance rgb rs 8 gb,50.99,,,,,,Corsair,RAM,2025,,,"4,3600","1,8",18.0,10.0,,,,
corsair vengeance rgb pro sl 64 gb,156.13,,,,,,Corsair,RAM,2025,,,"4,3200","4,16",16.0,10.0,,,,
corsair vengeance rgb pro 32 gb,105.32,,,,,,Corsair,RAM,2025,,,"4,2933","2,16",16.0,10.91,,,,
crucial ct2k8g56c46s5 16 gb,43.99,,,,,,Crucial,RAM,2025,,,"5,5600","2,8",46.0,16.429,,,,
corsair valueselect 32 gb,67.42,,,,,,Corsair,RAM,2025,,,"4,2666","1,32",18.0,13.503,,,,
kingston fury beast 16 gb,73.68,,,,,,Kingston,RAM,2025,,,"5,6000","1,16",30.0,10.0,,,,
g.skill trident z 16 gb,179.0,,,,,,G.Skill,RAM,2025,,,"4,4400","2,8",19.0,8.636,,,,
adata xpg lancer blade rgb 32 gb,237.67,,,,,,ADATA,RAM,2025,,,"5,6000","1,32",30.0,10.0,,,,
corsair vengeance rgb 32 gb,190.65,,,,,,Corsair,RAM,2025,,,"5,5200","2,16",40.0,15.385,,,,
corsair vengeance 16 gb,56.99,,,,,,Corsair,RAM,2025,,,"5,4800","2,8",40.0,16.667,,,,
g.skill sniper 16 gb,199.0,,,,,,G.Skill,RAM,2025,,,"3,1866","2,8",9.0,9.646,,,,
pny performance 32 gb,88.49,,,,,,PNY,RAM,2025,,,"4,3200","1,32",22.0,13.75,,,,
goodram irdm pro 16 gb,91.7,,,,,,GOODRAM,RAM,2025,,,"4,3600","1,16",18.0,10.0,,,,
g.skill ares 32 gb,106.85,,,,,,G.Skill,RAM,2025,,,"3,2400","4,8",11.0,9.167,,,,
g.skill trident z5 rgb 32 gb,99.99,,,,,,G.Skill,RAM,2025,,,"5,6000","2,16",36.0,12.0,,,,
corsair vengeance rgb 16 gb,54.97,,,,,,Corsair,RAM,2025,,,"4,3200","2,8",16.0,10.0,,,,
kingston fury beast rgb 16 gb,79.14,,,,,,Kingston,RAM,2025,,,"5,6000","1,16",30.0,10.0,,,,
g.skill trident z rgb 32 gb,205.0,,,,,,G.Skill,RAM,2025,,,"4,3600","2,16",17.0,9.444,,,,
corsair vengeance rgb pro 16 gb,62.14,,,,,,Corsair,RAM,2025,,,"4,3200","2,8",16.0,10.0,,,,
corsair vengeance rgb 64 gb,219.99,,,,,,Corsair,RAM,2025,,,"5,5600","2,32",36.0,12.857,,,,
kingston valueram 4 gb,14.99,,,,,,Kingston,RAM,2025,,,"4,2666","1,4",19.0,14.254,,,,
kingston fury beast rgb 32 gb,102.3,,,,,,Kingston,RAM,2025,,,"5,5600","1,32",40.0,14.286,,,,
teamgroup elite 8 gb,24.47,,,,,,TEAMGROUP,RAM,2025,,,"3,1600","1,8",11.0,13.75,,,,
g.skill trident z royal 32 gb,279.63,,,,,,G.Skill,RAM,2025,,,"4,3600","2,16",16.0,8.889,,,,
g.skill ripjaws x 4 gb,25.23,,,,,,G.Skill,RAM,2025,,,"3,1600","2,2",9.0,11.25,,,,
micron mt16jtf1g64az-1g6e1 8 gb,24.29,,,,,,Micron,RAM,2025,,,"3,1600","1,8",11.0,13.75,,,,
kingston fury renegade pro 256 gb,1685.0,,,,,,Kingston,RAM,2025,,,"5,6000","8,32",32.0,10.667,,,,
kingston fury impact 16 gb,76.98,,,,,,Kingston,RAM,2025,,,"5,6400","1,16",38.0,11.875,,,,
crucial ct2k16g64c52cu5 32 gb,159.0,,,,,,Crucial,RAM,2025,,,"5,6400","2,16",52.0,16.25,,,,
corsair dominator platinum rgb 32 gb,173.99,,,,,,Corsair,RAM,2025,,,"5,6000","2,16",36.0,12.0,,,,
g.skill trident z5 rgb 32 gb,114.99,,,,,,G.Skill,RAM,2025,,,"5,6000","2,16",32.0,10.667,,,,
g.skill trident z royal 16 gb,279.0,,,,,,G.Skill,RAM,2025,,,"4,4600","2,8",18.0,7.826,,,,
kingston kvr21r15d4/16 16 gb,29.98,,,,,,Kingston,RAM,2025,,,"4,2133","1,16",15.0,14.065,,,,
samsung m393a4k40cb2-ctd 32 gb,59.0,,,,,,Samsung,RAM,2025,,,"4,2666","1,32",19.0,14.254,,,,
corsair vengeance rgb rs 16 gb,68.98,,,,,,Corsair,RAM,2025,,,"4,3200","1,16",16.0,10.0,,,,
mushkin redline lumina 64 gb,205.75,,,,,,Mushkin,RAM,2025,,,"4,3600","2,32",18.0,10.0,,,,
corsair vengeance 64 gb,285.99,,,,,,Corsair,RAM,2025,,,"5,6000","4,16",36.0,12.0,,,,
kingston fury renegade rgb 16 gb,89.99,,,,,,Kingston,RAM,2025,,,"5,6800","1,16",36.0,10.588,,,,
kingston fury renegade rgb 32 gb,212.06,,,,,,Kingston,RAM,2025,,,"5,7600","2,16",38.0,10.0,,,,
kingston valueram 16 gb,39.6,,,,,,Kingston,RAM,2025,,,"4,2666","1,16",19.0,14.254,,,,
timetec pinnacle konduit 16 gb,33.99,,,,,,Timetec,RAM,2025,,,"4,3600","2,8",18.0,10.0,,,,
g.skill trident z royal 64 gb,266.04,,,,,,G.Skill,RAM,2025,,,"4,3600","4,16",16.0,8.889,,,,
kingston fury beast 64 gb,365.68,,,,,,Kingston,RAM,2025,,,"5,6000","2,32",40.0,13.333,,,,
patriot viper venom rgb 32 gb,129.99,,,,,,Patriot,RAM,2025,,,"5,7400","2,16",40.0,10.811,,,,
corsair vengeance rgb pro 32 gb,628.8,,,,,,Corsair,RAM,2025,,,"4,3200","4,8",14.0,8.75,,,,
kingston fury beast rgb 16 gb,59.99,,,,,,Kingston,RAM,2025,,,"5,5200","1,16",40.0,15.385,,,,
kingston fury 32 gb,120.77,,,,,,Kingston,RAM,2025,,,"5,5200","2,16",40.0,15.385,,,,
kingston server premier 32 gb,134.55,,,,,,Kingston,RAM,2025,,,"4,3200","1,32",22.0,13.75,,,,
lexar ares rgb 16 gb,75.97,,,,,,Lexar,RAM,2025,,,"4,4000","2,8",18.0,9.0,,,,
corsair dominator platinum rgb 16 gb,87.92,,,,,,Corsair,RAM,2025,,,"4,3200","2,8",16.0,10.0,,,,
corsair vengeance rgb rs 8 gb,41.99,,,,,,Corsair,RAM,2025,,,"4,3200","1,8",16.0,10.0,,,,
kingston fury renegade 32 gb,149.9,,,,,,Kingston,RAM,2025,,,"5,6800","2,16",36.0,10.588,,,,
crucial ct2k16g4dfd8213 32 gb,83.0,,,,,,Crucial,RAM,2025,,,"4,2133","2,16",15.0,14.065,,,,
g.skill trident z royal 64 gb,478.1,,,,,,G.Skill,RAM,2025,,,"4,3200","4,16",16.0,10.0,,,,
v-color tra532g72d834q 128 gb,1295.99,,,,,,V-Color,RAM,2025,,,"5,7200","4,32",34.0,9.444,,,,
g.skill value 8 gb,21.24,,,,,,G.Skill,RAM,2025,,,"3,1600","1,8",11.0,13.75,,,,
thermaltake toughram rgb 16 gb,113.3,,,,,,Thermaltake,RAM,2025,,,"4,3600","2,8",18.0,10.0,,,,
thermaltake toughram z-one rgb 16 gb,129.98,,,,,,Thermaltake,RAM,2025,,,"4,3200","2,8",16.0,10.0,,,,
kingston fury impact 32 gb,140.53,,,,,,Kingston,RAM,2025,,,"4,3200","2,16",20.0,12.5,,,,
crucial ct32g56c46s5 32 gb,114.25,,,,,,Crucial,RAM,2025,,,"5,5600","1,32",46.0,16.429,,,,
g.skill trident z5 rgb 32 gb,119.99,,,,,,G.Skill,RAM,2025,,,"5,6400","2,16",32.0,10.0,,,,
g.skill ripjaws s5 32 gb,260.01,,,,,,G.Skill,RAM,2025,,,"5,5600","2,16",28.0,10.0,,,,
kingston fury renegade 32 gb,229.59,,,,,,Kingston,RAM,2025,,,"5,8000","2,16",38.0,9.5,,,,
patriot viper steel rgb 32 gb,87.99,,,,,,Patriot,RAM,2025,,,"4,3600","1,32",20.0,11.111,,,,
crucial ct2k16g52c42u5 32 gb,95.99,,,,,,Crucial,RAM,2025,,,"5,5200","2,16",42.0,16.154,,,,
corsair vengeance 64 gb,241.27,,,,,,Corsair,RAM,2025,,,"5,5600","4,16",36.0,12.857,,,,
patriot signature 8 gb,100.8,,,,,,Patriot,RAM,2025,,,"3,1333","1,8",9.0,13.503,,,,
g.skill value 16 gb,35.18,,,,,,G.Skill,RAM,2025,,,"3,1333","2,8",9.0,13.503,,,,
teamgroup t-force vulcan z 16 gb,79.48,,,,,,TEAMGROUP,RAM,2025,,,"4,3600","1,16",18.0,10.0,,,,
adata xpg gammix d10 16 gb,138.57,,,,,,ADATA,RAM,2025,,,"4,3600","2,8",18.0,10.0,,,,
kingston fury renegade pro 32 gb,207.44,,,,,,Kingston,RAM,2025,,,"5,5600","1,32",36.0,12.857,,,,
g.skill ripjaws s5 48 gb,104.99,,,,,,G.Skill,RAM,2025,,,"5,5200","2,24",40.0,15.385,,,,
corsair vengeance rgb rt 64 gb,151.99,,,,,,Corsair,RAM,2025,,,"4,3200","2,32",16.0,10.0,,,,
teamgroup xtreem 32 gb,189.99,,,,,,TEAMGROUP,RAM,2025,,,"5,8000","2,16",38.0,9.5,,,,
kingston fury beast rgb 16 gb,84.18,,,,,,Kingston,RAM,2025,,,"5,6400","1,16",32.0,10.0,,,,
kingston fury renegade 16 gb,392.38,,,,,,Kingston,RAM,2025,,,"4,4800","2,8",19.0,7.917,,,,
corsair vengeance lpx 8 gb,33.88,,,,,,Corsair,RAM,2025,,,"4,2666","2,4",15.0,11.253,,,,
kingston fury 16 gb,60.78,,,,,,Kingston,RAM,2025,,,"5,5600","1,16",40.0,14.286,,,,
pny xlr8 gaming mako rgb 32 gb,160.47,,,,,,PNY,RAM,2025,,,"5,6400","2,16",40.0,12.5,,,,
patriot signature line 8 gb,27.99,,,,,,Patriot,RAM,2025,,,"4,2666","1,8",19.0,14.254,,,,
kingston valueram 1 gb,11.95,,,,,,Kingston,RAM,2025,,,"2,667","1,1",5.0,14.993,,,,
corsair valueselect 4 gb,14.99,,,,,,Corsair,RAM,2025,,,"4,2400","1,4",16.0,13.333,,,,
g.skill trident z rgb 16 gb,199.0,,,,,,G.Skill,RAM,2025,,,"4,4400","2,8",18.0,8.182,,,,
kingston fury renegade rgb 48 gb,339.58,,,,,,Kingston,RAM,2025,,,"5,6400","2,24",32.0,10.0,,,,
g.skill ripjaws x 16 gb,155.47,,,,,,G.Skill,RAM,2025,,,"3,1600","4,4",9.0,11.25,,,,
kingston kcp421nd8/16 16 gb,47.64,,,,,,Kingston,RAM,2025,,,"4,2133","1,16",15.0,14.065,,,,
teamgroup xtreem argb 32 gb,139.99,,,,,,TEAMGROUP,RAM,2025,,,"5,7200","2,16",34.0,9.444,,,,
corsair dominator platinum rgb 16 gb,215.62,,,,,,Corsair,RAM,2025,,,"4,4000","2,8",16.0,8.0,,,,
samsung m393a4k40bb1-crc 32 gb,64.98,,,,,,Samsung,RAM,2025,,,"4,2400","1,32",17.0,14.167,,,,
kingston fury renegade rgb 16 gb,100.27,,,,,,Kingston,RAM,2025,,,"5,6400","1,16",32.0,10.0,,,,
crucial ct2k16g4dfra266 32 gb,86.99,,,,,,Crucial,RAM,2025,,,"4,2666","2,16",19.0,14.254,,,,
teamgroup xtreem argb 48 gb,229.99,,,,,,TEAMGROUP,RAM,2025,,,"5,7600","2,24",36.0,9.474,,,,
kingston kvr16r11d4k4/64 64 gb,114.36,,,,,,Kingston,RAM,2025,,,"3,1600","4,16",11.0,13.75,,,,
corsair dominator platinum rgb 64 gb,229.99,,,,,,Corsair,RAM,2025,,,"5,5600","2,32",40.0,14.286,,,,
g.skill value 4 gb,14.41,,,,,,G.Skill,RAM,2025,,,"3,1333","1,4",9.0,13.503,,,,
corsair vengeance rgb 48 gb,147.99,,,,,,Corsair,RAM,2025,,,"5,5600","2,24",40.0,14.286,,,,
mushkin enhanced essentials 32 gb,137.41,,,,,,Mushkin,RAM,2025,,,"4,3200","2,16",22.0,13.75,,,,
g.skill sniper x 16 gb,53.22,,,,,,G.Skill,RAM,2025,,,"4,3200","2,8",16.0,10.0,,,,
kingston fury renegade 48 gb,255.27,,,,,,Kingston,RAM,2025,,,"5,7200","2,24",38.0,10.556,,,,
kingston kvr16ln11k2/8 8 gb,62.36,,,,,,Kingston,RAM,2025,,,"3,1600","2,4",11.0,13.75,,,,
adata xpg gammix d20 32 gb,140.94,,,,,,ADATA,RAM,2025,,,"4,3200","2,16",16.0,10.0,,,,
g.skill trident z5 rgb 32 gb,121.59,,,,,,G.Skill,RAM,2025,,,"5,5600","2,16",40.0,14.286,,,,
corsair dominator platinum rgb 64 gb,380.03,,,,,,Corsair,RAM,2025,,,"5,5200","2,32",40.0,15.385,,,,
kingston fury 64 gb,316.12,,,,,,Kingston,RAM,2025,,,"5,5600","4,16",40.0,14.286,,,,
g.skill ripjaws 32 gb,94.99,,,,,,G.Skill,RAM,2025,,,"5,5600","2,16",40.0,14.286,,,,
g.skill ripjaws 16 gb,32.99,,,,,,G.Skill,RAM,2025,,,"3,1600","2,8",9.0,11.25,,,,
patriot viper venom rgb 32 gb,173.03,,,,,,Patriot,RAM,2025,,,"5,7000","2,16",40.0,11.429,,,,
corsair vengeance rgb pro 32 gb,144.99,,,,,,Corsair,RAM,2025,,,"4,3600","4,8",16.0,8.889,,,,
corsair dominator platinum rgb 32 gb,143.99,,,,,,Corsair,RAM,2025,,,"5,5600","2,16",36.0,12.857,,,,
teamgroup xtreem 48 gb,215.99,,,,,,TEAMGROUP,RAM,2025,,,"5,8000","2,24",38.0,9.5,,,,
corsair dominator platinum rgb 32 gb,129.99,,,,,,Corsair,RAM,2025,,,"5,5200","2,16",40.0,15.385,,,,
g.skill ripjaws m5 rgb 96 gb,239.99,,,,,,G.Skill,RAM,2025,,,"5,5600","2,48",40.0,14.286,,,,
corsair vengeance rgb pro 16 gb,82.99,,,,,,Corsair,RAM,2025,,,"4,2666","2,8",16.0,12.003,,,,
corsair vengeance rgb 32 gb,144.99,,,,,,Corsair,RAM,2025,,,"5,6000","2,16",30.0,10.0,,,,
corsair vengeance rgb pro 16 gb,80.67,,,,,,Corsair,RAM,2025,,,"4,3600","2,8",16.0,8.889,,,,
kingston fury beast rgb 32 gb,95.65,,,,,,Kingston,RAM,2025,,,"5,5200","1,32",40.0,15.385,,,,
kingston fury renegade 64 gb,188.41,,,,,,Kingston,RAM,2025,,,"4,3200","2,32",16.0,10.0,,,,
kingston kvr16n11h/8 8 gb,15.0,,,,,,Kingston,RAM,2025,,,"3,1600","1,8",11.0,13.75,,,,
g.skill ripjaws v 32 gb,229.99,,,,,,G.Skill,RAM,2025,,,"4,3600","4,8",18.0,10.0,,,,
kingston fury beast 16 gb,130.51,,,,,,Kingston,RAM,2025,,,"5,4800","1,16",38.0,15.833,,,,
kingston fury beast 64 gb,331.52,,,,,,Kingston,RAM,2025,,,"4,3200","4,16",16.0,10.0,,,,
patriot viper steel rgb 8 gb,24.99,,,,,,Patriot,RAM,2025,,,"4,3600","1,8",20.0,11.111,,,,
adata xpg caster rgb 16 gb,83.47,,,,,,ADATA,RAM,2025,,,"5,6400","1,16",40.0,12.5,,,,
kingston fury beast 16 gb,95.99,,,,,,Kingston,RAM,2025,,,"5,6000","1,16",40.0,13.333,,,,
patriot signature line 32 gb,79.98,,,,,,Patriot,RAM,2025,,,"4,3200","1,32",22.0,13.75,,,,
g.skill ripjaws v 256 gb,754.74,,,,,,G.Skill,RAM,2025,,,"4,3200","8,32",16.0,10.0,,,,
crucial classic 8 gb,27.98,,,,,,Crucial,RAM,2025,,,"5,5200","1,8",42.0,16.154,,,,
kingston fury renegade rgb 32 gb,214.41,,,,,,Kingston,RAM,2025,,,"5,7600","2,16",38.0,10.0,,,,
kingston fury beast rgb 32 gb,150.83,,,,,,Kingston,RAM,2025,,,"5,6400","1,32",32.0,10.0,,,,
g.skill ripjaws 32 gb,77.98,,,,,,G.Skill,RAM,2025,,,"4,3200","2,16",22.0,13.75,,,,
g.skill ripjaws 32 gb,64.98,,,,,,G.Skill,RAM,2025,,,"4,2666","2,16",18.0,13.503,,,,
crucial ct2k32g48c40s5 64 gb,164.96,,,,,,Crucial,RAM,2025,,,"5,4800","2,32",40.0,16.667,,,,
kingston fury impact 16 gb,54.75,,,,,,Kingston,RAM,2025,,,"5,5600","1,16",40.0,14.286,,,,
crucial ct2k16g3ersld4160b 32 gb,109.97,,,,,,Crucial,RAM,2025,,,"3,1600","2,16",11.0,13.75,,,,
g.skill trident z5 rgb 48 gb,174.99,,,,,,G.Skill,RAM,2025,,,"5,7200","2,24",36.0,10.0,,,,
mushkin enhanced redline 64 gb,189.99,,,,,,Mushkin,RAM,2025,,,"5,5600","2,32",28.0,10.0,,,,
g.skill trident z5 rgb 32 gb,130.98,,,,,,G.Skill,RAM,2025,,,"5,6800","2,16",34.0,10.0,,,,
adata xpg spectrix d35g rgb 64 gb,189.99,,,,,,ADATA,RAM,2025,,,"4,3200","2,32",16.0,10.0,,,,
kingston fury renegade rgb 32 gb,202.32,,,,,,Kingston,RAM,2025,,,"5,7200","2,16",38.0,10.556,,,,
corsair vengeance lpx 32 gb,291.81,,,,,,Corsair,RAM,2025,,,"4,3200","2,16",16.0,10.0,,,,
g.skill trident z royal 32 gb,162.78,,,,,,G.Skill,RAM,2025,,,"4,3600","2,16",18.0,10.0,,,,
g.skill ripjaws s5 64 gb,364.89,,,,,,G.Skill,RAM,2025,,,"5,5200","2,32",36.0,13.846,,,,
g.skill sniper 8 gb,38.72,,,,,,G.Skill,RAM,2025,,,"3,2400","2,4",11.0,9.167,,,,
teamgroup t-force vulcan 32 gb,79.99,,,,,,TEAMGROUP,RAM,2025,,,"5,5200","2,16",40.0,15.385,,,,
crucial ct32g4rfd4293 32 gb,63.23,,,,,,Crucial,RAM,2025,,,"4,2933","1,32",21.0,14.32,,,,
kingston fury renegade 16 gb,95.12,,,,,,Kingston,RAM,2025,,,"5,7200","1,16",38.0,10.556,,,,
g.skill ripjaws z 32 gb,117.07,,,,,,G.Skill,RAM,2025,,,"3,1866","4,8",10.0,10.718,,,,
g.skill aegis 4 gb,19.0,,,,,,G.Skill,RAM,2025,,,"4,2400","1,4",15.0,12.5,,,,
crucial ct4k16g4dfd824a 64 gb,199.99,,,,,,Crucial,RAM,2025,,,"4,2400","4,16",17.0,14.167,,,,
corsair vengeance 64 gb,202.99,,,,,,Corsair,RAM,2025,,,"5,5600","2,32",36.0,12.857,,,,
corsair dominator titanium first edition 48 gb,273.99,,,,,,Corsair,RAM,2025,,,"5,7200","2,24",36.0,10.0,,,,
corsair vengeance rgb pro 16 gb,105.99,,,,,,Corsair,RAM,2025,,,"4,3200","2,8",16.0,10.0,,,,
g.skill ripjaws s5 32 gb,235.91,,,,,,G.Skill,RAM,2025,,,"5,5200","2,16",36.0,13.846,,,,
kingston fury beast rgb 16 gb,180.35,,,,,,Kingston,RAM,2025,,,"5,6000","2,8",40.0,13.333,,,,
adata xpg spectrix d50 32 gb,202.34,,,,,,ADATA,RAM,2025,,,"4,3200","2,16",16.0,10.0,,,,
kingston fury renegade rgb 32 gb,232.82,,,,,,Kingston,RAM,2025,,,"5,8000","2,16",38.0,9.5,,,,
kingston valueram 16 gb,41.6,,,,,,Kingston,RAM,2025,,,"4,2666","1,16",19.0,14.254,,,,
kingston fury beast rgb 32 gb,134.99,,,,,,Kingston,RAM,2025,,,"5,6000","1,32",30.0,10.0,,,,
kingston fury renegade rgb 48 gb,182.32,,,,,,Kingston,RAM,2025,,,"5,6000","1,48",32.0,10.667,,,,
crucial ct2k8g4sfs832a 16 gb,54.99,,,,,,Crucial,RAM,2025,,,"4,3200","2,8",22.0,13.75,,,,
crucial ct32g52c42u5 32 gb,85.45,,,,,,Crucial,RAM,2025,,,"5,5200","1,32",42.0,16.154,,,,
corsair vengeance 32 gb,120.5,,,,,,Corsair,RAM,2025,,,"5,6000","2,16",36.0,12.0,,,,
g.skill ripjaws z 32 gb,137.07,,,,,,G.Skill,RAM,2025,,,"3,2400","4,8",11.0,9.167,,,,
g.skill ripjaws v 32 gb,75.81,,,,,,G.Skill,RAM,2025,,,"4,2666","4,8",19.0,14.254,,,,
teamgroup t-force xtreem argb 32 gb,128.38,,,,,,TEAMGROUP,RAM,2025,,,"4,3200","2,16",16.0,10.0,,,,
corsair cmv16gx3m2a1333c9 16 gb,49.79,,,,,,Corsair,RAM,2025,,,"3,1333","2,8",9.0,13.503,,,,
g.skill trident z neo 64 gb,173.58,,,,,,G.Skill,RAM,2025,,,"4,3200","4,16",16.0,10.0,,,,
corsair vengeance lpx 8 gb,47.62,,,,,,Corsair,RAM,2025,,,"4,2400","1,8",16.0,13.333,,,,
corsair valueselect 16 gb,69.98,,,,,,Corsair,RAM,2025,,,"4,2666","1,16",18.0,13.503,,,,
g.skill trident z5 32 gb,92.99,,,,,,G.Skill,RAM,2025,,,"5,5600","2,16",36.0,12.857,,,,
crucial ct51264bd160b 4 gb,12.99,,,,,,Crucial,RAM,2025,,,"3,1600","1,4",11.0,13.75,,,,
kingston fury renegade rgb 32 gb,167.0,,,,,,Kingston,RAM,2025,,,"5,6800","2,16",36.0,10.588,,,,
kingston fury 64 gb,211.0,,,,,,Kingston,RAM,2025,,,"5,5600","2,32",40.0,14.286,,,,
kingston fury renegade pro 128 gb,1129.0,,,,,,Kingston,RAM,2025,,,"5,6800","4,32",34.0,10.0,,,,
adata xpg spectrix d35g rgb 32 gb,91.29,,,,,,ADATA,RAM,2025,,,"4,3600","1,32",18.0,10.0,,,,
kingston fury renegade rgb 16 gb,99.99,,,,,,Kingston,RAM,2025,,,"4,3200","2,8",16.0,10.0,,,,
kingston fury renegade rgb 16 gb,120.0,,,,,,Kingston,RAM,2025,,,"4,3600","2,8",16.0,8.889,,,,
teamgroup t-force vulcan 16 gb,85.58,,,,,,TEAMGROUP,RAM,2025,,,"5,5200","1,16",40.0,15.385,,,,
kingston fury beast rgb 32 gb,129.99,,,,,,Kingston,RAM,2025,,,"5,6000","1,32",36.0,12.0,,,,
teamgroup elite 16 gb,44.99,,,,,,TEAMGROUP,RAM,2025,,,"4,3200","1,16",22.0,13.75,,,,
silicon power sp064gbsvu560f22 64 gb,145.99,,,,,,Silicon,RAM,2025,,,"5,5600","2,32",46.0,16.429,,,,
g.skill trident z 32 gb,114.99,,,,,,G.Skill,RAM,2025,,,"5,6400","2,16",32.0,10.0,,,,
teamgroup elite plus 32 gb,114.23,,,,,,TEAMGROUP,RAM,2025,,,"5,4800","2,16",40.0,16.667,,,,
corsair vengeance rgb pro sl 128 gb,368.04,,,,,,Corsair,RAM,2025,,,"4,3200","4,32",16.0,10.0,,,,
corsair vengeance rgb rt 64 gb,204.99,,,,,,Corsair,RAM,2025,,,"4,3200","4,16",16.0,10.0,,,,
g.skill trident z5 64 gb,199.99,,,,,,G.Skill,RAM,2025,,,"5,6000","2,32",32.0,10.667,,,,
thermaltake toughram xg rgb 16 gb,219.99,,,,,,Thermaltake,RAM,2025,,,"4,4600","2,8",19.0,8.261,,,,
g.skill trident z5 rgb 32 gb,114.99,,,,,,G.Skill,RAM,2025,,,"5,6000","2,16",32.0,10.667,,,,
corsair vengeance rgb pro 16 gb,58.99,,,,,,Corsair,RAM,2025,,,"4,2933","2,8",16.0,10.91,,,,
g.skill ripjaws s5 64 gb,256.41,,,,,,G.Skill,RAM,2025,,,"5,5200","2,32",36.0,13.846,,,,
teamgroup t-force dark 16 gb,159.0,,,,,,TEAMGROUP,RAM,2025,,,"4,2400","2,8",14.0,11.667,,,,
kingston fury beast 128 gb,429.99,,,,,,Kingston,RAM,2025,,,"4,3600","4,32",18.0,10.0,,,,
kingston fury beast rgb 16 gb,85.21,,,,,,Kingston,RAM,2025,,,"5,6400","1,16",32.0,10.0,,,,
patriot viper elite ii 64 gb,163.99,,,,,,Patriot,RAM,2025,,,"4,3200","2,32",18.0,11.25,,,,
corsair dominator platinum 8 gb,270.86,,,,,,Corsair,RAM,2025,,,"3,2800","2,4",12.0,8.571,,,,
g.skill trident z royal 128 gb,369.99,,,,,,G.Skill,RAM,2025,,,"4,3600","4,32",18.0,10.0,,,,
corsair dominator platinum rgb 32 gb,172.99,,,,,,Corsair,RAM,2025,,,"5,6400","2,16",38.0,11.875,,,,
g.skill trident z rgb 64 gb,232.57,,,,,,G.Skill,RAM,2025,,,"4,2400","8,8",15.0,12.5,,,,
corsair xms3 4 gb,35.79,,,,,,Corsair,RAM,2025,,,"3,1333","1,4",9.0,13.503,,,,
corsair vengeance 8 gb,50.99,,,,,,Corsair,RAM,2025,,,"3,1600","2,4",9.0,11.25,,,,
corsair vengeance rgb pro sl 32 gb,167.99,,,,,,Corsair,RAM,2025,,,"4,3200","4,8",16.0,10.0,,,,
kingston fury renegade pro 128 gb,724.99,,,,,,Kingston,RAM,2025,,,"5,4800","4,32",36.0,15.0,,,,
corsair vengeance 16 gb,129.4,,,,,,Corsair,RAM,2025,,,"3,1600","4,4",9.0,11.25,,,,
corsair vengeance lpx 16 gb,125.0,,,,,,Corsair,RAM,2025,,,"4,3200","2,8",16.0,10.0,,,,
v-color tra532g72d834o 256 gb,2979.99,,,,,,V-Color,RAM,2025,,,"5,7200","8,32",34.0,9.444,,,,
mushkin redline 64 gb,197.71,,,,,,Mushkin,RAM,2025,,,"4,3200","2,32",16.0,10.0,,,,
teamgroup elite 8 gb,28.99,,,,,,TEAMGROUP,RAM,2025,,,"4,3200","1,8",22.0,13.75,,,,
corsair vengeance rgb pro 128 gb,345.54,,,,,,Corsair,RAM,2025,,,"4,3000","4,32",16.0,10.667,,,,
g.skill zeta r5 neo 128 gb,759.99,,,,,,G.Skill,RAM,2025,,,"5,6000","4,32",30.0,10.0,,,,
corsair vengeance rgb pro 16 gb,74.98,,,,,,Corsair,RAM,2025,,,"4,3600","2,8",18.0,10.0,,,,
g.skill trident z royal 16 gb,169.0,,,,,,G.Skill,RAM,2025,,,"4,4000","2,8",15.0,7.5,,,,
corsair dominator platinum rgb 32 gb,176.06,,,,,,Corsair,RAM,2025,,,"4,3200","4,8",16.0,10.0,,,,
corsair dominator platinum rgb 32 gb,200.99,,,,,,Corsair,RAM,2025,,,"5,7000","2,16",34.0,9.714,,,,
kingston fury renegade 32 gb,139.99,,,,,,Kingston,RAM,2025,,,"5,6400","2,16",32.0,10.0,,,,
g.skill ripjaws s5 32 gb,196.09,,,,,,G.Skill,RAM,2025,,,"5,5200","2,16",36.0,13.846,,,,
teamgroup t-force vulcan 32 gb,84.99,,,,,,TEAMGROUP,RAM,2025,,,"5,5600","2,16",38.0,13.571,,,,
g.skill ripjaws 16 gb,59.68,,,,,,G.Skill,RAM,2025,,,"3,1066","4,4",7.0,13.133,,,,
g.skill ripjaws x 16 gb,56.56,,,,,,G.Skill,RAM,2025,,,"3,1866","2,8",10.0,10.718,,,,
thermaltake toughram xg rgb 16 gb,224.98,,,,,,Thermaltake,RAM,2025,,,"4,4600","2,8",19.0,8.261,,,,
timetec pinnacle konduit 32 gb,69.99,,,,,,Timetec,RAM,2025,,,"4,3200","1,32",16.0,10.0,,,,
teamgroup t-force vulcan 64 gb,149.99,,,,,,TEAMGROUP,RAM,2025,,,"5,5200","2,32",40.0,15.385,,,,
g.skill f3-12800cl9s-2gbsq 2 gb,13.68,,,,,,G.Skill,RAM,2025,,,"3,1600","1,2",9.0,11.25,,,,
g.skill ares 16 gb,42.99,,,,,,G.Skill,RAM,2025,,,"3,1600","2,8",9.0,11.25,,,,
crucial ct2k8g4dfs832a 16 gb,64.48,,,,,,Crucial,RAM,2025,,,"4,3200","2,8",22.0,13.75,,,,
silicon power sp016gblvu560f02 16 gb,54.45,,,,,,Silicon,RAM,2025,,,"5,5600","1,16",46.0,16.429,,,,
patriot signature line 4 gb,21.49,,,,,,Patriot,RAM,2025,,,"4,2400","1,4",16.0,13.333,,,,
g.skill aegis 16 gb,60.3,,,,,,G.Skill,RAM,2025,,,"4,3000","1,16",16.0,10.667,,,,
silicon power sp008gblfu266b02 8 gb,22.51,,,,,,Silicon,RAM,2025,,,"4,2666","1,8",19.0,14.254,,,,
g.skill ripjaws 16 gb,34.0,,,,,,G.Skill,RAM,2025,,,"4,2400","1,16",16.0,13.333,,,,
patriot signature line 16 gb,37.99,,,,,,Patriot,RAM,2025,,,"5,4800","1,16",46.0,19.167,,,,
crucial ct32g52c42s5 32 gb,99.99,,,,,,Crucial,RAM,2025,,,"5,5200","1,32",42.0,16.154,,,,
kingston fury renegade rgb 24 gb,210.88,,,,,,Kingston,RAM,2025,,,"5,7200","1,24",38.0,10.556,,,,
g.skill ripjaws s5 32 gb,104.99,,,,,,G.Skill,RAM,2025,,,"5,6000","2,16",32.0,10.667,,,,
kingston fury beast 16 gb,120.93,,,,,,Kingston,RAM,2025,,,"5,6400","1,16",32.0,10.0,,,,
corsair vengeance lpx 32 gb,172.99,,,,,,Corsair,RAM,2025,,,"4,3200","4,8",16.0,10.0,,,,
teamgroup elite 64 gb,159.99,,,,,,TEAMGROUP,RAM,2025,,,"4,3200","2,32",22.0,13.75,,,,
g.skill trident z royal 64 gb,263.37,,,,,,G.Skill,RAM,2025,,,"4,3600","2,32",16.0,8.889,,,,
teamgroup elite plus 32 gb,78.98,,,,,,TEAMGROUP,RAM,2025,,,"5,4800","1,32",40.0,16.667,,,,
g.skill trident z5 neo rgb 32 gb,187.07,,,,,,G.Skill,RAM,2025,,,"5,5600","2,16",30.0,10.714,,,,
kingston fury renegade rgb 24 gb,128.76,,,,,,Kingston,RAM,2025,,,"5,6400","1,24",32.0,10.0,,,,
crucial ct3kit51264ba160b 12 gb,36.97,,,,,,Crucial,RAM,2025,,,"3,1600","3,4",11.0,13.75,,,,
kingston kcp426ns8/8 8 gb,28.49,,,,,,Kingston,RAM,2025,,,"4,2666","1,8",19.0,14.254,,,,
crucial ct2k16g4rfs4266 32 gb,94.99,,,,,,Crucial,RAM,2025,,,"4,2666","2,16",19.0,14.254,,,,
g.skill trident z neo 64 gb,421.0,,,,,,G.Skill,RAM,2025,,,"4,3600","4,16",18.0,10.0,,,,
mushkin enhanced redline stiletto 16 gb,43.9,,,,,,Mushkin,RAM,2025,,,"4,3200","2,8",16.0,10.0,,,,
g.skill value 8 gb,38.92,,,,,,G.Skill,RAM,2025,,,"4,2400","1,8",17.0,14.167,,,,
corsair vengeance rgb 32 gb,119.99,,,,,,Corsair,RAM,2025,,,"5,5600","2,16",36.0,12.857,,,,
corsair vengeance lp 16 gb,77.98,,,,,,Corsair,RAM,2025,,,"3,1600","2,8",9.0,11.25,,,,
kingston kvr21l15q4/32 32 gb,179.93,,,,,,Kingston,RAM,2025,,,"4,2133","1,32",15.0,14.065,,,,
g.skill aegis 8 gb,32.4,,,,,,G.Skill,RAM,2025,,,"4,2400","2,4",15.0,12.5,,,,
crucial ct2k8g4dfs8213 16 gb,99.98,,,,,,Crucial,RAM,2025,,,"4,2133","2,8",15.0,14.065,,,,
corsair vengeance rgb pro sl 32 gb,167.99,,,,,,Corsair,RAM,2025,,,"4,3200","4,8",16.0,10.0,,,,
kingston fury beast 16 gb,76.22,,,,,,Kingston,RAM,2025,,,"4,3733","1,16",19.0,10.179,,,,
teamgroup elite 16 gb,42.99,,,,,,TEAMGROUP,RAM,2025,,,"5,5600","1,16",46.0,16.429,,,,
kingston fury impact 16 gb,67.97,,,,,,Kingston,RAM,2025,,,"5,6000","1,16",38.0,12.667,,,,
mushkin redline st 32 gb,114.99,,,,,,Mushkin,RAM,2025,,,"5,6400","2,16",32.0,10.0,,,,
corsair vengeance rgb pro sl 64 gb,181.65,,,,,,Corsair,RAM,2025,,,"4,3200","2,32",16.0,10.0,,,,
kingston server premier 8 gb,38.97,,,,,,Kingston,RAM,2025,,,"4,2666","1,8",19.0,14.254,,,,
kingston fury 64 gb,201.71,,,,,,Kingston,RAM,2025,,,"5,5200","2,32",40.0,15.385,,,,
teamgroup t-force delta rgb 48 gb,209.99,,,,,,TEAMGROUP,RAM,2025,,,"5,7600","2,24",36.0,9.474,,,,
corsair vengeance lpx 32 gb,157.99,,,,,,Corsair,RAM,2025,,,"4,4000","4,8",19.0,9.5,,,,
crucial mta18asf4g72az-3g2b1 32 gb,179.93,,,,,,Crucial,RAM,2025,,,"4,3200","1,32",22.0,13.75,,,,
patriot viper steel rgb 16 gb,46.99,,,,,,Patriot,RAM,2025,,,"4,3200","1,16",18.0,11.25,,,,
crucial ct2k16g4dfd832a 32 gb,104.99,,,,,,Crucial,RAM,2025,,,"4,3200","2,16",22.0,13.75,,,,
thermaltake toughram xg rgb 64 gb,554.98,,,,,,Thermaltake,RAM,2025,,,"4,4000","2,32",19.0,9.5,,,,
kingston fury renegade rgb 16 gb,125.99,,,,,,Kingston,RAM,2025,,,"5,8000","1,16",38.0,9.5,,,,
teamgroup t-force delta rgb eco 32 gb,107.99,,,,,,TEAMGROUP,RAM,2025,,,"5,6400","2,16",32.0,10.0,,,,
g.skill ripjaws x 32 gb,120.3,,,,,,G.Skill,RAM,2025,,,"3,2133","4,8",10.0,9.376,,,,
kingston fury renegade 32 gb,99.99,,,,,,Kingston,RAM,2025,,,"4,3200","1,32",16.0,10.0,,,,
patriot signature line 16 gb,41.99,,,,,,Patriot,RAM,2025,,,"4,3200","1,16",22.0,13.75,,,,
kingston fury renegade pro 128 gb,936.0,,,,,,Kingston,RAM,2025,,,"5,6400","4,32",32.0,10.0,,,,
kingston fury beast rgb 32 gb,216.51,,,,,,Kingston,RAM,2025,,,"5,6000","2,16",30.0,10.0,,,,
corsair dominator 8 gb,185.0,,,,,,Corsair,RAM,2025,,,"3,1600","4,2",8.0,10.0,,,,
crucial ct2kit51264ba160b 8 gb,31.2,,,,,,Crucial,RAM,2025,,,"3,1600","2,4",11.0,13.75,,,,
crucial ct2kit204864bf160b 32 gb,299.79,,,,,,Crucial,RAM,2025,,,"3,1600","2,16",11.0,13.75,,,,
kingston ksm26ed8/32me 32 gb,148.88,,,,,,Kingston,RAM,2025,,,"4,2666","1,32",19.0,14.254,,,,
corsair dominator platinum rgb 32 gb,148.99,,,,,,Corsair,RAM,2025,,,"5,5600","2,16",36.0,12.857,,,,
v-color tra524g80s840r3q 96 gb,1391.99,,,,,,V-Color,RAM,2025,,,"5,8000","4,24",40.0,10.0,,,,
g.skill ns 4 gb,20.44,,,,,,G.Skill,RAM,2025,,,"3,1333","2,2",9.0,13.503,,,,
crucial ballistix sport 8 gb,37.9,,,,,,Crucial,RAM,2025,,,"3,1600","2,4",9.0,11.25,,,,
kingston kvr16n11/2 2 gb,24.53,,,,,,Kingston,RAM,2025,,,"3,1600","1,2",11.0,13.75,,,,
g.skill trident z royal 32 gb,269.0,,,,,,G.Skill,RAM,2025,,,"4,3200","4,8",16.0,10.0,,,,
g.skill trident z royal elite 64 gb,352.43,,,,,,G.Skill,RAM,2025,,,"4,3600","4,16",16.0,8.889,,,,
g.skill ripjaws v 32 gb,144.59,,,,,,G.Skill,RAM,2025,,,"4,2666","1,32",19.0,14.254,,,,
teamgroup t-force vulcan z 32 gb,154.69,,,,,,TEAMGROUP,RAM,2025,,,"4,3600","1,32",18.0,10.0,,,,
kingston fury beast rgb 8 gb,105.9,,,,,,Kingston,RAM,2025,,,"5,5600","1,8",40.0,14.286,,,,
crucial ct16g4dfra266 16 gb,36.47,,,,,,Crucial,RAM,2025,,,"4,2666","1,16",19.0,14.254,,,,
kingston fury impact 32 gb,99.99,,,,,,Kingston,RAM,2025,,,"5,5600","1,32",40.0,14.286,,,,
kingston fury impact 16 gb,60.0,,,,,,Kingston,RAM,2025,,,"4,3200","2,8",20.0,12.5,,,,
g.skill ripjaws 64 gb,204.99,,,,,,G.Skill,RAM,2025,,,"5,5600","2,32",40.0,14.286,,,,
g.skill trident z5 rgb 32 gb,174.23,,,,,,G.Skill,RAM,2025,,,"5,5600","2,16",30.0,10.714,,,,
kingston fury impact 16 gb,60.73,,,,,,Kingston,RAM,2025,,,"4,3200","1,16",20.0,12.5,,,,
g.skill trident z rgb 64 gb,300.94,,,,,,G.Skill,RAM,2025,,,"4,3600","2,32",16.0,8.889,,,,
corsair dominator platinum rgb 64 gb,229.99,,,,,,Corsair,RAM,2025,,,"5,5600","2,32",40.0,14.286,,,,
kingston fury renegade 32 gb,177.09,,,,,,Kingston,RAM,2025,,,"5,6800","2,16",36.0,10.588,,,,
kingston fury renegade pro 32 gb,205.99,,,,,,Kingston,RAM,2025,,,"5,5600","1,32",28.0,10.0,,,,
g.skill trident z rgb 16 gb,124.92,,,,,,G.Skill,RAM,2025,,,"4,3600","2,8",17.0,9.444,,,,
samsung m391a2k43bb1-crc 16 gb,58.98,,,,,,Samsung,RAM,2025,,,"4,2400","1,16",17.0,14.167,,,,
g.skill sniper 16 gb,60.71,,,,,,G.Skill,RAM,2025,,,"3,2400","2,8",11.0,9.167,,,,
kingston fury renegade 16 gb,124.8,,,,,,Kingston,RAM,2025,,,"5,8000","1,16",38.0,9.5,,,,
g.skill trident z5 rgb 32 gb,128.03,,,,,,G.Skill,RAM,2025,,,"5,6000","2,16",40.0,13.333,,,,
kingston fury beast 8 gb,59.94,,,,,,Kingston,RAM,2025,,,"5,4800","1,8",38.0,15.833,,,,
kingston server premier 16 gb,86.99,,,,,,Kingston,RAM,2025,,,"4,3200","1,16",22.0,13.75,,,,
g.skill sniper x 32 gb,120.74,,,,,,G.Skill,RAM,2025,,,"4,3600","2,16",19.0,10.556,,,,
crucial ct2k32g52c42u5 64 gb,189.95,,,,,,Crucial,RAM,2025,,,"5,5200","2,32",42.0,16.154,,,,
kingston fury renegade pro 16 gb,114.99,,,,,,Kingston,RAM,2025,,,"5,4800","1,16",36.0,15.0,,,,
g.skill ripjaws x 8 gb,32.6,,,,,,G.Skill,RAM,2025,,,"3,1866","1,8",10.0,10.718,,,,
crucial ct102472ba186d 8 gb,39.97,,,,,,Crucial,RAM,2025,,,"3,1866","1,8",13.0,13.934,,,,
thermaltake toughram rgb 16 gb,145.0,,,,,,Thermaltake,RAM,2025,,,"4,4400","2,8",19.0,8.636,,,,
g.skill trident z royal 64 gb,719.52,,,,,,G.Skill,RAM,2025,,,"4,3600","8,8",14.0,7.778,,,,
kingston fury impact 32 gb,94.99,,,,,,Kingston,RAM,2025,,,"5,4800","2,16",38.0,15.833,,,,
kingston fury renegade 32 gb,203.98,,,,,,Kingston,RAM,2025,,,"5,7600","2,16",38.0,10.0,,,,
kingston fury beast 16 gb,77.98,,,,,,Kingston,RAM,2025,,,"5,6400","1,16",32.0,10.0,,,,
kingston valueram 2 gb,13.49,,,,,,Kingston,RAM,2025,,,"2,667","1,2",5.0,14.993,,,,
kingston kvr16n11s8/4 4 gb,19.57,,,,,,Kingston,RAM,2025,,,"3,1600","1,4",11.0,13.75,,,,
corsair dominator platinum 8 gb,168.34,,,,,,Corsair,RAM,2025,,,"4,2800","2,4",15.0,10.714,,,,
corsair dominator platinum rgb 32 gb,111.93,,,,,,Corsair,RAM,2025,,,"4,3200","2,16",16.0,10.0,,,,
teamgroup t-create classic 32 gb,74.98,,,,,,TEAMGROUP,RAM,2025,,,"5,5600","1,32",46.0,16.429,,,,
kingston fury beast 32 gb,147.99,,,,,,Kingston,RAM,2025,,,"5,6400","1,32",32.0,10.0,,,,
crucial ct2kit25664aa800 4 gb,31.49,,,,,,Crucial,RAM,2025,,,"2,800","2,2",6.0,15.0,,,,
crucial ct25664ba1339 2 gb,14.99,,,,,,Crucial,RAM,2025,,,"3,1333","1,2",9.0,13.503,,,,
kingston ktd-pe316llq/32g 32 gb,250.85,,,,,,Kingston,RAM,2025,,,"3,1600","1,32",11.0,13.75,,,,
g.skill trident z rgb 16 gb,294.79,,,,,,G.Skill,RAM,2025,,,"4,3200","2,8",14.0,8.75,,,,
kingston fury renegade rgb 64 gb,492.0,,,,,,Kingston,RAM,2025,,,"4,3600","4,16",16.0,8.889,,,,
pny xlr8 gaming epic-x rgb 16 gb,108.09,,,,,,PNY,RAM,2025,,,"4,3200","2,8",16.0,10.0,,,,
kingston fury renegade 24 gb,129.31,,,,,,Kingston,RAM,2025,,,"5,7200","1,24",38.0,10.556,,,,
crucial ct32g4rfd4266 32 gb,64.98,,,,,,Crucial,RAM,2025,,,"4,2666","1,32",19.0,14.254,,,,
corsair vengeance 32 gb,131.99,,,,,,Corsair,RAM,2025,,,"5,6200","2,16",36.0,11.613,,,,
teamgroup xtreem 48 gb,181.99,,,,,,TEAMGROUP,RAM,2025,,,"5,7200","2,24",34.0,9.444,,,,
samsung m471a4g43mb1 32 gb,83.97,,,,,,Samsung,RAM,2025,,,"4,2666","1,32",19.0,14.254,,,,
g.skill ares 16 gb,94.06,,,,,,G.Skill,RAM,2025,,,"3,2400","2,8",11.0,9.167,,,,
g.skill trident z 32 gb,115.0,,,,,,G.Skill,RAM,2025,,,"4,3200","2,16",16.0,10.0,,,,
g.skill trident z5 rgb 64 gb,209.99,,,,,,G.Skill,RAM,2025,,,"5,6000","2,32",32.0,10.667,,,,
teamgroup t-force delta rgb 64 gb,168.99,,,,,,TEAMGROUP,RAM,2025,,,"5,5600","2,32",36.0,12.857,,,,
kingston fury renegade pro 32 gb,196.8,,,,,,Kingston,RAM,2025,,,"5,4800","1,32",36.0,15.0,,,,
kingston kvr16e11k4/32 32 gb,123.78,,,,,,Kingston,RAM,2025,,,"3,1600","4,8",11.0,13.75,,,,
teamgroup t-force vulcan 32 gb,92.99,,,,,,TEAMGROUP,RAM,2025,,,"5,5600","2,16",32.0,11.429,,,,
teamgroup t-create master 64 gb,420.99,,,,,,TEAMGROUP,RAM,2025,,,"5,6000","4,16",32.0,10.667,,,,
g.skill sniper 16 gb,71.29,,,,,,G.Skill,RAM,2025,,,"3,2400","4,4",11.0,9.167,,,,
corsair vengeance rgb pro 16 gb,59.99,,,,,,Corsair,RAM,2025,,,"4,3200","2,8",16.0,10.0,,,,
klevv cras xr5 rgb 32 gb,134.29,,,,,,Klevv,RAM,2025,,,"5,7000","2,16",36.0,10.286,,,,
kingston fury renegade rgb 16 gb,125.99,,,,,,Kingston,RAM,2025,,,"5,8000","1,16",38.0,9.5,,,,
corsair vengeance 12 gb,84.98,,,,,,Corsair,RAM,2025,,,"3,1600","3,4",9.0,11.25,,,,
crucial ct51264bd160bj 4 gb,11.5,,,,,,Crucial,RAM,2025,,,"3,1600","1,4",11.0,13.75,,,,
kingston valueram 8 gb,42.95,,,,,,Kingston,RAM,2025,,,"4,2133","1,8",15.0,14.065,,,,
corsair vengeance rgb rt 16 gb,59.99,,,,,,Corsair,RAM,2025,,,"4,3600","2,8",18.0,10.0,,,,
mushkin silverline 16 gb,107.12,,,,,,Mushkin,RAM,2025,,,"4,2133","1,16",15.0,14.065,,,,
kingston fury 32 gb,139.84,,,,,,Kingston,RAM,2025,,,"5,5200","1,32",40.0,15.385,,,,
silicon power xpower pulse gaming 32 gb,107.82,,,,,,Silicon,RAM,2025,,,"5,5600","2,16",40.0,14.286,,,,
kingston fury beast 32 gb,144.15,,,,,,Kingston,RAM,2025,,,"5,6400","1,32",32.0,10.0,,,,
kingston kvr13n9s8/4 4 gb,15.52,,,,,,Kingston,RAM,2025,,,"3,1333","1,4",9.0,13.503,,,,
patriot viper 3 32 gb,184.17,,,,,,Patriot,RAM,2025,,,"3,1866","4,8",10.0,10.718,,,,
kingston kvr13n9k3/24 24 gb,99.99,,,,,,Kingston,RAM,2025,,,"3,1333","3,8",9.0,13.503,,,,
crucial ct4k16g4dfd8213 64 gb,359.96,,,,,,Crucial,RAM,2025,,,"4,2133","4,16",15.0,14.065,,,,
kingston server premier 16 gb,64.5,,,,,,Kingston,RAM,2025,,,"4,3200","1,16",22.0,13.75,,,,
teamgroup elite plus 32 gb,78.98,,,,,,TEAMGROUP,RAM,2025,,,"5,4800","1,32",40.0,16.667,,,,
teamgroup elite 32 gb,80.98,,,,,,TEAMGROUP,RAM,2025,,,"4,3200","2,16",22.0,13.75,,,,
lexar ld4as032g-b3200gsst 32 gb,131.53,,,,,,Lexar,RAM,2025,,,"4,3200","1,32",22.0,13.75,,,,
crucial ct16g3ersld4160b 16 gb,22.49,,,,,,Crucial,RAM,2025,,,"3,1600","1,16",11.0,13.75,,,,
g.skill trident z rgb 128 gb,324.99,,,,,,G.Skill,RAM,2025,,,"4,3200","4,32",16.0,10.0,,,,
crucial ct8g4sfs824a 8 gb,28.25,,,,,,Crucial,RAM,2025,,,"4,2400","1,8",17.0,14.167,,,,
corsair vengeance rgb pro 32 gb,198.0,,,,,,Corsair,RAM,2025,,,"4,3000","2,16",15.0,10.0,,,,
kingston fury beast 32 gb,151.83,,,,,,Kingston,RAM,2025,,,"5,6400","2,16",32.0,10.0,,,,
kingston fury beast 32 gb,228.19,,,,,,Kingston,RAM,2025,,,"5,6000","1,32",30.0,10.0,,,,
corsair vengeance rgb 32 gb,419.43,,,,,,Corsair,RAM,2025,,,"4,3600","2,16",18.0,10.0,,,,
corsair vengeance rgb rs 16 gb,85.99,,,,,,Corsair,RAM,2025,,,"4,3600","1,16",18.0,10.0,,,,
patriot viper elite 5 rgb 32 gb,109.99,,,,,,Patriot,RAM,2025,,,"5,6600","2,16",36.0,10.909,,,,
kingston fury renegade pro 16 gb,119.61,,,,,,Kingston,RAM,2025,,,"5,6000","1,16",32.0,10.667,,,,
kingston fury beast rgb special edition 8 gb,39.99,,,,,,Kingston,RAM,2025,,,"4,3600","1,8",17.0,9.444,,,,
g.skill nt 8 gb,53.5,,,,,,G.Skill,RAM,2025,,,"4,2133","2,4",15.0,14.065,,,,
corsair dominator platinum rgb 16 gb,101.69,,,,,,Corsair,RAM,2025,,,"4,4000","2,8",19.0,9.5,,,,
kingston fury beast rgb 32 gb,153.99,,,,,,Kingston,RAM,2025,,,"5,6400","1,32",32.0,10.0,,,,
crucial ct32g4dfd8266 32 gb,127.65,,,,,,Crucial,RAM,2025,,,"4,2666","1,32",19.0,14.254,,,,
corsair vengeance rgb pro sl 16 gb,83.99,,,,,,Corsair,RAM,2025,,,"4,3200","2,8",16.0,10.0,,,,
corsair vengeance rgb rt 16 gb,73.67,,,,,,Corsair,RAM,2025,,,"4,4000","2,8",18.0,9.0,,,,
kingston valueram 32 gb,99.0,,,,,,Kingston,RAM,2025,,,"4,2666","1,32",19.0,14.254,,,,
kingston ksm48r40bs4tmm-32hmr 32 gb,122.86,,,,,,Kingston,RAM,2025,,,"5,4800","1,32",40.0,16.667,,,,
corsair vengeance rgb 64 gb,213.99,,,,,,Corsair,RAM,2025,,,"5,5600","2,32",36.0,12.857,,,,
kingston fury renegade 16 gb,209.32,,,,,,Kingston,RAM,2025,,,"5,6000","1,16",32.0,10.667,,,,
v-color tra548g68d834o 384 gb,3369.99,,,,,,V-Color,RAM,2025,,,"5,6800","8,48",34.0,10.0,,,,
kingston fury beast 32 gb,130.5,,,,,,Kingston,RAM,2025,,,"5,6000","1,32",30.0,10.0,,,,
g.skill ripjaws 8 gb,34.53,,,,,,G.Skill,RAM,2025,,,"3,1600","2,4",9.0,11.25,,,,
kingston kvr1333d3k2/2gr 2 gb,29.61,,,,,,Kingston,RAM,2025,,,"3,1333","2,1",9.0,13.503,,,,
kingston kvr21r15s4k4/32 32 gb,128.62,,,,,,Kingston,RAM,2025,,,"4,2133","4,8",15.0,14.065,,,,
corsair vengeance lpx 4 gb,31.03,,,,,,Corsair,RAM,2025,,,"4,2400","1,4",16.0,13.333,,,,
crucial ct4k8g4dfs8266 32 gb,129.99,,,,,,Crucial,RAM,2025,,,"4,2666","4,8",19.0,14.254,,,,
corsair vengeance rgb pro 64 gb,589.1,,,,,,Corsair,RAM,2025,,,"4,3466","4,16",16.0,9.233,,,,
kingston fury beast 4 gb,42.91,,,,,,Kingston,RAM,2025,,,"4,3200","1,4",16.0,10.0,,,,
g.skill ripjaws 64 gb,148.99,,,,,,G.Skill,RAM,2025,,,"4,3200","2,32",22.0,13.75,,,,
kingston fury impact 64 gb,229.99,,,,,,Kingston,RAM,2025,,,"4,3200","2,32",20.0,12.5,,,,
teamgroup t-create classic 32 gb,80.98,,,,,,TEAMGROUP,RAM,2025,,,"5,5600","2,16",46.0,16.429,,,,
patriot signature line 32 gb,74.98,,,,,,Patriot,RAM,2025,,,"5,4800","1,32",46.0,19.167,,,,
corsair vengeance rgb pro 16 gb,308.18,,,,,,Corsair,RAM,2025,,,"4,4000","2,8",16.0,8.0,,,,
g.skill trident z royal 16 gb,169.0,,,,,,G.Skill,RAM,2025,,,"4,4000","2,8",15.0,7.5,,,,
teamgroup t-force vulcanα 64 gb,165.49,,,,,,TEAMGROUP,RAM,2025,,,"5,6000","2,32",38.0,12.667,,,,
corsair vengeance performance 32 gb,124.0,,,,,,Corsair,RAM,2025,,,"4,2666","2,16",18.0,13.503,,,,
g.skill trident z neo 16 gb,124.0,,,,,,G.Skill,RAM,2025,,,"4,3200","2,8",14.0,8.75,,,,
kingston server premier 16 gb,69.95,,,,,,Kingston,RAM,2025,,,"4,3200","1,16",22.0,13.75,,,,
crucial ct8g3s160bm 8 gb,17.39,,,,,,Crucial,RAM,2025,,,"3,1600","1,8",11.0,13.75,,,,
g.skill ripjaws s5 32 gb,104.99,,,,,,G.Skill,RAM,2025,,,"5,6000","2,16",32.0,10.667,,,,
g.skill sniper 32 gb,122.87,,,,,,G.Skill,RAM,2025,,,"3,2133","4,8",10.0,9.376,,,,
crucial ct2kit102472bd160b 16 gb,99.49,,,,,,Crucial,RAM,2025,,,"3,1600","2,8",11.0,13.75,,,,
g.skill ripjaws 16 gb,68.7,,,,,,G.Skill,RAM,2025,,,"4,2666","4,4",15.0,11.253,,,,
g.skill ripjaws v 16 gb,249.99,,,,,,G.Skill,RAM,2025,,,"4,3600","2,8",16.0,8.889,,,,
g.skill trident z5 32 gb,97.99,,,,,,G.Skill,RAM,2025,,,"5,6000","2,16",36.0,12.0,,,,
g.skill sniper x 32 gb,75.15,,,,,,G.Skill,RAM,2025,,,"4,2400","4,8",17.0,14.167,,,,
kingston fury renegade pro 128 gb,848.48,,,,,,Kingston,RAM,2025,,,"5,6000","4,32",32.0,10.667,,,,
g.skill ripjaws x 8 gb,25.23,,,,,,G.Skill,RAM,2025,,,"3,1333","1,8",9.0,13.503,,,,
g.skill flare x 64 gb,241.48,,,,,,G.Skill,RAM,2025,,,"4,3200","4,16",16.0,10.0,,,,
patriot viper elite ii 32 gb,77.98,,,,,,Patriot,RAM,2025,,,"4,3200","1,32",18.0,11.25,,,,
lenovo total micro 16 gb,44.99,,,,,,Lenovo,RAM,2025,,,"4,2666","1,16",19.0,14.254,,,,
kingston fury renegade 16 gb,96.93,,,,,,Kingston,RAM,2025,,,"5,6400","1,16",32.0,10.0,,,,
g.skill value 8 gb,23.8,,,,,,G.Skill,RAM,2025,,,"3,1600","2,4",11.0,13.75,,,,
g.skill nt 16 gb,83.5,,,,,,G.Skill,RAM,2025,,,"4,2400","2,8",15.0,12.5,,,,
corsair vengeance led 32 gb,259.36,,,,,,Corsair,RAM,2025,,,"4,3333","2,16",16.0,9.601,,,,
patriot viper steel 16 gb,53.99,,,,,,Patriot,RAM,2025,,,"4,3000","2,8",16.0,10.667,,,,
g.skill trident z5 rgb 32 gb,170.6,,,,,,G.Skill,RAM,2025,,,"5,6600","2,16",34.0,10.303,,,,
kingston fury renegade 16 gb,145.05,,,,,,Kingston,RAM,2025,,,"5,6000","1,16",32.0,10.667,,,,
g.skill zeta r5 128 gb,1635.43,,,,,,G.Skill,RAM,2025,,,"5,6000","8,16",30.0,10.0,,,,
g.skill ripjaws x 8 gb,51.94,,,,,,G.Skill,RAM,2025,,,"3,2133","2,4",9.0,8.439,,,,
g.skill nt 8 gb,59.0,,,,,,G.Skill,RAM,2025,,,"4,2133","1,8",15.0,14.065,,,,
corsair vengeance rgb 32 gb,301.26,,,,,,Corsair,RAM,2025,,,"4,3000","4,8",15.0,10.0,,,,
corsair dominator platinum rgb 16 gb,90.52,,,,,,Corsair,RAM,2025,,,"4,3200","2,8",16.0,10.0,,,,
thermaltake h-one 16 gb,71.84,,,,,,Thermaltake,RAM,2025,,,"4,3200","2,8",16.0,10.0,,,,
kingston fury beast rgb 16 gb,98.09,,,,,,Kingston,RAM,2025,,,"5,4800","1,16",38.0,15.833,,,,
kingston fury renegade 128 gb,379.99,,,,,,Kingston,RAM,2025,,,"4,3200","4,32",16.0,10.0,,,,
patriot viper venom rgb 16 gb,289.36,,,,,,Patriot,RAM,2025,,,"4,4000","2,8",19.0,9.5,,,,
kingston fury renegade rgb 16 gb,109.0,,,,,,Kingston,RAM,2025,,,"5,7200","1,16",38.0,10.556,,,,
kingston fury renegade 16 gb,97.2,,,,,,Kingston,RAM,2025,,,"5,6800","1,16",36.0,10.588,,,,
kingston fury beast rgb 16 gb,80.52,,,,,,Kingston,RAM,2025,,,"5,6400","1,16",32.0,10.0,,,,
teamgroup elite 32 gb,68.98,,,,,,TEAMGROUP,RAM,2025,,,"4,2666","2,16",19.0,14.254,,,,
silicon power sp008glstu160n02 8 gb,15.99,,,,,,Silicon,RAM,2025,,,"3,1600","1,8",11.0,13.75,,,,
mushkin redline 64 gb,149.99,,,,,,Mushkin,RAM,2025,,,"5,4800","2,32",40.0,16.667,,,,
g.skill ripjaws m5 rgb 64 gb,209.99,,,,,,G.Skill,RAM,2025,,,"5,6000","2,32",32.0,10.667,,,,
g.skill trident z rgb 32 gb,449.0,,,,,,G.Skill,RAM,2025,,,"4,4133","4,8",17.0,8.226,,,,
g.skill trident z 32 gb,149.0,,,,,,G.Skill,RAM,2025,,,"4,3200","2,16",16.0,10.0,,,,
g.skill ripjaws x 8 gb,25.18,,,,,,G.Skill,RAM,2025,,,"3,1600","1,8",10.0,12.5,,,,
g.skill ripjaws x 16 gb,99.18,,,,,,G.Skill,RAM,2025,,,"3,2133","2,8",10.0,9.376,,,,
pny nhs 8 gb,17.98,,,,,,PNY,RAM,2025,,,"3,1600","1,8",11.0,13.75,,,,
corsair vengeance lpx 16 gb,89.57,,,,,,Corsair,RAM,2025,,,"4,3600","2,8",20.0,11.111,,,,
g.skill aegis 16 gb,59.72,,,,,,G.Skill,RAM,2025,,,"4,2400","1,16",17.0,14.167,,,,
kingston fury beast 8 gb,67.56,,,,,,Kingston,RAM,2025,,,"4,3200","2,4",16.0,10.0,,,,
patriot viper venom rgb 32 gb,201.75,,,,,,Patriot,RAM,2025,,,"5,6600","2,16",40.0,12.121,,,,
g.skill ripjaws x 8 gb,27.26,,,,,,G.Skill,RAM,2025,,,"3,1333","2,4",9.0,13.503,,,,
patriot signature 8 gb,122.57,,,,,,Patriot,RAM,2025,,,"3,1600","1,8",11.0,13.75,,,,
g.skill sniper gaming 16 gb,53.96,,,,,,G.Skill,RAM,2025,,,"3,1866","2,8",10.0,10.718,,,,
corsair vengeance led 16 gb,170.0,,,,,,Corsair,RAM,2025,,,"4,2400","2,8",16.0,13.333,,,,
thermaltake toughram rgb 16 gb,153.79,,,,,,Thermaltake,RAM,2025,,,"4,4400","2,8",19.0,8.636,,,,
kingston valueram 8 gb,26.43,,,,,,Kingston,RAM,2025,,,"4,2666","1,8",19.0,14.254,,,,
kingston fury renegade 64 gb,219.99,,,,,,Kingston,RAM,2025,,,"4,3600","2,32",18.0,10.0,,,,
corsair cmv4gx3m1a1333c9 4 gb,31.98,,,,,,Corsair,RAM,2025,,,"3,1333","1,4",9.0,13.503,,,,
g.skill f3-12800cl9d-4gbsq 4 gb,21.64,,,,,,G.Skill,RAM,2025,,,"3,1600","2,2",9.0,11.25,,,,
corsair vengeance 8 gb,40.99,,,,,,Corsair,RAM,2025,,,"3,1600","1,8",9.0,11.25,,,,
corsair xms3 4 gb,36.35,,,,,,Corsair,RAM,2025,,,"3,1600","1,4",11.0,13.75,,,,
g.skill ripjaws 32 gb,80.31,,,,,,G.Skill,RAM,2025,,,"4,2400","4,8",15.0,12.5,,,,
kingston d2g72m151 16 gb,199.59,,,,,,Kingston,RAM,2025,,,"4,2133","1,16",15.0,14.065,,,,
micron mt16ktf1g64az-1g6e1 8 gb,24.76,,,,,,Micron,RAM,2025,,,"3,1600","1,8",11.0,13.75,,,,
kingston server premier 16 gb,76.51,,,,,,Kingston,RAM,2025,,,"4,3200","1,16",22.0,13.75,,,,
teamgroup t-force xtreem argb 16 gb,279.73,,,,,,TEAMGROUP,RAM,2025,,,"4,3200","2,8",14.0,8.75,,,,
patriot signature line 4 gb,15.98,,,,,,Patriot,RAM,2025,,,"4,2666","1,4",19.0,14.254,,,,
kingston ksm48r40bd8kmm-32hmr 32 gb,200.09,,,,,,Kingston,RAM,2025,,,"5,4800","1,32",40.0,16.667,,,,
kingston fury renegade rgb 16 gb,111.76,,,,,,Kingston,RAM,2025,,,"5,7600","1,16",38.0,10.0,,,,
v-color tra548g64d832o 384 gb,3129.99,,,,,,V-Color,RAM,2025,,,"5,6400","8,48",32.0,10.0,,,,
teamgroup elite 32 gb,76.37,,,,,,TEAMGROUP,RAM,2025,,,"4,3200","1,32",22.0,13.75,,,,
crucial ct2k8g4sfs8266 16 gb,37.49,,,,,,Crucial,RAM,2025,,,"4,2666","2,8",19.0,14.254,,,,
crucial ct2k8g3s160bm 16 gb,28.45,,,,,,Crucial,RAM,2025,,,"3,1600","2,8",11.0,13.75,,,,
crucial ct2k16g4sfd8213 32 gb,70.0,,,,,,Crucial,RAM,2025,,,"4,2133","2,16",15.0,14.065,,,,
g.skill trident z neo 16 gb,324.99,,,,,,G.Skill,RAM,2025,,,"4,3600","2,8",14.0,7.778,,,,
kingston valueram 4 gb,21.0,,,,,,Kingston,RAM,2025,,,"4,3200","1,4",22.0,13.75,,,,
kingston fury beast rgb 32 gb,149.71,,,,,,Kingston,RAM,2025,,,"5,6400","1,32",32.0,10.0,,,,
kingston kvr16r11d4/8i 8 gb,11.99,,,,,,Kingston,RAM,2025,,,"3,1600","1,8",11.0,13.75,,,,
teamgroup t-force vulcan 32 gb,89.99,,,,,,TEAMGROUP,RAM,2025,,,"5,6400","2,16",40.0,12.5,,,,
corsair dominator platinum rgb 32 gb,162.99,,,,,,Corsair,RAM,2025,,,"5,6200","2,16",36.0,11.613,,,,
kingston server premier 16 gb,108.59,,,,,,Kingston,RAM,2025,,,"4,2666","1,16",19.0,14.254,,,,
adata xpg spectrix d50 32 gb,108.52,,,,,,ADATA,RAM,2025,,,"4,3600","1,32",18.0,10.0,,,,
kingston fury renegade pro 16 gb,129.96,,,,,,Kingston,RAM,2025,,,"5,6400","1,16",32.0,10.0,,,,
kingston valueram 16 gb,58.78,,,,,,Kingston,RAM,2025,,,"4,2400","1,16",17.0,14.167,,,,
corsair vengeance lpx 16 gb,123.5,,,,,,Corsair,RAM,2025,,,"4,3000","4,4",16.0,10.667,,,,
g.skill trident z 16 gb,109.0,,,,,,G.Skill,RAM,2025,,,"4,3200","2,8",15.0,9.375,,,,
g.skill trident z neo 32 gb,299.0,,,,,,G.Skill,RAM,2025,,,"4,3200","4,8",14.0,8.75,,,,
g.skill trident z5 rgb 32 gb,204.68,,,,,,G.Skill,RAM,2025,,,"5,5600","2,16",36.0,12.857,,,,
corsair vengeance rgb pro sl 64 gb,280.99,,,,,,Corsair,RAM,2025,,,"4,3200","4,16",16.0,10.0,,,,
patriot signature line 16 gb,39.99,,,,,,Patriot,RAM,2025,,,"4,2666","1,16",19.0,14.254,,,,
timetec pinnacle konduit 32 gb,69.99,,,,,,Timetec,RAM,2025,,,"4,3200","1,32",16.0,10.0,,,,
g.skill ripjaws 4 gb,25.09,,,,,,G.Skill,RAM,2025,,,"3,1600","2,2",9.0,11.25,,,,
corsair xms 64 gb,340.84,,,,,,Corsair,RAM,2025,,,"3,1333","8,8",9.0,13.503,,,,
kingston kvr13n9k2/16 16 gb,99.5,,,,,,Kingston,RAM,2025,,,"3,1333","2,8",9.0,13.503,,,,
g.skill ripjaws x 4 gb,17.78,,,,,,G.Skill,RAM,2025,,,"3,1600","1,4",9.0,11.25,,,,
kingston kcp421ns8/8 8 gb,39.85,,,,,,Kingston,RAM,2025,,,"4,2133","1,8",15.0,14.065,,,,
g.skill trident z 64 gb,877.11,,,,,,G.Skill,RAM,2025,,,"4,3200","8,8",16.0,10.0,,,,
g.skill trident z 16 gb,56.52,,,,,,G.Skill,RAM,2025,,,"4,3200","2,8",16.0,10.0,,,,
crucial ct16g4xfd8266 16 gb,69.89,,,,,,Crucial,RAM,2025,,,"4,2666","1,16",19.0,14.254,,,,
kingston server premier 32 gb,166.99,,,,,,Kingston,RAM,2025,,,"4,3200","1,32",22.0,13.75,,,,
mushkin proline 32 gb,164.39,,,,,,Mushkin,RAM,2025,,,"4,3200","1,32",22.0,13.75,,,,
g.skill f4-3600c17q2-128gtzsw 128 gb,496.64,,,,,,G.Skill,RAM,2025,,,"4,3600","8,16",17.0,9.444,,,,
thermaltake toughram xg rgb 32 gb,299.99,,,,,,Thermaltake,RAM,2025,,,"4,3600","2,16",18.0,10.0,,,,
thermaltake toughram xg rgb 32 gb,304.98,,,,,,Thermaltake,RAM,2025,,,"4,3600","2,16",18.0,10.0,,,,
kingston fury renegade 32 gb,140.65,,,,,,Kingston,RAM,2025,,,"5,6400","1,32",32.0,10.0,,,,
teamgroup t-force vulcan 32 gb,87.99,,,,,,TEAMGROUP,RAM,2025,,,"5,5600","2,16",36.0,12.857,,,,
crucial ct8g56c46s5 8 gb,25.98,,,,,,Crucial,RAM,2025,,,"5,5600","1,8",46.0,16.429,,,,
g.skill ripjaws 16 gb,39.99,,,,,,G.Skill,RAM,2025,,,"4,2666","2,8",19.0,14.254,,,,
kingston fury beast rgb 32 gb,129.58,,,,,,Kingston,RAM,2025,,,"5,6000","1,32",30.0,10.0,,,,
teamgroup elite 16 gb,45.99,,,,,,TEAMGROUP,RAM,2025,,,"4,2666","1,16",19.0,14.254,,,,
corsair valueselect 4 gb,19.86,,,,,,Corsair,RAM,2025,,,"4,2133","1,4",15.0,14.065,,,,
g.skill f4-3200c16d-32gtz 32 gb,90.33,,,,,,G.Skill,RAM,2025,,,"4,3200","2,16",16.0,10.0,,,,
silicon power sp016gblfu240x02 16 gb,36.16,,,,,,Silicon,RAM,2025,,,"4,2400","1,16",17.0,14.167,,,,
kingston fury renegade pro 64 gb,515.0,,,,,,Kingston,RAM,2025,,,"5,6000","4,16",32.0,10.667,,,,
geil evo v rgb 32 gb,220.99,,,,,,GeIL,RAM,2025,,,"5,8000","2,16",38.0,9.5,,,,
samsung m471a1k43bb1-crc 8 gb,23.0,,,,,,Samsung,RAM,2025,,,"4,2400","1,8",17.0,14.167,,,,
g.skill aegis 8 gb,35.85,,,,,,G.Skill,RAM,2025,,,"3,1600","1,8",11.0,13.75,,,,
corsair vengeance performance 16 gb,62.99,,,,,,Corsair,RAM,2025,,,"4,2400","1,16",16.0,13.333,,,,
corsair dominator platinum rog edition 32 gb,351.49,,,,,,Corsair,RAM,2025,,,"4,3200","4,8",16.0,10.0,,,,
corsair dominator platinum rgb 32 gb,174.99,,,,,,Corsair,RAM,2025,,,"4,3600","4,8",18.0,10.0,,,,
teamgroup elite plus 16 gb,45.99,,,,,,TEAMGROUP,RAM,2025,,,"5,4800","1,16",40.0,16.667,,,,
corsair cmv8gx3m2a1333c9 8 gb,39.11,,,,,,Corsair,RAM,2025,,,"3,1333","2,4",9.0,13.503,,,,
corsair cmv16gx3m2a1600c11 16 gb,79.54,,,,,,Corsair,RAM,2025,,,"3,1600","2,8",9.0,11.25,,,,
silicon power sp004gbltu160n02 4 gb,13.03,,,,,,Silicon,RAM,2025,,,"3,1600","1,4",11.0,13.75,,,,
g.skill nt 8 gb,92.4,,,,,,G.Skill,RAM,2025,,,"4,2400","1,8",15.0,12.5,,,,
corsair dominator platinum rgb 16 gb,88.75,,,,,,Corsair,RAM,2025,,,"4,3600","2,8",18.0,10.0,,,,
mushkin proline 16 gb,61.36,,,,,,Mushkin,RAM,2025,,,"4,2133","1,16",15.0,14.065,,,,
kingston ksm48r40bd4tmm-64hmr 64 gb,379.99,,,,,,Kingston,RAM,2025,,,"5,4800","1,64",40.0,16.667,,,,
kingston fury renegade 16 gb,105.98,,,,,,Kingston,RAM,2025,,,"5,7600","1,16",38.0,10.0,,,,
kingston fury renegade 32 gb,189.99,,,,,,Kingston,RAM,2025,,,"5,7200","2,16",38.0,10.556,,,,
kingston fury renegade pro 256 gb,1568.0,,,,,,Kingston,RAM,2025,,,"5,5600","8,32",28.0,10.0,,,,
kingston fury beast rgb 16 gb,112.85,,,,,,Kingston,RAM,2025,,,"5,6400","1,16",32.0,10.0,,,,
kingston valueram 2 gb,38.82,,,,,,Kingston,RAM,2025,,,"2,667","2,1",5.0,14.993,,,,
patriot viper xtreme 6 gb,85.91,,,,,,Patriot,RAM,2025,,,"3,2000","3,2",9.0,9.0,,,,
g.skill ripjaws x 8 gb,45.35,,,,,,G.Skill,RAM,2025,,,"3,1866","2,4",9.0,9.646,,,,
crucial ct2k4g4dfs8213 8 gb,69.98,,,,,,Crucial,RAM,2025,,,"4,2133","2,4",15.0,14.065,,,,
kingston kvr16n11s8k2/8 8 gb,35.0,,,,,,Kingston,RAM,2025,,,"3,1600","2,4",11.0,13.75,,,,
kingston savage 16 gb,389.0,,,,,,Kingston,RAM,2025,,,"4,3000","2,8",15.0,10.0,,,,
corsair vengeance led 64 gb,499.61,,,,,,Corsair,RAM,2025,,,"4,2666","4,16",16.0,12.003,,,,
patriot signature line 8 gb,26.99,,,,,,Patriot,RAM,2025,,,"4,2400","1,8",17.0,14.167,,,,
crucial ct2k8g4rfs424a 16 gb,119.99,,,,,,Crucial,RAM,2025,,,"4,2400","2,8",17.0,14.167,,,,
g.skill trident z royal 16 gb,279.0,,,,,,G.Skill,RAM,2025,,,"4,4400","2,8",18.0,8.182,,,,
g.skill trident z royal 64 gb,259.1,,,,,,G.Skill,RAM,2025,,,"4,4000","2,32",18.0,9.0,,,,
kingston fury beast 32 gb,212.49,,,,,,Kingston,RAM,2025,,,"5,4800","1,32",38.0,15.833,,,,
kingston fury renegade rgb 8 gb,62.99,,,,,,Kingston,RAM,2025,,,"4,3600","1,8",16.0,8.889,,,,
kingston valueram 8 gb,35.15,,,,,,Kingston,RAM,2025,,,"4,2666","1,8",19.0,14.254,,,,
kingston fury impact 16 gb,72.73,,,,,,Kingston,RAM,2025,,,"5,4800","2,8",38.0,15.833,,,,
kingston fury renegade pro 256 gb,1425.0,,,,,,Kingston,RAM,2025,,,"5,4800","8,32",36.0,15.0,,,,
g.skill ripjaws 32 gb,76.98,,,,,,G.Skill,RAM,2025,,,"4,2400","2,16",16.0,13.333,,,,
crucial ct16g4sfd824a 16 gb,33.97,,,,,,Crucial,RAM,2025,,,"4,2400","1,16",17.0,14.167,,,,
corsair vengeance performance 16 gb,66.98,,,,,,Corsair,RAM,2025,,,"4,2400","2,8",16.0,13.333,,,,
hp 647901-b21 16 gb,28.0,,,,,,HP,RAM,2025,,,"3,1333","1,16",9.0,13.503,,,,
crucial ct16g4sfd8266 16 gb,35.49,,,,,,Crucial,RAM,2025,,,"4,2666","1,16",19.0,14.254,,,,
patriot signature line 4 gb,16.75,,,,,,Patriot,RAM,2025,,,"3,1600","1,4",11.0,13.75,,,,
g.skill ripjaws v 16 gb,129.0,,,,,,G.Skill,RAM,2025,,,"4,3200","2,8",16.0,10.0,,,,
corsair dominator platinum rgb 32 gb,157.71,,,,,,Corsair,RAM,2025,,,"4,4000","2,16",18.0,9.0,,,,
mushkin proline 16 gb,47.52,,,,,,Mushkin,RAM,2025,,,"4,2666","1,16",19.0,14.254,,,,
kingston fury renegade pro 128 gb,745.0,,,,,,Kingston,RAM,2025,,,"5,5600","4,32",36.0,12.857,,,,
g.skill sniper x 32 gb,105.75,,,,,,G.Skill,RAM,2025,,,"4,3200","2,16",16.0,10.0,,,,
g.skill trident z5 rgb 32 gb,229.21,,,,,,G.Skill,RAM,2025,,,"5,6000","2,16",32.0,10.667,,,,
ocz fatal1ty edition 4 gb,119.96,,,,,,OCZ,RAM,2025,,,"2,800","2,2",5.0,12.5,,,,
g.skill ares 8 gb,59.99,,,,,,G.Skill,RAM,2025,,,"3,1600","2,4",9.0,11.25,,,,
crucial ct16g4rfd8266 16 gb,41.95,,,,,,Crucial,RAM,2025,,,"4,2666","1,16",19.0,14.254,,,,
kingston fury renegade pro 64 gb,440.0,,,,,,Kingston,RAM,2025,,,"5,5600","4,16",28.0,10.0,,,,
kingston valueram 48 gb,74.98,,,,,,Kingston,RAM,2025,,,"3,1600","3,16",11.0,13.75,,,,
samsung m393b5170fh0-ch9 4 gb,11.77,,,,,,Samsung,RAM,2025,,,"3,1333","1,4",9.0,13.503,,,,
g.skill trident z rgb 128 gb,458.83,,,,,,G.Skill,RAM,2025,,,"4,3600","4,32",16.0,8.889,,,,
kingston hyperx 8 gb,124.52,,,,,,Kingston,RAM,2025,,,"3,1600","2,4",9.0,11.25,,,,
g.skill ares 16 gb,64.84,,,,,,G.Skill,RAM,2025,,,"3,1600","4,4",9.0,11.25,,,,
g.skill ares 16 gb,53.22,,,,,,G.Skill,RAM,2025,,,"3,1600","2,8",9.0,11.25,,,,
kingston kvr21n15d8/8 8 gb,50.0,,,,,,Kingston,RAM,2025,,,"4,2133","1,8",15.0,14.065,,,,
patriot viper 4 16 gb,82.49,,,,,,Patriot,RAM,2025,,,"4,2400","2,8",15.0,12.5,,,,
pny xlr8 gaming epic-x rgb 16 gb,85.99,,,,,,PNY,RAM,2025,,,"4,4000","2,8",18.0,9.0,,,,
pny xlr8 gaming epic-x rgb 32 gb,139.99,,,,,,PNY,RAM,2025,,,"4,3200","2,16",16.0,10.0,,,,
corsair dominator platinum rgb 64 gb,229.99,,,,,,Corsair,RAM,2025,,,"5,5600","2,32",40.0,14.286,,,,
kingston fury impact 8 gb,42.74,,,,,,Kingston,RAM,2025,,,"4,3200","1,8",20.0,12.5,,,,
kingston fury renegade 32 gb,203.47,,,,,,Kingston,RAM,2025,,,"5,7600","2,16",38.0,10.0,,,,
g.skill ares 16 gb,99.02,,,,,,G.Skill,RAM,2025,,,"3,2133","2,8",10.0,9.376,,,,
transcend jetram 8 gb,46.1,,,,,,Transcend,RAM,2025,,,"3,1600","1,8",11.0,13.75,,,,
silicon power sp008gbltu160n02 8 gb,19.8,,,,,,Silicon,RAM,2025,,,"3,1600","1,8",11.0,13.75,,,,
mushkin essentials 8 gb,28.43,,,,,,Mushkin,RAM,2025,,,"4,2133","2,4",15.0,14.065,,,,
kingston valueram 4 gb,29.99,,,,,,Kingston,RAM,2025,,,"4,2133","1,4",15.0,14.065,,,,
kingston kcp316nd8/8 8 gb,19.98,,,,,,Kingston,RAM,2025,,,"3,1600","1,8",11.0,13.75,,,,
crucial ct4k16g4dfd8266 64 gb,263.55,,,,,,Crucial,RAM,2025,,,"4,2666","4,16",19.0,14.254,,,,
corsair vengeance rgb 16 gb,136.25,,,,,,Corsair,RAM,2025,,,"4,3200","2,8",16.0,10.0,,,,
samsung m393a1g40eb1-crc 8 gb,17.62,,,,,,Samsung,RAM,2025,,,"4,2400","1,8",17.0,14.167,,,,
crucial ct16g4wfd8266 16 gb,87.77,,,,,,Crucial,RAM,2025,,,"4,2666","1,16",19.0,14.254,,,,
crucial ballistix sport at 16 gb,89.99,,,,,,Crucial,RAM,2025,,,"4,2666","1,16",16.0,12.003,,,,
crucial ct4k8g4dfd824a 32 gb,128.88,,,,,,Crucial,RAM,2025,,,"4,2400","4,8",17.0,14.167,,,,
kingston fury renegade rgb 32 gb,108.99,,,,,,Kingston,RAM,2025,,,"4,3200","1,32",16.0,10.0,,,,
kingston fury renegade 8 gb,117.59,,,,,,Kingston,RAM,2025,,,"4,3600","1,8",16.0,8.889,,,,
patriot viper elite ii 8 gb,28.94,,,,,,Patriot,RAM,2025,,,"4,2666","1,8",16.0,12.003,,,,
patriot viper elite ii 8 gb,32.94,,,,,,Patriot,RAM,2025,,,"4,4000","1,8",20.0,10.0,,,,
g.skill ripjaws v 256 gb,768.19,,,,,,G.Skill,RAM,2025,,,"4,2666","8,32",19.0,14.254,,,,
corsair vengeance rgb pro sl 16 gb,97.99,,,,,,Corsair,RAM,2025,,,"4,4000","2,8",18.0,9.0,,,,
kingston fury renegade 16 gb,80.18,,,,,,Kingston,RAM,2025,,,"5,7200","1,16",38.0,10.556,,,,
kingston fury renegade 16 gb,77.27,,,,,,Kingston,RAM,2025,,,"5,6800","1,16",36.0,10.588,,,,
kingston fury 16 gb,114.55,,,,,,Kingston,RAM,2025,,,"5,5600","1,16",40.0,14.286,,,,
g.skill ripjaws s5 48 gb,223.68,,,,,,G.Skill,RAM,2025,,,"5,5600","2,24",40.0,14.286,,,,
mushkin essentials 64 gb,287.68,,,,,,Mushkin,RAM,2025,,,"4,3200","2,32",22.0,13.75,,,,
crucial ct8g4sfs8266 8 gb,19.89,,,,,,Crucial,RAM,2025,,,"4,2666","1,8",19.0,14.254,,,,
crucial ct2k32g4sfd8266 64 gb,216.38,,,,,,Crucial,RAM,2025,,,"4,2666","2,32",19.0,14.254,,,,
lexar ld4as016g-b3200gsst 16 gb,82.28,,,,,,Lexar,RAM,2025,,,"4,3200","1,16",22.0,13.75,,,,
crucial ct32g4rfd4213 32 gb,58.98,,,,,,Crucial,RAM,2025,,,"4,2133","1,32",15.0,14.065,,,,
mushkin redline 96 gb,224.99,,,,,,Mushkin,RAM,2025,,,"5,4800","2,48",40.0,16.667,,,,
crucial ct2k8g4dfd824a 16 gb,39.0,,,,,,Crucial,RAM,2025,,,"4,2400","2,8",17.0,14.167,,,,
kingston fury renegade pro 64 gb,435.0,,,,,,Kingston,RAM,2025,,,"5,4800","4,16",36.0,15.0,,,,
g.skill ares 32 gb,126.75,,,,,,G.Skill,RAM,2025,,,"3,2133","4,8",11.0,10.314,,,,
corsair valueselect 8 gb,36.67,,,,,,Corsair,RAM,2025,,,"4,2133","1,8",15.0,14.065,,,,
kingston fury renegade rgb 32 gb,115.93,,,,,,Kingston,RAM,2025,,,"4,3600","1,32",18.0,10.0,,,,
mushkin proline 8 gb,30.05,,,,,,Mushkin,RAM,2025,,,"4,2400","1,8",17.0,14.167,,,,
ibm 00d4968 16 gb,74.98,,,,,,IBM,RAM,2025,,,"3,1600","1,16",11.0,13.75,,,,
lexar hades rgb 16 gb,69.98,,,,,,Lexar,RAM,2025,,,"4,3600","2,8",18.0,10.0,,,,
patriot signature line 4 gb,12.99,,,,,,Patriot,RAM,2025,,,"4,2400","1,4",19.0,15.833,,,,
kingston fury renegade 16 gb,85.99,,,,,,Kingston,RAM,2025,,,"5,6400","1,16",32.0,10.0,,,,
corsair vengeance 4 gb,35.98,,,,,,Corsair,RAM,2025,,,"3,1600","1,4",9.0,11.25,,,,
mushkin essentials 8 gb,24.47,,,,,,Mushkin,RAM,2025,,,"3,1600","2,4",11.0,13.75,,,,
g.skill ares 16 gb,42.77,,,,,,G.Skill,RAM,2025,,,"3,1600","2,8",10.0,12.5,,,,
g.skill trident x 8 gb,59.58,,,,,,G.Skill,RAM,2025,,,"3,2400","2,4",10.0,8.333,,,,
kingston kvr16ls11/8 8 gb,23.63,,,,,,Kingston,RAM,2025,,,"3,1600","1,8",11.0,13.75,,,,
g.skill aegis 32 gb,111.01,,,,,,G.Skill,RAM,2025,,,"4,2133","4,8",15.0,14.065,,,,
crucial ct4k8g4dfs8213 32 gb,159.0,,,,,,Crucial,RAM,2025,,,"4,2133","4,8",15.0,14.065,,,,
thermaltake toughram xg rgb 16 gb,154.98,,,,,,Thermaltake,RAM,2025,,,"4,3600","2,8",18.0,10.0,,,,
kingston fury renegade 32 gb,259.98,,,,,,Kingston,RAM,2025,,,"5,6000","2,16",32.0,10.667,,,,
crucial ct2k32g4dfd8266 64 gb,179.0,,,,,,Crucial,RAM,2025,,,"4,2666","2,32",19.0,14.254,,,,
kingston fury renegade pro 32 gb,203.9,,,,,,Kingston,RAM,2025,,,"5,6000","1,32",32.0,10.667,,,,
kingston fury renegade pro 32 gb,241.55,,,,,,Kingston,RAM,2025,,,"5,6400","1,32",32.0,10.0,,,,
kingston fury renegade pro 64 gb,408.95,,,,,,Kingston,RAM,2025,,,"5,5600","4,16",36.0,12.857,,,,
teamgroup t-force vulcan 64 gb,169.99,,,,,,TEAMGROUP,RAM,2025,,,"5,5600","2,32",38.0,13.571,,,,
kingston valueram 2 gb,19.25,,,,,,Kingston,RAM,2025,,,"2,800","1,2",5.0,12.5,,,,
kingston hyperx 16 gb,276.89,,,,,,Kingston,RAM,2025,,,"3,1600","4,4",9.0,11.25,,,,
patriot viper xtreme 4 gb,66.98,,,,,,Patriot,RAM,2025,,,"3,2000","2,2",9.0,9.0,,,,
kingston kvr1333d3n9k2/8g 8 gb,49.5,,,,,,Kingston,RAM,2025,,,"3,1333","2,4",9.0,13.503,,,,
kingston kvr1333d3s8n9/2g 2 gb,24.42,,,,,,Kingston,RAM,2025,,,"3,1333","1,2",9.0,13.503,,,,
g.skill ripjaws z 32 gb,129.57,,,,,,G.Skill,RAM,2025,,,"3,1600","8,4",9.0,11.25,,,,
g.skill ares 8 gb,35.17,,,,,,G.Skill,RAM,2025,,,"3,1600","2,4",9.0,11.25,,,,
g.skill ripjaws x 8 gb,107.0,,,,,,G.Skill,RAM,2025,,,"3,2400","2,4",11.0,9.167,,,,
visiontek adrenaline 4 gb,131.99,,,,,,VisionTek,RAM,2025,,,"2,800","1,4",6.0,15.0,,,,
g.skill aegis 16 gb,69.0,,,,,,G.Skill,RAM,2025,,,"3,1333","2,8",9.0,13.503,,,,
kingston kvr16n11s6/2 2 gb,96.26,,,,,,Kingston,RAM,2025,,,"3,1600","1,2",11.0,13.75,,,,
mushkin essentials 32 gb,128.38,,,,,,Mushkin,RAM,2025,,,"4,2133","2,16",15.0,14.065,,,,
g.skill nt 16 gb,77.95,,,,,,G.Skill,RAM,2025,,,"4,2400","2,8",17.0,14.167,,,,
crucial ct8g4wfs824a 8 gb,106.42,,,,,,Crucial,RAM,2025,,,"4,2400","1,8",17.0,14.167,,,,
crucial ct16g4tfd8266 16 gb,89.99,,,,,,Crucial,RAM,2025,,,"4,2666","1,16",19.0,14.254,,,,
mushkin silverline 32 gb,113.99,,,,,,Mushkin,RAM,2025,,,"4,3200","1,32",22.0,13.75,,,,
thermaltake toughram xg rgb 64 gb,544.98,,,,,,Thermaltake,RAM,2025,,,"4,3600","2,32",18.0,10.0,,,,
corsair ws 64 gb,503.99,,,,,,Corsair,RAM,2025,,,"5,5600","4,16",40.0,14.286,,,,
kingston fury renegade pro 256 gb,1504.0,,,,,,Kingston,RAM,2025,,,"5,5600","8,32",36.0,12.857,,,,
teamgroup xtreem argb 32 gb,119.99,,,,,,TEAMGROUP,RAM,2025,,,"5,6400","2,16",32.0,10.0,,,,
kingston fury 32 gb,102.18,,,,,,Kingston,RAM,2025,,,"5,5200","1,32",40.0,15.385,,,,
kingston valueram 16 gb,73.68,,,,,,Kingston,RAM,2025,,,"4,3200","1,16",22.0,13.75,,,,
g.skill ripjaws 16 gb,42.2,,,,,,G.Skill,RAM,2025,,,"4,2400","2,8",16.0,13.333,,,,
mushkin redline 16 gb,36.76,,,,,,Mushkin,RAM,2025,,,"4,3200","2,8",22.0,13.75,,,,
crucial ct16g4rfd424a 16 gb,38.99,,,,,,Crucial,RAM,2025,,,"4,2400","1,16",17.0,14.167,,,,
patriot viper steel 16 gb,38.99,,,,,,Patriot,RAM,2025,,,"4,2400","1,16",18.0,15.0,,,,
kingston fury impact 32 gb,202.33,,,,,,Kingston,RAM,2025,,,"4,2666","1,32",16.0,12.003,,,,
teamgroup t-create master 64 gb,450.99,,,,,,TEAMGROUP,RAM,2025,,,"5,6400","4,16",32.0,10.0,,,,
g.skill ares 8 gb,39.29,,,,,,G.Skill,RAM,2025,,,"3,2400","2,4",11.0,9.167,,,,
g.skill ripjaws z 16 gb,73.22,,,,,,G.Skill,RAM,2025,,,"3,2133","4,4",10.0,9.376,,,,
g.skill aegis 16 gb,68.39,,,,,,G.Skill,RAM,2025,,,"4,2133","4,4",15.0,14.065,,,,
visiontek 900848 16 gb,155.04,,,,,,VisionTek,RAM,2025,,,"3,1600","1,16",11.0,13.75,,,,
mushkin redline 16 gb,57.65,,,,,,Mushkin,RAM,2025,,,"4,3600","2,8",16.0,8.889,,,,
mushkin redline lumina 16 gb,70.98,,,,,,Mushkin,RAM,2025,,,"4,2666","2,8",16.0,12.003,,,,
kingston valueram 1 gb,30.36,,,,,,Kingston,RAM,2025,,,"2,800","1,1",5.0,12.5,,,,
g.skill ripjaws x 16 gb,122.02,,,,,,G.Skill,RAM,2025,,,"3,1866","4,4",9.0,9.646,,,,
crucial ct32g3elsdq4186d 32 gb,58.99,,,,,,Crucial,RAM,2025,,,"3,1866","1,32",11.0,11.79,,,,
kingston kvr16e11s8/4 4 gb,28.91,,,,,,Kingston,RAM,2025,,,"3,1600","1,4",11.0,13.75,,,,
corsair vengeance performance 8 gb,33.99,,,,,,Corsair,RAM,2025,,,"4,2400","1,8",16.0,13.333,,,,
g.skill trident z 16 gb,149.0,,,,,,G.Skill,RAM,2025,,,"4,4266","2,8",19.0,8.908,,,,
g.skill trident z royal 64 gb,249.0,,,,,,G.Skill,RAM,2025,,,"4,2666","2,32",18.0,13.503,,,,
g.skill ripjaws v 64 gb,569.0,,,,,,G.Skill,RAM,2025,,,"4,4000","8,8",15.0,7.5,,,,
v-color tra548g64d832q 192 gb,1299.99,,,,,,V-Color,RAM,2025,,,"5,6400","4,48",32.0,10.0,,,,
g.skill zeta r5 neo 64 gb,763.39,,,,,,G.Skill,RAM,2025,,,"5,6000","4,16",30.0,10.0,,,,
corsair xms2 4 gb,105.0,,,,,,Corsair,RAM,2025,,,"2,800","2,2",5.0,12.5,,,,
corsair xms2 2 gb,29.95,,,,,,Corsair,RAM,2025,,,"2,800","2,1",5.0,12.5,,,,
crucial ct25664ba1067 2 gb,19.98,,,,,,Crucial,RAM,2025,,,"3,1066","1,2",7.0,13.133,,,,
patriot extreme performance 4 gb,93.17,,,,,,Patriot,RAM,2025,,,"2,800","2,2",5.0,12.5,,,,
"patriot viper xtreme series, division 2 4 gb",52.32,,,,,,Patriot,RAM,2025,,,"3,1600","2,2",8.0,10.0,,,,
kingston kvr1333d3n9k3/12g 12 gb,89.99,,,,,,Kingston,RAM,2025,,,"3,1333","3,4",9.0,13.503,,,,
patriot signature 4 gb,88.4,,,,,,Patriot,RAM,2025,,,"3,1333","1,4",9.0,13.503,,,,
kingston value 1 gb,22.99,,,,,,Kingston,RAM,2025,,,"2,400","1,1",3.0,15.0,,,,
g.skill ripjaws z 32 gb,196.01,,,,,,G.Skill,RAM,2025,,,"3,2133","8,4",9.0,8.439,,,,
mushkin essentials 4 gb,26.54,,,,,,Mushkin,RAM,2025,,,"3,1600","2,2",11.0,13.75,,,,
kingston khx1600c9d3lk2/8gx 8 gb,49.99,,,,,,Kingston,RAM,2025,,,"3,1600","2,4",9.0,11.25,,,,
g.skill ripjaws x 8 gb,27.38,,,,,,G.Skill,RAM,2025,,,"3,1600","1,8",9.0,11.25,,,,
"patriot viper xtreme series, division 4 16 gb",220.0,,,,,,Patriot,RAM,2025,,,"3,2133","4,4",11.0,10.314,,,,
g.skill ns 4 gb,19.39,,,,,,G.Skill,RAM,2025,,,"3,1333","1,4",9.0,13.503,,,,
g.skill aegis 4gb 4 gb,20.42,,,,,,G.Skill,RAM,2025,,,"3,1600","1,4",11.0,13.75,,,,
crucial ct2k2g3s1067m 4 gb,35.99,,,,,,Crucial,RAM,2025,,,"3,1066","2,2",7.0,13.133,,,,
g.skill value 16 gb,68.22,,,,,,G.Skill,RAM,2025,,,"4,2133","4,4",15.0,14.065,,,,
crucial ct4g4rfs8213 4 gb,49.99,,,,,,Crucial,RAM,2025,,,"4,2133","1,4",15.0,14.065,,,,
kingston kvr1333d3n9k4/32g 32 gb,147.1,,,,,,Kingston,RAM,2025,,,"3,1333","4,8",9.0,13.503,,,,
crucial ct2k102464bf186d 16 gb,28.68,,,,,,Crucial,RAM,2025,,,"3,1866","2,8",13.0,13.934,,,,
kingston kcp313ns8/4 4 gb,29.67,,,,,,Kingston,RAM,2025,,,"3,1333","1,4",9.0,13.503,,,,
g.skill trident z rgb 32 gb,349.0,,,,,,G.Skill,RAM,2025,,,"4,4000","4,8",17.0,8.5,,,,
g.skill trident z royal 16 gb,209.0,,,,,,G.Skill,RAM,2025,,,"4,3600","2,8",16.0,8.889,,,,
g.skill trident z 16 gb,149.0,,,,,,G.Skill,RAM,2025,,,"4,4133","2,8",19.0,9.194,,,,
mushkin redline 16 gb,71.78,,,,,,Mushkin,RAM,2025,,,"4,3200","2,8",16.0,10.0,,,,
antec katana rgb 16 gb,100.07,,,,,,Antec,RAM,2025,,,"4,3200","2,8",16.0,10.0,,,,
teamgroup t-force xtreem argb 16 gb,98.12,,,,,,TEAMGROUP,RAM,2025,,,"4,3200","2,8",16.0,10.0,,,,
kingston valueram 16 gb,69.95,,,,,,Kingston,RAM,2025,,,"5,4800","2,8",40.0,16.667,,,,
mushkin redline lumina 32 gb,150.68,,,,,,Mushkin,RAM,2025,,,"4,3600","2,16",18.0,10.0,,,,
mushkin redline lumina 16 gb,57.37,,,,,,Mushkin,RAM,2025,,,"4,3600","2,8",18.0,10.0,,,,
g.skill trident z rgb 64 gb,679.0,,,,,,G.Skill,RAM,2025,,,"4,3600","8,8",16.0,8.889,,,,
g.skill f4-3600c16q2-64gtzkk 64 gb,425.81,,,,,,G.Skill,RAM,2025,,,"4,3600","8,8",16.0,8.889,,,,
thermaltake toughram xg rgb 16 gb,174.98,,,,,,Thermaltake,RAM,2025,,,"4,4000","2,8",19.0,9.5,,,,
g.skill zeta r5 64 gb,621.21,,,,,,G.Skill,RAM,2025,,,"5,6400","4,16",32.0,10.0,,,,
g.skill ripjaws s5 48 gb,203.28,,,,,,G.Skill,RAM,2025,,,"5,6000","2,24",40.0,13.333,,,,
samsung m393b1g70bh0-ck0 8 gb,25.99,,,,,,Samsung,RAM,2025,,,"3,1600","1,8",11.0,13.75,,,,
silicon power sp064gblvu560fd2ad 64 gb,187.23,,,,,,Silicon,RAM,2025,,,"5,5600","2,32",46.0,16.429,,,,
v-color tra548g68d834q 192 gb,1669.99,,,,,,V-Color,RAM,2025,,,"5,6800","4,48",34.0,10.0,,,,
kingston fury renegade 16 gb,105.98,,,,,,Kingston,RAM,2025,,,"5,7600","1,16",38.0,10.0,,,,
corsair ws 128 gb,942.99,,,,,,Corsair,RAM,2025,,,"5,5600","4,32",40.0,14.286,,,,
corsair ws 256 gb,1788.99,,,,,,Corsair,RAM,2025,,,"5,5600","8,32",40.0,14.286,,,,
kingston fury renegade pro 128 gb,1035.0,,,,,,Kingston,RAM,2025,,,"5,6400","4,32",32.0,10.0,,,,
kingston fury renegade pro 128 gb,1478.4,,,,,,Kingston,RAM,2025,,,"5,5600","8,16",28.0,10.0,,,,
kingston fury renegade pro 256 gb,1843.0,,,,,,Kingston,RAM,2025,,,"5,6400","8,32",32.0,10.0,,,,
mushkin redline 64 gb,245.12,,,,,,Mushkin,RAM,2025,,,"4,3200","2,32",22.0,13.75,,,,
kingston fury impact 32 gb,70.0,,,,,,Kingston,RAM,2025,,,"4,3200","1,32",20.0,12.5,,,,
kingston valueram 32 gb,129.44,,,,,,Kingston,RAM,2025,,,"4,3200","1,32",22.0,13.75,,,,
crucial ct2k16g4sfd8266 32 gb,85.0,,,,,,Crucial,RAM,2025,,,"4,2666","2,16",19.0,14.254,,,,
corsair valueselect 16 gb,68.98,,,,,,Corsair,RAM,2025,,,"4,2133","2,8",15.0,14.065,,,,
mushkin redline 96 gb,239.99,,,,,,Mushkin,RAM,2025,,,"5,5600","2,48",46.0,16.429,,,,
kingston fury impact 8 gb,37.99,,,,,,Kingston,RAM,2025,,,"5,4800","1,8",38.0,15.833,,,,
kingston fury impact 16 gb,54.23,,,,,,Kingston,RAM,2025,,,"5,4800","1,16",38.0,15.833,,,,
samsung m393b2g70db0-cma 16 gb,33.79,,,,,,Samsung,RAM,2025,,,"3,1866","1,16",13.0,13.934,,,,
mushkin redline 16 gb,37.99,,,,,,Mushkin,RAM,2025,,,"4,2666","2,8",16.0,12.003,,,,
corsair vengeance 16 gb,88.99,,,,,,Corsair,RAM,2025,,,"3,1600","2,8",9.0,11.25,,,,
crucial ct2kit102464bf160b 16 gb,25.0,,,,,,Crucial,RAM,2025,,,"3,1600","2,8",11.0,13.75,,,,
g.skill ripjaws 32 gb,79.99,,,,,,G.Skill,RAM,2025,,,"5,4800","2,16",40.0,16.667,,,,
mushkin mes4s213ff8g18 8 gb,19.61,,,,,,Mushkin,RAM,2025,,,"4,2133","1,8",15.0,14.065,,,,
corsair vengeance performance 8 gb,43.98,,,,,,Corsair,RAM,2025,,,"4,2666","1,8",18.0,13.503,,,,
g.skill ripjaws v 16 gb,164.95,,,,,,G.Skill,RAM,2025,,,"4,2666","2,8",15.0,11.253,,,,
kingston kcp424sd8/16 16 gb,41.99,,,,,,Kingston,RAM,2025,,,"4,2400","1,16",17.0,14.167,,,,
kingston valueram 16 gb,58.78,,,,,,Kingston,RAM,2025,,,"4,2400","1,16",17.0,14.167,,,,
g.skill trident z neo 32 gb,92.64,,,,,,G.Skill,RAM,2025,,,"4,3000","2,16",16.0,10.667,,,,
mushkin proline 32 gb,85.37,,,,,,Mushkin,RAM,2025,,,"4,2933","1,32",22.0,15.002,,,,
corsair xms2 2 gb,74.95,,,,,,Corsair,RAM,2025,,,"2,800","2,1",4.0,10.0,,,,
g.skill ripjaws 4 gb,17.16,,,,,,G.Skill,RAM,2025,,,"3,1333","1,4",9.0,13.503,,,,
patriot viper xtreme division 4 8 gb,150.0,,,,,,Patriot,RAM,2025,,,"3,1866","4,2",9.0,9.646,,,,
corsair vengeance 8 gb,89.26,,,,,,Corsair,RAM,2025,,,"3,2133","2,4",9.0,8.439,,,,
amd rg2133 gamer 16 gb,206.58,,,,,,AMD,RAM,2025,,,"3,2133","4,4",10.0,9.376,,,,
kingston valueram 16 gb,59.99,,,,,,Kingston,RAM,2025,,,"4,2133","1,16",15.0,14.065,,,,
kingston server premier 8 gb,69.99,,,,,,Kingston,RAM,2025,,,"4,2666","1,8",19.0,14.254,,,,
kingston server premier 8 gb,56.12,,,,,,Kingston,RAM,2025,,,"4,3200","1,8",22.0,13.75,,,,
mushkin redline 32 gb,143.66,,,,,,Mushkin,RAM,2025,,,"4,2933","2,16",17.0,11.592,,,,
mushkin redline lumina 16 gb,66.69,,,,,,Mushkin,RAM,2025,,,"4,4133","2,8",19.0,9.194,,,,
silicon power sp032gblvu560f22 32 gb,109.06,,,,,,Silicon,RAM,2025,,,"5,5600","2,16",46.0,16.429,,,,
corsair ws 64 gb,561.99,,,,,,Corsair,RAM,2025,,,"5,6400","4,16",32.0,10.0,,,,
teamgroup t-create classic 64 gb,179.99,,,,,,TEAMGROUP,RAM,2025,,,"5,5600","2,32",46.0,16.429,,,,
v-color tra532g60s432q 128 gb,863.99,,,,,,V-Color,RAM,2025,,,"5,6000","4,32",32.0,10.667,,,,
kingston fury renegade rgb 32 gb,188.91,,,,,,Kingston,RAM,2025,,,"5,6400","1,32",32.0,10.0,,,,
kingston fury renegade pro 32 gb,230.11,,,,,,Kingston,RAM,2025,,,"5,6400","1,32",32.0,10.0,,,,
kingston fury renegade pro 32 gb,284.72,,,,,,Kingston,RAM,2025,,,"5,6800","1,32",34.0,10.0,,,,
corsair xms2 2 gb,94.9,,,,,,Corsair,RAM,2025,,,"2,800","2,1",4.0,10.0,,,,
corsair xms2 4 gb,50.77,,,,,,Corsair,RAM,2025,,,"2,800","2,2",5.0,12.5,,,,
crucial ct2kit12864aa800 2 gb,24.99,,,,,,Crucial,RAM,2025,,,"2,800","2,1",6.0,15.0,,,,
kingston valueram 2 gb,17.39,,,,,,Kingston,RAM,2025,,,"2,667","1,2",5.0,14.993,,,,
g.skill ripjaws 4 gb,20.1,,,,,,G.Skill,RAM,2025,,,"3,1600","1,4",9.0,11.25,,,,
patriot viper xtreme 8 gb,95.29,,,,,,Patriot,RAM,2025,,,"3,2000","2,4",9.0,9.0,,,,
g.skill value 8 gb,20.38,,,,,,G.Skill,RAM,2025,,,"3,1333","1,8",9.0,13.503,,,,
kingston kvr16s11s8/4 4 gb,18.97,,,,,,Kingston,RAM,2025,,,"3,1600","1,4",11.0,13.75,,,,
corsair cmv8gx3m2a1600c11 8 gb,52.98,,,,,,Corsair,RAM,2025,,,"3,1600","2,4",11.0,13.75,,,,
kingston kvr13n9s8k2/8 8 gb,49.99,,,,,,Kingston,RAM,2025,,,"3,1333","2,4",9.0,13.503,,,,
g.skill ripjaws x 32 gb,252.0,,,,,,G.Skill,RAM,2025,,,"3,2400","4,8",11.0,9.167,,,,
g.skill aegis 4 gb,27.99,,,,,,G.Skill,RAM,2025,,,"3,1333","1,4",9.0,13.503,,,,
g.skill aegis 8 gb,25.18,,,,,,G.Skill,RAM,2025,,,"3,1600","2,4",11.0,13.75,,,,
corsair mac memory 4 gb,15.87,,,,,,Corsair,RAM,2025,,,"3,1333","1,4",9.0,13.503,,,,
g.skill fa-1333c9q-32gsq 32 gb,80.91,,,,,,G.Skill,RAM,2025,,,"3,1333","4,8",9.0,13.503,,,,
pny anarchy x 16 gb,128.91,,,,,,PNY,RAM,2025,,,"3,2666","2,8",12.0,9.002,,,,
patriot viper 4 8 gb,59.68,,,,,,Patriot,RAM,2025,,,"4,2800","2,4",16.0,11.429,,,,
g.skill ripjaws 4 gb,21.18,,,,,,G.Skill,RAM,2025,,,"4,2666","1,4",18.0,13.503,,,,
crucial ct102472bd160b 8 gb,42.13,,,,,,Crucial,RAM,2025,,,"3,1600","1,8",11.0,13.75,,,,
kingston valueram 4 gb,66.0,,,,,,Kingston,RAM,2025,,,"4,2400","1,4",17.0,14.167,,,,
g.skill sniper x 32 gb,101.49,,,,,,G.Skill,RAM,2025,,,"4,2400","2,16",17.0,14.167,,,,
g.skill sniper x 16 gb,393.17,,,,,,G.Skill,RAM,2025,,,"4,3400","2,8",16.0,9.412,,,,
corsair vengeance rgb pro 64 gb,398.0,,,,,,Corsair,RAM,2025,,,"4,3600","4,16",18.0,10.0,,,,
kingston ksm24rs8/8mei 8 gb,48.23,,,,,,Kingston,RAM,2025,,,"4,2400","1,8",17.0,14.167,,,,
kingston kcp426ns6/4 4 gb,21.23,,,,,,Kingston,RAM,2025,,,"4,2666","1,4",19.0,14.254,,,,
thermaltake toughram 16 gb,125.62,,,,,,Thermaltake,RAM,2025,,,"4,3600","2,8",18.0,10.0,,,,
thermaltake toughram 16 gb,199.99,,,,,,Thermaltake,RAM,2025,,,"4,4400","2,8",19.0,8.636,,,,
g.skill trident z royal 128 gb,388.05,,,,,,G.Skill,RAM,2025,,,"4,3200","4,32",16.0,10.0,,,,
kingston ksm24ed8/16me 16 gb,79.0,,,,,,Kingston,RAM,2025,,,"4,2400","1,16",17.0,14.167,,,,
g.skill trident z rgb 32 gb,249.0,,,,,,G.Skill,RAM,2025,,,"4,3733","2,16",17.0,9.108,,,,
kingston server premier 16 gb,277.77,,,,,,Kingston,RAM,2025,,,"4,2666","1,16",19.0,14.254,,,,
kingston server premier 16 gb,196.0,,,,,,Kingston,RAM,2025,,,"4,3200","1,16",22.0,13.75,,,,
g.skill ripjaws v 32 gb,210.59,,,,,,G.Skill,RAM,2025,,,"4,4000","4,8",17.0,8.5,,,,
silicon power sp016gblfu266b02 16 gb,50.05,,,,,,Silicon,RAM,2025,,,"4,2666","1,16",19.0,14.254,,,,
g.skill zeta r5 128 gb,929.99,,,,,,G.Skill,RAM,2025,,,"5,6400","8,16",32.0,10.0,,,,
g.skill zeta r5 neo 128 gb,869.99,,,,,,G.Skill,RAM,2025,,,"5,6400","4,32",32.0,10.0,,,,
kingston fury renegade pro 16 gb,159.02,,,,,,Kingston,RAM,2025,,,"5,6800","1,16",34.0,10.0,,,,
kingston fury renegade pro 16 gb,214.06,,,,,,Kingston,RAM,2025,,,"5,5600","1,16",38.0,13.571,,,,
kingston fury renegade pro 32 gb,223.73,,,,,,Kingston,RAM,2025,,,"5,6000","1,32",32.0,10.667,,,,
kingston fury renegade pro 64 gb,482.25,,,,,,Kingston,RAM,2025,,,"5,6000","4,16",32.0,10.667,,,,
kingston fury renegade pro 128 gb,1030.0,,,,,,Kingston,RAM,2025,,,"5,6400","8,16",32.0,10.0,,,,
v-color tra524g70s834o 192 gb,1909.99,,,,,,V-Color,RAM,2025,,,"5,7000","8,24",34.0,9.714,,,,
v-color tra524g56s836o 192 gb,1237.99,,,,,,V-Color,RAM,2025,,,"5,5600","8,24",36.0,12.857,,,,
mushkin essentials 16 gb,40.26,,,,,,Mushkin,RAM,2025,,,"4,2666","1,16",19.0,14.254,,,,
kingston fury beast 16 gb,133.02,,,,,,Kingston,RAM,2025,,,"5,6400","1,16",32.0,10.0,,,,
silicon power sp032gbsfu320f02 32 gb,79.98,,,,,,Silicon,RAM,2025,,,"4,3200","1,32",22.0,13.75,,,,
kingston fury impact 64 gb,185.99,,,,,,Kingston,RAM,2025,,,"5,4800","2,32",38.0,15.833,,,,
kingston valueram 8 gb,28.99,,,,,,Kingston,RAM,2025,,,"4,3200","1,8",22.0,13.75,,,,
lexar ld4as008g-b3200gsst 8 gb,60.75,,,,,,Lexar,RAM,2025,,,"4,3200","1,8",22.0,13.75,,,,
kingston server premier 16 gb,34.29,,,,,,Kingston,RAM,2025,,,"4,2666","1,16",19.0,14.254,,,,
kingston kvr26s19d8/16 16 gb,43.79,,,,,,Kingston,RAM,2025,,,"4,2666","1,16",19.0,14.254,,,,
patriot signature line 8 gb,26.99,,,,,,Patriot,RAM,2025,,,"4,2133","1,8",15.0,14.065,,,,
kingston server premier 8 gb,41.97,,,,,,Kingston,RAM,2025,,,"4,3200","1,8",22.0,13.75,,,,
kingston fury renegade pro 16 gb,116.54,,,,,,Kingston,RAM,2025,,,"5,5600","1,16",36.0,12.857,,,,
crucial ct32g4lfd424a 32 gb,71.98,,,,,,Crucial,RAM,2025,,,"4,2400","1,32",17.0,14.167,,,,
patriot viper steel rgb 32 gb,85.99,,,,,,Patriot,RAM,2025,,,"4,3200","1,32",18.0,11.25,,,,
mushkin redline 64 gb,143.53,,,,,,Mushkin,RAM,2025,,,"5,4800","2,32",40.0,16.667,,,,
crucial ct2kit51264bf160bj 8 gb,53.99,,,,,,Crucial,RAM,2025,,,"3,1600","2,4",11.0,13.75,,,,
kingston kvr400d2d4r3/4g 4 gb,28.99,,,,,,Kingston,RAM,2025,,,"2,400","1,4",3.0,15.0,,,,
patriot signature line 64 gb,255.25,,,,,,Patriot,RAM,2025,,,"4,3200","2,32",22.0,13.75,,,,
corsair dominator platinum 8 gb,152.04,,,,,,Corsair,RAM,2025,,,"3,2666","2,4",11.0,8.252,,,,
crucial ballistix sport 32 gb,164.99,,,,,,Crucial,RAM,2025,,,"3,1600","4,8",9.0,11.25,,,,
crucial ct32g4lfq4213 32 gb,82.5,,,,,,Crucial,RAM,2025,,,"4,2133","1,32",15.0,14.065,,,,
crucial ct51264bf160b 4 gb,10.99,,,,,,Crucial,RAM,2025,,,"3,1600","1,4",11.0,13.75,,,,
corsair vengeance performance 64 gb,262.18,,,,,,Corsair,RAM,2025,,,"4,2666","4,16",18.0,13.503,,,,
corsair vengeance 8 gb,35.15,,,,,,Corsair,RAM,2025,,,"4,2666","2,4",18.0,13.503,,,,
g.skill trident z rgb 32 gb,349.0,,,,,,G.Skill,RAM,2025,,,"4,4000","4,8",18.0,9.0,,,,
teamgroup elite 16 gb,45.99,,,,,,TEAMGROUP,RAM,2025,,,"4,2666","2,8",19.0,14.254,,,,
g.skill trident z 16 gb,119.0,,,,,,G.Skill,RAM,2025,,,"4,4000","2,8",18.0,9.0,,,,
g.skill trident z5 rgb 32 gb,119.99,,,,,,G.Skill,RAM,2025,,,"5,6600","2,16",34.0,10.303,,,,
mushkin silverline 16 gb,58.82,,,,,,Mushkin,RAM,2025,,,"4,2400","1,16",17.0,14.167,,,,
g.skill ripjaws 32 gb,84.99,,,,,,G.Skill,RAM,2025,,,"5,4800","2,16",38.0,15.833,,,,
kingston fury renegade 32 gb,148.77,,,,,,Kingston,RAM,2025,,,"5,6400","1,32",32.0,10.0,,,,
crucial ct2kit25664ba1339 4 gb,24.99,,,,,,Crucial,RAM,2025,,,"3,1333","2,2",9.0,13.503,,,,
kingston valueram 2 gb,16.98,,,,,,Kingston,RAM,2025,,,"3,1066","1,2",7.0,13.133,,,,
kingston valueram 1 gb,24.95,,,,,,Kingston,RAM,2025,,,"2,533","1,1",4.0,15.009,,,,
kingston valueram 1 gb,23.4,,,,,,Kingston,RAM,2025,,,"2,533","1,1",4.0,15.009,,,,
ocz value 1 gb,34.95,,,,,,OCZ,RAM,2025,,,"2,667","1,1",5.0,14.993,,,,
g.skill ripjaws 8 gb,29.06,,,,,,G.Skill,RAM,2025,,,"3,1333","2,4",9.0,13.503,,,,
crucial ct51264bd1339 4 gb,26.11,,,,,,Crucial,RAM,2025,,,"3,1333","1,4",9.0,13.503,,,,
g.skill sniper gaming 16 gb,99.66,,,,,,G.Skill,RAM,2025,,,"3,2133","4,4",9.0,8.439,,,,
corsair vengeance 4 gb,25.99,,,,,,Corsair,RAM,2025,,,"3,1600","1,4",9.0,11.25,,,,
corsair cmv8gx3m1a1333c9 8 gb,46.98,,,,,,Corsair,RAM,2025,,,"3,1333","1,8",9.0,13.503,,,,
patriot signature 8 gb,46.92,,,,,,Patriot,RAM,2025,,,"3,1333","1,8",9.0,13.503,,,,
patriot viper 3 8 gb,72.04,,,,,,Patriot,RAM,2025,,,"3,1866","2,4",9.0,9.646,,,,
corsair dominator platinum 16 gb,288.39,,,,,,Corsair,RAM,2025,,,"3,2666","4,4",11.0,8.252,,,,
kingston kvr13n9s8hk2/8 8 gb,54.16,,,,,,Kingston,RAM,2025,,,"3,1333","2,4",9.0,13.503,,,,
crucial ct51264ba1339j 4 gb,24.37,,,,,,Crucial,RAM,2025,,,"3,1333","1,4",9.0,13.503,,,,
g.skill ripjaws 4 8 gb,37.75,,,,,,G.Skill,RAM,2025,,,"4,2400","2,4",15.0,12.5,,,,
crucial ct8g3ersld4160b 8 gb,16.98,,,,,,Crucial,RAM,2025,,,"3,1600","1,8",11.0,13.75,,,,
kingston kvr16e11/8 8 gb,31.34,,,,,,Kingston,RAM,2025,,,"3,1600","1,8",11.0,13.75,,,,
mushkin essentials 8 gb,27.62,,,,,,Mushkin,RAM,2025,,,"4,2133","1,8",15.0,14.065,,,,
crucial ct2k51264bd160bj 8 gb,33.0,,,,,,Crucial,RAM,2025,,,"3,1600","2,4",11.0,13.75,,,,
g.skill trident z 32 gb,129.22,,,,,,G.Skill,RAM,2025,,,"4,3200","4,8",16.0,10.0,,,,
kingston hyperx savage 8 gb,67.61,,,,,,Kingston,RAM,2025,,,"4,2133","2,4",13.0,12.189,,,,
samsung m471b5273dh0-ch9 4 gb,25.98,,,,,,Samsung,RAM,2025,,,"3,1333","1,4",9.0,13.503,,,,
corsair valueselect 8 gb,56.32,,,,,,Corsair,RAM,2025,,,"4,2133","2,4",15.0,14.065,,,,
kingston kcp316ns8/4 4 gb,25.16,,,,,,Kingston,RAM,2025,,,"3,1600","1,4",11.0,13.75,,,,
patriot viper elite 16 gb,117.52,,,,,,Patriot,RAM,2025,,,"4,2400","2,8",16.0,13.333,,,,
patriot viper elite 16 gb,187.11,,,,,,Patriot,RAM,2025,,,"4,2666","2,8",16.0,12.003,,,,
crucial ct51272ba186dj 4 gb,39.99,,,,,,Crucial,RAM,2025,,,"3,1866","1,4",13.0,13.934,,,,
kingston ktd-pe426s8/8g 8 gb,58.85,,,,,,Kingston,RAM,2025,,,"4,2666","1,8",19.0,14.254,,,,
g.skill ripjaws v 64 gb,249.0,,,,,,G.Skill,RAM,2025,,,"4,3600","4,16",19.0,10.556,,,,
corsair vengeance lpx 32 gb,187.35,,,,,,Corsair,RAM,2025,,,"4,3333","4,8",16.0,9.601,,,,
g.skill trident z royal 16 gb,209.0,,,,,,G.Skill,RAM,2025,,,"4,4400","2,8",18.0,8.182,,,,
g.skill trident z 16 gb,189.0,,,,,,G.Skill,RAM,2025,,,"4,3466","2,8",16.0,9.233,,,,
mushkin essentials 32 gb,80.17,,,,,,Mushkin,RAM,2025,,,"4,2666","1,32",19.0,14.254,,,,
g.skill trident z5 rgb 32 gb,124.17,,,,,,G.Skill,RAM,2025,,,"5,5600","2,16",40.0,14.286,,,,
g.skill trident z5 32 gb,122.16,,,,,,G.Skill,RAM,2025,,,"5,5600","2,16",40.0,14.286,,,,
corsair dominator platinum rgb 32 gb,183.38,,,,,,Corsair,RAM,2025,,,"4,3200","4,8",16.0,10.0,,,,
kingston server premier 32 gb,149.99,,,,,,Kingston,RAM,2025,,,"4,2666","1,32",19.0,14.254,,,,
kingston valueram 16 gb,58.44,,,,,,Kingston,RAM,2025,,,"5,4800","1,16",40.0,16.667,,,,
v-color xsky rgb 32 gb,174.99,,,,,,V-Color,RAM,2025,,,"5,6200","2,16",36.0,11.613,,,,
mushkin silverline 8 gb,95.17,,,,,,Mushkin,RAM,2025,,,"4,2133","1,8",15.0,14.065,,,,
mushkin proline 16 gb,60.79,,,,,,Mushkin,RAM,2025,,,"4,2666","1,16",19.0,14.254,,,,
silicon power sp004gblfu240n02 4 gb,20.62,,,,,,Silicon,RAM,2025,,,"4,2400","1,4",17.0,14.167,,,,
silicon power sp008gblfu213b02 8 gb,32.11,,,,,,Silicon,RAM,2025,,,"4,2133","1,8",15.0,14.065,,,,
patriot signature line 8 gb,24.99,,,,,,Patriot,RAM,2025,,,"5,4800","1,8",46.0,19.167,,,,
kingston fury renegade 16 gb,99.13,,,,,,Kingston,RAM,2025,,,"5,6000","1,16",32.0,10.667,,,,
kingston ktd-pe426e/8g 8 gb,48.99,,,,,,Kingston,RAM,2025,,,"4,2666","1,8",19.0,14.254,,,,
teamgroup t-create master 128 gb,999.99,,,,,,TEAMGROUP,RAM,2025,,,"5,6400","8,16",32.0,10.0,,,,
v-color tra516g72s834q 64 gb,795.99,,,,,,V-Color,RAM,2025,,,"5,7200","4,16",34.0,9.444,,,,
v-color tra532g56s436q 128 gb,795.99,,,,,,V-Color,RAM,2025,,,"5,5600","4,32",36.0,12.857,,,,
v-color tra532g64d832q 128 gb,1055.99,,,,,,V-Color,RAM,2025,,,"5,6400","4,32",32.0,10.0,,,,
v-color tra548g56d846q 192 gb,1299.99,,,,,,V-Color,RAM,2025,,,"5,5600","4,48",46.0,16.429,,,,
kingston fury renegade pro 16 gb,215.0,,,,,,Kingston,RAM,2025,,,"5,6400","1,16",32.0,10.0,,,,
kingston fury renegade pro 64 gb,569.0,,,,,,Kingston,RAM,2025,,,"5,6400","4,16",32.0,10.0,,,,
kingston fury renegade pro 64 gb,699.0,,,,,,Kingston,RAM,2025,,,"5,6800","4,16",48.0,14.118,,,,
kingston fury renegade pro 128 gb,939.0,,,,,,Kingston,RAM,2025,,,"5,6000","8,16",32.0,10.667,,,,
corsair vengeance performance 16 gb,66.98,,,,,,Corsair,RAM,2025,,,"4,2666","2,8",18.0,13.503,,,,
crucial ct16g4rfd4266 16 gb,34.99,,,,,,Crucial,RAM,2025,,,"4,2666","1,16",19.0,14.254,,,,
mushkin mes4s266kf32gx2 64 gb,176.28,,,,,,Mushkin,RAM,2025,,,"4,2666","2,32",19.0,14.254,,,,
g.skill ripjaws 8 gb,18.98,,,,,,G.Skill,RAM,2025,,,"3,1600","1,8",9.0,11.25,,,,
crucial ct16g4rfd4213 16 gb,32.97,,,,,,Crucial,RAM,2025,,,"4,2133","1,16",15.0,14.065,,,,
kingston valueram 8 gb,32.99,,,,,,Kingston,RAM,2025,,,"4,3200","1,8",22.0,13.75,,,,
mushkin redline 64 gb,237.91,,,,,,Mushkin,RAM,2025,,,"4,2933","2,32",17.0,11.592,,,,
patriot signature 8 gb,18.98,,,,,,Patriot,RAM,2025,,,"3,1600","1,8",11.0,13.75,,,,
crucial ct204864bf160b 16 gb,138.97,,,,,,Crucial,RAM,2025,,,"3,1600","1,16",11.0,13.75,,,,
kingston kth-pl426/32g 32 gb,74.83,,,,,,Kingston,RAM,2025,,,"4,2666","1,32",19.0,14.254,,,,
silicon power sp008gbsfu240b02 8 gb,71.5,,,,,,Silicon,RAM,2025,,,"4,2400","1,8",17.0,14.167,,,,
crucial ct4g3s1339m 4 gb,18.95,,,,,,Crucial,RAM,2025,,,"3,1333","1,4",9.0,13.503,,,,
g.skill ripjaws 4 gb,17.8,,,,,,G.Skill,RAM,2025,,,"4,2133","1,4",15.0,14.065,,,,
crucial ct16g3ervld4160b 16 gb,38.99,,,,,,Crucial,RAM,2025,,,"3,1333","1,16",11.0,16.504,,,,
samsung m393a1g40eb1-cpb 8 gb,25.44,,,,,,Samsung,RAM,2025,,,"4,2133","1,8",15.0,14.065,,,,
kingston server premier 32 gb,99.0,,,,,,Kingston,RAM,2025,,,"4,2666","1,32",19.0,14.254,,,,
g.skill f3-12800cl9d-8gbsq 8 gb,24.27,,,,,,G.Skill,RAM,2025,,,"3,1600","2,4",9.0,11.25,,,,
g.skill f3-12800cl11d-8gbsq 8 gb,23.47,,,,,,G.Skill,RAM,2025,,,"3,1600","2,4",11.0,13.75,,,,
corsair cmso16gx3m2a1333c9 16 gb,84.98,,,,,,Corsair,RAM,2025,,,"3,1333","2,8",9.0,13.503,,,,
mushkin essentials 8 gb,21.41,,,,,,Mushkin,RAM,2025,,,"3,1600","2,4",11.0,13.75,,,,
crucial ct2k8g3s1339m 16 gb,79.98,,,,,,Crucial,RAM,2025,,,"3,1333","2,8",9.0,13.503,,,,
g.skill f3-1600c9d-8gsl 8 gb,25.04,,,,,,G.Skill,RAM,2025,,,"3,1600","2,4",9.0,11.25,,,,
g.skill ripjaws 16 gb,37.04,,,,,,G.Skill,RAM,2025,,,"3,1600","2,8",11.0,13.75,,,,
g.skill ripjaws 8 gb,22.82,,,,,,G.Skill,RAM,2025,,,"3,1600","1,8",11.0,13.75,,,,
crucial ct4g3s1067m 4 gb,28.27,,,,,,Crucial,RAM,2025,,,"3,1066","1,4",7.0,13.133,,,,
crucial ct8g3s1339m 8 gb,31.38,,,,,,Crucial,RAM,2025,,,"3,1333","1,8",9.0,13.503,,,,
crucial ct51264bf160bj 4 gb,17.07,,,,,,Crucial,RAM,2025,,,"3,1600","1,4",11.0,13.75,,,,
crucial ct8g4rfd824a 8 gb,127.51,,,,,,Crucial,RAM,2025,,,"4,2400","1,8",17.0,14.167,,,,
kingston kth-pl426d8/16g 16 gb,41.42,,,,,,Kingston,RAM,2025,,,"4,2666","1,16",19.0,14.254,,,,
kingston valueram 16 gb,48.82,,,,,,Kingston,RAM,2025,,,"4,2400","1,16",17.0,14.167,,,,
g.skill ripjaws 8 gb,28.02,,,,,,G.Skill,RAM,2025,,,"4,2666","1,8",19.0,14.254,,,,
g.skill trident z royal 32 gb,349.0,,,,,,G.Skill,RAM,2025,,,"4,4000","4,8",17.0,8.5,,,,
samsung m393a2k40cb2-cvf 16 gb,99.99,,,,,,Samsung,RAM,2025,,,"4,2933","1,16",21.0,14.32,,,,
g.skill trident z royal 16 gb,228.87,,,,,,G.Skill,RAM,2025,,,"4,4000","2,8",18.0,9.0,,,,
patriot viper steel 16 gb,39.99,,,,,,Patriot,RAM,2025,,,"4,2666","1,16",18.0,13.503,,,,
kingston valueram 8 gb,39.04,,,,,,Kingston,RAM,2025,,,"5,4800","1,8",40.0,16.667,,,,
pny xlr8 gaming epic-x rgb 16 gb,84.99,,,,,,PNY,RAM,2025,,,"4,3600","2,8",18.0,10.0,,,,
mushkin redline 16 gb,67.45,,,,,,Mushkin,RAM,2025,,,"4,4000","2,8",18.0,9.0,,,,
corsair dominator platinum rgb 16 gb,108.4,,,,,,Corsair,RAM,2025,,,"4,3200","2,8",16.0,10.0,,,,
thermaltake toughram xg rgb 64 gb,539.99,,,,,,Thermaltake,RAM,2025,,,"4,3600","2,32",18.0,10.0,,,,
thermaltake toughram xg rgb 16 gb,143.79,,,,,,Thermaltake,RAM,2025,,,"4,4000","2,8",19.0,9.5,,,,
teamgroup elite 32 gb,69.98,,,,,,TEAMGROUP,RAM,2025,,,"5,4800","2,16",40.0,16.667,,,,
kingston ktd-pe426d8/16g 16 gb,91.5,,,,,,Kingston,RAM,2025,,,"4,2666","1,16",19.0,14.254,,,,
v-color tra524g64s832q 96 gb,719.99,,,,,,V-Color,RAM,2025,,,"5,6400","4,24",32.0,10.0,,,,
kingston fury renegade 32 gb,226.18,,,,,,Kingston,RAM,2025,,,"5,6000","1,32",32.0,10.667,,,,
g.skill zeta r5 neo 64 gb,794.99,,,,,,G.Skill,RAM,2025,,,"5,6400","4,16",32.0,10.0,,,,
kingston fury renegade pro 16 gb,125.24,,,,,,Kingston,RAM,2025,,,"5,6000","1,16",32.0,10.667,,,,
v-color tra516g72s834o 128 gb,1621.99,,,,,,V-Color,RAM,2025,,,"5,7200","8,16",34.0,9.444,,,,
v-color tra532g60s432o 256 gb,1717.99,,,,,,V-Color,RAM,2025,,,"5,6000","8,32",32.0,10.667,,,,
crucial ct12864aa667 1 gb,19.0,,,,,,Crucial,RAM,2025,,,"2,667","1,1",5.0,14.993,,,,
kingston valueram 4 gb,30.99,,,,,,Kingston,RAM,2025,,,"3,1333","2,2",9.0,13.503,,,,
crucial ct2kit51272af667 8 gb,58.99,,,,,,Crucial,RAM,2025,,,"2,667","2,4",5.0,14.993,,,,
g.skill f3-12800cl9d-4gbnq 4 gb,62.0,,,,,,G.Skill,RAM,2025,,,"3,1600","2,2",9.0,11.25,,,,
patriot gamer 6 gb,80.47,,,,,,Patriot,RAM,2025,,,"3,1600","3,2",9.0,11.25,,,,
patriot viper ii sector 7 edition 12 gb,176.58,,,,,,Patriot,RAM,2025,,,"3,1600","3,4",8.0,10.0,,,,
crucial ct51264ba1339 4 gb,17.0,,,,,,Crucial,RAM,2025,,,"3,1333","1,4",9.0,13.503,,,,
g.skill ripjaws 8 gb,31.94,,,,,,G.Skill,RAM,2025,,,"3,1066","2,4",7.0,13.133,,,,
g.skill ripjaws x 4 gb,49.98,,,,,,G.Skill,RAM,2025,,,"3,1333","2,2",9.0,13.503,,,,
patriot gamer 2 4 gb,49.09,,,,,,Patriot,RAM,2025,,,"3,1333","2,2",9.0,13.503,,,,
patriot gamer 2 4 gb,53.66,,,,,,Patriot,RAM,2025,,,"3,1600","2,2",9.0,11.25,,,,
mushkin essentials 4 gb,27.62,,,,,,Mushkin,RAM,2025,,,"3,1333","2,2",9.0,13.503,,,,
g.skill f3-8500cl7d-8gbsq 8 gb,181.99,,,,,,G.Skill,RAM,2025,,,"3,1066","2,4",7.0,13.133,,,,
kingston valueram 1 gb,40.77,,,,,,Kingston,RAM,2025,,,"2,533","1,1",4.0,15.009,,,,
kingston kvr800d2s6/2g 2 gb,11.74,,,,,,Kingston,RAM,2025,,,"2,800","1,2",6.0,15.0,,,,
mushkin 991643 2 gb,16.93,,,,,,Mushkin,RAM,2025,,,"3,1066","1,2",7.0,13.133,,,,
corsair vengeance 16 gb,259.89,,,,,,Corsair,RAM,2025,,,"3,1600","4,4",9.0,11.25,,,,
mushkin 991556 2 gb,19.98,,,,,,Mushkin,RAM,2025,,,"2,667","1,2",5.0,14.993,,,,
crucial ct2kit102464bf1339 16 gb,69.98,,,,,,Crucial,RAM,2025,,,"3,1333","2,8",9.0,13.503,,,,
kingston value 4 gb,24.56,,,,,,Kingston,RAM,2025,,,"3,1333","1,4",9.0,13.503,,,,
crucial ct25664bf1339 2 gb,14.99,,,,,,Crucial,RAM,2025,,,"3,1333","1,2",9.0,13.503,,,,
mushkin essentials 4 gb,22.52,,,,,,Mushkin,RAM,2025,,,"3,1600","1,4",11.0,13.75,,,,
g.skill ares 8 gb,51.94,,,,,,G.Skill,RAM,2025,,,"3,2133","2,4",9.0,8.439,,,,
g.skill ares 8 gb,59.99,,,,,,G.Skill,RAM,2025,,,"3,1866","2,4",9.0,9.646,,,,
g.skill ares 32 gb,204.0,,,,,,G.Skill,RAM,2025,,,"3,1600","4,8",10.0,12.5,,,,
g.skill ripjaws z 8 gb,54.52,,,,,,G.Skill,RAM,2025,,,"3,2400","2,4",10.0,8.333,,,,
kingston kvr16s11/8 8 gb,32.7,,,,,,Kingston,RAM,2025,,,"3,1600","1,8",11.0,13.75,,,,
kingston kvr13s9s8/4 4 gb,19.66,,,,,,Kingston,RAM,2025,,,"3,1333","1,4",9.0,13.503,,,,
kingston blu red 4 gb,46.98,,,,,,Kingston,RAM,2025,,,"3,1600","1,4",9.0,11.25,,,,
mushkin silverline 8 gb,29.88,,,,,,Mushkin,RAM,2025,,,"3,1600","1,8",11.0,13.75,,,,
kingston kvr16s11k2/16 16 gb,83.98,,,,,,Kingston,RAM,2025,,,"3,1600","2,8",11.0,13.75,,,,
kingston kvr16n11h/4 4 gb,21.99,,,,,,Kingston,RAM,2025,,,"3,1600","1,4",11.0,13.75,,,,
g.skill ns 8 gb,40.88,,,,,,G.Skill,RAM,2025,,,"3,1333","2,4",9.0,13.503,,,,
crucial ballistix sport 8 gb,69.89,,,,,,Crucial,RAM,2025,,,"3,1333","1,8",9.0,13.503,,,,
kingston kvr16ls11/4 4 gb,20.98,,,,,,Kingston,RAM,2025,,,"3,1600","1,4",11.0,13.75,,,,
kingston kth-x3cl/4g 4 gb,39.99,,,,,,Kingston,RAM,2025,,,"3,1600","1,4",11.0,13.75,,,,
patriot pv316g240c0krd 16 gb,134.08,,,,,,Patriot,RAM,2025,,,"3,2400","2,8",10.0,8.333,,,,
crucial ct2g3s1067m 2 gb,19.98,,,,,,Crucial,RAM,2025,,,"3,1066","1,2",7.0,13.133,,,,
ibm 00d4955 4 gb,169.99,,,,,,IBM,RAM,2025,,,"3,1600","1,4",11.0,13.75,,,,
patriot signature apple line 8 gb,50.88,,,,,,Patriot,RAM,2025,,,"3,1600","2,4",11.0,13.75,,,,
patriot viper 3 low profile black 8 gb,77.4,,,,,,Patriot,RAM,2025,,,"3,1866","2,4",9.0,9.646,,,,
kingston valueram 48 gb,399.6,,,,,,Kingston,RAM,2025,,,"3,1600","3,16",11.0,13.75,,,,
kingston kvr1333d3e9s/4g 4 gb,18.8,,,,,,Kingston,RAM,2025,,,"3,1333","1,4",9.0,13.503,,,,
mushkin proline 32 gb,100.83,,,,,,Mushkin,RAM,2025,,,"3,1333","1,32",9.0,13.503,,,,
samsung m393a1g43db0-cpb0 8 gb,22.18,,,,,,Samsung,RAM,2025,,,"4,2133","1,8",15.0,14.065,,,,
kingston ktl-ts421/16g 16 gb,149.9,,,,,,Kingston,RAM,2025,,,"4,2133","1,16",15.0,14.065,,,,
kingston kvr18l13q4/32 32 gb,68.98,,,,,,Kingston,RAM,2025,,,"3,1866","1,32",13.0,13.934,,,,
kingston kvr1333d3e9sk2/16g 16 gb,125.0,,,,,,Kingston,RAM,2025,,,"3,1333","2,8",9.0,13.503,,,,
kingston kvr16le11/8i 8 gb,38.99,,,,,,Kingston,RAM,2025,,,"3,1600","1,8",11.0,13.75,,,,
g.skill ripjaws 4 8 gb,38.53,,,,,,G.Skill,RAM,2025,,,"4,2666","2,4",15.0,11.253,,,,
g.skill nt 8 gb,59.0,,,,,,G.Skill,RAM,2025,,,"4,2400","2,4",15.0,12.5,,,,
patriot viper 3 8 gb,81.94,,,,,,Patriot,RAM,2025,,,"3,2400","2,4",10.0,8.333,,,,
patriot viper 4 8 gb,55.68,,,,,,Patriot,RAM,2025,,,"4,2400","2,4",15.0,12.5,,,,
crucial ct51264bf186dj 4 gb,16.48,,,,,,Crucial,RAM,2025,,,"3,1866","1,4",13.0,13.934,,,,
crucial ct2kit102464bf186d 16 gb,28.68,,,,,,Crucial,RAM,2025,,,"3,1866","2,8",13.0,13.934,,,,
g.skill ripjaws 8 gb,30.6,,,,,,G.Skill,RAM,2025,,,"4,2400","2,4",16.0,13.333,,,,
corsair valueselect 16 gb,72.98,,,,,,Corsair,RAM,2025,,,"4,2133","1,16",15.0,14.065,,,,
kingston valueram 8 gb,19.98,,,,,,Kingston,RAM,2025,,,"4,2133","1,8",15.0,14.065,,,,
crucial ct2k51264bf186dj 8 gb,39.99,,,,,,Crucial,RAM,2025,,,"3,1866","2,4",13.0,13.934,,,,
kingston kcp421ns8/4 4 gb,32.99,,,,,,Kingston,RAM,2025,,,"4,2133","1,4",15.0,14.065,,,,
patriot viper 4 8 gb,77.54,,,,,,Patriot,RAM,2025,,,"4,3600","2,4",17.0,9.444,,,,
kingston valueram 16 gb,89.95,,,,,,Kingston,RAM,2025,,,"4,2400","1,16",17.0,14.167,,,,
kingston kvr24s17s6/4 4 gb,24.5,,,,,,Kingston,RAM,2025,,,"4,2400","1,4",17.0,14.167,,,,
corsair dominator platinum rgb 32 gb,176.86,,,,,,Corsair,RAM,2025,,,"4,3200","4,8",16.0,10.0,,,,
crucial ct16g4rfs4293 16 gb,43.75,,,,,,Crucial,RAM,2025,,,"4,2933","1,16",21.0,14.32,,,,
supermicro mem-dr432l-hl01-er26 32 gb,79.95,,,,,,Supermicro,RAM,2025,,,"4,2666","1,32",19.0,14.254,,,,
pny performance 16 gb,60.06,,,,,,PNY,RAM,2025,,,"4,2666","1,16",19.0,14.254,,,,
kingston server premier 8 gb,65.98,,,,,,Kingston,RAM,2025,,,"4,3200","1,8",22.0,13.75,,,,
kingston server premier 32 gb,184.99,,,,,,Kingston,RAM,2025,,,"4,3200","1,32",22.0,13.75,,,,
kingston valueram 4 gb,17.04,,,,,,Kingston,RAM,2025,,,"4,2666","1,4",19.0,14.254,,,,
corsair dominator platinum rgb 16 gb,132.44,,,,,,Corsair,RAM,2025,,,"4,4000","2,8",18.0,9.0,,,,
mushkin redline lumina 16 gb,66.98,,,,,,Mushkin,RAM,2025,,,"4,3600","2,8",16.0,8.889,,,,
mushkin redline 16 gb,98.33,,,,,,Mushkin,RAM,2025,,,"4,4133","2,8",19.0,9.194,,,,
mushkin redline 16 gb,76.86,,,,,,Mushkin,RAM,2025,,,"4,2800","2,8",17.0,12.143,,,,
mushkin redline 32 gb,264.42,,,,,,Mushkin,RAM,2025,,,"4,2666","2,16",16.0,12.003,,,,
mushkin redline 64 gb,493.68,,,,,,Mushkin,RAM,2025,,,"4,2800","2,32",17.0,12.143,,,,
silicon power sp008gblfu240x02 8 gb,29.01,,,,,,Silicon,RAM,2025,,,"4,2400","1,8",17.0,14.167,,,,
teamgroup elite 32 gb,143.66,,,,,,TEAMGROUP,RAM,2025,,,"5,5200","2,16",42.0,16.154,,,,
kingston fury 32 gb,138.99,,,,,,Kingston,RAM,2025,,,"5,5600","1,32",40.0,14.286,,,,
mushkin enhanced essentials 64 gb,230.7,,,,,,Mushkin,RAM,2025,,,"4,2933","2,32",21.0,14.32,,,,
mushkin mes4s266kf16gx2 32 gb,109.16,,,,,,Mushkin,RAM,2025,,,"4,2666","2,16",19.0,14.254,,,,
teamgroup t-create master 128 gb,899.99,,,,,,TEAMGROUP,RAM,2025,,,"5,6000","8,16",32.0,10.667,,,,
teamgroup t-create master 64 gb,549.99,,,,,,TEAMGROUP,RAM,2025,,,"5,6800","4,16",34.0,10.0,,,,
v-color tra516g60s832q 64 gb,503.99,,,,,,V-Color,RAM,2025,,,"5,6000","4,16",32.0,10.667,,,,
v-color tra516g64s832q 64 gb,551.99,,,,,,V-Color,RAM,2025,,,"5,6400","4,16",32.0,10.0,,,,
v-color tra532g62d832q 128 gb,959.99,,,,,,V-Color,RAM,2025,,,"5,6200","4,32",32.0,10.323,,,,
v-color tra532g68d834q 128 gb,1151.99,,,,,,V-Color,RAM,2025,,,"5,6800","4,32",34.0,10.0,,,,
kingston fury renegade rgb 32 gb,204.98,,,,,,Kingston,RAM,2025,,,"5,6000","1,32",32.0,10.667,,,,
corsair ws 128 gb,990.99,,,,,,Corsair,RAM,2025,,,"5,5600","8,16",40.0,14.286,,,,
kingston fury renegade pro 64 gb,565.0,,,,,,Kingston,RAM,2025,,,"5,6400","4,16",32.0,10.0,,,,
kingston fury renegade pro 128 gb,874.0,,,,,,Kingston,RAM,2025,,,"5,5600","8,16",36.0,12.857,,,,
kingston fury renegade pro 256 gb,1892.0,,,,,,Kingston,RAM,2025,,,"5,6400","8,32",32.0,10.0,,,,
v-color tra516g56s836o 128 gb,901.99,,,,,,V-Color,RAM,2025,,,"5,5600","8,16",36.0,12.857,,,,
v-color tra524g64s832o 192 gb,1429.99,,,,,,V-Color,RAM,2025,,,"5,6400","8,24",32.0,10.0,,,,
v-color tra532g68d834o 256 gb,2239.99,,,,,,V-Color,RAM,2025,,,"5,6800","8,32",34.0,10.0,,,,
silicon power xpower pulse gaming 64 gb,193.46,,,,,,Silicon,RAM,2025,,,"5,5600","2,32",40.0,14.286,,,,
kingston valueram 16 gb,49.46,,,,,,Kingston,RAM,2025,,,"4,3200","1,16",22.0,13.75,,,,
crucial ct32g4sfd8266 32 gb,99.29,,,,,,Crucial,RAM,2025,,,"4,2666","1,32",19.0,14.254,,,,
patriot signature line 8 gb,19.98,,,,,,Patriot,RAM,2025,,,"4,2400","1,8",17.0,14.167,,,,
kingston server premier 16 gb,89.99,,,,,,Kingston,RAM,2025,,,"4,3200","1,16",22.0,13.75,,,,
g.skill ripjaws 16 gb,39.0,,,,,,G.Skill,RAM,2025,,,"3,1866","2,8",11.0,11.79,,,,
mushkin essentials 16 gb,36.36,,,,,,Mushkin,RAM,2025,,,"4,2400","2,8",17.0,14.167,,,,
teamgroup elite 8 gb,31.78,,,,,,TEAMGROUP,RAM,2025,,,"4,2666","1,8",19.0,14.254,,,,
kingston valueram 32 gb,125.0,,,,,,Kingston,RAM,2025,,,"4,2666","1,32",19.0,14.254,,,,
mushkin redline lumina white 32 gb,140.99,,,,,,Mushkin,RAM,2025,,,"5,6400","2,16",32.0,10.0,,,,
mushkin essentials 8 gb,17.18,,,,,,Mushkin,RAM,2025,,,"3,1066","1,8",7.0,13.133,,,,
corsair vengeance pro 8 gb,119.2,,,,,,Corsair,RAM,2025,,,"3,2133","2,4",8.0,7.501,,,,
samsung m393b2g70db0-ck0 16 gb,31.92,,,,,,Samsung,RAM,2025,,,"3,1600","1,16",11.0,13.75,,,,
kingston valueram 16 gb,29.99,,,,,,Kingston,RAM,2025,,,"3,1600","1,16",11.0,13.75,,,,
mushkin essentials 16 gb,186.99,,,,,,Mushkin,RAM,2025,,,"3,1866","1,16",13.0,13.934,,,,
kingston valueram 8 gb,27.99,,,,,,Kingston,RAM,2025,,,"4,2133","1,8",15.0,14.065,,,,
corsair vengeance performance 16 gb,62.99,,,,,,Corsair,RAM,2025,,,"4,2666","1,16",18.0,13.503,,,,
kingston kvr26s19s8/8 8 gb,21.38,,,,,,Kingston,RAM,2025,,,"4,2666","1,8",19.0,14.254,,,,
mushkin proline 16 gb,45.84,,,,,,Mushkin,RAM,2025,,,"3,1866","1,16",13.0,13.934,,,,
kingston fury impact 32 gb,94.95,,,,,,Kingston,RAM,2025,,,"5,4800","1,32",38.0,15.833,,,,
v-color tra524g60s832q 96 gb,671.99,,,,,,V-Color,RAM,2025,,,"5,6000","4,24",32.0,10.667,,,,
kingston valueram 3 gb,25.48,,,,,,Kingston,RAM,2025,,,"3,1333","3,1",9.0,13.503,,,,
mushkin 996647 8 gb,22.0,,,,,,Mushkin,RAM,2025,,,"3,1333","2,4",9.0,13.503,,,,
crucial ct2kit51264bf1339 8 gb,32.59,,,,,,Crucial,RAM,2025,,,"3,1333","2,4",9.0,13.503,,,,
g.skill f3-10666cl9d-16gbsq 16 gb,36.4,,,,,,G.Skill,RAM,2025,,,"3,1333","2,8",9.0,13.503,,,,
g.skill trident x 16 gb,107.31,,,,,,G.Skill,RAM,2025,,,"3,2400","4,4",10.0,8.333,,,,
crucial ct16g3r186dm 16 gb,42.99,,,,,,Crucial,RAM,2025,,,"3,1866","1,16",13.0,13.934,,,,
kingston kvr13n9s6/2 2 gb,19.98,,,,,,Kingston,RAM,2025,,,"3,1333","1,2",9.0,13.503,,,,
samsung m393a1g40db0-cpb 8 gb,28.42,,,,,,Samsung,RAM,2025,,,"4,2133","1,8",15.0,14.065,,,,
kingston ktd-pe421/16g 16 gb,43.99,,,,,,Kingston,RAM,2025,,,"4,2133","1,16",15.0,14.065,,,,
kingston kth-pl421/16g 16 gb,34.97,,,,,,Kingston,RAM,2025,,,"4,2133","1,16",15.0,14.065,,,,
kingston kvr16r11d4/16ha 16 gb,34.89,,,,,,Kingston,RAM,2025,,,"3,1600","1,16",11.0,13.75,,,,
kingston valueram 64 gb,139.01,,,,,,Kingston,RAM,2025,,,"3,1600","4,16",11.0,13.75,,,,
kingston kvr16lr11d4k4/64 64 gb,399.0,,,,,,Kingston,RAM,2025,,,"3,1600","4,16",11.0,13.75,,,,
kingston kvr16lr11d4/16ha 16 gb,28.99,,,,,,Kingston,RAM,2025,,,"3,1600","1,16",11.0,13.75,,,,
kingston kvr1333d3d4r9sk3/24g 24 gb,124.99,,,,,,Kingston,RAM,2025,,,"3,1333","3,8",9.0,13.503,,,,
kingston kvr13lr9d4k4/64 64 gb,297.75,,,,,,Kingston,RAM,2025,,,"3,1333","4,16",9.0,13.503,,,,
mushkin proline 16 gb,43.82,,,,,,Mushkin,RAM,2025,,,"3,1600","1,16",11.0,13.75,,,,
kingston impact 16 gb,147.06,,,,,,Kingston,RAM,2025,,,"4,2133","2,8",13.0,12.189,,,,
g.skill ripjaws 8 gb,26.74,,,,,,G.Skill,RAM,2025,,,"4,2400","1,8",16.0,13.333,,,,
mushkin essentials 4 gb,31.99,,,,,,Mushkin,RAM,2025,,,"4,2133","1,4",15.0,14.065,,,,
kingston valueram 8 gb,77.53,,,,,,Kingston,RAM,2025,,,"4,2133","1,8",15.0,14.065,,,,
kingston valueram 32 gb,69.92,,,,,,Kingston,RAM,2025,,,"4,2133","1,32",15.0,14.065,,,,
kingston kcp421ss8/8 8 gb,27.15,,,,,,Kingston,RAM,2025,,,"4,2133","1,8",15.0,14.065,,,,
kingston valueram 16 gb,135.36,,,,,,Kingston,RAM,2025,,,"4,2133","2,8",15.0,14.065,,,,
kingston ktd-pe426/32g 32 gb,151.81,,,,,,Kingston,RAM,2025,,,"4,2666","1,32",19.0,14.254,,,,
kingston valueram 8 gb,49.99,,,,,,Kingston,RAM,2025,,,"4,2400","1,8",17.0,14.167,,,,
kingston valueram 16 gb,52.99,,,,,,Kingston,RAM,2025,,,"4,2666","1,16",19.0,14.254,,,,
kingston kcp426ss8/8 8 gb,26.5,,,,,,Kingston,RAM,2025,,,"4,2666","1,8",17.0,12.753,,,,
crucial ct2k4g4sfs624a 8 gb,34.95,,,,,,Crucial,RAM,2025,,,"4,2400","2,4",17.0,14.167,,,,
crucial ct32g4lfd4266 32 gb,74.09,,,,,,Crucial,RAM,2025,,,"4,2666","1,32",19.0,14.254,,,,
crucial ct16g4rfd8293 16 gb,54.97,,,,,,Crucial,RAM,2025,,,"4,2933","1,16",21.0,14.32,,,,
kingston ksm26rs8/8mei 8 gb,34.15,,,,,,Kingston,RAM,2025,,,"4,2666","1,8",19.0,14.254,,,,
kingston server premier 16 gb,100.99,,,,,,Kingston,RAM,2025,,,"4,3200","1,16",22.0,13.75,,,,
kingston server premier 32 gb,173.19,,,,,,Kingston,RAM,2025,,,"4,2666","1,32",19.0,14.254,,,,
kingston server premier 8 gb,53.99,,,,,,Kingston,RAM,2025,,,"4,2666","1,8",19.0,14.254,,,,
mushkin redline 32 gb,128.38,,,,,,Mushkin,RAM,2025,,,"4,3200","2,16",22.0,13.75,,,,
mushkin silverline 8 gb,82.47,,,,,,Mushkin,RAM,2025,,,"4,2666","2,4",19.0,14.254,,,,
silicon power sp016gbsfu213b02 16 gb,44.11,,,,,,Silicon,RAM,2025,,,"4,2133","1,16",15.0,14.065,,,,
teamgroup elite 8 gb,70.32,,,,,,TEAMGROUP,RAM,2025,,,"4,2400","1,8",16.0,13.333,,,,
teamgroup t-create classic 16 gb,42.99,,,,,,TEAMGROUP,RAM,2025,,,"5,5600","1,16",46.0,16.429,,,,
teamgroup t-create classic 16 gb,56.05,,,,,,TEAMGROUP,RAM,2025,,,"5,5600","1,16",46.0,16.429,,,,
v-color tra516g70s834q 64 gb,743.99,,,,,,V-Color,RAM,2025,,,"5,7000","4,16",34.0,9.714,,,,
v-color tra524g56s836q 96 gb,623.99,,,,,,V-Color,RAM,2025,,,"5,5600","4,24",36.0,12.857,,,,
v-color tra524g76s838r3q 96 gb,1151.99,,,,,,V-Color,RAM,2025,,,"5,7600","4,24",38.0,10.0,,,,
crucial ct2cp25672af667 4 gb,23.99,,,,,,Crucial,RAM,2025,,,"2,667","2,2",5.0,14.993,,,,
crucial ct2kit25664aa667 4 gb,48.99,,,,,,Crucial,RAM,2025,,,"2,667","2,2",5.0,14.993,,,,
kingston valueram 2 gb,32.39,,,,,,Kingston,RAM,2025,,,"2,533","1,2",4.0,15.009,,,,
patriot sector 5 4 gb,53.73,,,,,,Patriot,RAM,2025,,,"3,1600","2,2",9.0,11.25,,,,
patriot viper ii sector 5 4 gb,59.9,,,,,,Patriot,RAM,2025,,,"3,1600","2,2",8.0,10.0,,,,
ocz ocz2v6672g 2 gb,35.96,,,,,,OCZ,RAM,2025,,,"2,667","1,2",5.0,14.993,,,,
g.skill ripjaws 16 gb,179.95,,,,,,G.Skill,RAM,2025,,,"3,1600","4,4",9.0,11.25,,,,
patriot gamer 4 gb,58.31,,,,,,Patriot,RAM,2025,,,"3,1600","2,2",9.0,11.25,,,,
patriot viper ii sector 7 edition 6 gb,59.0,,,,,,Patriot,RAM,2025,,,"3,1600","3,2",9.0,11.25,,,,
patriot viper xtreme 4 gb,62.82,,,,,,Patriot,RAM,2025,,,"3,1600","2,2",8.0,10.0,,,,
patriot viper xtreme 8 gb,92.87,,,,,,Patriot,RAM,2025,,,"3,1600","2,4",8.0,10.0,,,,
patriot viper xtreme 12 gb,127.06,,,,,,Patriot,RAM,2025,,,"3,1600","3,4",8.0,10.0,,,,
patriot viper xtreme 6 gb,83.13,,,,,,Patriot,RAM,2025,,,"3,1600","3,2",8.0,10.0,,,,
g.skill ripjaws 4 gb,59.95,,,,,,G.Skill,RAM,2025,,,"3,1333","2,2",9.0,13.503,,,,
patriot viper ii sector 5 4 gb,55.49,,,,,,Patriot,RAM,2025,,,"3,1333","2,2",7.0,10.503,,,,
"patriot viper xtreme series, division 2 4 gb",57.69,,,,,,Patriot,RAM,2025,,,"3,1866","2,2",9.0,9.646,,,,
"patriot viper xtreme series, division 2 8 gb",72.41,,,,,,Patriot,RAM,2025,,,"3,1600","2,4",8.0,10.0,,,,
patriot extreme performance gaming 6 gb,71.7,,,,,,Patriot,RAM,2025,,,"3,1333","3,2",9.0,13.503,,,,
patriot viper xtreme 8 gb,105.0,,,,,,Patriot,RAM,2025,,,"3,1866","2,4",9.0,9.646,,,,
adata ad2s800b2g5-r 2 gb,16.45,,,,,,ADATA,RAM,2025,,,"2,800","1,2",5.0,12.5,,,,
adata ad3s1333b2g9-r 2 gb,35.36,,,,,,ADATA,RAM,2025,,,"3,1333","1,2",9.0,13.503,,,,
corsair cmso4gx3m1a1333c9 4 gb,22.99,,,,,,Corsair,RAM,2025,,,"3,1333","1,4",9.0,13.503,,,,
corsair vs1gsds533d2 1 gb,19.98,,,,,,Corsair,RAM,2025,,,"2,533","1,1",4.0,15.009,,,,
crucial ct51264ac667 4 gb,79.48,,,,,,Crucial,RAM,2025,,,"2,667","1,4",5.0,14.993,,,,
crucial ct2kit12864ac800 2 gb,38.99,,,,,,Crucial,RAM,2025,,,"2,800","2,1",6.0,15.0,,,,
crucial ct51264ac800 4 gb,64.89,,,,,,Crucial,RAM,2025,,,"2,800","1,4",6.0,15.0,,,,
crucial ct25664ac667 2 gb,19.94,,,,,,Crucial,RAM,2025,,,"2,667","1,2",5.0,14.993,,,,
crucial ct2kit25664ac800 4 gb,37.28,,,,,,Crucial,RAM,2025,,,"2,800","2,2",6.0,15.0,,,,
crucial ct2kit25664ac667 4 gb,34.99,,,,,,Crucial,RAM,2025,,,"2,667","2,2",5.0,14.993,,,,
crucial ct51264bc1067 4 gb,19.95,,,,,,Crucial,RAM,2025,,,"3,1066","1,4",7.0,13.133,,,,
crucial ct25664ac800 2 gb,18.98,,,,,,Crucial,RAM,2025,,,"2,800","1,2",6.0,15.0,,,,
g.skill f3-10666cl9d-8gbsq 8 gb,25.84,,,,,,G.Skill,RAM,2025,,,"3,1333","2,4",9.0,13.503,,,,
g.skill f3-10600cl9d-8gbsq 8 gb,99.0,,,,,,G.Skill,RAM,2025,,,"3,1333","2,4",9.0,13.503,,,,
g.skill f3-10666cl9s-4gbsq 4 gb,15.12,,,,,,G.Skill,RAM,2025,,,"3,1333","1,4",9.0,13.503,,,,
geil gs34gb1066c7sc 4 gb,15.22,,,,,,GeIL,RAM,2025,,,"3,1066","1,4",7.0,13.133,,,,
kingston kvr1333d3s9/4g 4 gb,24.98,,,,,,Kingston,RAM,2025,,,"3,1333","1,4",9.0,13.503,,,,
kingston kvr667d2so/2gr 2 gb,22.4,,,,,,Kingston,RAM,2025,,,"2,667","1,2",5.0,14.993,,,,
kingston kvr667d2s5/1g 1 gb,52.44,,,,,,Kingston,RAM,2025,,,"2,667","1,1",5.0,14.993,,,,
kingston valueram 2 gb,24.99,,,,,,Kingston,RAM,2025,,,"2,667","2,1",5.0,14.993,,,,
kingston kvr667d2s5/2g 2 gb,40.56,,,,,,Kingston,RAM,2025,,,"2,667","1,2",5.0,14.993,,,,
kingston valueram 2 gb,40.99,,,,,,Kingston,RAM,2025,,,"3,1333","1,2",9.0,13.503,,,,
kingston kvr800d2s5/1g 1 gb,35.08,,,,,,Kingston,RAM,2025,,,"2,800","1,1",5.0,12.5,,,,
kingston kvr800d2s6k2/4g 4 gb,64.99,,,,,,Kingston,RAM,2025,,,"2,800","2,2",6.0,15.0,,,,
kingston kvr800d2s6/1g 1 gb,18.0,,,,,,Kingston,RAM,2025,,,"2,800","1,1",6.0,15.0,,,,
kingston kvr533d2so/1gr 1 gb,20.0,,,,,,Kingston,RAM,2025,,,"2,533","1,1",4.0,15.009,,,,
kingston khx5300s2llk2/2g 2 gb,44.99,,,,,,Kingston,RAM,2025,,,"2,667","2,1",4.0,11.994,,,,
patriot signature 2 gb,20.0,,,,,,Patriot,RAM,2025,,,"3,1333","1,2",9.0,13.503,,,,
mushkin essentials 4 gb,30.59,,,,,,Mushkin,RAM,2025,,,"2,667","2,2",5.0,14.993,,,,
patriot psd34g1066sk 4 gb,37.53,,,,,,Patriot,RAM,2025,,,"3,1066","2,2",7.0,13.133,,,,
mushkin essentials 2 gb,18.79,,,,,,Mushkin,RAM,2025,,,"2,667","1,2",5.0,14.993,,,,
patriot signature 4 gb,38.24,,,,,,Patriot,RAM,2025,,,"3,1600","1,4",11.0,13.75,,,,
mushkin essentials 4 gb,25.44,,,,,,Mushkin,RAM,2025,,,"3,1066","2,2",7.0,13.133,,,,
patriot psd22g8002s 2 gb,29.72,,,,,,Patriot,RAM,2025,,,"2,800","1,2",6.0,15.0,,,,
patriot psd22g6672s 2 gb,42.49,,,,,,Patriot,RAM,2025,,,"2,667","1,2",5.0,14.993,,,,
samsung mv-2v1g4d/us 2 gb,36.5,,,,,,Samsung,RAM,2025,,,"2,800","2,1",6.0,15.0,,,,
g.skill f3-12800cl9s-4gbsq 4 gb,14.8,,,,,,G.Skill,RAM,2025,,,"3,1600","1,4",9.0,11.25,,,,
mushkin 991647 4 gb,15.1,,,,,,Mushkin,RAM,2025,,,"3,1333","1,4",9.0,13.503,,,,
mushkin essentials 2 gb,17.05,,,,,,Mushkin,RAM,2025,,,"3,1333","1,2",9.0,13.503,,,,
wintec one 8 gb,74.98,,,,,,Wintec,RAM,2025,,,"3,1333","2,4",9.0,13.503,,,,
wintec one 4 gb,43.36,,,,,,Wintec,RAM,2025,,,"3,1600","2,2",9.0,11.25,,,,
g.skill ripjaws x 8 gb,39.0,,,,,,G.Skill,RAM,2025,,,"3,1600","2,4",9.0,11.25,,,,
patriot gamer 2 8 gb,87.38,,,,,,Patriot,RAM,2025,,,"3,1333","1,8",9.0,13.503,,,,
mushkin essentials 4 gb,17.98,,,,,,Mushkin,RAM,2025,,,"3,1333","1,4",9.0,13.503,,,,
g.skill f3-12800cl11s-4gbsq 4 gb,49.0,,,,,,G.Skill,RAM,2025,,,"3,1600","1,4",11.0,13.75,,,,
patriot signature 16 gb,94.76,,,,,,Patriot,RAM,2025,,,"3,1333","2,8",9.0,13.503,,,,
crucial ct2kit25664bf1339 4 gb,34.99,,,,,,Crucial,RAM,2025,,,"3,1333","2,2",9.0,13.503,,,,
crucial ct51264bf1339 4 gb,17.0,,,,,,Crucial,RAM,2025,,,"3,1333","1,4",9.0,13.503,,,,
g.skill f3-10666cl9s-8gbsq 8 gb,21.1,,,,,,G.Skill,RAM,2025,,,"3,1333","1,8",9.0,13.503,,,,
mushkin essentials 2 gb,16.48,,,,,,Mushkin,RAM,2025,,,"3,1600","1,2",11.0,13.75,,,,
"patriot viper xtreme series, division vi 8 gb",87.38,,,,,,Patriot,RAM,2025,,,"3,2133","2,4",11.0,10.314,,,,
g.skill f3-1600c10d-16gsq 16 gb,37.93,,,,,,G.Skill,RAM,2025,,,"3,1600","2,8",10.0,12.5,,,,
corsair vengeance 16 gb,181.36,,,,,,Corsair,RAM,2025,,,"3,2133","4,4",9.0,8.439,,,,
mushkin essentials 16 gb,50.68,,,,,,Mushkin,RAM,2025,,,"3,1600","2,8",11.0,13.75,,,,
corsair vengeance 16 gb,147.44,,,,,,Corsair,RAM,2025,,,"3,1866","4,4",9.0,9.646,,,,
crucial ct2k4g3s1339m 8 gb,45.1,,,,,,Crucial,RAM,2025,,,"3,1333","2,4",9.0,13.503,,,,
kingston kvr13n9s8h/4 4 gb,32.77,,,,,,Kingston,RAM,2025,,,"3,1333","1,4",9.0,13.503,,,,
crucial ct2k4g3s1067m 8 gb,39.99,,,,,,Crucial,RAM,2025,,,"3,1066","2,4",7.0,13.133,,,,
crucial ct2k4g3s160bm 8 gb,30.95,,,,,,Crucial,RAM,2025,,,"3,1600","2,4",11.0,13.75,,,,
corsair cmv4gx3m1a1600c11 4 gb,21.99,,,,,,Corsair,RAM,2025,,,"3,1600","1,4",11.0,13.75,,,,
kingston kvr1333d3s8n9hk3/6g 6 gb,59.99,,,,,,Kingston,RAM,2025,,,"3,1333","3,2",9.0,13.503,,,,
corsair cmso4gx3m1a1600c11 4 gb,22.99,,,,,,Corsair,RAM,2025,,,"3,1600","1,4",9.0,11.25,,,,
patriot signature 8 gb,38.09,,,,,,Patriot,RAM,2025,,,"3,1333","1,8",9.0,13.503,,,,
corsair cmv8gx3m1a1600c11 8 gb,37.99,,,,,,Corsair,RAM,2025,,,"3,1600","1,8",11.0,13.75,,,,
kingston ktl-tp3cl/4g 4 gb,30.0,,,,,,Kingston,RAM,2025,,,"3,1600","1,4",11.0,13.75,,,,
kingston ktl-tp3cl/8g 8 gb,34.95,,,,,,Kingston,RAM,2025,,,"3,1600","1,8",11.0,13.75,,,,
kingston ktd-l3cl/4g 4 gb,33.75,,,,,,Kingston,RAM,2025,,,"3,1600","1,4",11.0,13.75,,,,
crucial ballistix sport 8 gb,59.9,,,,,,Crucial,RAM,2025,,,"3,1600","2,4",9.0,11.25,,,,
crucial ballistix sport 4 gb,31.45,,,,,,Crucial,RAM,2025,,,"3,1600","1,4",9.0,11.25,,,,
g.skill f3-1600c11d-16gsl 16 gb,36.72,,,,,,G.Skill,RAM,2025,,,"3,1600","2,8",11.0,13.75,,,,
g.skill f3-1600c9s-4gsl 4 gb,20.0,,,,,,G.Skill,RAM,2025,,,"3,1600","1,4",9.0,11.25,,,,
crucial ballistix sport 4 gb,39.99,,,,,,Crucial,RAM,2025,,,"3,1866","1,4",10.0,10.718,,,,
kingston kvr13s9s8k2/8 8 gb,42.0,,,,,,Kingston,RAM,2025,,,"3,1333","1,8",9.0,13.503,,,,
g.skill ripjaws 8 gb,25.18,,,,,,G.Skill,RAM,2025,,,"3,1600","2,4",9.0,11.25,,,,
corsair cmso16gx3m2c1600c11 16 gb,84.98,,,,,,Corsair,RAM,2025,,,"3,1600","2,8",9.0,11.25,,,,
corsair cmso8gx3m1c1600c11 8 gb,37.99,,,,,,Corsair,RAM,2025,,,"3,1600","1,8",9.0,11.25,,,,
ocz ocz2m8004gk 4 gb,29.05,,,,,,OCZ,RAM,2025,,,"2,800","2,2",5.0,12.5,,,,
corsair cmso4gx3m1c1333c9 4 gb,19.6,,,,,,Corsair,RAM,2025,,,"3,1333","1,4",9.0,13.503,,,,
corsair cmso4gx3m1c1600c11 4 gb,32.98,,,,,,Corsair,RAM,2025,,,"3,1600","1,4",9.0,11.25,,,,
corsair cmso8gx3m1c1333c9 8 gb,47.98,,,,,,Corsair,RAM,2025,,,"3,1333","1,8",9.0,13.503,,,,
corsair cmso8gx3m2c1600c11 8 gb,29.3,,,,,,Corsair,RAM,2025,,,"3,1600","2,4",9.0,11.25,,,,
patriot viper sodimm 8 gb,51.41,,,,,,Patriot,RAM,2025,,,"3,1600","2,4",9.0,11.25,,,,
g.skill ripjaws 8 gb,24.53,,,,,,G.Skill,RAM,2025,,,"3,1600","2,4",11.0,13.75,,,,
g.skill ripjaws 4 gb,15.12,,,,,,G.Skill,RAM,2025,,,"3,1600","1,4",11.0,13.75,,,,
g.skill ripjaws 8 gb,22.55,,,,,,G.Skill,RAM,2025,,,"3,1866","1,8",11.0,11.79,,,,
g.skill aegis 8 gb,37.02,,,,,,G.Skill,RAM,2025,,,"3,1333","1,8",9.0,13.503,,,,
transcend ts512msk64v3n 4 gb,37.71,,,,,,Transcend,RAM,2025,,,"3,1333","1,4",9.0,13.503,,,,
corsair mac memory 16 gb,83.99,,,,,,Corsair,RAM,2025,,,"3,1333","2,8",9.0,13.503,,,,
corsair mac memory 16 gb,77.98,,,,,,Corsair,RAM,2025,,,"3,1600","2,8",11.0,13.75,,,,
corsair mac memory 4 gb,21.99,,,,,,Corsair,RAM,2025,,,"3,1066","1,4",7.0,13.133,,,,
corsair mac memory 8 gb,49.98,,,,,,Corsair,RAM,2025,,,"3,1333","1,8",9.0,13.503,,,,
corsair mac memory 8 gb,39.99,,,,,,Corsair,RAM,2025,,,"3,1600","1,8",11.0,13.75,,,,
corsair mac memory 8 gb,52.98,,,,,,Corsair,RAM,2025,,,"3,1066","2,4",7.0,13.133,,,,
corsair mac memory 8 gb,42.99,,,,,,Corsair,RAM,2025,,,"3,1333","2,4",9.0,13.503,,,,
g.skill fa-1333c9s-8gsq 8 gb,67.0,,,,,,G.Skill,RAM,2025,,,"3,1333","1,8",9.0,13.503,,,,
g.skill fa-1600c11d-8gsq 8 gb,64.0,,,,,,G.Skill,RAM,2025,,,"3,1600","2,4",11.0,13.75,,,,
g.skill fa-1600c11s-8gsq 8 gb,46.32,,,,,,G.Skill,RAM,2025,,,"3,1600","1,8",11.0,13.75,,,,
g.skill fa-8500cl7d-8gbsq 8 gb,27.38,,,,,,G.Skill,RAM,2025,,,"3,1066","2,4",7.0,13.133,,,,
g.skill fa-8500cl7s-4gbsq 4 gb,28.48,,,,,,G.Skill,RAM,2025,,,"3,1066","1,4",7.0,13.133,,,,
hp 647909-b21 8 gb,47.7,,,,,,HP,RAM,2025,,,"3,1333","1,8",9.0,13.503,,,,
mushkin 971699a 2 gb,23.35,,,,,,Mushkin,RAM,2025,,,"3,1066","1,2",7.0,13.133,,,,
mushkin 976647a 8 gb,33.46,,,,,,Mushkin,RAM,2025,,,"3,1333","2,4",9.0,13.503,,,,
geil green 8 gb,71.9,,,,,,GeIL,RAM,2025,,,"3,1333","2,4",9.0,13.503,,,,
mushkin 976643a 4 gb,31.7,,,,,,Mushkin,RAM,2025,,,"3,1066","2,2",7.0,13.133,,,,
patriot mac 8 gb,74.95,,,,,,Patriot,RAM,2025,,,"3,1333","2,4",9.0,13.503,,,,
patriot viper 3 low profile black 16 gb,98.97,,,,,,Patriot,RAM,2025,,,"3,1866","2,8",10.0,10.718,,,,
patriot viper 3 low profile black 8 gb,66.48,,,,,,Patriot,RAM,2025,,,"3,1600","2,4",9.0,11.25,,,,
patriot viper 3 low profile red 8 gb,67.2,,,,,,Patriot,RAM,2025,,,"3,1600","2,4",9.0,11.25,,,,
patriot viper 3 red 8 gb,76.76,,,,,,Patriot,RAM,2025,,,"3,1866","2,4",9.0,9.646,,,,
patriot viper 3 low profile black 8 gb,74.06,,,,,,Patriot,RAM,2025,,,"3,2133","2,4",11.0,10.314,,,,
samsung m393b2g70bh0-yh9 16 gb,48.99,,,,,,Samsung,RAM,2025,,,"3,1333","1,16",9.0,13.503,,,,
kingston kvr21r15s4/8 8 gb,28.98,,,,,,Kingston,RAM,2025,,,"4,2133","1,8",15.0,14.065,,,,
crucial ct16g4vfd4213 16 gb,64.95,,,,,,Crucial,RAM,2025,,,"4,2133","1,16",15.0,14.065,,,,
crucial ct8g4vfs4213 8 gb,28.99,,,,,,Crucial,RAM,2025,,,"4,2133","1,8",15.0,14.065,,,,
crucial ct8g4rfs4213 8 gb,34.99,,,,,,Crucial,RAM,2025,,,"4,2133","1,8",15.0,14.065,,,,
patriot extreme performance 32 gb,167.46,,,,,,Patriot,RAM,2025,,,"4,2133","4,8",15.0,14.065,,,,
mushkin proline 8 gb,41.8,,,,,,Mushkin,RAM,2025,,,"3,1333","1,8",9.0,13.503,,,,
mushkin 992082 32 gb,91.87,,,,,,Mushkin,RAM,2025,,,"3,1333","1,32",9.0,13.503,,,,
kingston kvr16r11d4/16hb 16 gb,107.67,,,,,,Kingston,RAM,2025,,,"3,1600","1,16",11.0,13.75,,,,
kingston kvr16r11s4/8hb 8 gb,144.38,,,,,,Kingston,RAM,2025,,,"3,1600","1,8",11.0,13.75,,,,
patriot viper 4 16 gb,98.78,,,,,,Patriot,RAM,2025,,,"4,2666","4,4",15.0,11.253,,,,
patriot viper 4 32 gb,168.13,,,,,,Patriot,RAM,2025,,,"4,2666","4,8",15.0,11.253,,,,
adata adds1600w4g11-s 4 gb,21.82,,,,,,ADATA,RAM,2025,,,"3,1600","1,4",11.0,13.75,,,,
kingston kth-pl421/8g 8 gb,24.52,,,,,,Kingston,RAM,2025,,,"4,2133","1,8",15.0,14.065,,,,
kingston ktl-ts421/8g 8 gb,28.99,,,,,,Kingston,RAM,2025,,,"4,2133","1,8",15.0,14.065,,,,
crucial ct16g3ersld41339 16 gb,28.99,,,,,,Crucial,RAM,2025,,,"3,1333","1,16",9.0,13.503,,,,
crucial ct3kit51272bd160b 12 gb,130.22,,,,,,Crucial,RAM,2025,,,"3,1600","3,4",11.0,13.75,,,,
crucial ct8g3ersld41339 8 gb,23.24,,,,,,Crucial,RAM,2025,,,"3,1333","1,8",9.0,13.503,,,,
crucial ct8g3ersld8160b 8 gb,54.99,,,,,,Crucial,RAM,2025,,,"3,1600","1,8",11.0,13.75,,,,
crucial ct8g3erslq81067 8 gb,48.99,,,,,,Crucial,RAM,2025,,,"3,1066","1,8",7.0,13.133,,,,
crucial ct8g3ersls4160b 8 gb,24.99,,,,,,Crucial,RAM,2025,,,"3,1600","1,8",11.0,13.75,,,,
kingston kth-pl316s8/4g 4 gb,23.99,,,,,,Kingston,RAM,2025,,,"3,1600","1,4",11.0,13.75,,,,
kingston kvr16r11s8/4ef 4 gb,64.66,,,,,,Kingston,RAM,2025,,,"3,1600","1,4",11.0,13.75,,,,
kingston kvr16r11s8/4i 4 gb,28.99,,,,,,Kingston,RAM,2025,,,"3,1600","1,4",11.0,13.75,,,,
kingston kvr16r11s8/4kf 4 gb,20.95,,,,,,Kingston,RAM,2025,,,"3,1600","1,4",11.0,13.75,,,,
kingston kvr18r13d4/16 16 gb,91.93,,,,,,Kingston,RAM,2025,,,"3,1866","1,16",13.0,13.934,,,,
kingston kvr16r11d4k4/32 32 gb,149.0,,,,,,Kingston,RAM,2025,,,"3,1600","4,8",11.0,13.75,,,,
kingston kvr16r11d8/4hc 4 gb,29.95,,,,,,Kingston,RAM,2025,,,"3,1600","1,4",11.0,13.75,,,,
kingston kvr16r11d8/8i 8 gb,76.94,,,,,,Kingston,RAM,2025,,,"3,1600","1,8",11.0,13.75,,,,
kingston kvr16r11d8l/8 8 gb,59.99,,,,,,Kingston,RAM,2025,,,"3,1600","1,8",11.0,13.75,,,,
kingston kvr16r11s8/4 4 gb,19.5,,,,,,Kingston,RAM,2025,,,"3,1600","1,4",11.0,13.75,,,,
kingston kvr16r11d8/8kf 8 gb,57.98,,,,,,Kingston,RAM,2025,,,"3,1600","1,8",11.0,13.75,,,,
kingston kvr16r11d8k4/32i 32 gb,230.64,,,,,,Kingston,RAM,2025,,,"3,1600","4,8",11.0,13.75,,,,
kingston kvr16r11s4/8i 8 gb,42.74,,,,,,Kingston,RAM,2025,,,"3,1600","1,8",11.0,13.75,,,,
kingston kvr16r11s4/8 8 gb,47.8,,,,,,Kingston,RAM,2025,,,"3,1600","1,8",11.0,13.75,,,,
kingston kvr16r11d4/8hc 8 gb,29.44,,,,,,Kingston,RAM,2025,,,"3,1600","1,8",11.0,13.75,,,,
kingston kvr16r11d4/8 8 gb,18.97,,,,,,Kingston,RAM,2025,,,"3,1600","1,8",11.0,13.75,,,,
kingston kvr16lse11/8 8 gb,47.0,,,,,,Kingston,RAM,2025,,,"3,1600","1,8",11.0,13.75,,,,
kingston kvr16lr11s8/4 4 gb,56.38,,,,,,Kingston,RAM,2025,,,"3,1600","1,4",11.0,13.75,,,,
kingston kvr16lr11d8k4/32i 32 gb,199.99,,,,,,Kingston,RAM,2025,,,"3,1600","4,8",11.0,13.75,,,,
kingston kvr16lr11d4/16 16 gb,22.55,,,,,,Kingston,RAM,2025,,,"3,1600","1,16",11.0,13.75,,,,
kingston kvr16le11s8/4kf 4 gb,32.58,,,,,,Kingston,RAM,2025,,,"3,1600","1,4",11.0,13.75,,,,
kingston kvr16le11s8/4 4 gb,45.43,,,,,,Kingston,RAM,2025,,,"3,1600","1,4",11.0,13.75,,,,
kingston kvr16le11l/8 8 gb,58.88,,,,,,Kingston,RAM,2025,,,"3,1600","1,8",11.0,13.75,,,,
kingston ktm-sx316s/8g 8 gb,54.37,,,,,,Kingston,RAM,2025,,,"3,1600","1,8",11.0,13.75,,,,
kingston kvr1066d3s8e7s/2g 2 gb,19.98,,,,,,Kingston,RAM,2025,,,"3,1066","1,2",7.0,13.133,,,,
kingston kvr1333d3d4r9s/4ged 4 gb,29.08,,,,,,Kingston,RAM,2025,,,"3,1333","1,4",9.0,13.503,,,,
kingston kvr1333d3d4r9s/8g 8 gb,39.9,,,,,,Kingston,RAM,2025,,,"3,1333","1,8",9.0,13.503,,,,
kingston kvr1333d3d4r9sk2/16g 16 gb,74.5,,,,,,Kingston,RAM,2025,,,"3,1333","2,8",9.0,13.503,,,,
kingston kvr1333d3e9s/8g 8 gb,39.07,,,,,,Kingston,RAM,2025,,,"3,1333","1,8",9.0,13.503,,,,
kingston kvr1333d3e9sk2/8g 8 gb,29.37,,,,,,Kingston,RAM,2025,,,"3,1333","2,4",9.0,13.503,,,,
kingston kvr1333d3e9sk3/24g 24 gb,104.99,,,,,,Kingston,RAM,2025,,,"3,1333","3,8",9.0,13.503,,,,
kingston kvr1333d3q8r9s/8g 8 gb,28.95,,,,,,Kingston,RAM,2025,,,"3,1333","1,8",9.0,13.503,,,,
kingston kvr1333d3s8r9s/2g 2 gb,11.99,,,,,,Kingston,RAM,2025,,,"3,1333","1,2",9.0,13.503,,,,
kingston kvr13e9/2i 2 gb,43.61,,,,,,Kingston,RAM,2025,,,"3,1333","1,2",9.0,13.503,,,,
kingston kvr13e9/4i 4 gb,28.99,,,,,,Kingston,RAM,2025,,,"3,1333","1,4",9.0,13.503,,,,
kingston kvr13e9/8i 8 gb,60.97,,,,,,Kingston,RAM,2025,,,"3,1333","1,8",9.0,13.503,,,,
kingston kvr13le9s8/4ef 4 gb,28.99,,,,,,Kingston,RAM,2025,,,"3,1333","1,4",9.0,13.503,,,,
kingston kvr13lr9d4/16 16 gb,39.99,,,,,,Kingston,RAM,2025,,,"3,1333","1,16",9.0,13.503,,,,
kingston kvr13lr9d4/16ha 16 gb,48.99,,,,,,Kingston,RAM,2025,,,"3,1333","1,16",9.0,13.503,,,,
kingston kvr13lr9d4/16i 16 gb,43.83,,,,,,Kingston,RAM,2025,,,"3,1333","1,16",9.0,13.503,,,,
kingston kvr13lr9s4/8 8 gb,24.99,,,,,,Kingston,RAM,2025,,,"3,1333","1,8",9.0,13.503,,,,
kingston kvr13lr9s4/8ha 8 gb,28.99,,,,,,Kingston,RAM,2025,,,"3,1333","1,8",9.0,13.503,,,,
kingston kvr13lse9/8 8 gb,120.0,,,,,,Kingston,RAM,2025,,,"3,1333","1,8",9.0,13.503,,,,
kingston kvr13r9d4/16 16 gb,32.93,,,,,,Kingston,RAM,2025,,,"3,1333","1,16",9.0,13.503,,,,
kingston kvr13r9d4/16i 16 gb,44.99,,,,,,Kingston,RAM,2025,,,"3,1333","1,16",9.0,13.503,,,,
kingston kvr13r9d4/8i 8 gb,44.6,,,,,,Kingston,RAM,2025,,,"3,1333","1,8",9.0,13.503,,,,
kingston kvr13r9d4k3/48 48 gb,98.99,,,,,,Kingston,RAM,2025,,,"3,1333","3,16",9.0,13.503,,,,
kingston kvr13r9d4k3/48i 48 gb,98.99,,,,,,Kingston,RAM,2025,,,"3,1333","3,16",9.0,13.503,,,,
kingston kvr13r9d8/8 8 gb,59.81,,,,,,Kingston,RAM,2025,,,"3,1333","1,8",9.0,13.503,,,,
kingston kvr13r9s4/4i 4 gb,15.33,,,,,,Kingston,RAM,2025,,,"3,1333","1,4",9.0,13.503,,,,
kingston kvr16e11/4 4 gb,29.93,,,,,,Kingston,RAM,2025,,,"3,1600","1,4",11.0,13.75,,,,
kingston kvr16e11/8i 8 gb,45.0,,,,,,Kingston,RAM,2025,,,"3,1600","1,8",11.0,13.75,,,,
mushkin proline 8 gb,29.78,,,,,,Mushkin,RAM,2025,,,"3,1333","1,8",9.0,13.503,,,,
mushkin proline 16 gb,73.67,,,,,,Mushkin,RAM,2025,,,"3,1333","1,16",9.0,13.503,,,,
mushkin proline 16 gb,47.23,,,,,,Mushkin,RAM,2025,,,"3,1333","1,16",9.0,13.503,,,,
mushkin proline 8 gb,47.99,,,,,,Mushkin,RAM,2025,,,"3,1866","1,8",13.0,13.934,,,,
crucial ct102472bd1339 8 gb,34.99,,,,,,Crucial,RAM,2025,,,"3,1333","1,8",9.0,13.503,,,,
crucial ct8g4rfd8213 8 gb,26.99,,,,,,Crucial,RAM,2025,,,"4,2133","1,8",15.0,14.065,,,,
mushkin essentials 8 gb,17.36,,,,,,Mushkin,RAM,2025,,,"3,1600","1,8",11.0,13.75,,,,
kingston kvr16lr11s8/4hb 4 gb,51.88,,,,,,Kingston,RAM,2025,,,"3,1600","1,4",11.0,13.75,,,,
kingston kvr16r11s8/4hb 4 gb,19.98,,,,,,Kingston,RAM,2025,,,"3,1600","1,4",11.0,13.75,,,,
pny anarchy 8 gb,107.27,,,,,,PNY,RAM,2025,,,"3,2800","2,4",12.0,8.571,,,,
mushkin essentials 4 gb,23.99,,,,,,Mushkin,RAM,2025,,,"4,2133","1,4",15.0,14.065,,,,
pny anarchy 4 gb,29.99,,,,,,PNY,RAM,2025,,,"4,2133","1,4",15.0,14.065,,,,
kingston kvr16r11d8k3/24i 24 gb,171.48,,,,,,Kingston,RAM,2025,,,"3,1600","3,8",11.0,13.75,,,,
g.skill ripjaws 8 gb,38.27,,,,,,G.Skill,RAM,2025,,,"4,2133","1,8",15.0,14.065,,,,
g.skill ripjaws 4 gb,17.24,,,,,,G.Skill,RAM,2025,,,"4,2400","1,4",16.0,13.333,,,,
g.skill ripjaws 16 gb,78.0,,,,,,G.Skill,RAM,2025,,,"4,2666","1,16",18.0,13.503,,,,
crucial ct2kit25664ba160bj 4 gb,34.99,,,,,,Crucial,RAM,2025,,,"3,1600","2,2",11.0,13.75,,,,
kingston valueram 16 gb,58.95,,,,,,Kingston,RAM,2025,,,"4,2133","1,16",15.0,14.065,,,,
kingston valueram 16 gb,48.99,,,,,,Kingston,RAM,2025,,,"4,2133","1,16",15.0,14.065,,,,
kingston valueram 8 gb,34.76,,,,,,Kingston,RAM,2025,,,"4,2133","1,8",15.0,14.065,,,,
kingston kvr21r15s4/8i 8 gb,39.99,,,,,,Kingston,RAM,2025,,,"4,2133","1,8",15.0,14.065,,,,
g.skill trident z 64 gb,478.0,,,,,,G.Skill,RAM,2025,,,"4,3200","8,8",14.0,8.75,,,,
g.skill fortis 32 gb,115.0,,,,,,G.Skill,RAM,2025,,,"4,2400","4,8",16.0,13.333,,,,
kingston impact 32 gb,199.99,,,,,,Kingston,RAM,2025,,,"4,2400","4,8",15.0,12.5,,,,
kingston valueram 16 gb,74.93,,,,,,Kingston,RAM,2025,,,"4,2133","1,16",15.0,14.065,,,,
mushkin essentials 8 gb,29.99,,,,,,Mushkin,RAM,2025,,,"4,2133","2,4",15.0,14.065,,,,
kingston kcp316sd8/8 8 gb,19.0,,,,,,Kingston,RAM,2025,,,"3,1600","1,8",11.0,13.75,,,,
g.skill ripjaws 16 gb,154.07,,,,,,G.Skill,RAM,2025,,,"4,3000","2,8",16.0,10.667,,,,
kingston kvr24r17s8/8ma 8 gb,76.0,,,,,,Kingston,RAM,2025,,,"4,2400","1,8",17.0,14.167,,,,
g.skill sniper x 32 gb,177.52,,,,,,G.Skill,RAM,2025,,,"4,3200","4,8",16.0,10.0,,,,
crucial ct8g4rfs424a 8 gb,28.99,,,,,,Crucial,RAM,2025,,,"4,2400","1,8",17.0,14.167,,,,
kingston ksm24rs4/16hai 16 gb,68.98,,,,,,Kingston,RAM,2025,,,"4,2400","1,16",17.0,14.167,,,,
mushkin essentials 32 gb,125.33,,,,,,Mushkin,RAM,2025,,,"4,2400","2,16",17.0,14.167,,,,
patriot signature line 16 gb,50.3,,,,,,Patriot,RAM,2025,,,"4,2133","1,16",15.0,14.065,,,,
v7 v7192008gbs 8 gb,34.93,,,,,,V7,RAM,2025,,,"4,2400","1,8",17.0,14.167,,,,
kingston valueram 8 gb,40.47,,,,,,Kingston,RAM,2025,,,"4,2400","1,8",17.0,14.167,,,,
crucial ct102464bf186d 8 gb,26.49,,,,,,Crucial,RAM,2025,,,"3,1866","1,8",13.0,13.934,,,,
crucial ct25664bd160bj 2 gb,19.98,,,,,,Crucial,RAM,2025,,,"3,1600","1,2",11.0,13.75,,,,
crucial ct2k8g3ersls4160b 16 gb,188.73,,,,,,Crucial,RAM,2025,,,"3,1600","2,8",11.0,13.75,,,,
crucial ct8g3ersdd8186d 8 gb,38.99,,,,,,Crucial,RAM,2025,,,"3,1866","1,8",13.0,13.934,,,,
patriot signature line 4 gb,48.44,,,,,,Patriot,RAM,2025,,,"3,1600","1,4",11.0,13.75,,,,
crucial ct102472bf160b 8 gb,44.99,,,,,,Crucial,RAM,2025,,,"3,1600","1,8",11.0,13.75,,,,
crucial ct16g4wfd824a 16 gb,72.98,,,,,,Crucial,RAM,2025,,,"4,2400","1,16",17.0,14.167,,,,
kingston kth-pl426/16g 16 gb,103.5,,,,,,Kingston,RAM,2025,,,"4,2666","1,16",19.0,14.254,,,,
kingston kth-pl426s8/8g 8 gb,54.99,,,,,,Kingston,RAM,2025,,,"4,2666","1,8",19.0,14.254,,,,
kingston kcs-uc426/16g 16 gb,83.99,,,,,,Kingston,RAM,2025,,,"4,2666","1,16",19.0,14.254,,,,
crucial ct8g4rfs824a 8 gb,28.99,,,,,,Crucial,RAM,2025,,,"4,2400","1,8",17.0,14.167,,,,
g.skill sniper x 32 gb,198.0,,,,,,G.Skill,RAM,2025,,,"4,3600","4,8",19.0,10.556,,,,
crucial ct4g4rfs8266 4 gb,25.4,,,,,,Crucial,RAM,2025,,,"4,2666","1,4",19.0,14.254,,,,
corsair cmsx4gx4m1a2400c16 4 gb,21.45,,,,,,Corsair,RAM,2025,,,"4,2400","1,4",16.0,13.333,,,,
kingston valueram 16 gb,47.4,,,,,,Kingston,RAM,2025,,,"4,2400","1,16",17.0,14.167,,,,
kingston kcp424ss8/8 8 gb,27.0,,,,,,Kingston,RAM,2025,,,"4,2400","1,8",17.0,14.167,,,,
mushkin essentials 32 gb,104.0,,,,,,Mushkin,RAM,2025,,,"4,2666","1,32",19.0,14.254,,,,
mushkin redline 16 gb,137.56,,,,,,Mushkin,RAM,2025,,,"4,3466","2,8",18.0,10.387,,,,
kingston kcp426ss6/4 4 gb,35.49,,,,,,Kingston,RAM,2025,,,"4,2666","1,4",17.0,12.753,,,,
thermaltake toughram 16 gb,134.56,,,,,,Thermaltake,RAM,2025,,,"4,4000","2,8",19.0,9.5,,,,
thermaltake toughram 16 gb,134.56,,,,,,Thermaltake,RAM,2025,,,"4,4000","2,8",19.0,9.5,,,,
pny performance 8 gb,37.98,,,,,,PNY,RAM,2025,,,"4,2666","1,8",19.0,14.254,,,,
kingston ksm26rs8/16mei 16 gb,238.0,,,,,,Kingston,RAM,2025,,,"4,2666","1,16",19.0,14.254,,,,
kingston server premier 16 gb,91.31,,,,,,Kingston,RAM,2025,,,"4,2666","1,16",19.0,14.254,,,,
kingston server premier 16 gb,87.79,,,,,,Kingston,RAM,2025,,,"4,2666","1,16",19.0,14.254,,,,
kingston server premier 32 gb,139.99,,,,,,Kingston,RAM,2025,,,"4,2666","1,32",19.0,14.254,,,,
kingston server premier 32 gb,211.85,,,,,,Kingston,RAM,2025,,,"4,2666","1,32",19.0,14.254,,,,
kingston server premier 32 gb,128.99,,,,,,Kingston,RAM,2025,,,"4,2666","1,32",19.0,14.254,,,,
kingston server premier 32 gb,119.99,,,,,,Kingston,RAM,2025,,,"4,2666","1,32",19.0,14.254,,,,
kingston server premier 16 gb,88.39,,,,,,Kingston,RAM,2025,,,"4,2666","1,16",19.0,14.254,,,,
kingston server premier 16 gb,118.88,,,,,,Kingston,RAM,2025,,,"4,2666","1,16",19.0,14.254,,,,
kingston server premier 16 gb,89.99,,,,,,Kingston,RAM,2025,,,"4,2666","1,16",19.0,14.254,,,,
kingston server premier 16 gb,74.98,,,,,,Kingston,RAM,2025,,,"4,2666","1,16",19.0,14.254,,,,
kingston server premier 16 gb,256.0,,,,,,Kingston,RAM,2025,,,"4,2666","1,16",19.0,14.254,,,,
kingston server premier 8 gb,57.29,,,,,,Kingston,RAM,2025,,,"4,2666","1,8",19.0,14.254,,,,
kingston server premier 32 gb,189.99,,,,,,Kingston,RAM,2025,,,"4,2933","1,32",21.0,14.32,,,,
kingston server premier 16 gb,89.12,,,,,,Kingston,RAM,2025,,,"4,3200","1,16",22.0,13.75,,,,
kingston server premier 16 gb,118.9,,,,,,Kingston,RAM,2025,,,"4,3200","1,16",22.0,13.75,,,,
kingston server premier 16 gb,105.99,,,,,,Kingston,RAM,2025,,,"4,3200","1,16",22.0,13.75,,,,
kingston server premier 16 gb,100.99,,,,,,Kingston,RAM,2025,,,"4,3200","1,16",22.0,13.75,,,,
kingston server premier 32 gb,214.05,,,,,,Kingston,RAM,2025,,,"4,3200","1,32",22.0,13.75,,,,
kingston server premier 32 gb,114.98,,,,,,Kingston,RAM,2025,,,"4,3200","1,32",22.0,13.75,,,,
kingston server premier 32 gb,149.77,,,,,,Kingston,RAM,2025,,,"4,3200","1,32",22.0,13.75,,,,
kingston valueram 32 gb,92.94,,,,,,Kingston,RAM,2025,,,"5,4800","1,32",40.0,16.667,,,,
kingston valueram 64 gb,239.81,,,,,,Kingston,RAM,2025,,,"5,4800","2,32",40.0,16.667,,,,
kingston valueram 16 gb,54.27,,,,,,Kingston,RAM,2025,,,"4,2666","1,16",19.0,14.254,,,,
kingston valueram 8 gb,39.0,,,,,,Kingston,RAM,2025,,,"4,2666","1,8",19.0,14.254,,,,
mushkin redline 32 gb,179.99,,,,,,Mushkin,RAM,2025,,,"4,2800","2,16",17.0,12.143,,,,
mushkin redline 32 gb,90.99,,,,,,Mushkin,RAM,2025,,,"4,2666","2,16",19.0,14.254,,,,
mushkin redline 32 gb,270.52,,,,,,Mushkin,RAM,2025,,,"4,3200","2,16",16.0,10.0,,,,
mushkin redline 32 gb,232.32,,,,,,Mushkin,RAM,2025,,,"4,2800","2,16",17.0,12.143,,,,
mushkin redline 16 gb,64.66,,,,,,Mushkin,RAM,2025,,,"4,2666","2,8",16.0,12.003,,,,
mushkin silverline 4 gb,32.47,,,,,,Mushkin,RAM,2025,,,"4,2133","1,4",15.0,14.065,,,,
mushkin silverline 8 gb,75.73,,,,,,Mushkin,RAM,2025,,,"4,2133","2,4",15.0,14.065,,,,
mushkin silverline 8 gb,41.74,,,,,,Mushkin,RAM,2025,,,"4,2400","1,8",17.0,14.167,,,,
mushkin proline 8 gb,44.09,,,,,,Mushkin,RAM,2025,,,"4,2133","1,8",15.0,14.065,,,,
g.skill f4-3200c16q-64gtzsk 64 gb,329.0,,,,,,G.Skill,RAM,2025,,,"4,3200","4,16",16.0,10.0,,,,
g.skill f4-3600c16q2-64gtzsw 64 gb,437.08,,,,,,G.Skill,RAM,2025,,,"4,3600","8,8",16.0,8.889,,,,
kingston fury renegade 16 gb,95.16,,,,,,Kingston,RAM,2025,,,"5,6400","1,16",32.0,10.0,,,,
corsair dominator platinum rgb 16 gb,95.99,,,,,,Corsair,RAM,2025,,,"4,3600","2,8",18.0,10.0,,,,
patriot signature line 16 gb,39.99,,,,,,Patriot,RAM,2025,,,"4,2666","1,16",19.0,14.254,,,,
kingston valueram 16 gb,74.98,,,,,,Kingston,RAM,2025,,,"4,2133","1,16",15.0,14.065,,,,
silicon power sp016gbsvu560f02 16 gb,59.42,,,,,,Silicon,RAM,2025,,,"5,5600","1,16",46.0,16.429,,,,
mushkin mes4s266kf8gx2 16 gb,62.17,,,,,,Mushkin,RAM,2025,,,"4,2666","2,8",19.0,14.254,,,,
mushkin mes4s266kf8g 8 gb,37.01,,,,,,Mushkin,RAM,2025,,,"4,2666","1,8",19.0,14.254,,,,
mushkin mes4s266kf16g 16 gb,40.75,,,,,,Mushkin,RAM,2025,,,"4,2666","1,16",19.0,14.254,,,,
mushkin mes4s240hf8g 8 gb,22.76,,,,,,Mushkin,RAM,2025,,,"4,2400","1,8",17.0,14.167,,,,
mushkin mes4s266kf4g 4 gb,36.17,,,,,,Mushkin,RAM,2025,,,"4,2666","1,4",19.0,14.254,,,,
mushkin mes4s266kf4gx2 8 gb,42.44,,,,,,Mushkin,RAM,2025,,,"4,2666","2,4",19.0,14.254,,,,
mushkin mes4s240hf4gx2 8 gb,85.29,,,,,,Mushkin,RAM,2025,,,"4,2400","2,4",17.0,14.167,,,,
mushkin mes4s240hf4g 4 gb,16.93,,,,,,Mushkin,RAM,2025,,,"4,2400","1,4",17.0,14.167,,,,
mushkin mes4s240hf16g 16 gb,33.56,,,,,,Mushkin,RAM,2025,,,"4,2400","1,16",17.0,14.167,,,,
teamgroup t-create master 128 gb,1099.99,,,,,,TEAMGROUP,RAM,2025,,,"5,6800","8,16",34.0,10.0,,,,
v-color tra516g56s836q 64 gb,455.99,,,,,,V-Color,RAM,2025,,,"5,5600","4,16",36.0,12.857,,,,
v-color tra516g66s834q 64 gb,599.99,,,,,,V-Color,RAM,2025,,,"5,6600","4,16",34.0,10.303,,,,
v-color tra516g68s834q 64 gb,671.99,,,,,,V-Color,RAM,2025,,,"5,6800","4,16",34.0,10.0,,,,
v-color tra516g76s838q 64 gb,879.99,,,,,,V-Color,RAM,2025,,,"5,7600","4,16",38.0,10.0,,,,
v-color tra524g66s834q 96 gb,791.99,,,,,,V-Color,RAM,2025,,,"5,6600","4,24",34.0,10.303,,,,
v-color tra524g68s834q 96 gb,863.99,,,,,,V-Color,RAM,2025,,,"5,6800","4,24",34.0,10.0,,,,
v-color tra524g70s834r3q 96 gb,959.99,,,,,,V-Color,RAM,2025,,,"5,7000","4,24",34.0,9.714,,,,
v-color tra524g72s834r3q 96 gb,1055.99,,,,,,V-Color,RAM,2025,,,"5,7200","4,24",34.0,9.444,,,,
kingston fury renegade pro 128 gb,990.0,,,,,,Kingston,RAM,2025,,,"5,4800","8,16",36.0,15.0,,,,
kingston fury renegade pro 256 gb,1729.0,,,,,,Kingston,RAM,2025,,,"5,6000","8,32",32.0,10.667,,,,
v-color tra516g60s832o 128 gb,1017.99,,,,,,V-Color,RAM,2025,,,"5,6000","8,16",32.0,10.667,,,,
v-color tra516g64s832o 128 gb,1093.99,,,,,,V-Color,RAM,2025,,,"5,6400","8,16",32.0,10.0,,,,
v-color tra516g66s834o 128 gb,1199.99,,,,,,V-Color,RAM,2025,,,"5,6600","8,16",34.0,10.303,,,,
v-color tra516g68s834o 128 gb,1333.99,,,,,,V-Color,RAM,2025,,,"5,6800","8,16",34.0,10.0,,,,
v-color tra516g70s834o 128 gb,1477.99,,,,,,V-Color,RAM,2025,,,"5,7000","8,16",34.0,9.714,,,,
v-color tra524g60s832o 192 gb,1333.99,,,,,,V-Color,RAM,2025,,,"5,6000","8,24",32.0,10.667,,,,
v-color tra524g66s834o 192 gb,1573.99,,,,,,V-Color,RAM,2025,,,"5,6600","8,24",34.0,10.303,,,,
v-color tra524g68s834o 192 gb,1717.99,,,,,,V-Color,RAM,2025,,,"5,6800","8,24",34.0,10.0,,,,
v-color tra532g56s436o 256 gb,1581.99,,,,,,V-Color,RAM,2025,,,"5,5600","8,32",36.0,12.857,,,,
v-color tra532g62d832o 256 gb,1909.99,,,,,,V-Color,RAM,2025,,,"5,6200","8,32",34.0,10.968,,,,
v-color tra532g64d832o 256 gb,2101.99,,,,,,V-Color,RAM,2025,,,"5,6400","8,32",32.0,10.0,,,,
samsung 990 pro,149.99,,,,,,Samsung,Storage,2025,,,,,,,2000.0,SSD,M.2-2280,M.2 PCIe 4.0 X4
crucial p3 plus,56.95,,,,,,Crucial,Storage,2025,,,,,,,1000.0,SSD,M.2-2280,M.2 PCIe 4.0 X4
crucial p3 plus,113.95,,,,,,Crucial,Storage,2025,,,,,,,2000.0,SSD,M.2-2280,M.2 PCIe 4.0 X4
samsung 990 pro,299.99,,,,,,Samsung,Storage,2025,,,,,,,4000.0,SSD,M.2-2280,M.2 PCIe 4.0 X4
kingston nv3,58.0,,,,,,Kingston,Storage,2025,,,,,,,1000.0,SSD,M.2-2280,M.2 PCIe 4.0 X4
samsung 990 pro,99.99,,,,,,Samsung,Storage,2025,,,,,,,1000.0,SSD,M.2-2280,M.2 PCIe 4.0 X4
samsung 990 evo plus,129.99,,,,,,Samsung,Storage,2025,,,,,,,2000.0,SSD,M.2-2280,M.2 PCIe 5.0 X2
western digital wd_black sn850x,154.54,,,,,,Western,Storage,2025,,,,,,,2000.0,SSD,M.2-2280,M.2 PCIe 4.0 X4
silicon power ud90,92.97,,,,,,Silicon,Storage,2025,,,,,,,2000.0,SSD,M.2-2280,M.2 PCIe 4.0 X4
samsung 9100 pro,429.99,,,,,,Samsung,Storage,2025,,,,,,,4000.0,SSD,M.2-2280,M.2 PCIe 5.0 X4
samsung 990 evo plus,74.98,,,,,,Samsung,Storage,2025,,,,,,,1000.0,SSD,M.2-2280,M.2 PCIe 5.0 X2
seagate barracuda compute,66.99,,,,,,Seagate,Storage,2025,,,,,,,2000.0,7200,3.5,SATA 6.0 Gb/s
klevv cras c910,57.99,,,,,,Klevv,Storage,2025,,,,,,,1000.0,SSD,M.2-2280,M.2 PCIe 4.0 X4
western digital black sn770,77.98,,,,,,Western,Storage,2025,,,,,,,1000.0,SSD,M.2-2280,M.2 PCIe 4.0 X4
crucial p3 plus,44.99,,,,,,Crucial,Storage,2025,,,,,,,500.0,SSD,M.2-2280,M.2 PCIe 4.0 X4
western digital black sn770,124.99,,,,,,Western,Storage,2025,,,,,,,2000.0,SSD,M.2-2280,M.2 PCIe 4.0 X4
samsung 870 evo,92.9,,,,,,Samsung,Storage,2025,,,,,,,1000.0,SSD,2.5,SATA 6.0 Gb/s
western digital wd_black sn850x,599.5,,,,,,Western,Storage,2025,,,,,,,8000.0,SSD,M.2-2280,M.2 PCIe 4.0 X4
western digital wd_black sn850x,268.35,,,,,,Western,Storage,2025,,,,,,,4000.0,SSD,M.2-2280,M.2 PCIe 4.0 X4
samsung 9100 pro,229.99,,,,,,Samsung,Storage,2025,,,,,,,2000.0,SSD,M.2-2280,M.2 PCIe 5.0 X4
kingston nv3,114.5,,,,,,Kingston,Storage,2025,,,,,,,2000.0,SSD,M.2-2280,M.2 PCIe 4.0 X4
crucial p3 plus,211.45,,,,,,Crucial,Storage,2025,,,,,,,4000.0,SSD,M.2-2280,M.2 PCIe 4.0 X4
western digital wd_black sn850x,91.69,,,,,,Western,Storage,2025,,,,,,,1000.0,SSD,M.2-2280,M.2 PCIe 4.0 X4
silicon power ud90,51.99,,,,,,Silicon,Storage,2025,,,,,,,1000.0,SSD,M.2-2280,M.2 PCIe 4.0 X4
western digital blue sn580,64.99,,,,,,Western,Storage,2025,,,,,,,1000.0,SSD,M.2-2280,M.2 PCIe 4.0 X4
samsung 990 evo plus,249.99,,,,,,Samsung,Storage,2025,,,,,,,4000.0,SSD,M.2-2280,M.2 PCIe 5.0 X2
klevv cras c910,103.99,,,,,,Klevv,Storage,2025,,,,,,,2000.0,SSD,M.2-2280,M.2 PCIe 4.0 X4
seagate ironwolf pro,479.99,,,,,,Seagate,Storage,2025,,,,,,,24000.0,7200,3.5,SATA 6.0 Gb/s
teamgroup mp44l,57.99,,,,,,TEAMGROUP,Storage,2025,,,,,,,1000.0,SSD,M.2-2280,M.2 PCIe 4.0 X4
intel ssdpedmd020t401,3937.0,,,,,,Intel,Storage,2025,,,,,,,2000.0,SSD,PCIe,PCIe x4
sk hynix platinum p41,114.99,,,,,,SK,Storage,2025,,,,,,,2000.0,SSD,M.2-2280,M.2 PCIe 4.0 X4
seagate barracuda,74.99,,,,,,Seagate,Storage,2025,,,,,,,4000.0,5400,3.5,SATA 6.0 Gb/s
samsung 980 pro,184.95,,,,,,Samsung,Storage,2025,,,,,,,2000.0,SSD,M.2-2280,M.2 PCIe 4.0 X4
samsung 970 evo plus,134.0,,,,,,Samsung,Storage,2025,,,,,,,1000.0,SSD,M.2-2280,M.2 PCIe 3.0 X4
patriot p300,33.99,,,,,,Patriot,Storage,2025,,,,,,,512.0,SSD,M.2-2280,M.2 PCIe 3.0 X4
western digital caviar blue,42.99,,,,,,Western,Storage,2025,,,,,,,1000.0,7200,3.5,SATA 6.0 Gb/s
samsung 870 evo,265.0,,,,,,Samsung,Storage,2025,,,,,,,4000.0,SSD,2.5,SATA 6.0 Gb/s
crucial t500,124.99,,,,,,Crucial,Storage,2025,,,,,,,2000.0,SSD,M.2-2280,M.2 PCIe 4.0 X4
teamgroup mp33,54.99,,,,,,TEAMGROUP,Storage,2025,,,,,,,1000.0,SSD,M.2-2280,M.2 PCIe 3.0 X4
western digital blue sn580,114.99,,,,,,Western,Storage,2025,,,,,,,2000.0,SSD,M.2-2280,M.2 PCIe 4.0 X4
samsung 980 pro,140.0,,,,,,Samsung,Storage,2025,,,,,,,1000.0,SSD,M.2-2280,M.2 PCIe 4.0 X4
crucial p310,64.99,,,,,,Crucial,Storage,2025,,,,,,,1000.0,SSD,M.2-2280,M.2 PCIe 4.0 X4
kingston nv2,65.77,,,,,,Kingston,Storage,2025,,,,,,,1000.0,SSD,M.2-2280,M.2 PCIe 4.0 X4
mushkin source hc,3033.0,,,,,,Mushkin,Storage,2025,,,,,,,16000.0,SSD,2.5,SATA 6.0 Gb/s
sabrent rocket 4 plus,1058.89,,,,,,Sabrent,Storage,2025,,,,,,,8000.0,SSD,M.2-2280,M.2 PCIe 4.0 X4
teamgroup mp44l,105.99,,,,,,TEAMGROUP,Storage,2025,,,,,,,2000.0,SSD,M.2-2280,M.2 PCIe 4.0 X4
seagate barracuda compute,130.0,,,,,,Seagate,Storage,2025,,,,,,,8000.0,5400,3.5,SATA 6.0 Gb/s
samsung 870 evo,168.74,,,,,,Samsung,Storage,2025,,,,,,,2000.0,SSD,2.5,SATA 6.0 Gb/s
samsung 9100 pro,154.99,,,,,,Samsung,Storage,2025,,,,,,,1000.0,SSD,M.2-2280,M.2 PCIe 5.0 X4
lexar nm790,124.99,,,,,,Lexar,Storage,2025,,,,,,,2000.0,SSD,M.2-2280,M.2 PCIe 4.0 X4
crucial t705,199.99,,,,,,Crucial,Storage,2025,,,,,,,2000.0,SSD,M.2-2280,M.2 PCIe 5.0 X4
western digital wd blue sn5000,59.79,,,,,,Western,Storage,2025,,,,,,,1000.0,SSD,M.2-2280,M.2 PCIe 4.0 X4
western digital wd_black sn7100,129.99,,,,,,Western,Storage,2025,,,,,,,2000.0,SSD,M.2-2280,M.2 PCIe 4.0 X4
kingston nv3,38.99,,,,,,Kingston,Storage,2025,,,,,,,500.0,SSD,M.2-2280,M.2 PCIe 4.0 X4
samsung 870 evo,54.99,,,,,,Samsung,Storage,2025,,,,,,,500.0,SSD,2.5,SATA 6.0 Gb/s
kingston kc3000,161.9,,,,,,Kingston,Storage,2025,,,,,,,2048.0,SSD,M.2-2280,M.2 PCIe 4.0 X4
msi spatium m461,89.99,,,,,,MSI,Storage,2025,,,,,,,2000.0,SSD,M.2-2280,M.2 PCIe 4.0 X4
samsung 970 evo plus,79.99,,,,,,Samsung,Storage,2025,,,,,,,500.0,SSD,M.2-2280,M.2 PCIe 3.0 X4
pny cs1030,49.99,,,,,,PNY,Storage,2025,,,,,,,1000.0,SSD,M.2-2280,M.2 PCIe 3.0 X4
crucial p310,112.49,,,,,,Crucial,Storage,2025,,,,,,,2000.0,SSD,M.2-2280,M.2 PCIe 4.0 X4
samsung 870 qvo,629.99,,,,,,Samsung,Storage,2025,,,,,,,8000.0,SSD,2.5,SATA 6.0 Gb/s
western digital wd_black sn7100,73.0,,,,,,Western,Storage,2025,,,,,,,1000.0,SSD,M.2-2280,M.2 PCIe 4.0 X4
crucial p3,69.38,,,,,,Crucial,Storage,2025,,,,,,,1000.0,SSD,M.2-2280,M.2 PCIe 3.0 X4
patriot burst elite,12.49,,,,,,Patriot,Storage,2025,,,,,,,120.0,SSD,2.5,SATA 6.0 Gb/s
acer predator gm7000,124.99,,,,,,Acer,Storage,2025,,,,,,,2000.0,SSD,M.2-2280,M.2 PCIe 4.0 X4
western digital blue,64.98,,,,,,Western,Storage,2025,,,,,,,2000.0,7200,3.5,SATA 6.0 Gb/s
kingston fury renegade,154.0,,,,,,Kingston,Storage,2025,,,,,,,2000.0,SSD,M.2-2280,M.2 PCIe 4.0 X4
seagate barracuda,54.59,,,,,,Seagate,Storage,2025,,,,,,,1000.0,7200,3.5,SATA 6.0 Gb/s
crucial bx500,66.98,,,,,,Crucial,Storage,2025,,,,,,,1000.0,SSD,2.5,SATA 6.0 Gb/s
western digital wd_black sn8100,464.99,,,,,,Western,Storage,2025,,,,,,,4000.0,SSD,M.2-2280,M.2 PCIe 5.0 X4
western digital wd green sn3000,67.99,,,,,,Western,Storage,2025,,,,,,,1000.0,SSD,M.2-2280,M.2 PCIe 4.0 X4
teamgroup t-force g50,57.99,,,,,,TEAMGROUP,Storage,2025,,,,,,,1000.0,SSD,M.2-2280,M.2 PCIe 4.0 X4
samsung 970 evo plus,189.95,,,,,,Samsung,Storage,2025,,,,,,,2000.0,SSD,M.2-2280,M.2 PCIe 3.0 X4
samsung 990 pro w/heatsink,159.99,,,,,,Samsung,Storage,2025,,,,,,,2000.0,SSD,M.2-2280,M.2 PCIe 4.0 X4
lexar nm790,67.99,,,,,,Lexar,Storage,2025,,,,,,,1000.0,SSD,M.2-2280,M.2 PCIe 4.0 X4
samsung 990 evo,129.99,,,,,,Samsung,Storage,2025,,,,,,,2000.0,SSD,M.2-2280,M.2 PCIe 5.0 X2
western digital wd_black sn8100,224.99,,,,,,Western,Storage,2025,,,,,,,2000.0,SSD,M.2-2280,M.2 PCIe 5.0 X4
samsung 980,106.9,,,,,,Samsung,Storage,2025,,,,,,,1000.0,SSD,M.2-2280,M.2 PCIe 3.0 X4
crucial t705,389.99,,,,,,Crucial,Storage,2025,,,,,,,4000.0,SSD,M.2-2280,M.2 PCIe 5.0 X4
crucial t500,75.19,,,,,,Crucial,Storage,2025,,,,,,,1000.0,SSD,M.2-2280,M.2 PCIe 4.0 X4
patriot p300,23.49,,,,,,Patriot,Storage,2025,,,,,,,256.0,SSD,M.2-2280,M.2 PCIe 3.0 X4
patriot viper vp4300 lite,103.98,,,,,,Patriot,Storage,2025,,,,,,,2000.0,SSD,M.2-2280,M.2 PCIe 4.0 X4
kingston a400,24.99,,,,,,Kingston,Storage,2025,,,,,,,240.0,SSD,2.5,SATA 6.0 Gb/s
teamgroup mp33,34.99,,,,,,TEAMGROUP,Storage,2025,,,,,,,512.0,SSD,M.2-2280,M.2 PCIe 3.0 X4
teamgroup t-force g50,104.99,,,,,,TEAMGROUP,Storage,2025,,,,,,,2000.0,SSD,M.2-2280,M.2 PCIe 4.0 X4
samsung 990 evo,74.98,,,,,,Samsung,Storage,2025,,,,,,,1000.0,SSD,M.2-2280,M.2 PCIe 5.0 X2
silicon power a60,54.97,,,,,,Silicon,Storage,2025,,,,,,,1000.0,SSD,M.2-2280,M.2 PCIe 3.0 X4
msi spatium m480 pro,119.99,,,,,,MSI,Storage,2025,,,,,,,2000.0,SSD,M.2-2280,M.2 PCIe 4.0 X4
samsung 990 pro w/heatsink,315.05,,,,,,Samsung,Storage,2025,,,,,,,4000.0,SSD,M.2-2280,M.2 PCIe 4.0 X4
samsung 9100 pro w/heatsink,449.99,,,,,,Samsung,Storage,2025,,,,,,,4000.0,SSD,M.2-2280,M.2 PCIe 5.0 X4
crucial p510,99.99,,,,,,Crucial,Storage,2025,,,,,,,1000.0,SSD,M.2-2280,M.2 PCIe 5.0 X4
teamgroup mp44l,34.99,,,,,,TEAMGROUP,Storage,2025,,,,,,,500.0,SSD,M.2-2280,M.2 PCIe 4.0 X4
western digital green sn350,55.56,,,,,,Western,Storage,2025,,,,,,,1000.0,SSD,M.2-2280,M.2 PCIe 3.0 X4
klevv cras c910,199.99,,,,,,Klevv,Storage,2025,,,,,,,4000.0,SSD,M.2-2280,M.2 PCIe 4.0 X4
kingston kc3000,99.99,,,,,,Kingston,Storage,2025,,,,,,,1024.0,SSD,M.2-2280,M.2 PCIe 4.0 X4
teamgroup mp33 pro,54.99,,,,,,TEAMGROUP,Storage,2025,,,,,,,1000.0,SSD,M.2-2280,M.2 PCIe 3.0 X4
sk hynix platinum p41,79.98,,,,,,SK,Storage,2025,,,,,,,1000.0,SSD,M.2-2280,M.2 PCIe 4.0 X4
seagate ironwolf nas,170.59,,,,,,Seagate,Storage,2025,,,,,,,8000.0,7200,3.5,SATA 6.0 Gb/s
lexar nm790,230.0,,,,,,Lexar,Storage,2025,,,,,,,4000.0,SSD,M.2-2280,M.2 PCIe 4.0 X4
corsair mp700 elite,198.99,,,,,,Corsair,Storage,2025,,,,,,,2000.0,SSD,M.2-2280,M.2 PCIe 5.0 X4
samsung 980,69.99,,,,,,Samsung,Storage,2025,,,,,,,500.0,SSD,M.2-2280,M.2 PCIe 3.0 X4
patriot p400 lite,54.99,,,,,,Patriot,Storage,2025,,,,,,,1000.0,SSD,M.2-2280,M.2 PCIe 4.0 X4
western digital gold,499.99,,,,,,Western,Storage,2025,,,,,,,24000.0,7200,3.5,SATA 6.0 Gb/s
samsung 970 evo,146.13,,,,,,Samsung,Storage,2025,,,,,,,1000.0,SSD,M.2-2280,M.2 PCIe 3.0 X4
silicon power ud90,212.99,,,,,,Silicon,Storage,2025,,,,,,,4000.0,SSD,M.2-2280,M.2 PCIe 4.0 X4
teamgroup t-force vulcan z,47.99,,,,,,TEAMGROUP,Storage,2025,,,,,,,1000.0,SSD,2.5,SATA 6.0 Gb/s
seagate exos x24,479.99,,,,,,Seagate,Storage,2025,,,,,,,24000.0,7200,3.5,SATA 6.0 Gb/s
kingston a400,36.99,,,,,,Kingston,Storage,2025,,,,,,,480.0,SSD,2.5,SATA 6.0 Gb/s
samsung 860 evo,142.13,,,,,,Samsung,Storage,2025,,,,,,,1000.0,SSD,2.5,SATA 6.0 Gb/s
kingston fury renegade,117.85,,,,,,Kingston,Storage,2025,,,,,,,1000.0,SSD,M.2-2280,M.2 PCIe 4.0 X4
western digital wd red pro,479.99,,,,,,Western,Storage,2025,,,,,,,26000.0,7200,3.5,SATA 6.0 Gb/s
sabrent rocket 5,729.99,,,,,,Sabrent,Storage,2025,,,,,,,4000.0,SSD,M.2-2280,M.2 PCIe 5.0 X4
pny cs1030,29.99,,,,,,PNY,Storage,2025,,,,,,,500.0,SSD,M.2-2280,M.2 PCIe 3.0 X4
crucial t705,142.99,,,,,,Crucial,Storage,2025,,,,,,,1000.0,SSD,M.2-2280,M.2 PCIe 5.0 X4
lexar nm620,57.99,,,,,,Lexar,Storage,2025,,,,,,,1000.0,SSD,M.2-2280,M.2 PCIe 3.0 X4
crucial bx500,108.99,,,,,,Crucial,Storage,2025,,,,,,,2000.0,SSD,2.5,SATA 6.0 Gb/s
western digital wd blue sn5000,113.99,,,,,,Western,Storage,2025,,,,,,,2000.0,SSD,M.2-2280,M.2 PCIe 4.0 X4
silicon power a55,45.99,,,,,,Silicon,Storage,2025,,,,,,,1000.0,SSD,2.5,SATA 6.0 Gb/s
seagate ironwolf nas,99.99,,,,,,Seagate,Storage,2025,,,,,,,4000.0,5400,3.5,SATA 6.0 Gb/s
patriot p300,54.99,,,,,,Patriot,Storage,2025,,,,,,,1000.0,SSD,M.2-2280,M.2 PCIe 3.0 X4
seagate barracuda,38.22,,,,,,Seagate,Storage,2025,,,,,,,1000.0,7200,3.5,SATA 6.0 Gb/s
western digital black sn770,56.99,,,,,,Western,Storage,2025,,,,,,,500.0,SSD,M.2-2280,M.2 PCIe 4.0 X4
msi spatium m480 pro,109.67,,,,,,MSI,Storage,2025,,,,,,,1000.0,SSD,M.2-2280,M.2 PCIe 4.0 X4
patriot p300,14.99,,,,,,Patriot,Storage,2025,,,,,,,128.0,SSD,M.2-2280,M.2 PCIe 3.0 X4
teamgroup mp33,103.99,,,,,,TEAMGROUP,Storage,2025,,,,,,,2000.0,SSD,M.2-2280,M.2 PCIe 3.0 X4
kioxia exceria plus g3,83.78,,,,,,KIOXIA,Storage,2025,,,,,,,1000.0,SSD,M.2-2280,M.2 PCIe 4.0 X4
silicon power p34a60,36.97,,,,,,Silicon,Storage,2025,,,,,,,512.0,SSD,M.2-2280,M.2 PCIe 3.0 X4
crucial t700,379.99,,,,,,Crucial,Storage,2025,,,,,,,4000.0,SSD,M.2-2280,M.2 PCIe 5.0 X4
silicon power a60,95.97,,,,,,Silicon,Storage,2025,,,,,,,2000.0,SSD,M.2-2280,M.2 PCIe 3.0 X4
seagate barracuda,67.0,,,,,,Seagate,Storage,2025,,,,,,,2000.0,7200,3.5,SATA 6.0 Gb/s
samsung 990 pro w/heatsink,109.99,,,,,,Samsung,Storage,2025,,,,,,,1000.0,SSD,M.2-2280,M.2 PCIe 4.0 X4
kingston a400,57.99,,,,,,Kingston,Storage,2025,,,,,,,960.0,SSD,2.5,SATA 6.0 Gb/s
samsung 970 evo plus,69.79,,,,,,Samsung,Storage,2025,,,,,,,250.0,SSD,M.2-2280,M.2 PCIe 3.0 X4
western digital blue sn580,44.99,,,,,,Western,Storage,2025,,,,,,,500.0,SSD,M.2-2280,M.2 PCIe 4.0 X4
corsair mp600 pro xt,909.99,,,,,,Corsair,Storage,2025,,,,,,,8000.0,SSD,M.2-2280,M.2 PCIe 4.0 X4
crucial p5 plus,159.99,,,,,,Crucial,Storage,2025,,,,,,,1000.0,SSD,M.2-2280,M.2 PCIe 4.0 X4
patriot p400 lite,104.99,,,,,,Patriot,Storage,2025,,,,,,,2000.0,SSD,M.2-2280,M.2 PCIe 4.0 X4
western digital red plus,99.99,,,,,,Western,Storage,2025,,,,,,,4000.0,5400,3.5,SATA 6.0 Gb/s
crucial mx500,149.99,,,,,,Crucial,Storage,2025,,,,,,,1000.0,SSD,2.5,SATA 6.0 Gb/s
corsair mp700 pro,219.99,,,,,,Corsair,Storage,2025,,,,,,,2000.0,SSD,M.2-2280,M.2 PCIe 5.0 X4
crucial t700,219.99,,,,,,Crucial,Storage,2025,,,,,,,2000.0,SSD,M.2-2280,M.2 PCIe 5.0 X4
msi spatium m482,109.99,,,,,,MSI,Storage,2025,,,,,,,2000.0,SSD,M.2-2280,M.2 PCIe 4.0 X4
pny cs1030,91.99,,,,,,PNY,Storage,2025,,,,,,,2000.0,SSD,M.2-2280,M.2 PCIe 3.0 X4
western digital wd_black sn8100,169.99,,,,,,Western,Storage,2025,,,,,,,1000.0,SSD,M.2-2280,M.2 PCIe 5.0 X4
teamgroup t-force g70 pro graphene,122.99,,,,,,TEAMGROUP,Storage,2025,,,,,,,2000.0,SSD,M.2-2280,M.2 PCIe 4.0 X4
pny cs2150,169.99,,,,,,PNY,Storage,2025,,,,,,,2000.0,SSD,M.2-2280,M.2 PCIe 5.0 X4
kioxia exceria plus g3,146.31,,,,,,KIOXIA,Storage,2025,,,,,,,2000.0,SSD,M.2-2280,M.2 PCIe 4.0 X4
western digital red plus,179.99,,,,,,Western,Storage,2025,,,,,,,10000.0,7200,3.5,SATA 6.0 Gb/s
seagate exos x24 sed,571.59,,,,,,Seagate,Storage,2025,,,,,,,24000.0,7200,3.5,SATA 6.0 Gb/s
gigabyte aorus gen4 7300,91.99,,,,,,Gigabyte,Storage,2025,,,,,,,1000.0,SSD,M.2-2280,M.2 PCIe 4.0 X4
seagate barracuda compute,124.99,,,,,,Seagate,Storage,2025,,,,,,,8000.0,5400,3.5,SATA 6.0 Gb/s
teamgroup qx,182.99,,,,,,TEAMGROUP,Storage,2025,,,,,,,4000.0,SSD,2.5,SATA 6.0 Gb/s
samsung 860 evo,109.0,,,,,,Samsung,Storage,2025,,,,,,,500.0,SSD,2.5,SATA 6.0 Gb/s
acer predator gm7000,77.98,,,,,,Acer,Storage,2025,,,,,,,1000.0,SSD,M.2-2280,M.2 PCIe 4.0 X4
seagate surveillance hdd,99.0,,,,,,Seagate,Storage,2025,,,,,,,2000.0,5400,3.5,SATA 6.0 Gb/s
crucial p3,44.06,,,,,,Crucial,Storage,2025,,,,,,,500.0,SSD,M.2-2280,M.2 PCIe 3.0 X4
seagate ironwolf pro,150.0,,,,,,Seagate,Storage,2025,,,,,,,4000.0,7200,3.5,SATA 6.0 Gb/s
silicon power a55,84.99,,,,,,Silicon,Storage,2025,,,,,,,2000.0,SSD,2.5,SATA 6.0 Gb/s
kingston nv2,118.77,,,,,,Kingston,Storage,2025,,,,,,,2000.0,SSD,M.2-2280,M.2 PCIe 4.0 X4
pny cs2150,89.99,,,,,,PNY,Storage,2025,,,,,,,1000.0,SSD,M.2-2280,M.2 PCIe 5.0 X4
corsair mp700 elite,134.99,,,,,,Corsair,Storage,2025,,,,,,,1000.0,SSD,M.2-2280,M.2 PCIe 5.0 X4
fanxiang s880,59.99,,,,,,FanXiang,Storage,2025,,,,,,,1000.0,SSD,M.2-2280,M.2 PCIe 4.0 X4
mushkin gamma,1068.14,,,,,,Mushkin,Storage,2025,,,,,,,8000.0,SSD,M.2-2280,M.2 PCIe 4.0 X4
intel d3-s4610,1485.0,,,,,,Intel,Storage,2025,,,,,,,7680.0,SSD,2.5,SATA 6.0 Gb/s
crucial bx500,228.99,,,,,,Crucial,Storage,2025,,,,,,,4000.0,SSD,2.5,SATA 6.0 Gb/s
seagate ironwolf pro nas,249.99,,,,,,Seagate,Storage,2025,,,,,,,12000.0,7200,3.5,SATA 6.0 Gb/s
kingston nv3,238.98,,,,,,Kingston,Storage,2025,,,,,,,4000.0,SSD,M.2-2280,M.2 PCIe 4.0 X4
patriot p210,29.79,,,,,,Patriot,Storage,2025,,,,,,,512.0,SSD,2.5,SATA 6.0 Gb/s
samsung 9100 pro w/heatsink,249.99,,,,,,Samsung,Storage,2025,,,,,,,2000.0,SSD,M.2-2280,M.2 PCIe 5.0 X4
kingston fury renegade g5,458.46,,,,,,Kingston,Storage,2025,,,,,,,4096.0,SSD,M.2-2280,M.2 PCIe 5.0 X4
toshiba hdkbb96,29.95,,,,,,Toshiba,Storage,2025,,,,,,,1000.0,5400,2.5,SATA 6.0 Gb/s
pny cs900,49.99,,,,,,PNY,Storage,2025,,,,,,,1000.0,SSD,2.5,SATA 6.0 Gb/s
kingston fury renegade,309.95,,,,,,Kingston,Storage,2025,,,,,,,4000.0,SSD,M.2-2280,M.2 PCIe 4.0 X4
western digital blue,141.47,,,,,,Western,Storage,2025,,,,,,,1000.0,SSD,2.5,SATA 6.0 Gb/s
crucial t705 w/heatsink,369.99,,,,,,Crucial,Storage,2025,,,,,,,4000.0,SSD,M.2-2280,M.2 PCIe 5.0 X4
western digital red plus,158.85,,,,,,Western,Storage,2025,,,,,,,8000.0,5640,3.5,SATA 6.0 Gb/s
western digital blue,72.99,,,,,,Western,Storage,2025,,,,,,,4000.0,5400,3.5,SATA 6.0 Gb/s
crucial t500,300.0,,,,,,Crucial,Storage,2025,,,,,,,4000.0,SSD,M.2-2280,M.2 PCIe 4.0 X4
western digital wd_black sn7100,239.99,,,,,,Western,Storage,2025,,,,,,,4000.0,SSD,M.2-2280,M.2 PCIe 4.0 X4
kingspec xg7000,97.99,,,,,,KingSpec,Storage,2025,,,,,,,2000.0,SSD,M.2-2280,M.2 PCIe 4.0 X4
crucial ct1000e100ssd8,71.5,,,,,,Crucial,Storage,2025,,,,,,,1000.0,SSD,M.2-2280,M.2 PCIe 4.0 X4
crucial p3,119.99,,,,,,Crucial,Storage,2025,,,,,,,2000.0,SSD,M.2-2280,M.2 PCIe 3.0 X4
lexar nm620,140.55,,,,,,Lexar,Storage,2025,,,,,,,2000.0,SSD,M.2-2280,M.2 PCIe 3.0 X4
samsung 970 evo,106.13,,,,,,Samsung,Storage,2025,,,,,,,500.0,SSD,M.2-2280,M.2 PCIe 3.0 X4
western digital blue sn570,122.79,,,,,,Western,Storage,2025,,,,,,,1000.0,SSD,M.2-2280,M.2 PCIe 3.0 X4
crucial p5 plus,228.8,,,,,,Crucial,Storage,2025,,,,,,,2000.0,SSD,M.2-2280,M.2 PCIe 4.0 X4
western digital wd_black sn850x w/heatsink,639.99,,,,,,Western,Storage,2025,,,,,,,8000.0,SSD,M.2-2280,M.2 PCIe 4.0 X4
kingston nv2,45.77,,,,,,Kingston,Storage,2025,,,,,,,500.0,SSD,M.2-2280,M.2 PCIe 4.0 X4
western digital wd green sn3000,119.99,,,,,,Western,Storage,2025,,,,,,,2000.0,SSD,M.2-2280,M.2 PCIe 4.0 X4
western digital caviar blue,29.99,,,,,,Western,Storage,2025,,,,,,,500.0,7200,3.5,SATA 6.0 Gb/s
teamgroup mp33,23.99,,,,,,TEAMGROUP,Storage,2025,,,,,,,256.0,SSD,M.2-2280,M.2 PCIe 3.0 X4
seagate ironwolf pro nas,419.99,,,,,,Seagate,Storage,2025,,,,,,,20000.0,7200,3.5,SATA 6.0 Gb/s
adata xpg gammix s70 blade,75.98,,,,,,ADATA,Storage,2025,,,,,,,1000.0,SSD,M.2-2280,M.2 PCIe 4.0 X4
kingston kc3000,67.99,,,,,,Kingston,Storage,2025,,,,,,,512.0,SSD,M.2-2280,M.2 PCIe 4.0 X4
western digital blue sn550,104.85,,,,,,Western,Storage,2025,,,,,,,1000.0,SSD,M.2-2280,M.2 PCIe 3.0 X4
acer predator gm7,124.99,,,,,,Acer,Storage,2025,,,,,,,2000.0,SSD,M.2-2280,M.2 PCIe 4.0 X4
teamgroup t-force vulcan z,91.99,,,,,,TEAMGROUP,Storage,2025,,,,,,,2000.0,SSD,2.5,SATA 6.0 Gb/s
teamgroup t-force delta max rgb lite,58.99,,,,,,TEAMGROUP,Storage,2025,,,,,,,1000.0,SSD,2.5,SATA 6.0 Gb/s
silicon power a55,27.99,,,,,,Silicon,Storage,2025,,,,,,,512.0,SSD,2.5,SATA 6.0 Gb/s
seagate barracuda compute,64.98,,,,,,Seagate,Storage,2025,,,,,,,2000.0,7200,3.5,SATA 6.0 Gb/s
corsair mp600 pro nh,849.0,,,,,,Corsair,Storage,2025,,,,,,,8000.0,SSD,M.2-2280,M.2 PCIe 4.0 X4
lexar nq790,146.79,,,,,,Lexar,Storage,2025,,,,,,,2000.0,SSD,M.2-2280,M.2 PCIe 4.0 X4
pny xlr8 cs3040,499.99,,,,,,PNY,Storage,2025,,,,,,,4000.0,SSD,M.2-2280,M.2 PCIe 4.0 X4
msi spatium m371,49.99,,,,,,MSI,Storage,2025,,,,,,,1000.0,SSD,M.2-2280,M.2 PCIe 3.0 X4
crucial p510,179.99,,,,,,Crucial,Storage,2025,,,,,,,2000.0,SSD,M.2-2280,M.2 PCIe 5.0 X4
crucial mx500,132.0,,,,,,Crucial,Storage,2025,,,,,,,500.0,SSD,2.5,SATA 6.0 Gb/s
teamgroup qx,85.99,,,,,,TEAMGROUP,Storage,2025,,,,,,,2000.0,SSD,2.5,SATA 6.0 Gb/s
patriot viper vp4300 lite,64.98,,,,,,Patriot,Storage,2025,,,,,,,1000.0,SSD,M.2-2280,M.2 PCIe 4.0 X4
samsung 980 pro w/heatsink,150.99,,,,,,Samsung,Storage,2025,,,,,,,1000.0,SSD,M.2-2280,M.2 PCIe 4.0 X4
crucial bx500,23.49,,,,,,Crucial,Storage,2025,,,,,,,240.0,SSD,2.5,SATA 6.0 Gb/s
western digital wd_black sn850x w/heatsink,174.99,,,,,,Western,Storage,2025,,,,,,,2000.0,SSD,M.2-2280,M.2 PCIe 4.0 X4
western digital wd_black,179.89,,,,,,Western,Storage,2025,,,,,,,4000.0,7200,3.5,SATA 6.0 Gb/s
gigabyte aorus gen4 7300,147.99,,,,,,Gigabyte,Storage,2025,,,,,,,2000.0,SSD,M.2-2280,M.2 PCIe 4.0 X4
crucial p310,49.98,,,,,,Crucial,Storage,2025,,,,,,,500.0,SSD,M.2-2280,M.2 PCIe 4.0 X4
western digital blue,69.98,,,,,,Western,Storage,2025,,,,,,,500.0,SSD,2.5,SATA 6.0 Gb/s
seagate ironwolf pro,315.31,,,,,,Seagate,Storage,2025,,,,,,,16000.0,7200,3.5,SATA 6.0 Gb/s
crucial t700,139.99,,,,,,Crucial,Storage,2025,,,,,,,1000.0,SSD,M.2-2280,M.2 PCIe 5.0 X4
adata legend 860,77.49,,,,,,ADATA,Storage,2025,,,,,,,1000.0,SSD,M.2-2280,M.2 PCIe 4.0 X4
western digital wd blue sn5000,230.39,,,,,,Western,Storage,2025,,,,,,,4000.0,SSD,M.2-2280,M.2 PCIe 4.0 X4
lexar nm620,39.99,,,,,,Lexar,Storage,2025,,,,,,,512.0,SSD,M.2-2280,M.2 PCIe 3.0 X4
silicon power us75,109.97,,,,,,Silicon,Storage,2025,,,,,,,2000.0,SSD,M.2-2280,M.2 PCIe 4.0 X4
toshiba mg04aca600e,150.0,,,,,,Toshiba,Storage,2025,,,,,,,6000.0,7200,3.5,SATA 6.0 Gb/s
corsair mp700 pro se,549.99,,,,,,Corsair,Storage,2025,,,,,,,4000.0,SSD,M.2-2280,M.2 PCIe 5.0 X4
western digital wd_black,265.0,,,,,,Western,Storage,2025,,,,,,,10000.0,7200,3.5,SATA 6.0 Gb/s
teamgroup ms30,30.99,,,,,,TEAMGROUP,Storage,2025,,,,,,,512.0,SSD,M.2-2280,M.2 SATA
western digital black sn750,119.0,,,,,,Western,Storage,2025,,,,,,,1000.0,SSD,M.2-2280,M.2 PCIe 3.0 X4
patriot p320,32.99,,,,,,Patriot,Storage,2025,,,,,,,512.0,SSD,M.2-2280,M.2 PCIe 3.0 X4
corsair mp600 core xt,69.98,,,,,,Corsair,Storage,2025,,,,,,,1000.0,SSD,M.2-2280,M.2 PCIe 4.0 X4
western digital blue sa510,115.19,,,,,,Western,Storage,2025,,,,,,,2000.0,SSD,2.5,SATA 6.0 Gb/s
patriot p400 lite,35.99,,,,,,Patriot,Storage,2025,,,,,,,500.0,SSD,M.2-2280,M.2 PCIe 4.0 X4
seagate exos x20,349.99,,,,,,Seagate,Storage,2025,,,,,,,20000.0,7200,3.5,SATA 6.0 Gb/s
teamgroup t-force vulcan z,31.99,,,,,,TEAMGROUP,Storage,2025,,,,,,,512.0,SSD,2.5,SATA 6.0 Gb/s
teamgroup mp44q,59.99,,,,,,TEAMGROUP,Storage,2025,,,,,,,1000.0,SSD,M.2-2280,M.2 PCIe 4.0 X4
patriot p210,18.98,,,,,,Patriot,Storage,2025,,,,,,,256.0,SSD,2.5,SATA 6.0 Gb/s
patriot p320,52.99,,,,,,Patriot,Storage,2025,,,,,,,1000.0,SSD,M.2-2280,M.2 PCIe 3.0 X4
western digital wd blue sn5000,44.75,,,,,,Western,Storage,2025,,,,,,,500.0,SSD,M.2-2280,M.2 PCIe 4.0 X4
kingston fury renegade g5,242.31,,,,,,Kingston,Storage,2025,,,,,,,2048.0,SSD,M.2-2280,M.2 PCIe 5.0 X4
western digital wd_black sn850x w/heatsink,103.0,,,,,,Western,Storage,2025,,,,,,,1000.0,SSD,M.2-2280,M.2 PCIe 4.0 X4
western digital red plus,269.99,,,,,,Western,Storage,2025,,,,,,,12000.0,7200,3.5,SATA 6.0 Gb/s
timetec 35ttfp6pcie,52.99,,,,,,Timetec,Storage,2025,,,,,,,1000.0,SSD,M.2-2280,M.2 PCIe 3.0 X4
adata xpg gammix s70 blade,169.95,,,,,,ADATA,Storage,2025,,,,,,,2000.0,SSD,M.2-2280,M.2 PCIe 4.0 X4
timetec 35ttqnm2sata,48.99,,,,,,Timetec,Storage,2025,,,,,,,1000.0,SSD,M.2-2280,M.2 SATA
pny cs900,30.99,,,,,,PNY,Storage,2025,,,,,,,500.0,SSD,2.5,SATA 6.0 Gb/s
western digital blue sn580,54.99,,,,,,Western,Storage,2025,,,,,,,250.0,SSD,M.2-2280,M.2 PCIe 4.0 X4
teamgroup ms30,50.99,,,,,,TEAMGROUP,Storage,2025,,,,,,,1000.0,SSD,M.2-2280,M.2 SATA
western digital wd_black,198.88,,,,,,Western,Storage,2025,,,,,,,8000.0,7200,3.5,SATA 6.0 Gb/s
corsair mp600 elite,149.99,,,,,,Corsair,Storage,2025,,,,,,,2000.0,SSD,M.2-2280,M.2 PCIe 4.0 X4
western digital red plus,104.99,,,,,,Western,Storage,2025,,,,,,,6000.0,5400,3.5,SATA 6.0 Gb/s
teamgroup t-force g50,218.99,,,,,,TEAMGROUP,Storage,2025,,,,,,,4000.0,SSD,M.2-2280,M.2 PCIe 4.0 X4
western digital wd red pro,449.99,,,,,,Western,Storage,2025,,,,,,,24000.0,7200,3.5,SATA 6.0 Gb/s
western digital wd_black,78.01,,,,,,Western,Storage,2025,,,,,,,2000.0,7200,3.5,SATA 6.0 Gb/s
pny cs2241,99.99,,,,,,PNY,Storage,2025,,,,,,,2000.0,SSD,M.2-2280,M.2 PCIe 4.0 X4
leven js600,25.99,,,,,,Leven,Storage,2025,,,,,,,512.0,SSD,2.5,SATA 6.0 Gb/s
sabrent rocket 4 plus,219.99,,,,,,Sabrent,Storage,2025,,,,,,,2000.0,SSD,M.2-2280,M.2 PCIe 4.0 X4
intel 660p,75.0,,,,,,Intel,Storage,2025,,,,,,,1020.0,SSD,M.2-2280,M.2 PCIe 3.0 X4
teamgroup mp44,240.99,,,,,,TEAMGROUP,Storage,2025,,,,,,,4000.0,SSD,M.2-2280,M.2 PCIe 4.0 X4
crucial t500 w/heatsink,164.99,,,,,,Crucial,Storage,2025,,,,,,,2000.0,SSD,M.2-2280,M.2 PCIe 4.0 X4
western digital wd_black sn7100,49.99,,,,,,Western,Storage,2025,,,,,,,500.0,SSD,M.2-2280,M.2 PCIe 4.0 X4
lexar nm710,88.74,,,,,,Lexar,Storage,2025,,,,,,,1000.0,SSD,M.2-2280,M.2 PCIe 4.0 X4
samsung 870 qvo,114.5,,,,,,Samsung,Storage,2025,,,,,,,1000.0,SSD,2.5,SATA 6.0 Gb/s
western digital blue,59.99,,,,,,Western,Storage,2025,,,,,,,3000.0,5400,3.5,SATA 6.0 Gb/s
kingspec xg7000,197.99,,,,,,KingSpec,Storage,2025,,,,,,,4000.0,SSD,M.2-2280,M.2 PCIe 4.0 X4
teamgroup ms30,88.99,,,,,,TEAMGROUP,Storage,2025,,,,,,,2000.0,SSD,M.2-2280,M.2 SATA
inland performance plus,76.98,,,,,,Inland,Storage,2025,,,,,,,1000.0,SSD,M.2-2280,M.2 PCIe 4.0 X4
samsung 980,55.4,,,,,,Samsung,Storage,2025,,,,,,,250.0,SSD,M.2-2280,M.2 PCIe 3.0 X4
fanxiang s880,119.99,,,,,,FanXiang,Storage,2025,,,,,,,2000.0,SSD,M.2-2280,M.2 PCIe 4.0 X4
teamgroup mp44q,108.99,,,,,,TEAMGROUP,Storage,2025,,,,,,,2000.0,SSD,M.2-2280,M.2 PCIe 4.0 X4
msi spatium m480 pro,289.99,,,,,,MSI,Storage,2025,,,,,,,4000.0,SSD,M.2-2280,M.2 PCIe 4.0 X4
crucial bx500,61.22,,,,,,Crucial,Storage,2025,,,,,,,480.0,SSD,2.5,SATA 6.0 Gb/s
seagate ironwolf pro nas,129.99,,,,,,Seagate,Storage,2025,,,,,,,4000.0,7200,3.5,SATA 6.0 Gb/s
klevv cras c910,34.99,,,,,,Klevv,Storage,2025,,,,,,,500.0,SSD,M.2-2280,M.2 PCIe 4.0 X4
patriot viper vp4300 lite,209.99,,,,,,Patriot,Storage,2025,,,,,,,4000.0,SSD,M.2-2280,M.2 PCIe 4.0 X4
teamgroup t-force ga pro,89.99,,,,,,TEAMGROUP,Storage,2025,,,,,,,1000.0,SSD,M.2-2280,M.2 PCIe 5.0 X4
samsung 860 evo,66.13,,,,,,Samsung,Storage,2025,,,,,,,250.0,SSD,2.5,SATA 6.0 Gb/s
western digital wd blue,131.51,,,,,,Western,Storage,2025,,,,,,,8000.0,5640,3.5,SATA 6.0 Gb/s
seagate ironwolf pro nas,199.99,,,,,,Seagate,Storage,2025,,,,,,,8000.0,7200,3.5,SATA 6.0 Gb/s
corsair mp600 elite,84.99,,,,,,Corsair,Storage,2025,,,,,,,1000.0,SSD,M.2-2280,M.2 PCIe 4.0 X4
kingston kc3000,329.99,,,,,,Kingston,Storage,2025,,,,,,,4096.0,SSD,M.2-2280,M.2 PCIe 4.0 X4
timetec 35ttfp6pcie,32.99,,,,,,Timetec,Storage,2025,,,,,,,512.0,SSD,M.2-2280,M.2 PCIe 3.0 X4
silicon power p34a60,54.97,,,,,,Silicon,Storage,2025,,,,,,,1000.0,SSD,M.2-2280,M.2 PCIe 3.0 X4
crucial p1,135.0,,,,,,Crucial,Storage,2025,,,,,,,1000.0,SSD,M.2-2280,M.2 PCIe 3.0 X4
samsung 9100 pro w/heatsink,164.99,,,,,,Samsung,Storage,2025,,,,,,,1000.0,SSD,M.2-2280,M.2 PCIe 5.0 X4
inland performance plus,131.99,,,,,,Inland,Storage,2025,,,,,,,2000.0,SSD,M.2-2280,M.2 PCIe 4.0 X4
teamgroup mp44,120.99,,,,,,TEAMGROUP,Storage,2025,,,,,,,2000.0,SSD,M.2-2280,M.2 PCIe 4.0 X4
seagate barracuda compute,74.98,,,,,,Seagate,Storage,2025,,,,,,,4000.0,5400,3.5,SATA 6.0 Gb/s
lexar nm710,146.31,,,,,,Lexar,Storage,2025,,,,,,,2000.0,SSD,M.2-2280,M.2 PCIe 4.0 X4
samsung 870 qvo,215.0,,,,,,Samsung,Storage,2025,,,,,,,2000.0,SSD,2.5,SATA 6.0 Gb/s
seagate exos x18,429.42,,,,,,Seagate,Storage,2025,,,,,,,18000.0,7200,3.5,SATA 6.0 Gb/s
patriot p310,35.98,,,,,,Patriot,Storage,2025,,,,,,,480.0,SSD,M.2-2280,M.2 PCIe 3.0 X4
kingston a400,47.71,,,,,,Kingston,Storage,2025,,,,,,,120.0,SSD,2.5,SATA 6.0 Gb/s
orico y-20,10.99,,,,,,Orico,Storage,2025,,,,,,,128.0,SSD,2.5,SATA 6.0 Gb/s
toshiba mg10 512e,349.99,,,,,,Toshiba,Storage,2025,,,,,,,20000.0,7200,3.5,SATA 6.0 Gb/s
kingspec p3,45.99,,,,,,KingSpec,Storage,2025,,,,,,,1000.0,SSD,2.5,SATA 6.0 Gb/s
corsair mp700 pro,499.99,,,,,,Corsair,Storage,2025,,,,,,,4000.0,SSD,M.2-2280,M.2 PCIe 5.0 X4
leven jps600,91.99,,,,,,Leven,Storage,2025,,,,,,,2000.0,SSD,M.2-2280,M.2 PCIe 3.0 X4
patriot p220,13.49,,,,,,Patriot,Storage,2025,,,,,,,128.0,SSD,2.5,SATA 6.0 Gb/s
patriot p310,51.99,,,,,,Patriot,Storage,2025,,,,,,,960.0,SSD,M.2-2280,M.2 PCIe 3.0 X4
western digital green sn350,104.49,,,,,,Western,Storage,2025,,,,,,,2000.0,SSD,M.2-2280,M.2 PCIe 3.0 X4
sabrent rocket 4 plus,119.99,,,,,,Sabrent,Storage,2025,,,,,,,1000.0,SSD,M.2-2280,M.2 PCIe 4.0 X4
western digital wd red pro,419.79,,,,,,Western,Storage,2025,,,,,,,20000.0,7200,3.5,SATA 6.0 Gb/s
kingston kc600,35.49,,,,,,Kingston,Storage,2025,,,,,,,256.0,SSD,2.5,SATA 6.0 Gb/s
seagate firecuda 530r,169.99,,,,,,Seagate,Storage,2025,,,,,,,2000.0,SSD,M.2-2280,M.2 PCIe 4.0 X4
kingston fury renegade g5,171.99,,,,,,Kingston,Storage,2025,,,,,,,1024.0,SSD,M.2-2280,M.2 PCIe 5.0 X4
adata su630,26.61,,,,,,ADATA,Storage,2025,,,,,,,240.0,SSD,2.5,SATA 6.0 Gb/s
adata legend 800,119.99,,,,,,ADATA,Storage,2025,,,,,,,2000.0,SSD,M.2-2280,M.2 PCIe 4.0 X4
seagate ironwolf nas,247.79,,,,,,Seagate,Storage,2025,,,,,,,8000.0,7200,3.5,SATA 6.0 Gb/s
samsung 870 evo,54.99,,,,,,Samsung,Storage,2025,,,,,,,250.0,SSD,2.5,SATA 6.0 Gb/s
toshiba mg09 512e,275.0,,,,,,Toshiba,Storage,2025,,,,,,,18000.0,7200,3.5,SATA 6.0 Gb/s
msi spatium m450,49.95,,,,,,MSI,Storage,2025,,,,,,,500.0,SSD,M.2-2280,M.2 PCIe 4.0 X4
western digital wd_black sn850x w/heatsink,309.99,,,,,,Western,Storage,2025,,,,,,,4000.0,SSD,M.2-2280,M.2 PCIe 4.0 X4
patriot burst elite,26.99,,,,,,Patriot,Storage,2025,,,,,,,480.0,SSD,2.5,SATA 6.0 Gb/s
seagate barracuda,85.99,,,,,,Seagate,Storage,2025,,,,,,,2000.0,5400,2.5,SATA 6.0 Gb/s
western digital green,61.09,,,,,,Western,Storage,2025,,,,,,,1000.0,SSD,2.5,SATA 6.0 Gb/s
adata legend 860,131.39,,,,,,ADATA,Storage,2025,,,,,,,2000.0,SSD,M.2-2280,M.2 PCIe 4.0 X4
western digital blue,69.98,,,,,,Western,Storage,2025,,,,,,,1000.0,5400,3.5,SATA 6.0 Gb/s
western digital blue sa510,64.9,,,,,,Western,Storage,2025,,,,,,,1000.0,SSD,2.5,SATA 6.0 Gb/s
western digital blue sn570,109.99,,,,,,Western,Storage,2025,,,,,,,500.0,SSD,M.2-2280,M.2 PCIe 3.0 X4
pny cs2241,57.99,,,,,,PNY,Storage,2025,,,,,,,1000.0,SSD,M.2-2280,M.2 PCIe 4.0 X4
orico o7000,103.94,,,,,,Orico,Storage,2025,,,,,,,2000.0,SSD,M.2-2280,M.2 PCIe 4.0 X4
samsung 960 evo,87.95,,,,,,Samsung,Storage,2025,,,,,,,250.0,SSD,M.2-2280,M.2 PCIe 3.0 X4
patriot p320,23.49,,,,,,Patriot,Storage,2025,,,,,,,256.0,SSD,M.2-2280,M.2 PCIe 3.0 X4
western digital purple pro,499.99,,,,,,Western,Storage,2025,,,,,,,24000.0,7200,3.5,SATA 6.0 Gb/s
western digital blue sn550,158.97,,,,,,Western,Storage,2025,,,,,,,500.0,SSD,M.2-2280,M.2 PCIe 3.0 X4
corsair mp700 pro,139.99,,,,,,Corsair,Storage,2025,,,,,,,1000.0,SSD,M.2-2280,M.2 PCIe 5.0 X4
crucial p3,318.0,,,,,,Crucial,Storage,2025,,,,,,,4000.0,SSD,M.2-2280,M.2 PCIe 3.0 X4
seagate ironwolf pro,237.45,,,,,,Seagate,Storage,2025,,,,,,,14000.0,7200,3.5,SATA 6.0 Gb/s
western digital ultrastar dc hc520,195.0,,,,,,Western,Storage,2025,,,,,,,12000.0,7200,3.5,SATA 6.0 Gb/s
corsair mp600 pro lpx,159.99,,,,,,Corsair,Storage,2025,,,,,,,2000.0,SSD,M.2-2280,M.2 PCIe 4.0 X4
sk hynix platinum p51,269.99,,,,,,SK,Storage,2025,,,,,,,2000.0,SSD,M.2-2280,M.2 PCIe 5.0 X4
sandisk ssd plus,62.99,,,,,,SanDisk,Storage,2025,,,,,,,1000.0,SSD,M.2-2280,M.2 PCIe 3.0 X4
corsair mp700 pro se with air cooler,559.99,,,,,,Corsair,Storage,2025,,,,,,,4000.0,SSD,M.2-2280,M.2 PCIe 5.0 X4
teamgroup cardea a440,128.99,,,,,,TEAMGROUP,Storage,2025,,,,,,,2000.0,SSD,M.2-2280,M.2 PCIe 4.0 X4
teamgroup t-force vulcan z,89.99,,,,,,TEAMGROUP,Storage,2025,,,,,,,2000.0,SSD,2.5,SATA 6.0 Gb/s
patriot p310,25.98,,,,,,Patriot,Storage,2025,,,,,,,240.0,SSD,M.2-2280,M.2 PCIe 3.0 X4
seagate ironwolf pro nas,595.37,,,,,,Seagate,Storage,2025,,,,,,,22000.0,7200,3.5,SATA 6.0 Gb/s
corsair mp600 core xt,279.99,,,,,,Corsair,Storage,2025,,,,,,,4000.0,SSD,M.2-2280,M.2 PCIe 4.0 X4
kingspec xg7000,57.99,,,,,,KingSpec,Storage,2025,,,,,,,1000.0,SSD,M.2-2280,M.2 PCIe 4.0 X4
crucial t500,72.98,,,,,,Crucial,Storage,2025,,,,,,,500.0,SSD,M.2-2280,M.2 PCIe 4.0 X4
samsung 970 pro,239.99,,,,,,Samsung,Storage,2025,,,,,,,512.0,SSD,M.2-2280,M.2 PCIe 3.0 X4
acer predator gm7000,52.99,,,,,,Acer,Storage,2025,,,,,,,512.0,SSD,M.2-2280,M.2 PCIe 4.0 X4
fanxiang s101,15.99,,,,,,FanXiang,Storage,2025,,,,,,,128.0,SSD,2.5,SATA 6.0 Gb/s
samsung 980 pro w/heatsink,235.0,,,,,,Samsung,Storage,2025,,,,,,,2000.0,SSD,M.2-2280,M.2 PCIe 4.0 X4
western digital av-gp,40.59,,,,,,Western,Storage,2025,,,,,,,2000.0,5400,3.5,SATA 6.0 Gb/s
seagate exos x18,229.99,,,,,,Seagate,Storage,2025,,,,,,,14000.0,7200,3.5,SATA 6.0 Gb/s
seagate barracuda pro,236.78,,,,,,Seagate,Storage,2025,,,,,,,10000.0,7200,3.5,SATA 6.0 Gb/s
patriot p300,102.99,,,,,,Patriot,Storage,2025,,,,,,,2000.0,SSD,M.2-2280,M.2 PCIe 3.0 X4
sandisk ssd plus,27.99,,,,,,SanDisk,Storage,2025,,,,,,,240.0,SSD,2.5,SATA 6.0 Gb/s
patriot burst elite,17.48,,,,,,Patriot,Storage,2025,,,,,,,240.0,SSD,2.5,SATA 6.0 Gb/s
lexar nm790,629.49,,,,,,Lexar,Storage,2025,,,,,,,8000.0,SSD,M.2-2280,M.2 PCIe 4.0 X4
fanxiang s500 pro,39.99,,,,,,FanXiang,Storage,2025,,,,,,,512.0,SSD,M.2-2280,M.2 PCIe 3.0 X4
western digital green,52.0,,,,,,Western,Storage,2025,,,,,,,240.0,SSD,2.5,SATA 6.0 Gb/s
sabrent rocket 5,339.99,,,,,,Sabrent,Storage,2025,,,,,,,2000.0,SSD,M.2-2280,M.2 PCIe 5.0 X4
silicon power us75,62.99,,,,,,Silicon,Storage,2025,,,,,,,1000.0,SSD,M.2-2280,M.2 PCIe 4.0 X4
pny cs900,19.98,,,,,,PNY,Storage,2025,,,,,,,250.0,SSD,2.5,SATA 6.0 Gb/s
gigabyte aorus gen5 14000,360.54,,,,,,Gigabyte,Storage,2025,,,,,,,2000.0,SSD,M.2-2280,M.2 PCIe 5.0 X4
teamgroup mp33 pro,108.99,,,,,,TEAMGROUP,Storage,2025,,,,,,,2000.0,SSD,M.2-2280,M.2 PCIe 3.0 X4
patriot p400 lite,26.99,,,,,,Patriot,Storage,2025,,,,,,,250.0,SSD,M.2-2280,M.2 PCIe 4.0 X4
orico d10,14.99,,,,,,Orico,Storage,2025,,,,,,,128.0,SSD,M.2-2280,M.2 PCIe 3.0 X4
teamgroup t-force vulcan z,19.98,,,,,,TEAMGROUP,Storage,2025,,,,,,,256.0,SSD,2.5,SATA 6.0 Gb/s
western digital black sn850,119.99,,,,,,Western,Storage,2025,,,,,,,1000.0,SSD,M.2-2280,M.2 PCIe 4.0 X4
kingspec xf,92.99,,,,,,KingSpec,Storage,2025,,,,,,,2000.0,SSD,M.2-2280,M.2 PCIe 4.0 X4
inland qn450,64.98,,,,,,Inland,Storage,2025,,,,,,,1000.0,SSD,M.2-2280,M.2 PCIe 4.0 X4
seagate ironwolf pro nas,329.99,,,,,,Seagate,Storage,2025,,,,,,,16000.0,7200,3.5,SATA 6.0 Gb/s
crucial t500 w/heatsink,106.31,,,,,,Crucial,Storage,2025,,,,,,,1000.0,SSD,M.2-2280,M.2 PCIe 4.0 X4
seagate barracuda,175.0,,,,,,Seagate,Storage,2025,,,,,,,5000.0,5400,2.5,SATA 6.0 Gb/s
western digital wd green sn3000,44.99,,,,,,Western,Storage,2025,,,,,,,500.0,SSD,M.2-2280,M.2 PCIe 4.0 X4
samsung 870 qvo,340.0,,,,,,Samsung,Storage,2025,,,,,,,4000.0,SSD,2.5,SATA 6.0 Gb/s
seagate st500lm021,20.0,,,,,,Seagate,Storage,2025,,,,,,,500.0,7200,2.5,SATA 6.0 Gb/s
teamgroup t-force g70 pro graphene,74.98,,,,,,TEAMGROUP,Storage,2025,,,,,,,1000.0,SSD,M.2-2280,M.2 PCIe 4.0 X4
western digital wd_black,129.99,,,,,,Western,Storage,2025,,,,,,,6000.0,7200,3.5,SATA 6.0 Gb/s
western digital blue sa510,239.99,,,,,,Western,Storage,2025,,,,,,,4000.0,SSD,2.5,SATA 6.0 Gb/s
western digital black sn750,115.7,,,,,,Western,Storage,2025,,,,,,,500.0,SSD,M.2-2280,M.2 PCIe 3.0 X4
western digital wd blue,80.73,,,,,,Western,Storage,2025,,,,,,,4000.0,5400,3.5,SATA 3.0 Gb/s
teamgroup t-force gc pro,199.99,,,,,,TEAMGROUP,Storage,2025,,,,,,,2000.0,SSD,M.2-2280,M.2 PCIe 5.0 X4
seagate enterprise capacity,134.0,,,,,,Seagate,Storage,2025,,,,,,,8000.0,7200,3.5,SATA 6.0 Gb/s
patriot p210,93.99,,,,,,Patriot,Storage,2025,,,,,,,2000.0,SSD,2.5,SATA 6.0 Gb/s
seagate exos x14,250.0,,,,,,Seagate,Storage,2025,,,,,,,12000.0,7200,3.5,SATA 6.0 Gb/s
toshiba mq01abd050,18.19,,,,,,Toshiba,Storage,2025,,,,,,,500.0,5400,2.5,SATA 3.0 Gb/s
western digital black sn770,54.39,,,,,,Western,Storage,2025,,,,,,,250.0,SSD,M.2-2280,M.2 PCIe 4.0 X4
western digital wd red pro,313.41,,,,,,Western,Storage,2025,,,,,,,16000.0,7200,3.5,SATA 6.0 Gb/s
western digital blue,39.99,,,,,,Western,Storage,2025,,,,,,,1000.0,7200,3.5,SATA 6.0 Gb/s
teamgroup mp44q,219.99,,,,,,TEAMGROUP,Storage,2025,,,,,,,4000.0,SSD,M.2-2280,M.2 PCIe 4.0 X4
western digital wd red pro,138.99,,,,,,Western,Storage,2025,,,,,,,4000.0,7200,3.5,SATA 6.0 Gb/s
crucial t705 w/heatsink,219.99,,,,,,Crucial,Storage,2025,,,,,,,2000.0,SSD,M.2-2280,M.2 PCIe 5.0 X4
seagate firecuda,157.99,,,,,,Seagate,Storage,2025,,,,,,,2000.0,,2.5,SATA 6.0 Gb/s
teamgroup mp44,69.99,,,,,,TEAMGROUP,Storage,2025,,,,,,,1000.0,SSD,M.2-2280,M.2 PCIe 4.0 X4
adata legend 900,79.98,,,,,,ADATA,Storage,2025,,,,,,,1000.0,SSD,M.2-2280,M.2 PCIe 4.0 X4
seagate st500lm000,39.0,,,,,,Seagate,Storage,2025,,,,,,,500.0,,2.5,SATA 6.0 Gb/s
teamgroup t-force vulcan z,189.99,,,,,,TEAMGROUP,Storage,2025,,,,,,,4000.0,SSD,2.5,SATA 6.0 Gb/s
lexar nm620,69.56,,,,,,Lexar,Storage,2025,,,,,,,256.0,SSD,M.2-2280,M.2 PCIe 3.0 X4
gigabyte aorus gen5 14000,166.47,,,,,,Gigabyte,Storage,2025,,,,,,,1000.0,SSD,M.2-2280,M.2 PCIe 5.0 X4
samsung 860 qvo,109.99,,,,,,Samsung,Storage,2025,,,,,,,1000.0,SSD,2.5,SATA 6.0 Gb/s
teamgroup cx2,90.99,,,,,,TEAMGROUP,Storage,2025,,,,,,,2000.0,SSD,2.5,SATA 6.0 Gb/s
western digital dc hc530,219.99,,,,,,Western,Storage,2025,,,,,,,14000.0,7200,3.5,SATA 6.0 Gb/s
samsung spinpoint m8,29.49,,,,,,Samsung,Storage,2025,,,,,,,1000.0,5400,2.5,SATA 3.0 Gb/s
samsung 860 pro,924.99,,,,,,Samsung,Storage,2025,,,,,,,4000.0,SSD,2.5,SATA 6.0 Gb/s
western digital wd blue,59.99,,,,,,Western,Storage,2025,,,,,,,2000.0,5400,3.5,SATA 6.0 Gb/s
samsung 850 evo,195.99,,,,,,Samsung,Storage,2025,,,,,,,1000.0,SSD,2.5,SATA 6.0 Gb/s
adata mars 980 blade,334.99,,,,,,ADATA,Storage,2025,,,,,,,4000.0,SSD,M.2-2280,M.2 PCIe 5.0 X4
crucial t700 w/heatsink,379.95,,,,,,Crucial,Storage,2025,,,,,,,4000.0,SSD,M.2-2280,M.2 PCIe 5.0 X4
toshiba mq01abd032,13.99,,,,,,Toshiba,Storage,2025,,,,,,,320.0,5400,2.5,SATA 3.0 Gb/s
kingston fury renegade,62.99,,,,,,Kingston,Storage,2025,,,,,,,500.0,SSD,M.2-2280,M.2 PCIe 4.0 X4
verbatim vi5000,127.59,,,,,,Verbatim,Storage,2025,,,,,,,2000.0,SSD,M.2-2280,M.2 PCIe 4.0 X4
intel 660p,71.98,,,,,,Intel,Storage,2025,,,,,,,512.0,SSD,M.2-2280,M.2 PCIe 3.0 X4
crucial t710,429.99,,,,,,Crucial,Storage,2025,,,,,,,4000.0,SSD,M.2-2280,M.2 PCIe 5.0 X4
intel 670p,91.9,,,,,,Intel,Storage,2025,,,,,,,1000.0,SSD,M.2-2280,M.2 PCIe 3.0 X4
sabrent rocket 4,99.99,,,,,,Sabrent,Storage,2025,,,,,,,1000.0,SSD,M.2-2280,M.2 PCIe 4.0 X4
western digital wd red pro,319.99,,,,,,Western,Storage,2025,,,,,,,18000.0,7200,3.5,SATA 6.0 Gb/s
silicon power p34a60,27.15,,,,,,Silicon,Storage,2025,,,,,,,256.0,SSD,M.2-2280,M.2 PCIe 3.0 X4
patriot viper vp4300,123.99,,,,,,Patriot,Storage,2025,,,,,,,2000.0,SSD,M.2-2280,M.2 PCIe 4.0 X4
corsair mp600 core xt,143.06,,,,,,Corsair,Storage,2025,,,,,,,2000.0,SSD,M.2-2280,M.2 PCIe 4.0 X4
pny cs900,99.99,,,,,,PNY,Storage,2025,,,,,,,2000.0,SSD,2.5,SATA 6.0 Gb/s
seagate exos x18,299.0,,,,,,Seagate,Storage,2025,,,,,,,16000.0,7200,3.5,SATA 6.0 Gb/s
samsung 860 evo,249.0,,,,,,Samsung,Storage,2025,,,,,,,2000.0,SSD,2.5,SATA 6.0 Gb/s
western digital black,112.99,,,,,,Western,Storage,2025,,,,,,,4000.0,7200,3.5,SATA 6.0 Gb/s
samsung 970 pro,399.99,,,,,,Samsung,Storage,2025,,,,,,,1000.0,SSD,M.2-2280,M.2 PCIe 3.0 X4
samsung 960 pro,689.95,,,,,,Samsung,Storage,2025,,,,,,,2000.0,SSD,M.2-2280,M.2 PCIe 3.0 X4
silicon power a55,21.99,,,,,,Silicon,Storage,2025,,,,,,,256.0,SSD,2.5,SATA 6.0 Gb/s
western digital wd blue,44.99,,,,,,Western,Storage,2025,,,,,,,1000.0,5400,3.5,SATA 6.0 Gb/s
adata mars 980 blade,177.99,,,,,,ADATA,Storage,2025,,,,,,,2000.0,SSD,M.2-2280,M.2 PCIe 5.0 X4
sabrent rocket 4 plus,499.99,,,,,,Sabrent,Storage,2025,,,,,,,4000.0,SSD,M.2-2280,M.2 PCIe 4.0 X4
seagate surveillance hdd,290.6,,,,,,Seagate,Storage,2025,,,,,,,8000.0,7200,3.5,SATA 6.0 Gb/s
fanxiang s500 pro,59.84,,,,,,FanXiang,Storage,2025,,,,,,,1000.0,SSD,M.2-2280,M.2 PCIe 3.0 X4
adata legend 710,74.98,,,,,,ADATA,Storage,2025,,,,,,,1000.0,SSD,M.2-2280,M.2 PCIe 3.0 X4
kingspec nx-2280,93.99,,,,,,KingSpec,Storage,2025,,,,,,,2000.0,SSD,M.2-2280,M.2 PCIe 3.0 X4
seagate skyhawk ai,439.99,,,,,,Seagate,Storage,2025,,,,,,,24000.0,7200,3.5,SATA 6.0 Gb/s
adata legend 900,139.99,,,,,,ADATA,Storage,2025,,,,,,,2000.0,SSD,M.2-2280,M.2 PCIe 4.0 X4
inland qn450,119.99,,,,,,Inland,Storage,2025,,,,,,,2000.0,SSD,M.2-2280,M.2 PCIe 4.0 X4
kioxia exceria g2,143.05,,,,,,KIOXIA,Storage,2025,,,,,,,2000.0,SSD,M.2-2280,M.2 PCIe 3.0 X4
samsung 970 evo,259.0,,,,,,Samsung,Storage,2025,,,,,,,2000.0,SSD,M.2-2280,M.2 PCIe 3.0 X4
western digital blue,49.0,,,,,,Western,Storage,2025,,,,,,,250.0,SSD,2.5,SATA 6.0 Gb/s
crucial p5 plus,103.92,,,,,,Crucial,Storage,2025,,,,,,,500.0,SSD,M.2-2280,M.2 PCIe 4.0 X4
acer fa100,59.99,,,,,,Acer,Storage,2025,,,,,,,1000.0,SSD,M.2-2280,M.2 PCIe 3.0 X4
teamgroup mp33 pro,40.99,,,,,,TEAMGROUP,Storage,2025,,,,,,,512.0,SSD,M.2-2280,M.2 PCIe 3.0 X4
sandisk ssd plus,119.99,,,,,,SanDisk,Storage,2025,,,,,,,2000.0,SSD,2.5,SATA 6.0 Gb/s
western digital velociraptor,48.97,,,,,,Western,Storage,2025,,,,,,,1000.0,10000,2.5,SATA 6.0 Gb/s
seagate barracuda,30.0,,,,,,Seagate,Storage,2025,,,,,,,500.0,7200,3.5,SATA 6.0 Gb/s
lexar nq780,61.49,,,,,,Lexar,Storage,2025,,,,,,,1000.0,SSD,M.2-2280,M.2 PCIe 4.0 X4
gigabyte aorus gen4,149.99,,,,,,Gigabyte,Storage,2025,,,,,,,1000.0,SSD,M.2-2280,M.2 PCIe 4.0 X4
klevv cras c930,121.99,,,,,,Klevv,Storage,2025,,,,,,,2000.0,SSD,M.2-2280,M.2 PCIe 4.0 X4
toshiba mg08,299.0,,,,,,Toshiba,Storage,2025,,,,,,,16000.0,7200,3.5,SATA 6.0 Gb/s
seagate firecuda 530,139.99,,,,,,Seagate,Storage,2025,,,,,,,1000.0,SSD,M.2-2280,M.2 PCIe 4.0 X4
western digital blue,35.99,,,,,,Western,Storage,2025,,,,,,,1000.0,5400,2.5,SATA 6.0 Gb/s
samsung pm893,899.99,,,,,,Samsung,Storage,2025,,,,,,,7680.0,SSD,2.5,SATA 6.0 Gb/s
corsair mp600 core xt r2,129.99,,,,,,Corsair,Storage,2025,,,,,,,2000.0,SSD,M.2-2280,M.2 PCIe 4.0 X4
samsung 850 pro,169.99,,,,,,Samsung,Storage,2025,,,,,,,256.0,SSD,2.5,SATA 6.0 Gb/s
samsung 960 evo,146.03,,,,,,Samsung,Storage,2025,,,,,,,500.0,SSD,M.2-2280,M.2 PCIe 3.0 X4
seagate barracuda,67.18,,,,,,Seagate,Storage,2025,,,,,,,1000.0,5400,2.5,SATA 6.0 Gb/s
seagate barracuda,119.99,,,,,,Seagate,Storage,2025,,,,,,,6000.0,5400,3.5,SATA 6.0 Gb/s
msi spatium m580 frozr,549.99,,,,,,MSI,Storage,2025,,,,,,,4000.0,SSD,M.2-2280,M.2 PCIe 5.0 X4
inland tn320,35.99,,,,,,Inland,Storage,2025,,,,,,,512.0,SSD,M.2-2280,M.2 PCIe 3.0 X4
pny cs2230,54.99,,,,,,PNY,Storage,2025,,,,,,,1000.0,SSD,M.2-2280,M.2 PCIe 3.0 X4
intel optane 905p,4500.0,,,,,,Intel,Storage,2025,,,,,,,1500.0,SSD,2.5,U.2
kioxia exceria pro,103.69,,,,,,KIOXIA,Storage,2025,,,,,,,1000.0,SSD,M.2-2280,M.2 PCIe 4.0 X4
seagate ironwolf nas,273.99,,,,,,Seagate,Storage,2025,,,,,,,10000.0,7200,3.5,SATA 6.0 Gb/s
seagate exos enterprise,91.0,,,,,,Seagate,Storage,2025,,,,,,,4000.0,7200,3.5,SATA 6.0 Gb/s
kingston nv2,229.77,,,,,,Kingston,Storage,2025,,,,,,,4000.0,SSD,M.2-2280,M.2 PCIe 4.0 X4
seagate firecuda 530r,79.99,,,,,,Seagate,Storage,2025,,,,,,,1000.0,SSD,M.2-2280,M.2 PCIe 4.0 X4
corsair mp600 pro lpx,94.99,,,,,,Corsair,Storage,2025,,,,,,,1000.0,SSD,M.2-2280,M.2 PCIe 4.0 X4
kioxia exceria pro,169.31,,,,,,KIOXIA,Storage,2025,,,,,,,2000.0,SSD,M.2-2280,M.2 PCIe 4.0 X4
sandisk ssd plus,39.5,,,,,,SanDisk,Storage,2025,,,,,,,480.0,SSD,2.5,SATA 6.0 Gb/s
solidigm p44 pro,252.0,,,,,,Solidigm,Storage,2025,,,,,,,2000.0,SSD,M.2-2280,M.2 PCIe 4.0 X4
intel 750,2488.87,,,,,,Intel,Storage,2025,,,,,,,1200.0,SSD,PCIe,PCIe x4
corsair mp600 pro lpx,159.99,,,,,,Corsair,Storage,2025,,,,,,,2000.0,SSD,M.2-2280,M.2 PCIe 4.0 X4
western digital wd blue,104.99,,,,,,Western,Storage,2025,,,,,,,6000.0,5400,3.5,SATA 3.0 Gb/s
corsair mp600 pro lpx,909.99,,,,,,Corsair,Storage,2025,,,,,,,8000.0,SSD,M.2-2280,M.2 PCIe 4.0 X4
gigabyte gen3 2500e,65.36,,,,,,Gigabyte,Storage,2025,,,,,,,500.0,SSD,M.2-2280,M.2 PCIe 3.0 X4
crucial p310 w/heatsink,78.98,,,,,,Crucial,Storage,2025,,,,,,,1000.0,SSD,M.2-2280,M.2 PCIe 4.0 X4
sk hynix platinum p41,58.09,,,,,,SK,Storage,2025,,,,,,,500.0,SSD,M.2-2280,M.2 PCIe 4.0 X4
western digital green,44.99,,,,,,Western,Storage,2025,,,,,,,120.0,SSD,2.5,SATA 6.0 Gb/s
orico o7000,59.49,,,,,,Orico,Storage,2025,,,,,,,1000.0,SSD,M.2-2280,M.2 PCIe 4.0 X4
seagate exos x16,389.0,,,,,,Seagate,Storage,2025,,,,,,,16000.0,7200,3.5,SATA 6.0 Gb/s
patriot p210,52.99,,,,,,Patriot,Storage,2025,,,,,,,1000.0,SSD,2.5,SATA 6.0 Gb/s
lexar professional nm1090 pro,154.51,,,,,,Lexar,Storage,2025,,,,,,,1000.0,SSD,M.2-2280,M.2 PCIe 5.0 X4
silicon power us75,219.99,,,,,,Silicon,Storage,2025,,,,,,,4000.0,SSD,M.2-2280,M.2 PCIe 4.0 X4
sabrent rocket 5,189.99,,,,,,Sabrent,Storage,2025,,,,,,,1000.0,SSD,M.2-2280,M.2 PCIe 5.0 X4
teamgroup gx2,32.99,,,,,,TEAMGROUP,Storage,2025,,,,,,,512.0,SSD,2.5,SATA 6.0 Gb/s
kingston kc600,61.87,,,,,,Kingston,Storage,2025,,,,,,,512.0,SSD,2.5,SATA 6.0 Gb/s
seagate exos x22,1034.71,,,,,,Seagate,Storage,2025,,,,,,,22000.0,7200,3.5,SATA 6.0 Gb/s
seagate ironwolf nas,235.31,,,,,,Seagate,Storage,2025,,,,,,,12000.0,7200,3.5,SATA 6.0 Gb/s
patriot p320,15.99,,,,,,Patriot,Storage,2025,,,,,,,128.0,SSD,M.2-2280,M.2 PCIe 3.0 X4
patriot viper vp4300,94.99,,,,,,Patriot,Storage,2025,,,,,,,1000.0,SSD,M.2-2280,M.2 PCIe 4.0 X4
inland tn450,62.99,,,,,,Inland,Storage,2025,,,,,,,1000.0,SSD,M.2-2280,M.2 PCIe 4.0 X4
teamgroup t-force g70 pro graphene,279.99,,,,,,TEAMGROUP,Storage,2025,,,,,,,4000.0,SSD,M.2-2280,M.2 PCIe 4.0 X4
western digital sn530,49.95,,,,,,Western,Storage,2025,,,,,,,512.0,SSD,M.2-2280,M.2 PCIe 3.0 X4
western digital red plus,79.98,,,,,,Western,Storage,2025,,,,,,,2000.0,5400,3.5,SATA 6.0 Gb/s
samsung 840 evo,151.44,,,,,,Samsung,Storage,2025,,,,,,,250.0,SSD,2.5,SATA 6.0 Gb/s
toshiba s300,115.57,,,,,,Toshiba,Storage,2025,,,,,,,4000.0,5400,3.5,SATA 6.0 Gb/s
pny cs2230,44.99,,,,,,PNY,Storage,2025,,,,,,,500.0,SSD,M.2-2280,M.2 PCIe 3.0 X4
western digital black sn750 se,61.97,,,,,,Western,Storage,2025,,,,,,,500.0,SSD,M.2-2280,M.2 PCIe 4.0 X4
fanxiang s880,245.98,,,,,,FanXiang,Storage,2025,,,,,,,4000.0,SSD,M.2-2280,M.2 PCIe 4.0 X4
crucial t710,229.99,,,,,,Crucial,Storage,2025,,,,,,,2000.0,SSD,M.2-2280,M.2 PCIe 5.0 X4
teamgroup t-force delta max white rgb lite,58.99,,,,,,TEAMGROUP,Storage,2025,,,,,,,1000.0,SSD,2.5,SATA 6.0 Gb/s
western digital gold,449.99,,,,,,Western,Storage,2025,,,,,,,22000.0,7200,3.5,SATA 6.0 Gb/s
lexar professional nm1090 pro,214.49,,,,,,Lexar,Storage,2025,,,,,,,2000.0,SSD,M.2-2280,M.2 PCIe 5.0 X4
western digital blue,149.99,,,,,,Western,Storage,2025,,,,,,,8000.0,5640,3.5,SATA 6.0 Gb/s
crucial t705 w/heatsink,152.99,,,,,,Crucial,Storage,2025,,,,,,,1000.0,SSD,M.2-2280,M.2 PCIe 5.0 X4
teamgroup ms30,21.99,,,,,,TEAMGROUP,Storage,2025,,,,,,,256.0,SSD,M.2-2280,M.2 SATA
silicon power p34a60,21.99,,,,,,Silicon,Storage,2025,,,,,,,128.0,SSD,M.2-2280,M.2 PCIe 3.0 X4
teamgroup t-force gc pro,379.99,,,,,,TEAMGROUP,Storage,2025,,,,,,,4000.0,SSD,M.2-2280,M.2 PCIe 5.0 X4
corsair mp600 core xt r2,68.5,,,,,,Corsair,Storage,2025,,,,,,,1000.0,SSD,M.2-2280,M.2 PCIe 4.0 X4
fanxiang s660,122.54,,,,,,FanXiang,Storage,2025,,,,,,,2000.0,SSD,M.2-2280,M.2 PCIe 4.0 X4
crucial p310 w/heatsink,144.99,,,,,,Crucial,Storage,2025,,,,,,,2000.0,SSD,M.2-2280,M.2 PCIe 4.0 X4
adata ultimate su650,24.41,,,,,,ADATA,Storage,2025,,,,,,,240.0,SSD,2.5,SATA 6.0 Gb/s
seagate barracuda q5,69.98,,,,,,Seagate,Storage,2025,,,,,,,1000.0,SSD,M.2-2280,M.2 PCIe 3.0 X4
patriot p220,18.98,,,,,,Patriot,Storage,2025,,,,,,,256.0,SSD,2.5,SATA 6.0 Gb/s
sk hynix gold p31,229.98,,,,,,SK,Storage,2025,,,,,,,2000.0,SSD,M.2-2280,M.2 PCIe 3.0 X4
adata su800,57.87,,,,,,ADATA,Storage,2025,,,,,,,512.0,SSD,2.5,SATA 6.0 Gb/s
sandisk ssd plus,44.99,,,,,,SanDisk,Storage,2025,,,,,,,500.0,SSD,M.2-2280,M.2 PCIe 3.0 X4
kingston ssdnow v300,76.17,,,,,,Kingston,Storage,2025,,,,,,,120.0,SSD,2.5,SATA 6.0 Gb/s
solidigm p44 pro,149.85,,,,,,Solidigm,Storage,2025,,,,,,,1000.0,SSD,M.2-2280,M.2 PCIe 4.0 X4
western digital purple,86.99,,,,,,Western,Storage,2025,,,,,,,4000.0,5400,3.5,SATA 6.0 Gb/s
western digital ultrastar dc hc560,479.65,,,,,,Western,Storage,2025,,,,,,,22000.0,7200,3.5,SATA 6.0 Gb/s
seagate ironwolf nas,249.99,,,,,,Seagate,Storage,2025,,,,,,,14000.0,7200,3.5,SATA 6.0 Gb/s
corsair mp700 elite w/heatsink,206.85,,,,,,Corsair,Storage,2025,,,,,,,2000.0,SSD,M.2-2280,M.2 PCIe 5.0 X4
sabrent rocket q,124.99,,,,,,Sabrent,Storage,2025,,,,,,,1000.0,SSD,M.2-2280,M.2 PCIe 3.0 X4
corsair mp600 pro nh,139.72,,,,,,Corsair,Storage,2025,,,,,,,2000.0,SSD,M.2-2280,M.2 PCIe 4.0 X4
crucial t700 w/heatsink,139.0,,,,,,Crucial,Storage,2025,,,,,,,1000.0,SSD,M.2-2280,M.2 PCIe 5.0 X4
silicon power a55,32.97,,,,,,Silicon,Storage,2025,,,,,,,512.0,SSD,M.2-2280,M.2 SATA
seagate barracuda,40.0,,,,,,Seagate,Storage,2025,,,,,,,500.0,5400,3.5,SATA 6.0 Gb/s
western digital blue sa510,42.99,,,,,,Western,Storage,2025,,,,,,,500.0,SSD,2.5,SATA 6.0 Gb/s
teamgroup z440 lite,61.99,,,,,,TEAMGROUP,Storage,2025,,,,,,,1000.0,SSD,M.2-2280,M.2 PCIe 4.0 X4
lexar ns100,23.98,,,,,,Lexar,Storage,2025,,,,,,,256.0,SSD,2.5,SATA 6.0 Gb/s
kingston fury renegade with heat sink,174.66,,,,,,Kingston,Storage,2025,,,,,,,2000.0,SSD,M.2-2280,M.2 PCIe 4.0 X4
msi spatium m570 hs,405.25,,,,,,MSI,Storage,2025,,,,,,,2000.0,SSD,M.2-2280,M.2 PCIe 5.0 X4
seagate exos x24,399.99,,,,,,Seagate,Storage,2025,,,,,,,20000.0,7200,3.5,SATA 6.0 Gb/s
intel 670p,52.89,,,,,,Intel,Storage,2025,,,,,,,512.0,SSD,M.2-2280,M.2 PCIe 3.0 X4
adata xpg spectrix s40g rgb,49.0,,,,,,ADATA,Storage,2025,,,,,,,512.0,SSD,M.2-2280,M.2 PCIe 3.0 X4
western digital caviar green,54.99,,,,,,Western,Storage,2025,,,,,,,1000.0,5400,3.5,SATA 6.0 Gb/s
corsair mp600 pro xt,174.99,,,,,,Corsair,Storage,2025,,,,,,,2000.0,SSD,M.2-2280,M.2 PCIe 4.0 X4
samsung 960 evo,206.11,,,,,,Samsung,Storage,2025,,,,,,,1000.0,SSD,M.2-2280,M.2 PCIe 3.0 X4
acer predator gm7,234.99,,,,,,Acer,Storage,2025,,,,,,,4000.0,SSD,M.2-2280,M.2 PCIe 4.0 X4
crucial p510 w/heatsink,109.99,,,,,,Crucial,Storage,2025,,,,,,,1000.0,SSD,M.2-2280,M.2 PCIe 5.0 X4
silicon power ud90,51.34,,,,,,Silicon,Storage,2025,,,,,,,500.0,SSD,M.2-2280,M.2 PCIe 4.0 X4
solidigm p41 plus,119.95,,,,,,Solidigm,Storage,2025,,,,,,,1000.0,SSD,M.2-2280,M.2 PCIe 4.0 X4
teamgroup ax2,48.99,,,,,,TEAMGROUP,Storage,2025,,,,,,,1000.0,SSD,2.5,SATA 6.0 Gb/s
sandisk ssd plus,114.99,,,,,,SanDisk,Storage,2025,,,,,,,2000.0,SSD,M.2-2280,M.2 PCIe 3.0 X4
netac nv7000-t,162.99,,,,,,Netac,Storage,2025,,,,,,,2000.0,SSD,M.2-2280,M.2 PCIe 4.0 X4
solidigm p41 plus,141.94,,,,,,Solidigm,Storage,2025,,,,,,,2000.0,SSD,M.2-2280,M.2 PCIe 4.0 X4
western digital wd_black,300.56,,,,,,Western,Storage,2025,,,,,,,10000.0,7200,3.5,SATA 6.0 Gb/s
seagate barracuda compute,92.5,,,,,,Seagate,Storage,2025,,,,,,,2000.0,5400,2.5,SATA 6.0 Gb/s
seagate st1000lm035,44.0,,,,,,Seagate,Storage,2025,,,,,,,1000.0,5400,2.5,SATA 6.0 Gb/s
pny cs1030,32.75,,,,,,PNY,Storage,2025,,,,,,,250.0,SSD,M.2-2280,M.2 PCIe 3.0 X4
pny cs2241,37.99,,,,,,PNY,Storage,2025,,,,,,,500.0,SSD,M.2-2280,M.2 PCIe 4.0 X4
crucial t700 w/heatsink,249.99,,,,,,Crucial,Storage,2025,,,,,,,2000.0,SSD,M.2-2280,M.2 PCIe 5.0 X4
seagate barracuda,127.0,,,,,,Seagate,Storage,2025,,,,,,,4000.0,5400,2.5,SATA 6.0 Gb/s
teamgroup t-force g70 pro aluminum,124.99,,,,,,TEAMGROUP,Storage,2025,,,,,,,2000.0,SSD,M.2-2280,M.2 PCIe 4.0 X4
inland tn470,69.98,,,,,,Inland,Storage,2025,,,,,,,1000.0,SSD,M.2-2280,M.2 PCIe 4.0 X4
adata su630,32.99,,,,,,ADATA,Storage,2025,,,,,,,480.0,SSD,2.5,SATA 6.0 Gb/s
acer fa100,99.99,,,,,,Acer,Storage,2025,,,,,,,2000.0,SSD,M.2-2280,M.2 PCIe 3.0 X4
western digital blue sn570,39.99,,,,,,Western,Storage,2025,,,,,,,250.0,SSD,M.2-2280,M.2 PCIe 3.0 X4
toshiba mk3276gsx,13.98,,,,,,Toshiba,Storage,2025,,,,,,,320.0,5400,2.5,SATA 3.0 Gb/s
crucial p1,84.99,,,,,,Crucial,Storage,2025,,,,,,,500.0,SSD,M.2-2280,M.2 PCIe 3.0 X4
seagate ironwolf nas,149.99,,,,,,Seagate,Storage,2025,,,,,,,6000.0,5400,3.5,SATA 6.0 Gb/s
adata xpg gammix s11 pro,198.9,,,,,,ADATA,Storage,2025,,,,,,,1000.0,SSD,M.2-2280,M.2 PCIe 3.0 X4
lexar professional nm1090 pro,408.49,,,,,,Lexar,Storage,2025,,,,,,,4000.0,SSD,M.2-2280,M.2 PCIe 5.0 X4
western digital blue,118.0,,,,,,Western,Storage,2025,,,,,,,1000.0,SSD,M.2-2280,M.2 SATA
western digital gold,579.99,,,,,,Western,Storage,2025,,,,,,,20000.0,7200,3.5,SATA 6.0 Gb/s
patriot p310,112.99,,,,,,Patriot,Storage,2025,,,,,,,1920.0,SSD,M.2-2280,M.2 PCIe 3.0 X4
western digital wd red pro,249.99,,,,,,Western,Storage,2025,,,,,,,10000.0,7200,3.5,SATA 6.0 Gb/s
msi spatium m570 frozr,239.99,,,,,,MSI,Storage,2025,,,,,,,2000.0,SSD,M.2-2280,M.2 PCIe 5.0 X4
teamgroup gx2,50.99,,,,,,TEAMGROUP,Storage,2025,,,,,,,1000.0,SSD,2.5,SATA 6.0 Gb/s
sk hynix platinum p51,169.99,,,,,,SK,Storage,2025,,,,,,,1000.0,SSD,M.2-2280,M.2 PCIe 5.0 X4
crucial p2,39.99,,,,,,Crucial,Storage,2025,,,,,,,250.0,SSD,M.2-2280,M.2 PCIe 3.0 X4
sandisk extreme,79.98,,,,,,SanDisk,Storage,2025,,,,,,,1000.0,SSD,M.2-2280,M.2 PCIe 4.0 X4
western digital wd red pro,269.23,,,,,,Western,Storage,2025,,,,,,,12000.0,7200,3.5,SATA 6.0 Gb/s
sandisk extreme,124.99,,,,,,SanDisk,Storage,2025,,,,,,,2000.0,SSD,M.2-2280,M.2 PCIe 4.0 X4
klevv cras c930,75.98,,,,,,Klevv,Storage,2025,,,,,,,1000.0,SSD,M.2-2280,M.2 PCIe 4.0 X4
seagate barracuda pro compute,64.79,,,,,,Seagate,Storage,2025,,,,,,,1000.0,7200,2.5,SATA 6.0 Gb/s
crucial p5 plus w/heatsink,178.79,,,,,,Crucial,Storage,2025,,,,,,,2000.0,SSD,M.2-2280,M.2 PCIe 4.0 X4
western digital blue,96.99,,,,,,Western,Storage,2025,,,,,,,500.0,SSD,M.2-2280,M.2 SATA
sandisk ssd plus,29.99,,,,,,SanDisk,Storage,2025,,,,,,,250.0,SSD,M.2-2280,M.2 PCIe 3.0 X4
samsung 860 evo,216.13,,,,,,Samsung,Storage,2025,,,,,,,1000.0,SSD,M.2-2280,M.2 SATA
seagate firecuda 540,378.09,,,,,,Seagate,Storage,2025,,,,,,,2000.0,SSD,M.2-2280,M.2 PCIe 5.0 X4
western digital blue,210.0,,,,,,Western,Storage,2025,,,,,,,2000.0,SSD,2.5,SATA 6.0 Gb/s
adata ultimate su650,59.99,,,,,,ADATA,Storage,2025,,,,,,,960.0,SSD,2.5,SATA 6.0 Gb/s
patriot burst elite,89.99,,,,,,Patriot,Storage,2025,,,,,,,1920.0,SSD,2.5,SATA 6.0 Gb/s
western digital se,42.48,,,,,,Western,Storage,2025,,,,,,,2000.0,7200,3.5,SATA 6.0 Gb/s
teamgroup ax2,90.99,,,,,,TEAMGROUP,Storage,2025,,,,,,,2000.0,SSD,2.5,SATA 6.0 Gb/s
western digital black sn850,110.0,,,,,,Western,Storage,2025,,,,,,,500.0,SSD,M.2-2280,M.2 PCIe 4.0 X4
teamgroup ax2,30.99,,,,,,TEAMGROUP,Storage,2025,,,,,,,512.0,SSD,2.5,SATA 6.0 Gb/s
sk hynix gold p31,44.09,,,,,,SK,Storage,2025,,,,,,,500.0,SSD,M.2-2280,M.2 PCIe 3.0 X4
intenso top performance,35.75,,,,,,Intenso,Storage,2025,,,,,,,512.0,SSD,M.2-2280,M.2 SATA
adata legend 960 max,89.99,,,,,,ADATA,Storage,2025,,,,,,,1000.0,SSD,M.2-2280,M.2 PCIe 4.0 X4
goodram px700,107.33,,,,,,GOODRAM,Storage,2025,,,,,,,1024.0,SSD,M.2-2280,M.2 PCIe 4.0 X4
kingston a2000,99.99,,,,,,Kingston,Storage,2025,,,,,,,250.0,SSD,M.2-2280,M.2 PCIe 3.0 X4
kioxia exceria,74.31,,,,,,KIOXIA,Storage,2025,,,,,,,960.0,SSD,2.5,SATA 6.0 Gb/s
corsair mp600 gs,69.98,,,,,,Corsair,Storage,2025,,,,,,,500.0,SSD,M.2-2280,M.2 PCIe 4.0 X4
addlink s70,32.88,,,,,,Addlink,Storage,2025,,,,,,,512.0,SSD,M.2-2280,M.2 PCIe 3.0 X4
corsair mp700 pro w/heatsink,554.99,,,,,,Corsair,Storage,2025,,,,,,,4000.0,SSD,M.2-2280,M.2 PCIe 5.0 X4
adata su800,47.94,,,,,,ADATA,Storage,2025,,,,,,,256.0,SSD,2.5,SATA 6.0 Gb/s
corsair mp600 gs,72.88,,,,,,Corsair,Storage,2025,,,,,,,1000.0,SSD,M.2-2280,M.2 PCIe 4.0 X4
kingston fury renegade with heat sink,109.99,,,,,,Kingston,Storage,2025,,,,,,,1000.0,SSD,M.2-2280,M.2 PCIe 4.0 X4
teamgroup t-force cardea z540,139.99,,,,,,TEAMGROUP,Storage,2025,,,,,,,1000.0,SSD,M.2-2280,M.2 PCIe 5.0 X4
corsair mp700 pro se with air cooler,283.99,,,,,,Corsair,Storage,2025,,,,,,,2000.0,SSD,M.2-2280,M.2 PCIe 5.0 X4
msi spatium m470,149.99,,,,,,MSI,Storage,2025,,,,,,,1000.0,SSD,M.2-2280,M.2 PCIe 4.0 X4
samsung mzvpv512hdgl-00000,69.0,,,,,,Samsung,Storage,2025,,,,,,,512.0,SSD,M.2-2280,M.2 PCIe 3.0 X4
samsung 850 pro,200.87,,,,,,Samsung,Storage,2025,,,,,,,512.0,SSD,2.5,SATA 6.0 Gb/s
western digital wd red pro,199.99,,,,,,Western,Storage,2025,,,,,,,8000.0,7200,3.5,SATA 6.0 Gb/s
western digital green,99.99,,,,,,Western,Storage,2025,,,,,,,2000.0,SSD,2.5,SATA 6.0 Gb/s
patriot burst elite,51.99,,,,,,Patriot,Storage,2025,,,,,,,960.0,SSD,2.5,SATA 6.0 Gb/s
transcend 110s,20.99,,,,,,Transcend,Storage,2025,,,,,,,128.0,SSD,M.2-2280,M.2 PCIe 3.0 X4
kingston kc600,89.99,,,,,,Kingston,Storage,2025,,,,,,,1024.0,SSD,2.5,SATA 6.0 Gb/s
western digital wd_black,129.99,,,,,,Western,Storage,2025,,,,,,,4000.0,7200,3.5,SATA 6.0 Gb/s
msi spatium s270,39.0,,,,,,MSI,Storage,2025,,,,,,,240.0,SSD,2.5,SATA 6.0 Gb/s
western digital red,141.94,,,,,,Western,Storage,2025,,,,,,,4000.0,5400,3.5,SATA 6.0 Gb/s
western digital red sn700,100.0,,,,,,Western,Storage,2025,,,,,,,1000.0,SSD,M.2-2280,M.2 PCIe 3.0 X4
western digital ultrastar dc hc550,310.49,,,,,,Western,Storage,2025,,,,,,,16000.0,7200,3.5,SATA 6.0 Gb/s
teamgroup cx2,48.99,,,,,,TEAMGROUP,Storage,2025,,,,,,,1000.0,SSD,2.5,SATA 6.0 Gb/s
western digital blue sn550,69.99,,,,,,Western,Storage,2025,,,,,,,500.0,SSD,M.2-2280,M.2 PCIe 3.0 X4
intel 660p,199.0,,,,,,Intel,Storage,2025,,,,,,,2048.0,SSD,M.2-2280,M.2 PCIe 3.0 X4
western digital blue,102.99,,,,,,Western,Storage,2025,,,,,,,2000.0,5400,3.5,SATA 6.0 Gb/s
western digital black an1500,887.71,,,,,,Western,Storage,2025,,,,,,,2000.0,SSD,PCIe,PCIe x8
hitachi ultrastar 7k6000,75.63,,,,,,Hitachi,Storage,2025,,,,,,,4000.0,7200,3.5,SATA 6.0 Gb/s
seagate ironwolf pro,255.0,,,,,,Seagate,Storage,2025,,,,,,,8000.0,7200,3.5,SATA 6.0 Gb/s
western digital black sn850,222.99,,,,,,Western,Storage,2025,,,,,,,2000.0,SSD,M.2-2280,M.2 PCIe 4.0 X4
seagate ironwolf nas,230.0,,,,,,Seagate,Storage,2025,,,,,,,6000.0,7200,3.5,SATA 6.0 Gb/s
teamgroup t-force cardea z540,219.99,,,,,,TEAMGROUP,Storage,2025,,,,,,,2000.0,SSD,M.2-2280,M.2 PCIe 5.0 X4
intenso high performance,20.95,,,,,,Intenso,Storage,2025,,,,,,,120.0,SSD,2.5,SATA 6.0 Gb/s
hitachi 0f23663,1045.0,,,,,,Hitachi,Storage,2025,,,,,,,6000.0,7200,3.5,SATA 6.0 Gb/s
orico d10,119.99,,,,,,Orico,Storage,2025,,,,,,,2000.0,SSD,M.2-2280,M.2 PCIe 3.0 X4
western digital green,49.0,,,,,,Western,Storage,2025,,,,,,,240.0,SSD,M.2-2280,M.2 SATA
sandisk ultra 3d,113.15,,,,,,SanDisk,Storage,2025,,,,,,,500.0,SSD,2.5,SATA 6.0 Gb/s
crucial p510 w/heatsink,189.99,,,,,,Crucial,Storage,2025,,,,,,,2000.0,SSD,M.2-2280,M.2 PCIe 5.0 X4
seagate exos x14,249.99,,,,,,Seagate,Storage,2025,,,,,,,14000.0,7200,3.5,SATA 6.0 Gb/s
lexar nm790 w/heatsink,71.48,,,,,,Lexar,Storage,2025,,,,,,,1000.0,SSD,M.2-2280,M.2 PCIe 4.0 X4
pny cs3140,74.99,,,,,,PNY,Storage,2025,,,,,,,1000.0,SSD,M.2-2280,M.2 PCIe 4.0 X4
samsung 960 pro,195.86,,,,,,Samsung,Storage,2025,,,,,,,512.0,SSD,M.2-2280,M.2 PCIe 3.0 X4
lexar ns100,54.99,,,,,,Lexar,Storage,2025,,,,,,,1000.0,SSD,2.5,SATA 6.0 Gb/s
fanxiang s101,56.99,,,,,,FanXiang,Storage,2025,,,,,,,1000.0,SSD,2.5,SATA 6.0 Gb/s
intel 670p,168.0,,,,,,Intel,Storage,2025,,,,,,,2000.0,SSD,M.2-2280,M.2 PCIe 3.0 X4
kingston fury renegade with heat sink,319.0,,,,,,Kingston,Storage,2025,,,,,,,4000.0,SSD,M.2-2280,M.2 PCIe 4.0 X4
mushkin vortex redline,92.99,,,,,,Mushkin,Storage,2025,,,,,,,1000.0,SSD,M.2-2280,M.2 PCIe 4.0 X4
gigabyte aorus gen4,154.68,,,,,,Gigabyte,Storage,2025,,,,,,,1000.0,SSD,M.2-2280,M.2 PCIe 4.0 X4
western digital blue,84.99,,,,,,Western,Storage,2025,,,,,,,4000.0,5400,3.5,SATA 6.0 Gb/s
sabrent rocket 4,199.99,,,,,,Sabrent,Storage,2025,,,,,,,2000.0,SSD,M.2-2280,M.2 PCIe 4.0 X4
msi spatium m580 frozr,322.99,,,,,,MSI,Storage,2025,,,,,,,2000.0,SSD,M.2-2280,M.2 PCIe 5.0 X4
samsung 860 evo,372.32,,,,,,Samsung,Storage,2025,,,,,,,4000.0,SSD,2.5,SATA 6.0 Gb/s
corsair mp600 pro xt,369.99,,,,,,Corsair,Storage,2025,,,,,,,4000.0,SSD,M.2-2280,M.2 PCIe 4.0 X4
intel 660p,149.0,,,,,,Intel,Storage,2025,,,,,,,1000.0,SSD,M.2-2280,M.2 PCIe 3.0 X4
hp ex920,67.98,,,,,,HP,Storage,2025,,,,,,,512.0,SSD,M.2-2280,M.2 PCIe 3.0 X4
corsair mp600 pro nh,99.99,,,,,,Corsair,Storage,2025,,,,,,,1000.0,SSD,M.2-2280,M.2 PCIe 4.0 X4
western digital blue,37.99,,,,,,Western,Storage,2025,,,,,,,1000.0,5400,2.5,SATA 6.0 Gb/s
seagate firecuda 520,99.9,,,,,,Seagate,Storage,2025,,,,,,,1000.0,SSD,M.2-2280,M.2 PCIe 4.0 X4
pny cs3140,139.99,,,,,,PNY,Storage,2025,,,,,,,2000.0,SSD,M.2-2280,M.2 PCIe 4.0 X4
intel dc p4511,159.0,,,,,,Intel,Storage,2025,,,,,,,1000.0,SSD,M.2-22110,M.2 PCIe 3.0 X4
crucial p2,249.99,,,,,,Crucial,Storage,2025,,,,,,,2000.0,SSD,M.2-2280,M.2 PCIe 3.0 X4
crucial p5,433.03,,,,,,Crucial,Storage,2025,,,,,,,1000.0,SSD,M.2-2280,M.2 PCIe 3.0 X4
msi spatium m461,249.99,,,,,,MSI,Storage,2025,,,,,,,4000.0,SSD,M.2-2280,M.2 PCIe 4.0 X4
lexar ns100,72.17,,,,,,Lexar,Storage,2025,,,,,,,512.0,SSD,2.5,SATA 6.0 Gb/s
western digital green sn350,175.53,,,,,,Western,Storage,2025,,,,,,,480.0,SSD,M.2-2280,M.2 PCIe 3.0 X4
seagate archive hdd v2,139.63,,,,,,Seagate,Storage,2025,,,,,,,5000.0,5900,3.5,SATA 6.0 Gb/s
western digital red,104.0,,,,,,Western,Storage,2025,,,,,,,3000.0,5400,3.5,SATA 6.0 Gb/s
toshiba dt01aca050,33.97,,,,,,Toshiba,Storage,2025,,,,,,,500.0,7200,3.5,SATA 6.0 Gb/s
western digital blue sn570,239.99,,,,,,Western,Storage,2025,,,,,,,2000.0,SSD,M.2-2280,M.2 PCIe 3.0 X4
teamgroup cardea a440,79.98,,,,,,TEAMGROUP,Storage,2025,,,,,,,1000.0,SSD,M.2-2280,M.2 PCIe 4.0 X4
lexar nm790 w/heatsink,239.49,,,,,,Lexar,Storage,2025,,,,,,,4000.0,SSD,M.2-2280,M.2 PCIe 4.0 X4
seagate firecuda 530r,344.99,,,,,,Seagate,Storage,2025,,,,,,,4000.0,SSD,M.2-2280,M.2 PCIe 4.0 X4
toshiba x300 pro,358.99,,,,,,Toshiba,Storage,2025,,,,,,,18000.0,7200,3.5,SATA 6.0 Gb/s
teamgroup mp44,724.99,,,,,,TEAMGROUP,Storage,2025,,,,,,,8000.0,SSD,M.2-2280,M.2 PCIe 4.0 X4
seagate ironwolf pro,249.99,,,,,,Seagate,Storage,2025,,,,,,,12000.0,7200,3.5,SATA 6.0 Gb/s
kioxia exceria,39.68,,,,,,KIOXIA,Storage,2025,,,,,,,480.0,SSD,2.5,SATA 6.0 Gb/s
seagate ironwolf pro nas,94.99,,,,,,Seagate,Storage,2025,,,,,,,2000.0,7200,3.5,SATA 6.0 Gb/s
gigabyte gp-gstfs31240gntd,72.69,,,,,,Gigabyte,Storage,2025,,,,,,,240.0,SSD,2.5,SATA 6.0 Gb/s
western digital av-gp,14.21,,,,,,Western,Storage,2025,,,,,,,320.0,5400,3.5,SATA 3.0 Gb/s
western digital black sn750,239.5,,,,,,Western,Storage,2025,,,,,,,2000.0,SSD,M.2-2280,M.2 PCIe 3.0 X4
western digital blue,101.0,,,,,,Western,Storage,2025,,,,,,,4000.0,5400,3.5,SATA 6.0 Gb/s
lexar nq780,219.49,,,,,,Lexar,Storage,2025,,,,,,,4000.0,SSD,M.2-2280,M.2 PCIe 4.0 X4
adata xpg gammix s70 blade,274.99,,,,,,ADATA,Storage,2025,,,,,,,4000.0,SSD,M.2-2280,M.2 PCIe 4.0 X4
inland tn320,64.98,,,,,,Inland,Storage,2025,,,,,,,1000.0,SSD,M.2-2280,M.2 PCIe 3.0 X4
addlink s91,144.0,,,,,,Addlink,Storage,2025,,,,,,,2000.0,SSD,M.2-2230,M.2 PCIe 4.0 X4
seagate exos 7e10 512e/4kn,218.41,,,,,,Seagate,Storage,2025,,,,,,,8000.0,7200,3.5,SATA 6.0 Gb/s
seagate ironwolf nas,249.99,,,,,,Seagate,Storage,2025,,,,,,,12000.0,7200,3.5,SATA 6.0 Gb/s
crucial t500 w/heatsink,309.99,,,,,,Crucial,Storage,2025,,,,,,,4000.0,SSD,M.2-2280,M.2 PCIe 4.0 X4
seagate barracuda compute,94.94,,,,,,Seagate,Storage,2025,,,,,,,3000.0,5400,3.5,SATA 6.0 Gb/s
patriot p220,30.99,,,,,,Patriot,Storage,2025,,,,,,,512.0,SSD,2.5,SATA 6.0 Gb/s
silicon power xs70,218.28,,,,,,Silicon,Storage,2025,,,,,,,2000.0,SSD,M.2-2280,M.2 PCIe 4.0 X4
addlink s70,57.88,,,,,,Addlink,Storage,2025,,,,,,,1000.0,SSD,M.2-2280,M.2 PCIe 3.0 X4
transcend ts32gssd370s,33.97,,,,,,Transcend,Storage,2025,,,,,,,32.0,SSD,2.5,SATA 6.0 Gb/s
intenso top performance,29.96,,,,,,Intenso,Storage,2025,,,,,,,128.0,SSD,M.2-2280,M.2 SATA
samsung 860 evo,189.99,,,,,,Samsung,Storage,2025,,,,,,,500.0,SSD,M.2-2280,M.2 SATA
corsair mp600 gs,164.99,,,,,,Corsair,Storage,2025,,,,,,,2000.0,SSD,M.2-2280,M.2 PCIe 4.0 X4
samsung 840 pro,240.16,,,,,,Samsung,Storage,2025,,,,,,,256.0,SSD,2.5,SATA 6.0 Gb/s
lexar professional nm800pro w/heatsink,82.99,,,,,,Lexar,Storage,2025,,,,,,,1000.0,SSD,M.2-2280,M.2 PCIe 4.0 X4
adata legend 860,53.95,,,,,,ADATA,Storage,2025,,,,,,,500.0,SSD,M.2-2280,M.2 PCIe 4.0 X4
western digital green,42.0,,,,,,Western,Storage,2025,,,,,,,480.0,SSD,2.5,SATA 6.0 Gb/s
seagate momentus thin,56.4,,,,,,Seagate,Storage,2025,,,,,,,500.0,5400,2.5,SATA 3.0 Gb/s
seagate game drive,1074.46,,,,,,Seagate,Storage,2025,,,,,,,4000.0,SSD,M.2-2280,M.2 PCIe 4.0 X4
inland platinum,109.99,,,,,,Inland,Storage,2025,,,,,,,2000.0,SSD,2.5,SATA 6.0 Gb/s
seagate ironwolf nas,155.0,,,,,,Seagate,Storage,2025,,,,,,,4000.0,5900,3.5,SATA 6.0 Gb/s
western digital wd red pro,449.0,,,,,,Western,Storage,2025,,,,,,,22000.0,7200,3.5,SATA 6.0 Gb/s
fanxiang s500 pro,25.99,,,,,,FanXiang,Storage,2025,,,,,,,256.0,SSD,M.2-2280,M.2 PCIe 3.0 X4
western digital blue,309.99,,,,,,Western,Storage,2025,,,,,,,4000.0,SSD,2.5,SATA 6.0 Gb/s
pny cs900,25.59,,,,,,PNY,Storage,2025,,,,,,,120.0,SSD,2.5,SATA 6.0 Gb/s
seagate exos x22,449.99,,,,,,Seagate,Storage,2025,,,,,,,22000.0,7200,3.5,SATA 6.0 Gb/s
seagate enterprise capacity,69.98,,,,,,Seagate,Storage,2025,,,,,,,3000.0,7200,3.5,SATA 6.0 Gb/s
seagate firecuda 530,284.99,,,,,,Seagate,Storage,2025,,,,,,,2000.0,SSD,M.2-2280,M.2 PCIe 4.0 X4
teamgroup ax2,18.98,,,,,,TEAMGROUP,Storage,2025,,,,,,,256.0,SSD,2.5,SATA 6.0 Gb/s
seagate barracuda q5,41.99,,,,,,Seagate,Storage,2025,,,,,,,500.0,SSD,M.2-2280,M.2 PCIe 3.0 X4
hitachi ultrastar sn260,323.0,,,,,,Hitachi,Storage,2025,,,,,,,1600.0,SSD,PCIe,PCIe x8
xoc nitro,27.33,,,,,,XOC,Storage,2025,,,,,,,512.0,SSD,2.5,SATA 6.0 Gb/s
corsair mp700 elite w/heatsink,124.99,,,,,,Corsair,Storage,2025,,,,,,,1000.0,SSD,M.2-2280,M.2 PCIe 5.0 X4
inland professional,19.98,,,,,,Inland,Storage,2025,,,,,,,120.0,SSD,2.5,SATA 6.0 Gb/s
netac nv7000-t,69.78,,,,,,Netac,Storage,2025,,,,,,,1000.0,SSD,M.2-2280,M.2 PCIe 4.0 X4
corsair mp510,95.1,,,,,,Corsair,Storage,2025,,,,,,,480.0,SSD,M.2-2280,M.2 PCIe 3.0 X4
corsair mp600 pro lpx,99.99,,,,,,Corsair,Storage,2025,,,,,,,1000.0,SSD,M.2-2280,M.2 PCIe 4.0 X4
toshiba mq01abd-v,33.86,,,,,,Toshiba,Storage,2025,,,,,,,1000.0,5400,2.5,SATA 6.0 Gb/s
toshiba n300,142.71,,,,,,Toshiba,Storage,2025,,,,,,,4000.0,7200,3.5,SATA 6.0 Gb/s
inland tn320,26.99,,,,,,Inland,Storage,2025,,,,,,,256.0,SSD,M.2-2280,M.2 PCIe 3.0 X4
patriot p320,104.99,,,,,,Patriot,Storage,2025,,,,,,,2000.0,SSD,M.2-2280,M.2 PCIe 3.0 X4
western digital black,49.99,,,,,,Western,Storage,2025,,,,,,,1000.0,7200,2.5,SATA 6.0 Gb/s
seagate barracuda,58.0,,,,,,Seagate,Storage,2025,,,,,,,1000.0,7200,3.5,SATA 3.0 Gb/s
western digital blue sn550,44.99,,,,,,Western,Storage,2025,,,,,,,250.0,SSD,M.2-2280,M.2 PCIe 3.0 X4
corsair mp600 elite w/heatsink,94.99,,,,,,Corsair,Storage,2025,,,,,,,1000.0,SSD,M.2-2280,M.2 PCIe 4.0 X4
seagate ironwolf pro nas,269.99,,,,,,Seagate,Storage,2025,,,,,,,14000.0,7200,3.5,SATA 6.0 Gb/s
western digital red plus,89.99,,,,,,Western,Storage,2025,,,,,,,3000.0,5400,3.5,SATA 6.0 Gb/s
apacer as2280p4,52.9,,,,,,Apacer,Storage,2025,,,,,,,512.0,SSD,M.2-2280,M.2 PCIe 3.0 X4
lexar nm1090 w/ heatsink,307.45,,,,,,Lexar,Storage,2025,,,,,,,2000.0,SSD,M.2-2280,M.2 PCIe 5.0 X4
msi spatium m470,737.38,,,,,,MSI,Storage,2025,,,,,,,2000.0,SSD,M.2-2280,M.2 PCIe 4.0 X4
adata su800,96.29,,,,,,ADATA,Storage,2025,,,,,,,1000.0,SSD,2.5,SATA 6.0 Gb/s
western digital pc sn730,47.5,,,,,,Western,Storage,2025,,,,,,,256.0,SSD,M.2-2280,M.2 PCIe 3.0 X4
western digital gold,399.99,,,,,,Western,Storage,2025,,,,,,,20000.0,7200,3.5,SATA 6.0 Gb/s
western digital red sa500,314.99,,,,,,Western,Storage,2025,,,,,,,4000.0,SSD,2.5,SATA 6.0 Gb/s
inland tn470,129.99,,,,,,Inland,Storage,2025,,,,,,,2000.0,SSD,M.2-2280,M.2 PCIe 4.0 X4
corsair mp600 pro xt,104.99,,,,,,Corsair,Storage,2025,,,,,,,1000.0,SSD,M.2-2280,M.2 PCIe 4.0 X4
adata xpg sx6000 pro,54.99,,,,,,ADATA,Storage,2025,,,,,,,512.0,SSD,M.2-2280,M.2 PCIe 3.0 X4
silicon power a55,29.76,,,,,,Silicon,Storage,2025,,,,,,,128.0,SSD,2.5,SATA 6.0 Gb/s
western digital gold,249.99,,,,,,Western,Storage,2025,,,,,,,10000.0,7200,3.5,SATA 6.0 Gb/s
western digital blue mobile,71.23,,,,,,Western,Storage,2025,,,,,,,2000.0,5400,2.5,SATA 6.0 Gb/s
crucial t710,154.99,,,,,,Crucial,Storage,2025,,,,,,,1000.0,SSD,M.2-2280,M.2 PCIe 5.0 X4
corsair mp600 pro lpx,309.99,,,,,,Corsair,Storage,2025,,,,,,,4000.0,SSD,M.2-2280,M.2 PCIe 4.0 X4
teamgroup cx2,30.99,,,,,,TEAMGROUP,Storage,2025,,,,,,,512.0,SSD,2.5,SATA 6.0 Gb/s
western digital red,469.99,,,,,,Western,Storage,2025,,,,,,,14000.0,5400,3.5,SATA 6.0 Gb/s
msi spatium m390,79.95,,,,,,MSI,Storage,2025,,,,,,,1000.0,SSD,M.2-2280,M.2 PCIe 3.0 X4
seagate skyhawk surveillance +rescue,121.2,,,,,,Seagate,Storage,2025,,,,,,,4000.0,5400,3.5,SATA 6.0 Gb/s
western digital ultrastar dc hc550,469.99,,,,,,Western,Storage,2025,,,,,,,18000.0,7200,3.5,SATA 6.0 Gb/s
netac nv7000,132.04,,,,,,Netac,Storage,2025,,,,,,,2000.0,SSD,M.2-2280,M.2 PCIe 4.0 X4
western digital red sa500,102.62,,,,,,Western,Storage,2025,,,,,,,1000.0,SSD,2.5,SATA 6.0 Gb/s
seagate ironwolf pro,234.45,,,,,,Seagate,Storage,2025,,,,,,,10000.0,7200,3.5,SATA 6.0 Gb/s
msi spatium s270,34.97,,,,,,MSI,Storage,2025,,,,,,,480.0,SSD,2.5,SATA 6.0 Gb/s
teamgroup t-create classic c47,119.99,,,,,,TEAMGROUP,Storage,2025,,,,,,,2000.0,SSD,M.2-2280,M.2 PCIe 4.0 X4
corsair mp600 elite,309.99,,,,,,Corsair,Storage,2025,,,,,,,4000.0,SSD,M.2-2280,M.2 PCIe 4.0 X4
western digital wd red pro,99.99,,,,,,Western,Storage,2025,,,,,,,2000.0,7200,3.5,SATA 6.0 Gb/s
adata legend 700,79.98,,,,,,ADATA,Storage,2025,,,,,,,1000.0,SSD,M.2-2280,M.2 PCIe 3.0 X4
adata legend 850 lite,72.98,,,,,,ADATA,Storage,2025,,,,,,,1000.0,SSD,M.2-2280,M.2 PCIe 4.0 X4
western digital gold,319.99,,,,,,Western,Storage,2025,,,,,,,18000.0,7200,3.5,SATA 6.0 Gb/s
nextorage nem-pab,124.99,,,,,,Nextorage,Storage,2025,,,,,,,2000.0,SSD,M.2-2280,M.2 PCIe 4.0 X4
teamgroup qx,48.49,,,,,,TEAMGROUP,Storage,2025,,,,,,,1000.0,SSD,2.5,SATA 6.0 Gb/s
western digital av-gp,34.99,,,,,,Western,Storage,2025,,,,,,,1000.0,5400,3.5,SATA 6.0 Gb/s
seagate st1000lm014,51.99,,,,,,Seagate,Storage,2025,,,,,,,1000.0,,2.5,SATA 6.0 Gb/s
corsair mp600 pro nh,364.99,,,,,,Corsair,Storage,2025,,,,,,,4000.0,SSD,M.2-2280,M.2 PCIe 4.0 X4
samsung 860 qvo,255.0,,,,,,Samsung,Storage,2025,,,,,,,2000.0,SSD,2.5,SATA 6.0 Gb/s
seagate ironwolf nas,126.84,,,,,,Seagate,Storage,2025,,,,,,,2000.0,5400,3.5,SATA 6.0 Gb/s
pny cs900,49.0,,,,,,PNY,Storage,2025,,,,,,,240.0,SSD,2.5,SATA 6.0 Gb/s
western digital red sn700,369.99,,,,,,Western,Storage,2025,,,,,,,4000.0,SSD,M.2-2280,M.2 PCIe 3.0 X4
gigabyte gp-gstfs31480gntd,46.6,,,,,,Gigabyte,Storage,2025,,,,,,,480.0,SSD,2.5,SATA 6.0 Gb/s
teamgroup t-force g50,49.99,,,,,,TEAMGROUP,Storage,2025,,,,,,,512.0,SSD,M.2-2280,M.2 PCIe 4.0 X4
adata mars 980 blade,120.99,,,,,,ADATA,Storage,2025,,,,,,,1000.0,SSD,M.2-2280,M.2 PCIe 5.0 X4
lexar ns100,18.98,,,,,,Lexar,Storage,2025,,,,,,,128.0,SSD,2.5,SATA 6.0 Gb/s
seagate exos enterprise,159.0,,,,,,Seagate,Storage,2025,,,,,,,4000.0,7200,3.5,SATA 6.0 Gb/s
oyen digital e18-8tbics5,869.0,,,,,,Oyen,Storage,2025,,,,,,,8000.0,SSD,M.2-2280,M.2 PCIe 4.0 X4
western digital green sn350,144.53,,,,,,Western,Storage,2025,,,,,,,240.0,SSD,M.2-2280,M.2 PCIe 3.0 X4
inland professional,34.99,,,,,,Inland,Storage,2025,,,,,,,512.0,SSD,2.5,SATA 6.0 Gb/s
seagate skyhawk ai,349.99,,,,,,Seagate,Storage,2025,,,,,,,20000.0,7200,3.5,SATA 6.0 Gb/s
samsung 860 evo,106.17,,,,,,Samsung,Storage,2025,,,,,,,250.0,SSD,M.2-2280,M.2 SATA
seagate ironwolf pro nas,249.99,,,,,,Seagate,Storage,2025,,,,,,,10000.0,7200,3.5,SATA 6.0 Gb/s
adata legend 960 max,284.77,,,,,,ADATA,Storage,2025,,,,,,,2000.0,SSD,M.2-2280,M.2 PCIe 4.0 X4
seagate firecuda 530r w/heatsink,179.99,,,,,,Seagate,Storage,2025,,,,,,,2000.0,SSD,M.2-2280,M.2 PCIe 4.0 X4
kingston ssdnow v300,125.62,,,,,,Kingston,Storage,2025,,,,,,,240.0,SSD,2.5,SATA 6.0 Gb/s
timetec 30tt253x2,27.99,,,,,,Timetec,Storage,2025,,,,,,,512.0,SSD,2.5,SATA 6.0 Gb/s
kingston kc600,185.09,,,,,,Kingston,Storage,2025,,,,,,,2048.0,SSD,2.5,SATA 6.0 Gb/s
gigabyte gp-gsm2ne3256gntd,192.74,,,,,,Gigabyte,Storage,2025,,,,,,,256.0,SSD,M.2-2280,M.2 PCIe 3.0 X4
fanxiang s101,33.99,,,,,,FanXiang,Storage,2025,,,,,,,512.0,SSD,2.5,SATA 6.0 Gb/s
kingston ssdnow v200,79.98,,,,,,Kingston,Storage,2025,,,,,,,128.0,SSD,2.5,SATA 6.0 Gb/s
silicon power a58,92.99,,,,,,Silicon,Storage,2025,,,,,,,2000.0,SSD,2.5,SATA 6.0 Gb/s
seagate ironwolf nas,433.1,,,,,,Seagate,Storage,2025,,,,,,,16000.0,7200,3.5,SATA 6.0 Gb/s
western digital wd_black,344.45,,,,,,Western,Storage,2025,,,,,,,8000.0,7200,3.5,SATA 6.0 Gb/s
patriot p400,64.98,,,,,,Patriot,Storage,2025,,,,,,,1000.0,SSD,M.2-2280,M.2 PCIe 4.0 X4
micron 7400 pro,749.99,,,,,,Micron,Storage,2025,,,,,,,3840.0,SSD,M.2-22110,M.2 PCIe 4.0 X4
adata xpg gammix s70 blade,71.18,,,,,,ADATA,Storage,2025,,,,,,,512.0,SSD,M.2-2280,M.2 PCIe 4.0 X4
acer fa100,37.99,,,,,,Acer,Storage,2025,,,,,,,512.0,SSD,M.2-2280,M.2 PCIe 3.0 X4
adata ultimate su650,38.15,,,,,,ADATA,Storage,2025,,,,,,,480.0,SSD,2.5,SATA 6.0 Gb/s
western digital wd red pro,314.99,,,,,,Western,Storage,2025,,,,,,,14000.0,7200,3.5,SATA 6.0 Gb/s
western digital blue,216.99,,,,,,Western,Storage,2025,,,,,,,2000.0,SSD,M.2-2280,M.2 SATA
timetec pinnacle sd1-index,65.99,,,,,,Timetec,Storage,2025,,,,,,,1000.0,SSD,M.2-2280,M.2 PCIe 4.0 X4
teamgroup cx2,19.99,,,,,,TEAMGROUP,Storage,2025,,,,,,,256.0,SSD,2.5,SATA 6.0 Gb/s
pny cs2241,229.99,,,,,,PNY,Storage,2025,,,,,,,4000.0,SSD,M.2-2280,M.2 PCIe 4.0 X4
hitachi hds723030ala640,69.98,,,,,,Hitachi,Storage,2025,,,,,,,3000.0,7200,3.5,SATA 6.0 Gb/s
kingston q500,67.43,,,,,,Kingston,Storage,2025,,,,,,,960.0,SSD,2.5,SATA 6.0 Gb/s
western digital wd_black,219.99,,,,,,Western,Storage,2025,,,,,,,6000.0,7200,3.5,SATA 6.0 Gb/s
toshiba x300,149.0,,,,,,Toshiba,Storage,2025,,,,,,,4000.0,7200,3.5,SATA 6.0 Gb/s
western digital blue,109.99,,,,,,Western,Storage,2025,,,,,,,2000.0,5400,3.5,SATA 6.0 Gb/s
western digital wd_black sn770m,169.99,,,,,,Western,Storage,2025,,,,,,,2000.0,SSD,M.2-2230,M.2 PCIe 4.0 X4
pny cs2140,47.91,,,,,,PNY,Storage,2025,,,,,,,500.0,SSD,M.2-2280,M.2 PCIe 4.0 X4
hp ex920,111.32,,,,,,HP,Storage,2025,,,,,,,1000.0,SSD,M.2-2280,M.2 PCIe 3.0 X4
lexar ns100,109.99,,,,,,Lexar,Storage,2025,,,,,,,2000.0,SSD,2.5,SATA 6.0 Gb/s
samsung 960 pro,399.99,,,,,,Samsung,Storage,2025,,,,,,,1000.0,SSD,M.2-2280,M.2 PCIe 3.0 X4
sabrent rocket q,430.85,,,,,,Sabrent,Storage,2025,,,,,,,2000.0,SSD,M.2-2280,M.2 PCIe 3.0 X4
western digital gold,349.99,,,,,,Western,Storage,2025,,,,,,,16000.0,7200,3.5,SATA 6.0 Gb/s
seagate exos x24,329.45,,,,,,Seagate,Storage,2025,,,,,,,16000.0,7200,3.5,SATA 6.0 Gb/s
seagate exos x24,509.99,,,,,,Seagate,Storage,2025,,,,,,,24000.0,7200,3.5,SAS 12.0 Gb/s
corsair force mp500,129.47,,,,,,Corsair,Storage,2025,,,,,,,120.0,SSD,M.2-2280,M.2 PCIe 3.0 X4
seagate firecuda 530r w/heatsink,354.99,,,,,,Seagate,Storage,2025,,,,,,,4000.0,SSD,M.2-2280,M.2 PCIe 4.0 X4
western digital red sa500,226.9,,,,,,Western,Storage,2025,,,,,,,2000.0,SSD,2.5,SATA 6.0 Gb/s
western digital wd red pro,199.99,,,,,,Western,Storage,2025,,,,,,,6000.0,7200,3.5,SATA 6.0 Gb/s
seagate barracuda pro,324.45,,,,,,Seagate,Storage,2025,,,,,,,12000.0,7200,3.5,SATA 6.0 Gb/s
western digital wd_black sn770m,89.52,,,,,,Western,Storage,2025,,,,,,,1000.0,SSD,M.2-2230,M.2 PCIe 4.0 X4
seagate constellation es.3,48.0,,,,,,Seagate,Storage,2025,,,,,,,1000.0,7200,3.5,SATA 6.0 Gb/s
lexar nm790 w/heatsink,129.4,,,,,,Lexar,Storage,2025,,,,,,,2000.0,SSD,M.2-2280,M.2 PCIe 4.0 X4
western digital blue,107.99,,,,,,Western,Storage,2025,,,,,,,1000.0,SSD,2.5,SATA 6.0 Gb/s
sabrent rocket 4,341.13,,,,,,Sabrent,Storage,2025,,,,,,,4000.0,SSD,M.2-2280,M.2 PCIe 4.0 X4
corsair mp700 pro w/heatsink,161.99,,,,,,Corsair,Storage,2025,,,,,,,1000.0,SSD,M.2-2280,M.2 PCIe 5.0 X4
mushkin helix-l,37.99,,,,,,Mushkin,Storage,2025,,,,,,,512.0,SSD,M.2-2280,M.2 PCIe 4.0 X4
western digital blue mobile,28.5,,,,,,Western,Storage,2025,,,,,,,500.0,5400,2.5,SATA 6.0 Gb/s
seagate firecuda 530r w/heatsink,84.95,,,,,,Seagate,Storage,2025,,,,,,,1000.0,SSD,M.2-2280,M.2 PCIe 4.0 X4
seagate barracuda compute,56.99,,,,,,Seagate,Storage,2025,,,,,,,1000.0,5400,3.5,SATA 6.0 Gb/s
micron 3400,149.99,,,,,,Micron,Storage,2025,,,,,,,1000.0,SSD,M.2-2280,M.2 PCIe 4.0 X4
toshiba mg08ada800e,248.66,,,,,,Toshiba,Storage,2025,,,,,,,8000.0,7200,3.5,SATA 6.0 Gb/s
kingspec nxm,36.99,,,,,,KingSpec,Storage,2025,,,,,,,512.0,SSD,M.2-2242,M.2 PCIe 3.0 X4
solidigm p41 plus,81.17,,,,,,Solidigm,Storage,2025,,,,,,,500.0,SSD,M.2-2280,M.2 PCIe 4.0 X4
corsair mp600 elite w/heatsink,156.99,,,,,,Corsair,Storage,2025,,,,,,,2000.0,SSD,M.2-2280,M.2 PCIe 4.0 X4
orico y-20,25.49,,,,,,Orico,Storage,2025,,,,,,,512.0,SSD,2.5,SATA 6.0 Gb/s
pny cs3150 rgb,219.99,,,,,,PNY,Storage,2025,,,,,,,2000.0,SSD,M.2-2280,M.2 PCIe 5.0 X4
inland professional,22.99,,,,,,Inland,Storage,2025,,,,,,,240.0,SSD,2.5,SATA 6.0 Gb/s
toshiba mg03sca,30.0,,,,,,Toshiba,Storage,2025,,,,,,,1000.0,7200,3.5,SAS 6.0 Gb/s
seagate st1000dx001,80.0,,,,,,Seagate,Storage,2025,,,,,,,1000.0,,3.5,SATA 6.0 Gb/s
samsung 850 pro,219.99,,,,,,Samsung,Storage,2025,,,,,,,1000.0,SSD,2.5,SATA 6.0 Gb/s
adata legend 900,71.25,,,,,,ADATA,Storage,2025,,,,,,,512.0,SSD,M.2-2280,M.2 PCIe 4.0 X4
fanxiang s660,69.34,,,,,,FanXiang,Storage,2025,,,,,,,1000.0,SSD,M.2-2280,M.2 PCIe 4.0 X4
western digital blue mobile,49.5,,,,,,Western,Storage,2025,,,,,,,1000.0,5400,2.5,SATA 6.0 Gb/s
western digital blue,34.99,,,,,,Western,Storage,2025,,,,,,,500.0,7200,3.5,SATA 6.0 Gb/s
owc aura ultra iv,1149.99,,,,,,OWC,Storage,2025,,,,,,,8000.0,SSD,M.2-2280,M.2 PCIe 4.0 X4
oyen digital dash pro w/heat sink,849.0,,,,,,Oyen,Storage,2025,,,,,,,8000.0,SSD,M.2-2280,M.2 PCIe 4.0 X4
adata legend 960,108.82,,,,,,ADATA,Storage,2025,,,,,,,1000.0,SSD,M.2-2280,M.2 PCIe 4.0 X4
pny cs900,219.99,,,,,,PNY,Storage,2025,,,,,,,4000.0,SSD,2.5,SATA 6.0 Gb/s
seagate barracuda pro,287.99,,,,,,Seagate,Storage,2025,,,,,,,10000.0,7200,3.5,SATA 6.0 Gb/s
western digital purple surveillance,127.83,,,,,,Western,Storage,2025,,,,,,,6000.0,5400,3.5,SATA 6.0 Gb/s
western digital black sn850,126.66,,,,,,Western,Storage,2025,,,,,,,500.0,SSD,M.2-2280,M.2 PCIe 4.0 X4
western digital green,22.8,,,,,,Western,Storage,2025,,,,,,,240.0,SSD,2.5,SATA 6.0 Gb/s
crucial mx300,139.99,,,,,,Crucial,Storage,2025,,,,,,,275.0,SSD,2.5,SATA 6.0 Gb/s
gigabyte gp-gstfs31100tntd,82.82,,,,,,Gigabyte,Storage,2025,,,,,,,1000.0,SSD,2.5,SATA 6.0 Gb/s
seagate constellation es.2,47.0,,,,,,Seagate,Storage,2025,,,,,,,3000.0,7200,3.5,SAS 6.0 Gb/s
teamgroup a440 lite,114.99,,,,,,TEAMGROUP,Storage,2025,,,,,,,2000.0,SSD,M.2-2280,M.2 PCIe 4.0 X4
western digital wd_black,149.99,,,,,,Western,Storage,2025,,,,,,,6000.0,7200,3.5,SATA 6.0 Gb/s
verbatim vi550,37.99,,,,,,Verbatim,Storage,2025,,,,,,,512.0,SSD,2.5,SATA 6.0 Gb/s
corsair mp700 pro w/heatsink,256.99,,,,,,Corsair,Storage,2025,,,,,,,2000.0,SSD,M.2-2280,M.2 PCIe 5.0 X4
inland professional,56.99,,,,,,Inland,Storage,2025,,,,,,,1000.0,SSD,2.5,SATA 6.0 Gb/s
lenovo s4520,155.21,,,,,,Lenovo,Storage,2025,,,,,,,480.0,SSD,3.5,SATA 6.0 Gb/s
pny xlr8 cs3030,179.99,,,,,,PNY,Storage,2025,,,,,,,1000.0,SSD,M.2-2280,M.2 PCIe 3.0 X4
patriot p220,53.99,,,,,,Patriot,Storage,2025,,,,,,,1000.0,SSD,2.5,SATA 6.0 Gb/s
seagate ironwolf pro nas,192.0,,,,,,Seagate,Storage,2025,,,,,,,6000.0,7200,3.5,SATA 6.0 Gb/s
western digital caviar blue,23.0,,,,,,Western,Storage,2025,,,,,,,500.0,5400,2.5,SATA 6.0 Gb/s
western digital red,299.0,,,,,,Western,Storage,2025,,,,,,,12000.0,5400,3.5,SATA 6.0 Gb/s
seagate momentus 5400.6,28.69,,,,,,Seagate,Storage,2025,,,,,,,500.0,5400,2.5,SATA 3.0 Gb/s
western digital black pcie,277.04,,,,,,Western,Storage,2025,,,,,,,256.0,SSD,M.2-2280,M.2 PCIe 3.0 X4
patriot p220,94.99,,,,,,Patriot,Storage,2025,,,,,,,2000.0,SSD,2.5,SATA 6.0 Gb/s
corsair mp600 micro,94.99,,,,,,Corsair,Storage,2025,,,,,,,1000.0,SSD,M.2-2242,M.2 PCIe 4.0 X4
western digital wd_black,46.99,,,,,,Western,Storage,2025,,,,,,,500.0,7200,3.5,SATA 6.0 Gb/s
fanxiang s500 pro,109.69,,,,,,FanXiang,Storage,2025,,,,,,,2000.0,SSD,M.2-2280,M.2 PCIe 3.0 X4
patriot viper pv553,109.99,,,,,,Patriot,Storage,2025,,,,,,,1000.0,SSD,M.2-2280,M.2 PCIe 5.0 X4
intel 710,905.95,,,,,,Intel,Storage,2025,,,,,,,200.0,SSD,2.5,SATA 3.0 Gb/s
seagate st6000nm0024,148.0,,,,,,Seagate,Storage,2025,,,,,,,6000.0,7200,3.5,SATA 6.0 Gb/s
crucial p5,232.99,,,,,,Crucial,Storage,2025,,,,,,,2000.0,SSD,M.2-2280,M.2 PCIe 3.0 X4
western digital red sn700,169.99,,,,,,Western,Storage,2025,,,,,,,2000.0,SSD,M.2-2280,M.2 PCIe 3.0 X4
seagate ironwolf nas,262.94,,,,,,Seagate,Storage,2025,,,,,,,10000.0,7200,3.5,SATA 6.0 Gb/s
sandisk extreme,49.99,,,,,,SanDisk,Storage,2025,,,,,,,500.0,SSD,M.2-2280,M.2 PCIe 4.0 X4
seagate firecuda 540,174.99,,,,,,Seagate,Storage,2025,,,,,,,1000.0,SSD,M.2-2280,M.2 PCIe 5.0 X4
western digital green,47.0,,,,,,Western,Storage,2025,,,,,,,120.0,SSD,M.2-2280,M.2 SATA
intenso 3812450,43.97,,,,,,Intenso,Storage,2025,,,,,,,512.0,SSD,2.5,SATA 6.0 Gb/s
seagate ironwolf pro,229.45,,,,,,Seagate,Storage,2025,,,,,,,6000.0,7200,3.5,SATA 6.0 Gb/s
seagate exos x16,295.0,,,,,,Seagate,Storage,2025,,,,,,,14000.0,7200,3.5,SATA 6.0 Gb/s
western digital wd_black sn850p for ps5,104.27,,,,,,Western,Storage,2025,,,,,,,1000.0,SSD,M.2-2280,M.2 PCIe 4.0 X4
inland professional,22.99,,,,,,Inland,Storage,2025,,,,,,,256.0,SSD,2.5,SATA 6.0 Gb/s
western digital blue,35.48,,,,,,Western,Storage,2025,,,,,,,500.0,5400,3.5,SATA 6.0 Gb/s
kingston nv1,59.12,,,,,,Kingston,Storage,2025,,,,,,,250.0,SSD,M.2-2280,M.2 PCIe 3.0 X4
kingspec xg7000,43.99,,,,,,KingSpec,Storage,2025,,,,,,,512.0,SSD,M.2-2280,M.2 PCIe 4.0 X4
western digital blue sa510,42.99,,,,,,Western,Storage,2025,,,,,,,500.0,SSD,M.2-2280,M.2 SATA
seagate firecuda,84.0,,,,,,Seagate,Storage,2025,,,,,,,1000.0,,2.5,SATA 6.0 Gb/s
lexar nm710,69.98,,,,,,Lexar,Storage,2025,,,,,,,500.0,SSD,M.2-2280,M.2 PCIe 4.0 X4
inland tn450,43.99,,,,,,Inland,Storage,2025,,,,,,,500.0,SSD,M.2-2280,M.2 PCIe 4.0 X4
western digital ultrastar dc hc330,269.99,,,,,,Western,Storage,2025,,,,,,,10000.0,7200,3.5,SATA 6.0 Gb/s
samsung 850 evo,299.99,,,,,,Samsung,Storage,2025,,,,,,,2000.0,SSD,2.5,SATA 6.0 Gb/s
western digital black,199.95,,,,,,Western,Storage,2025,,,,,,,512.0,SSD,M.2-2280,M.2 PCIe 3.0 X4
western digital caviar blue,35.0,,,,,,Western,Storage,2025,,,,,,,250.0,7200,3.5,SATA 6.0 Gb/s
western digital red sn700,64.59,,,,,,Western,Storage,2025,,,,,,,500.0,SSD,M.2-2280,M.2 PCIe 3.0 X4
inland performance plus,789.99,,,,,,Inland,Storage,2025,,,,,,,8000.0,SSD,M.2-2280,M.2 PCIe 4.0 X4
adata xpg spectrix s20g,134.64,,,,,,ADATA,Storage,2025,,,,,,,1000.0,SSD,M.2-2280,M.2 PCIe 3.0 X4
seagate skyhawk surveillance,185.99,,,,,,Seagate,Storage,2025,,,,,,,2000.0,7200,3.5,SATA 6.0 Gb/s
hp s700,69.98,,,,,,HP,Storage,2025,,,,,,,500.0,SSD,2.5,SATA 6.0 Gb/s
fanxiang s101,219.98,,,,,,FanXiang,Storage,2025,,,,,,,4000.0,SSD,2.5,SATA 6.0 Gb/s
kingspec xg7000 pro,120.99,,,,,,KingSpec,Storage,2025,,,,,,,2000.0,SSD,M.2-2280,M.2 PCIe 4.0 X4
orico j-10,99.99,,,,,,Orico,Storage,2025,,,,,,,2000.0,SSD,M.2-2280,M.2 PCIe 3.0 X4
verbatim vi3000,70.99,,,,,,Verbatim,Storage,2025,,,,,,,1000.0,SSD,M.2-2280,M.2 PCIe 3.0 X4
kingston q500,41.69,,,,,,Kingston,Storage,2025,,,,,,,480.0,SSD,2.5,SATA 6.0 Gb/s
lexar professional nm800pro w/heatsink,59.99,,,,,,Lexar,Storage,2025,,,,,,,512.0,SSD,M.2-2280,M.2 PCIe 4.0 X4
intenso top performance,41.46,,,,,,Intenso,Storage,2025,,,,,,,256.0,SSD,M.2-2280,M.2 SATA
crucial bx100,76.11,,,,,,Crucial,Storage,2025,,,,,,,250.0,SSD,2.5,SATA 6.0 Gb/s
seagate ironwolf nas,229.49,,,,,,Seagate,Storage,2025,,,,,,,8000.0,7200,3.5,SATA 6.0 Gb/s
addlink s91,76.44,,,,,,Addlink,Storage,2025,,,,,,,1000.0,SSD,M.2-2230,M.2 PCIe 4.0 X4
seagate skyhawk surveillance +rescue,69.06,,,,,,Seagate,Storage,2025,,,,,,,2000.0,5400,3.5,SATA 6.0 Gb/s
western digital blue,143.0,,,,,,Western,Storage,2025,,,,,,,6000.0,5400,3.5,SATA 6.0 Gb/s
lexar nq100,18.48,,,,,,Lexar,Storage,2025,,,,,,,240.0,SSD,2.5,SATA 6.0 Gb/s
toshiba p300,120.3,,,,,,Toshiba,Storage,2025,,,,,,,4000.0,5400,3.5,SATA 6.0 Gb/s
silicon power xs70,107.2,,,,,,Silicon,Storage,2025,,,,,,,1000.0,SSD,M.2-2280,M.2 PCIe 4.0 X4
pny xlr8 cs3030,229.99,,,,,,PNY,Storage,2025,,,,,,,2000.0,SSD,M.2-2280,M.2 PCIe 3.0 X4
verbatim vi3000,116.81,,,,,,Verbatim,Storage,2025,,,,,,,2000.0,SSD,M.2-2280,M.2 PCIe 3.0 X4
samsung 860 pro,299.99,,,,,,Samsung,Storage,2025,,,,,,,1000.0,SSD,2.5,SATA 6.0 Gb/s
adata ultimate su750,80.0,,,,,,ADATA,Storage,2025,,,,,,,1000.0,SSD,2.5,SATA 6.0 Gb/s
corsair mp600 micro,174.99,,,,,,Corsair,Storage,2025,,,,,,,2000.0,SSD,M.2-2242,M.2 PCIe 4.0 X4
lenovo s4520,465.38,,,,,,Lenovo,Storage,2025,,,,,,,240.0,SSD,2.5,SATA 6.0 Gb/s
western digital red sn700,52.99,,,,,,Western,Storage,2025,,,,,,,250.0,SSD,M.2-2280,M.2 PCIe 3.0 X4
toshiba x300,199.99,,,,,,Toshiba,Storage,2025,,,,,,,4000.0,7200,3.5,SATA 6.0 Gb/s
pny cs2140,118.57,,,,,,PNY,Storage,2025,,,,,,,1000.0,SSD,M.2-2280,M.2 PCIe 4.0 X4
samsung 860 pro,430.0,,,,,,Samsung,Storage,2025,,,,,,,2000.0,SSD,2.5,SATA 6.0 Gb/s
gigabyte gp-gsm2ne3512gntd,143.0,,,,,,Gigabyte,Storage,2025,,,,,,,512.0,SSD,M.2-2280,M.2 PCIe 3.0 X4
teamgroup t-force ge pro airflow,399.99,,,,,,TEAMGROUP,Storage,2025,,,,,,,4000.0,SSD,M.2-2280,M.2 PCIe 5.0 X4
western digital red,268.5,,,,,,Western,Storage,2025,,,,,,,8000.0,5400,3.5,SATA 6.0 Gb/s
corsair mp600 elite ps5,89.99,,,,,,Corsair,Storage,2025,,,,,,,1000.0,SSD,M.2-2280,M.2 PCIe 4.0 X4
western digital purple,76.94,,,,,,Western,Storage,2025,,,,,,,2000.0,5400,3.5,SATA 6.0 Gb/s
seagate skyhawk ai,299.99,,,,,,Seagate,Storage,2025,,,,,,,16000.0,7200,3.5,SATA 6.0 Gb/s
msi spatium m480 pro play,143.94,,,,,,MSI,Storage,2025,,,,,,,2000.0,SSD,M.2-2280,M.2 PCIe 4.0 X4
seagate exos x20,379.83,,,,,,Seagate,Storage,2025,,,,,,,18000.0,7200,3.5,SATA 6.0 Gb/s
mushkin tempest,111.65,,,,,,Mushkin,Storage,2025,,,,,,,1000.0,SSD,M.2-2280,M.2 PCIe 3.0 X4
lexar nq780,114.49,,,,,,Lexar,Storage,2025,,,,,,,1000.0,SSD,M.2-2280,M.2 PCIe 4.0 X4
fanxiang s101,109.99,,,,,,FanXiang,Storage,2025,,,,,,,2000.0,SSD,2.5,SATA 6.0 Gb/s
toshiba p300,157.75,,,,,,Toshiba,Storage,2025,,,,,,,3000.0,7200,3.5,SATA 6.0 Gb/s
western digital blue,112.99,,,,,,Western,Storage,2025,,,,,,,3000.0,5400,3.5,SATA 6.0 Gb/s
hitachi ultrastar he12,255.0,,,,,,Hitachi,Storage,2025,,,,,,,12000.0,7200,3.5,SATA 6.0 Gb/s
western digital black sn850 w/heatsink,233.99,,,,,,Western,Storage,2025,,,,,,,2000.0,SSD,M.2-2280,M.2 PCIe 4.0 X4
kioxia exceria,79.5,,,,,,KIOXIA,Storage,2025,,,,,,,500.0,SSD,M.2-2280,M.2 PCIe 3.0 X4
western digital wd_black sn850p for ps5,199.99,,,,,,Western,Storage,2025,,,,,,,2000.0,SSD,M.2-2280,M.2 PCIe 4.0 X4
seagate barracuda compute,119.99,,,,,,Seagate,Storage,2025,,,,,,,6000.0,5400,3.5,SATA 6.0 Gb/s
seagate pulsar.2,4777.83,,,,,,Seagate,Storage,2025,,,,,,,800.0,SSD,2.5,SAS 6.0 Gb/s
western digital gold,279.99,,,,,,Western,Storage,2025,,,,,,,12000.0,7200,3.5,SATA 6.0 Gb/s
adata su630,68.99,,,,,,ADATA,Storage,2025,,,,,,,960.0,SSD,2.5,SATA 6.0 Gb/s
seagate barracuda compute,89.0,,,,,,Seagate,Storage,2025,,,,,,,2000.0,5400,3.5,SATA 6.0 Gb/s
toshiba hdkcc00,25.0,,,,,,Toshiba,Storage,2025,,,,,,,500.0,7200,2.5,SATA 6.0 Gb/s
western digital velociraptor,199.99,,,,,,Western,Storage,2025,,,,,,,600.0,10000,3.5,SATA 6.0 Gb/s
western digital gold,289.99,,,,,,Western,Storage,2025,,,,,,,8000.0,7200,3.5,SATA 6.0 Gb/s
intel 760p,79.98,,,,,,Intel,Storage,2025,,,,,,,256.0,SSD,M.2-2280,M.2 PCIe 3.0 X4
seagate exos 7e10 512e/4kn,233.99,,,,,,Seagate,Storage,2025,,,,,,,10000.0,7200,3.5,SATA 6.0 Gb/s
seagate ironwolf pro,273.99,,,,,,Seagate,Storage,2025,,,,,,,10000.0,7200,3.5,SATA 6.0 Gb/s
pny xlr8 cs3140 w/heatsink,611.17,,,,,,PNY,Storage,2025,,,,,,,2000.0,SSD,M.2-2280,M.2 PCIe 4.0 X4
sabrent rocket q4,150.05,,,,,,Sabrent,Storage,2025,,,,,,,1000.0,SSD,M.2-2280,M.2 PCIe 4.0 X4
western digital red sa500,72.98,,,,,,Western,Storage,2025,,,,,,,500.0,SSD,2.5,SATA 6.0 Gb/s
western digital blue sa510,29.99,,,,,,Western,Storage,2025,,,,,,,250.0,SSD,2.5,SATA 6.0 Gb/s
seagate ironwolf pro,155.0,,,,,,Seagate,Storage,2025,,,,,,,4000.0,7200,3.5,SATA 6.0 Gb/s
western digital green,91.49,,,,,,Western,Storage,2025,,,,,,,1000.0,SSD,2.5,SATA 6.0 Gb/s
orico o7000,37.99,,,,,,Orico,Storage,2025,,,,,,,512.0,SSD,M.2-2280,M.2 PCIe 4.0 X4
western digital ultrastar,239.99,,,,,,Western,Storage,2025,,,,,,,8000.0,7200,3.5,SATA 6.0 Gb/s
toshiba mg04aca400n,110.0,,,,,,Toshiba,Storage,2025,,,,,,,4000.0,7200,3.5,SATA 6.0 Gb/s
teamgroup t-create classic dl,69.98,,,,,,TEAMGROUP,Storage,2025,,,,,,,1000.0,SSD,M.2-2280,M.2 PCIe 4.0 X4
seagate st2000nx0253,146.44,,,,,,Seagate,Storage,2025,,,,,,,2000.0,7200,2.5,SATA 6.0 Gb/s
samsung 860 pro,237.99,,,,,,Samsung,Storage,2025,,,,,,,512.0,SSD,2.5,SATA 6.0 Gb/s
western digital red,274.41,,,,,,Western,Storage,2025,,,,,,,10000.0,5400,3.5,SATA 6.0 Gb/s
teamgroup a440 lite,70.98,,,,,,TEAMGROUP,Storage,2025,,,,,,,1000.0,SSD,M.2-2280,M.2 PCIe 4.0 X4
lexar play,756.65,,,,,,Lexar,Storage,2025,,,,,,,8000.0,SSD,M.2-2280,M.2 PCIe 4.0 X4
western digital blue,46.0,,,,,,Western,Storage,2025,,,,,,,250.0,SSD,M.2-2280,M.2 SATA
verbatim vi550,20.99,,,,,,Verbatim,Storage,2025,,,,,,,256.0,SSD,2.5,SATA 6.0 Gb/s
seagate exos enterprise,216.59,,,,,,Seagate,Storage,2025,,,,,,,8000.0,7200,3.5,SATA 6.0 Gb/s
transcend mts800,50.67,,,,,,Transcend,Storage,2025,,,,,,,32.0,SSD,M.2-2280,M.2 SATA
toshiba n300 nas,124.99,,,,,,Toshiba,Storage,2025,,,,,,,4000.0,7200,3.5,SATA 6.0 Gb/s
western digital caviar blue,78.95,,,,,,Western,Storage,2025,,,,,,,500.0,7200,3.5,SATA 3.0 Gb/s
seagate ee25.2,22.0,,,,,,Seagate,Storage,2025,,,,,,,40.0,5400,2.5,SATA 3.0 Gb/s
lexar nm610,36.99,,,,,,Lexar,Storage,2025,,,,,,,250.0,SSD,M.2-2280,M.2 PCIe 3.0 X4
western digital red,119.0,,,,,,Western,Storage,2025,,,,,,,2000.0,5400,3.5,SATA 6.0 Gb/s
seagate firecuda 520,160.38,,,,,,Seagate,Storage,2025,,,,,,,500.0,SSD,M.2-2280,M.2 PCIe 4.0 X4
patriot p400 lite,212.99,,,,,,Patriot,Storage,2025,,,,,,,4000.0,SSD,M.2-2280,M.2 PCIe 4.0 X4
toshiba s300,83.51,,,,,,Toshiba,Storage,2025,,,,,,,2000.0,5400,3.5,SATA 6.0 Gb/s
adata legend 970,205.34,,,,,,ADATA,Storage,2025,,,,,,,1000.0,SSD,M.2-2280,M.2 PCIe 5.0 X4
toshiba mq04abf100,49.0,,,,,,Toshiba,Storage,2025,,,,,,,1000.0,5400,2.5,SATA 6.0 Gb/s
western digital ultrastar dc hc550,385.65,,,,,,Western,Storage,2025,,,,,,,14000.0,7200,3.5,SATA 6.0 Gb/s
corsair mp700,289.99,,,,,,Corsair,Storage,2025,,,,,,,2000.0,SSD,M.2-2280,M.2 PCIe 5.0 X4
seagate barracuda 120,129.99,,,,,,Seagate,Storage,2025,,,,,,,500.0,SSD,2.5,SATA 6.0 Gb/s
kingston a400,339.0,,,,,,Kingston,Storage,2025,,,,,,,1920.0,SSD,2.5,SATA 6.0 Gb/s
kioxia exceria w/heatsink,249.99,,,,,,KIOXIA,Storage,2025,,,,,,,4000.0,SSD,M.2-2280,M.2 PCIe 4.0 X4
toshiba s300,168.26,,,,,,Toshiba,Storage,2025,,,,,,,6000.0,5400,3.5,SATA 6.0 Gb/s
lexar nq100,47.21,,,,,,Lexar,Storage,2025,,,,,,,480.0,SSD,2.5,SATA 6.0 Gb/s
acer fa100,27.99,,,,,,Acer,Storage,2025,,,,,,,256.0,SSD,M.2-2280,M.2 PCIe 3.0 X4
western digital black,59.99,,,,,,Western,Storage,2025,,,,,,,500.0,7200,2.5,SATA 6.0 Gb/s
inland platinum,53.99,,,,,,Inland,Storage,2025,,,,,,,1024.0,SSD,2.5,SATA 6.0 Gb/s
intel 545s,165.32,,,,,,Intel,Storage,2025,,,,,,,256.0,SSD,2.5,SATA 6.0 Gb/s
western digital purple,224.99,,,,,,Western,Storage,2025,,,,,,,8000.0,7200,3.5,SATA 6.0 Gb/s
lexar ns100,34.98,,,,,,Lexar,Storage,2025,,,,,,,512.0,SSD,2.5,SATA 6.0 Gb/s
western digital purple,59.68,,,,,,Western,Storage,2025,,,,,,,1000.0,5400,3.5,SATA 6.0 Gb/s
samsung 860 qvo,499.99,,,,,,Samsung,Storage,2025,,,,,,,4000.0,SSD,2.5,SATA 6.0 Gb/s
western digital gold,257.45,,,,,,Western,Storage,2025,,,,,,,4000.0,7200,3.5,SATA 6.0 Gb/s
intenso 3812430,20.96,,,,,,Intenso,Storage,2025,,,,,,,128.0,SSD,2.5,SATA 6.0 Gb/s
seagate firecuda 520,487.71,,,,,,Seagate,Storage,2025,,,,,,,2000.0,SSD,M.2-2280,M.2 PCIe 4.0 X4
samsung 850 pro,304.99,,,,,,Samsung,Storage,2025,,,,,,,2000.0,SSD,2.5,SATA 6.0 Gb/s
sk hynix sl308,65.0,,,,,,SK,Storage,2025,,,,,,,250.0,SSD,2.5,SATA 6.0 Gb/s
western digital pc sn730,94.9,,,,,,Western,Storage,2025,,,,,,,512.0,SSD,M.2-2280,M.2 PCIe 3.0 X4
western digital av-25,34.99,,,,,,Western,Storage,2025,,,,,,,1000.0,5400,2.5,SATA 3.0 Gb/s
teamgroup t-force cardea z540,443.99,,,,,,TEAMGROUP,Storage,2025,,,,,,,4000.0,SSD,M.2-2280,M.2 PCIe 5.0 X4
adata legend 960,206.77,,,,,,ADATA,Storage,2025,,,,,,,2000.0,SSD,M.2-2280,M.2 PCIe 4.0 X4
western digital gold,97.69,,,,,,Western,Storage,2025,,,,,,,2000.0,7200,3.5,SATA 6.0 Gb/s
seagate exos x18,363.56,,,,,,Seagate,Storage,2025,,,,,,,12000.0,7200,3.5,SATA 6.0 Gb/s
transcend 110s,28.18,,,,,,Transcend,Storage,2025,,,,,,,256.0,SSD,M.2-2280,M.2 PCIe 3.0 X4
western digital red plus,459.99,,,,,,Western,Storage,2025,,,,,,,14000.0,7200,3.5,SATA 6.0 Gb/s
verbatim vi7000g,148.99,,,,,,Verbatim,Storage,2025,,,,,,,2000.0,SSD,M.2-2280,M.2 PCIe 4.0 X4
samsung mz-75e4t0b,499.99,,,,,,Samsung,Storage,2025,,,,,,,4000.0,SSD,2.5,SATA 6.0 Gb/s
seagate ironwolf,91.13,,,,,,Seagate,Storage,2025,,,,,,,1000.0,5400,3.5,SATA 6.0 Gb/s
corsair mp600 elite w/heatsink,309.99,,,,,,Corsair,Storage,2025,,,,,,,4000.0,SSD,M.2-2280,M.2 PCIe 4.0 X4
samsung 860 pro,225.0,,,,,,Samsung,Storage,2025,,,,,,,256.0,SSD,2.5,SATA 6.0 Gb/s
western digital caviar black,151.46,,,,,,Western,Storage,2025,,,,,,,2000.0,7200,3.5,SATA 6.0 Gb/s
samsung 860 evo,406.11,,,,,,Samsung,Storage,2025,,,,,,,2000.0,SSD,M.2-2280,M.2 SATA
fanxiang s770,289.99,,,,,,FanXiang,Storage,2025,,,,,,,4000.0,SSD,M.2-2280,M.2 PCIe 4.0 X4
teamgroup t-force g70 pro aluminum,284.99,,,,,,TEAMGROUP,Storage,2025,,,,,,,4000.0,SSD,M.2-2280,M.2 PCIe 4.0 X4
orico d10,59.99,,,,,,Orico,Storage,2025,,,,,,,1000.0,SSD,M.2-2280,M.2 PCIe 3.0 X4
seagate skyhawk,75.98,,,,,,Seagate,Storage,2025,,,,,,,2000.0,5900,3.5,SATA 6.0 Gb/s
intel 660p,71.98,,,,,,Intel,Storage,2025,,,,,,,512.0,SSD,M.2-2280,M.2 PCIe 3.0 X4
adata xpg gammix s50 lite,205.18,,,,,,ADATA,Storage,2025,,,,,,,1000.0,SSD,M.2-2280,M.2 PCIe 4.0 X4
kingspec nxm,54.99,,,,,,KingSpec,Storage,2025,,,,,,,1000.0,SSD,M.2-2242,M.2 PCIe 3.0 X4
seagate skyhawk ai,196.99,,,,,,Seagate,Storage,2025,,,,,,,8000.0,7200,3.5,SATA 6.0 Gb/s
western digital red plus,260.0,,,,,,Western,Storage,2025,,,,,,,8000.0,7200,3.5,SATA 6.0 Gb/s
western digital purple surveillance,89.99,,,,,,Western,Storage,2025,,,,,,,3000.0,5400,3.5,SATA 6.0 Gb/s
orico y-20,46.78,,,,,,Orico,Storage,2025,,,,,,,1000.0,SSD,2.5,SATA 6.0 Gb/s
timetec 30tt253x2,46.99,,,,,,Timetec,Storage,2025,,,,,,,1000.0,SSD,2.5,SATA 6.0 Gb/s
ocz agility 3,149.99,,,,,,OCZ,Storage,2025,,,,,,,60.0,SSD,2.5,SATA 6.0 Gb/s
adata xpg spectrix s20g,66.06,,,,,,ADATA,Storage,2025,,,,,,,500.0,SSD,M.2-2280,M.2 PCIe 3.0 X4
gigabyte gp-gstfs31256gtnd,30.76,,,,,,Gigabyte,Storage,2025,,,,,,,256.0,SSD,2.5,SATA 6.0 Gb/s
verbatim vi3000,27.99,,,,,,Verbatim,Storage,2025,,,,,,,256.0,SSD,M.2-2280,M.2 PCIe 3.0 X4
teamgroup t-create classic dl,119.99,,,,,,TEAMGROUP,Storage,2025,,,,,,,2000.0,SSD,M.2-2280,M.2 PCIe 4.0 X4
kingston kc600,102.95,,,,,,Kingston,Storage,2025,,,,,,,1024.0,SSD,mSATA,mSATA
teamgroup t-create classic c47,259.99,,,,,,TEAMGROUP,Storage,2025,,,,,,,4000.0,SSD,M.2-2280,M.2 PCIe 4.0 X4
western digital wd red pro,310.0,,,,,,Western,Storage,2025,,,,,,,10000.0,7200,3.5,SATA 6.0 Gb/s
toshiba ocz tr200,25.99,,,,,,Toshiba,Storage,2025,,,,,,,240.0,SSD,2.5,SATA 6.0 Gb/s
micron 5200 ion,1099.0,,,,,,Micron,Storage,2025,,,,,,,7680.0,SSD,2.5,SATA 6.0 Gb/s
inland qn322,59.99,,,,,,Inland,Storage,2025,,,,,,,1000.0,SSD,M.2-2280,M.2 PCIe 3.0 X4
seagate exos enterprise,159.99,,,,,,Seagate,Storage,2025,,,,,,,4000.0,7200,3.5,SATA 6.0 Gb/s
western digital red plus,135.0,,,,,,Western,Storage,2025,,,,,,,4000.0,5400,3.5,SATA 6.0 Gb/s
corsair mp600 pro lpx,344.99,,,,,,Corsair,Storage,2025,,,,,,,4000.0,SSD,M.2-2280,M.2 PCIe 4.0 X4
pny cs2130,44.98,,,,,,PNY,Storage,2025,,,,,,,500.0,SSD,M.2-2280,M.2 PCIe 3.0 X4
seagate barracuda green,90.67,,,,,,Seagate,Storage,2025,,,,,,,2000.0,5900,3.5,SATA 6.0 Gb/s
corsair mp600,324.99,,,,,,Corsair,Storage,2025,,,,,,,2000.0,SSD,M.2-2280,M.2 PCIe 4.0 X4
teamgroup t-force g70 pro aluminum,79.98,,,,,,TEAMGROUP,Storage,2025,,,,,,,1000.0,SSD,M.2-2280,M.2 PCIe 4.0 X4
micron 9300 pro,959.0,,,,,,Micron,Storage,2025,,,,,,,7680.0,SSD,2.5,U.2
seagate ironwolf nas,257.45,,,,,,Seagate,Storage,2025,,,,,,,10000.0,7200,3.5,SATA 6.0 Gb/s
toshiba p300,85.18,,,,,,Toshiba,Storage,2025,,,,,,,2000.0,5400,3.5,SATA 6.0 Gb/s
transcend 250s,187.92,,,,,,Transcend,Storage,2025,,,,,,,2000.0,SSD,M.2-2280,M.2 PCIe 4.0 X4
western digital black,286.99,,,,,,Western,Storage,2025,,,,,,,6000.0,7200,3.5,SATA 6.0 Gb/s
corsair mp510,173.55,,,,,,Corsair,Storage,2025,,,,,,,960.0,SSD,M.2-2280,M.2 PCIe 3.0 X4
western digital green,115.0,,,,,,Western,Storage,2025,,,,,,,480.0,SSD,M.2-2280,M.2 SATA
seagate barracuda pro compute,56.99,,,,,,Seagate,Storage,2025,,,,,,,500.0,7200,2.5,SATA 6.0 Gb/s
western digital purple,79.98,,,,,,Western,Storage,2025,,,,,,,2000.0,5400,3.5,SATA 6.0 Gb/s
western digital red,257.0,,,,,,Western,Storage,2025,,,,,,,8000.0,5400,3.5,SATA 6.0 Gb/s
intenso high performance,65.41,,,,,,Intenso,Storage,2025,,,,,,,960.0,SSD,2.5,SATA 6.0 Gb/s
toshiba p300,85.82,,,,,,Toshiba,Storage,2025,,,,,,,2000.0,5400,3.5,SATA 6.0 Gb/s
western digital velociraptor,189.95,,,,,,Western,Storage,2025,,,,,,,300.0,10000,3.5,SATA 3.0 Gb/s
western digital black,64.99,,,,,,Western,Storage,2025,,,,,,,1000.0,7200,2.5,SATA 6.0 Gb/s
western digital caviar blue,58.99,,,,,,Western,Storage,2025,,,,,,,640.0,7200,3.5,SATA 3.0 Gb/s
sandisk ultra ii,199.99,,,,,,SanDisk,Storage,2025,,,,,,,480.0,SSD,2.5,SATA 6.0 Gb/s
intel 600p,104.0,,,,,,Intel,Storage,2025,,,,,,,512.0,SSD,M.2-2280,M.2 PCIe 3.0 X4
gigabyte gp-gstfs31120gntd,24.35,,,,,,Gigabyte,Storage,2025,,,,,,,120.0,SSD,2.5,SATA 6.0 Gb/s
nextorage nem-pac,234.99,,,,,,Nextorage,Storage,2025,,,,,,,4000.0,SSD,M.2-2280,M.2 PCIe 4.0 X4
verbatim vi5000,49.99,,,,,,Verbatim,Storage,2025,,,,,,,512.0,SSD,M.2-2280,M.2 PCIe 4.0 X4
teamgroup t-create classic c47,74.98,,,,,,TEAMGROUP,Storage,2025,,,,,,,1000.0,SSD,M.2-2280,M.2 PCIe 4.0 X4
seagate skyhawk surveillance +rescue,191.98,,,,,,Seagate,Storage,2025,,,,,,,8000.0,5400,3.5,SATA 6.0 Gb/s
verbatim vi550,14.99,,,,,,Verbatim,Storage,2025,,,,,,,128.0,SSD,2.5,SATA 6.0 Gb/s
inland performance plus,299.99,,,,,,Inland,Storage,2025,,,,,,,4000.0,SSD,M.2-2280,M.2 PCIe 4.0 X4
western digital black sn750,459.99,,,,,,Western,Storage,2025,,,,,,,4000.0,SSD,M.2-2280,M.2 PCIe 3.0 X4
seagate exos 7e8 512e,267.29,,,,,,Seagate,Storage,2025,,,,,,,8000.0,7200,3.5,SATA 6.0 Gb/s
hitachi ultrastar he10,268.06,,,,,,Hitachi,Storage,2025,,,,,,,10000.0,7200,3.5,SATA 6.0 Gb/s
crucial p310,79.99,,,,,,Crucial,Storage,2025,,,,,,,1000.0,SSD,M.2-2230,M.2 PCIe 4.0 X4
corsair mp600 elite ps5,159.99,,,,,,Corsair,Storage,2025,,,,,,,2000.0,SSD,M.2-2280,M.2 PCIe 4.0 X4
timetec pinnacle sd1-index,124.99,,,,,,Timetec,Storage,2025,,,,,,,2000.0,SSD,M.2-2280,M.2 PCIe 4.0 X4
seagate exos enterprise,389.99,,,,,,Seagate,Storage,2025,,,,,,,14000.0,7200,3.5,SATA 6.0 Gb/s
inland qn322,109.99,,,,,,Inland,Storage,2025,,,,,,,2000.0,SSD,M.2-2280,M.2 PCIe 3.0 X4
seagate enterprise,247.99,,,,,,Seagate,Storage,2025,,,,,,,8000.0,7200,3.5,SATA 6.0 Gb/s
silicon power ud90,40.8,,,,,,Silicon,Storage,2025,,,,,,,250.0,SSD,M.2-2280,M.2 PCIe 4.0 X4
western digital gold,290.89,,,,,,Western,Storage,2025,,,,,,,6000.0,7200,3.5,SATA 6.0 Gb/s
adata xpg gammix s50 lite,338.38,,,,,,ADATA,Storage,2025,,,,,,,2000.0,SSD,M.2-2280,M.2 PCIe 4.0 X4
crucial m500,104.99,,,,,,Crucial,Storage,2025,,,,,,,240.0,SSD,2.5,SATA 6.0 Gb/s
silicon power silm s55,16.76,,,,,,Silicon,Storage,2025,,,,,,,120.0,SSD,2.5,SATA 6.0 Gb/s
lexar nm610,59.99,,,,,,Lexar,Storage,2025,,,,,,,500.0,SSD,M.2-2280,M.2 PCIe 3.0 X4
western digital velociraptor,197.0,,,,,,Western,Storage,2025,,,,,,,150.0,10000,3.5,SATA 3.0 Gb/s
hp ex950,114.58,,,,,,HP,Storage,2025,,,,,,,1000.0,SSD,M.2-2280,M.2 PCIe 3.0 X4
seagate barracuda 510,139.99,,,,,,Seagate,Storage,2025,,,,,,,1000.0,SSD,M.2-2280,M.2 PCIe 3.0 X4
toshiba n300 pro,348.99,,,,,,Toshiba,Storage,2025,,,,,,,18000.0,7200,3.5,SATA 6.0 Gb/s
western digital blue sa510,69.99,,,,,,Western,Storage,2025,,,,,,,1000.0,SSD,M.2-2280,M.2 SATA
kingspec nxm,24.99,,,,,,KingSpec,Storage,2025,,,,,,,256.0,SSD,M.2-2242,M.2 PCIe 3.0 X4
kingston q500,32.31,,,,,,Kingston,Storage,2025,,,,,,,240.0,SSD,2.5,SATA 6.0 Gb/s
hitachi ultrastar 7k3000,151.44,,,,,,Hitachi,Storage,2025,,,,,,,2000.0,7200,3.5,SATA 6.0 Gb/s
seagate momentus 5400.6,44.99,,,,,,Seagate,Storage,2025,,,,,,,250.0,5400,2.5,SATA 3.0 Gb/s
toshiba n300 pro,294.99,,,,,,Toshiba,Storage,2025,,,,,,,16000.0,7200,3.5,SATA 6.0 Gb/s
toshiba n300,324.99,,,,,,Toshiba,Storage,2025,,,,,,,18000.0,7200,3.5,SATA 6.0 Gb/s
western digital re4,65.0,,,,,,Western,Storage,2025,,,,,,,1000.0,7200,3.5,SATA 3.0 Gb/s
western digital blue sa510,29.99,,,,,,Western,Storage,2025,,,,,,,250.0,SSD,M.2-2280,M.2 SATA
toshiba n300 nas,172.99,,,,,,Toshiba,Storage,2025,,,,,,,8000.0,7200,3.5,SATA 6.0 Gb/s
western digital gold,91.79,,,,,,Western,Storage,2025,,,,,,,1000.0,7200,3.5,SATA 6.0 Gb/s
toshiba n300 nas,194.99,,,,,,Toshiba,Storage,2025,,,,,,,10000.0,7200,3.5,SATA 6.0 Gb/s
seagate exos x14,245.0,,,,,,Seagate,Storage,2025,,,,,,,10000.0,7200,3.5,SATA 6.0 Gb/s
verbatim vi3000,57.28,,,,,,Verbatim,Storage,2025,,,,,,,512.0,SSD,M.2-2280,M.2 PCIe 3.0 X4
seagate firecuda 530 w/heatsink,179.99,,,,,,Seagate,Storage,2025,,,,,,,1000.0,SSD,M.2-2280,M.2 PCIe 4.0 X4
western digital red plus,269.0,,,,,,Western,Storage,2025,,,,,,,8000.0,5640,3.5,SATA 6.0 Gb/s
timetec 30ttqns3sata-1tb,47.99,,,,,,Timetec,Storage,2025,,,,,,,1000.0,SSD,2.5,SATA 6.0 Gb/s
lexar professional nm800pro,67.98,,,,,,Lexar,Storage,2025,,,,,,,512.0,SSD,M.2-2280,M.2 PCIe 4.0 X4
seagate nytro enterprise,999.95,,,,,,Seagate,Storage,2025,,,,,,,1920.0,SSD,2.5,SATA 6.0 Gb/s
seagate constellation es.3,77.0,,,,,,Seagate,Storage,2025,,,,,,,4000.0,7200,3.5,SAS 6.0 Gb/s
kioxia bg4,24.95,,,,,,KIOXIA,Storage,2025,,,,,,,256.0,SSD,M.2-2230,M.2 PCIe 3.0 X4
teamgroup gx2,97.99,,,,,,TEAMGROUP,Storage,2025,,,,,,,2000.0,SSD,2.5,SATA 6.0 Gb/s
mushkin helix-l,100.98,,,,,,Mushkin,Storage,2025,,,,,,,2000.0,SSD,M.2-2280,M.2 PCIe 3.0 X4
pny cs3150 rgb,139.99,,,,,,PNY,Storage,2025,,,,,,,1000.0,SSD,M.2-2280,M.2 PCIe 5.0 X4
toshiba p300,68.31,,,,,,Toshiba,Storage,2025,,,,,,,500.0,7200,3.5,SATA 6.0 Gb/s
pny cs3140,279.99,,,,,,PNY,Storage,2025,,,,,,,4000.0,SSD,M.2-2280,M.2 PCIe 4.0 X4
intenso 3812440,27.03,,,,,,Intenso,Storage,2025,,,,,,,256.0,SSD,2.5,SATA 6.0 Gb/s
lexar professional nm800pro,93.95,,,,,,Lexar,Storage,2025,,,,,,,1000.0,SSD,M.2-2280,M.2 PCIe 4.0 X4
western digital av-gp,49.0,,,,,,Western,Storage,2025,,,,,,,1500.0,5400,3.5,SATA 3.0 Gb/s
intel 660p,400.17,,,,,,Intel,Storage,2025,,,,,,,2000.0,SSD,M.2-2280,M.2 PCIe 3.0 X4
gigabyte gen3 2500e,234.3,,,,,,Gigabyte,Storage,2025,,,,,,,2000.0,SSD,M.2-2280,M.2 PCIe 3.0 X4
intel p3700,1850.0,,,,,,Intel,Storage,2025,,,,,,,1600.0,SSD,PCIe,PCIe x4
crucial mx300,299.99,,,,,,Crucial,Storage,2025,,,,,,,1050.0,SSD,2.5,SATA 6.0 Gb/s
kingston nv3,77.06,,,,,,Kingston,Storage,2025,,,,,,,1000.0,SSD,M.2-2230,M.2 PCIe 4.0 X4
toshiba mg07aca12te,299.0,,,,,,Toshiba,Storage,2025,,,,,,,12000.0,7200,3.5,SATA 6.0 Gb/s
seagate exos x18,271.45,,,,,,Seagate,Storage,2025,,,,,,,10000.0,7200,3.5,SATA 6.0 Gb/s
silicon power a55,15.99,,,,,,Silicon,Storage,2025,,,,,,,128.0,SSD,M.2-2280,M.2 SATA
intel dc p3600,352.0,,,,,,Intel,Storage,2025,,,,,,,400.0,SSD,PCIe,PCIe x4
western digital wdbsla0010hnc-nrsn,39.99,,,,,,Western,Storage,2025,,,,,,,1000.0,7200,3.5,SATA 6.0 Gb/s
intel d3-s4510,1395.0,,,,,,Intel,Storage,2025,,,,,,,7680.0,SSD,2.5,SATA 6.0 Gb/s
western digital wd_black sn850p for ps5,349.99,,,,,,Western,Storage,2025,,,,,,,4000.0,SSD,M.2-2280,M.2 PCIe 4.0 X4
western digital velociraptor,78.56,,,,,,Western,Storage,2025,,,,,,,500.0,10000,3.5,SATA 6.0 Gb/s
western digital purple pro,294.0,,,,,,Western,Storage,2025,,,,,,,12000.0,7200,3.5,SATA 6.0 Gb/s
fanxiang s101,21.99,,,,,,FanXiang,Storage,2025,,,,,,,256.0,SSD,2.5,SATA 6.0 Gb/s
western digital scorpio blue,89.0,,,,,,Western,Storage,2025,,,,,,,80.0,5400,2.5,SATA 1.5 Gb/s
western digital caviar blue,79.0,,,,,,Western,Storage,2025,,,,,,,750.0,7200,3.5,SATA 6.0 Gb/s
seagate constellation es,40.4,,,,,,Seagate,Storage,2025,,,,,,,1000.0,7200,3.5,SATA 6.0 Gb/s
sandisk ultra 3d,79.99,,,,,,SanDisk,Storage,2025,,,,,,,250.0,SSD,2.5,SATA 6.0 Gb/s
oyen digital e18-8tbics6,829.0,,,,,,Oyen,Storage,2025,,,,,,,8000.0,SSD,M.2-2280,M.2 PCIe 4.0 X4
mushkin vortex redline,169.99,,,,,,Mushkin,Storage,2025,,,,,,,2000.0,SSD,M.2-2280,M.2 PCIe 4.0 X4
adata legend 850 lite,120.99,,,,,,ADATA,Storage,2025,,,,,,,2000.0,SSD,M.2-2280,M.2 PCIe 4.0 X4
seagate firecuda 530,109.75,,,,,,Seagate,Storage,2025,,,,,,,500.0,SSD,M.2-2280,M.2 PCIe 4.0 X4
kingston kc600,34.35,,,,,,Kingston,Storage,2025,,,,,,,256.0,SSD,2.5,SATA 6.0 Gb/s
intel d3-s4520,1080.0,,,,,,Intel,Storage,2025,,,,,,,7680.0,SSD,2.5,SATA 6.0 Gb/s
seagate exos x24,300.99,,,,,,Seagate,Storage,2025,,,,,,,12000.0,7200,3.5,SATA 6.0 Gb/s
micron 1100,299.0,,,,,,Micron,Storage,2025,,,,,,,2000.0,SSD,2.5,SATA 6.0 Gb/s
integral v series 2,26.66,,,,,,Integral,Storage,2025,,,,,,,240.0,SSD,2.5,SATA 6.0 Gb/s
seagate ironwolf nas,167.57,,,,,,Seagate,Storage,2025,,,,,,,3000.0,5400,3.5,SATA 6.0 Gb/s
xoc g300,37.79,,,,,,XOC,Storage,2025,,,,,,,512.0,SSD,M.2-2280,M.2 PCIe 3.0 X4
silicon power xs70,426.8,,,,,,Silicon,Storage,2025,,,,,,,4000.0,SSD,M.2-2280,M.2 PCIe 4.0 X4
western digital wdbsla0040hnc-nrsn,119.0,,,,,,Western,Storage,2025,,,,,,,4000.0,7200,3.5,SATA 6.0 Gb/s
western digital red,127.0,,,,,,Western,Storage,2025,,,,,,,2000.0,5400,3.5,SATA 6.0 Gb/s
adata legend 850 lite,49.99,,,,,,ADATA,Storage,2025,,,,,,,500.0,SSD,M.2-2280,M.2 PCIe 4.0 X4
western digital caviar blue,98.72,,,,,,Western,Storage,2025,,,,,,,1000.0,7200,3.5,SATA 6.0 Gb/s
western digital green,106.53,,,,,,Western,Storage,2025,,,,,,,240.0,SSD,M.2-2280,M.2 SATA
adata xpg sx8100,84.87,,,,,,ADATA,Storage,2025,,,,,,,512.0,SSD,M.2-2280,M.2 PCIe 3.0 X4
western digital caviar blue,75.6,,,,,,Western,Storage,2025,,,,,,,250.0,7200,3.5,SATA 3.0 Gb/s
western digital caviar black,155.54,,,,,,Western,Storage,2025,,,,,,,500.0,7200,3.5,SATA 6.0 Gb/s
silicon power slim s55,25.67,,,,,,Silicon,Storage,2025,,,,,,,240.0,SSD,2.5,SATA 6.0 Gb/s
orico y-20,209.99,,,,,,Orico,Storage,2025,,,,,,,4000.0,SSD,2.5,SATA 6.0 Gb/s
seagate enterprise capacity,274.75,,,,,,Seagate,Storage,2025,,,,,,,10000.0,7200,3.5,SATA 6.0 Gb/s
western digital purple,75.0,,,,,,Western,Storage,2025,,,,,,,2000.0,5400,3.5,SATA 6.0 Gb/s
transcend ts64gssd370s,49.99,,,,,,Transcend,Storage,2025,,,,,,,64.0,SSD,2.5,SATA 6.0 Gb/s
seagate firecuda 530 w/heatsink,500.99,,,,,,Seagate,Storage,2025,,,,,,,4000.0,SSD,M.2-2280,M.2 PCIe 4.0 X4
seagate firecuda 530 w/heatsink,99.99,,,,,,Seagate,Storage,2025,,,,,,,500.0,SSD,M.2-2280,M.2 PCIe 4.0 X4
teamgroup qx,32.99,,,,,,TEAMGROUP,Storage,2025,,,,,,,512.0,SSD,2.5,SATA 6.0 Gb/s
western digital caviar green,106.0,,,,,,Western,Storage,2025,,,,,,,1000.0,5400,3.5,SATA 3.0 Gb/s
intel 760p,128.59,,,,,,Intel,Storage,2025,,,,,,,512.0,SSD,M.2-2280,M.2 PCIe 3.0 X4
lexar nq100,68.98,,,,,,Lexar,Storage,2025,,,,,,,960.0,SSD,2.5,SATA 6.0 Gb/s
teamgroup mp44s,69.99,,,,,,TEAMGROUP,Storage,2025,,,,,,,1000.0,SSD,M.2-2230,M.2 PCIe 4.0 X4
kioxia exceria w/heatsink,120.99,,,,,,KIOXIA,Storage,2025,,,,,,,2000.0,SSD,M.2-2280,M.2 PCIe 4.0 X4
western digital blue,64.99,,,,,,Western,Storage,2025,,,,,,,2000.0,5400,3.5,SATA 6.0 Gb/s
lexar professional nm800pro,144.99,,,,,,Lexar,Storage,2025,,,,,,,2000.0,SSD,M.2-2280,M.2 PCIe 4.0 X4
toshiba mg09 512e,316.99,,,,,,Toshiba,Storage,2025,,,,,,,16000.0,7200,3.5,SATA 6.0 Gb/s
western digital wds100t1xhe w/heatsink,139.5,,,,,,Western,Storage,2025,,,,,,,1000.0,SSD,M.2-2280,M.2 PCIe 4.0 X4
pny cs1311,31.91,,,,,,PNY,Storage,2025,,,,,,,120.0,SSD,2.5,SATA 6.0 Gb/s
intel 320,70.97,,,,,,Intel,Storage,2025,,,,,,,40.0,SSD,2.5,SATA 3.0 Gb/s
western digital re,57.49,,,,,,Western,Storage,2025,,,,,,,1000.0,7200,3.5,SATA 6.0 Gb/s
apacer as2280q4,113.49,,,,,,Apacer,Storage,2025,,,,,,,1000.0,SSD,M.2-2280,M.2 PCIe 4.0 X4
inland gaming performance plus,139.99,,,,,,Inland,Storage,2025,,,,,,,2000.0,SSD,M.2-2280,M.2 PCIe 4.0 X4
western digital blue,158.5,,,,,,Western,Storage,2025,,,,,,,6000.0,5400,3.5,SATA 6.0 Gb/s
patriot p300,107.32,,,,,,Patriot,Storage,2025,,,,,,,1000.0,SSD,M.2-2280,M.2 PCIe 3.0 X4
samsung pm893,500.0,,,,,,Samsung,Storage,2025,,,,,,,3840.0,SSD,2.5,SATA 6.0 Gb/s
western digital red,334.45,,,,,,Western,Storage,2025,,,,,,,10000.0,5400,3.5,SATA 6.0 Gb/s
agi ai298,76.23,,,,,,AGI,Storage,2025,,,,,,,1000.0,SSD,M.2-2280,M.2 PCIe 3.0 X4
western digital black,188.99,,,,,,Western,Storage,2025,,,,,,,4000.0,7200,3.5,SATA 6.0 Gb/s
seagate barracuda,145.99,,,,,,Seagate,Storage,2025,,,,,,,4000.0,5900,3.5,SATA 6.0 Gb/s
toshiba x300 pro,324.44,,,,,,Toshiba,Storage,2025,,,,,,,16000.0,7200,3.5,SATA 6.0 Gb/s
western digital purple,95.99,,,,,,Western,Storage,2025,,,,,,,4000.0,5400,3.5,SATA 6.0 Gb/s
teamgroup t-force ge pro airflow,218.99,,,,,,TEAMGROUP,Storage,2025,,,,,,,2000.0,SSD,M.2-2280,M.2 PCIe 5.0 X4
seagate firecuda 510,395.59,,,,,,Seagate,Storage,2025,,,,,,,2000.0,SSD,M.2-2280,M.2 PCIe 3.0 X4
western digital blue,104.99,,,,,,Western,Storage,2025,,,,,,,6000.0,5400,3.5,SATA 6.0 Gb/s
hp fx900 pro,203.94,,,,,,HP,Storage,2025,,,,,,,2000.0,SSD,M.2-2280,M.2 PCIe 4.0 X4
western digital caviar green,96.97,,,,,,Western,Storage,2025,,,,,,,2000.0,5400,3.5,SATA 3.0 Gb/s
hitachi 7k1000.c,87.76,,,,,,Hitachi,Storage,2025,,,,,,,1000.0,7200,3.5,SATA 3.0 Gb/s
hitachi a7k2000,28.99,,,,,,Hitachi,Storage,2025,,,,,,,500.0,7200,3.5,SATA 3.0 Gb/s
seagate barracuda,54.0,,,,,,Seagate,Storage,2025,,,,,,,320.0,7200,3.5,SATA 6.0 Gb/s
samsung pm883,96.0,,,,,,Samsung,Storage,2025,,,,,,,480.0,SSD,2.5,SATA 6.0 Gb/s
hitachi travelstar z5k500,150.0,,,,,,Hitachi,Storage,2025,,,,,,,500.0,5400,2.5,SATA 3.0 Gb/s
seagate barracuda,249.58,,,,,,Seagate,Storage,2025,,,,,,,3000.0,5400,2.5,SATA 6.0 Gb/s
sabrent rocket q,499.99,,,,,,Sabrent,Storage,2025,,,,,,,4000.0,SSD,M.2-2280,M.2 PCIe 3.0 X4
lenovo s4520,659.99,,,,,,Lenovo,Storage,2025,,,,,,,1920.0,SSD,2.5,SATA 6.0 Gb/s
addlink s70,106.44,,,,,,Addlink,Storage,2025,,,,,,,2000.0,SSD,M.2-2280,M.2 PCIe 3.0 X4
seagate st4000nm0024,128.49,,,,,,Seagate,Storage,2025,,,,,,,4000.0,7200,3.5,SATA 6.0 Gb/s
toshiba mg04aca200e,147.75,,,,,,Toshiba,Storage,2025,,,,,,,2000.0,7200,3.5,SATA 6.0 Gb/s
western digital gold,147.99,,,,,,Western,Storage,2025,,,,,,,4000.0,7200,3.5,SATA 6.0 Gb/s
silicon power a55,25.97,,,,,,Silicon,Storage,2025,,,,,,,256.0,SSD,M.2-2280,M.2 SATA
pny xlr8 cs3030,51.98,,,,,,PNY,Storage,2025,,,,,,,250.0,SSD,M.2-2280,M.2 PCIe 3.0 X4
samsung pm893,171.69,,,,,,Samsung,Storage,2025,,,,,,,960.0,SSD,2.5,SATA 6.0 Gb/s
western digital red,145.0,,,,,,Western,Storage,2025,,,,,,,3000.0,5400,3.5,SATA 6.0 Gb/s
western digital caviar green,84.99,,,,,,Western,Storage,2025,,,,,,,2000.0,5400,3.5,SATA 6.0 Gb/s
western digital red,124.79,,,,,,Western,Storage,2025,,,,,,,1000.0,5400,2.5,SATA 6.0 Gb/s
western digital wd blue,59.99,,,,,,Western,Storage,2025,,,,,,,500.0,SSD,2.5,SATA 6.0 Gb/s
seagate barracuda,128.58,,,,,,Seagate,Storage,2025,,,,,,,500.0,7200,3.5,SATA 3.0 Gb/s
transcend ssd230s,29.99,,,,,,Transcend,Storage,2025,,,,,,,128.0,SSD,2.5,SATA 6.0 Gb/s
hp ex950,173.99,,,,,,HP,Storage,2025,,,,,,,2000.0,SSD,M.2-2280,M.2 PCIe 3.0 X4
seagate enterprise capacity,125.0,,,,,,Seagate,Storage,2025,,,,,,,2000.0,7200,3.5,SATA 6.0 Gb/s
teamgroup gx2,62.22,,,,,,TEAMGROUP,Storage,2025,,,,,,,256.0,SSD,2.5,SATA 6.0 Gb/s
transcend 220s,92.68,,,,,,Transcend,Storage,2025,,,,,,,1000.0,SSD,M.2-2280,M.2 PCIe 3.0 X4
patriot vp4000 mini,45.99,,,,,,Patriot,Storage,2025,,,,,,,500.0,SSD,M.2-2230,M.2 PCIe 4.0 X4
toshiba mq04abd200,74.99,,,,,,Toshiba,Storage,2025,,,,,,,2000.0,5400,2.5,SATA 6.0 Gb/s
intel dc p4510,231.0,,,,,,Intel,Storage,2025,,,,,,,2000.0,SSD,2.5,U.2
pny cs900,76.15,,,,,,PNY,Storage,2025,,,,,,,1000.0,SSD,M.2-2280,M.2 SATA
seagate firecuda,65.25,,,,,,Seagate,Storage,2025,,,,,,,500.0,,2.5,SATA 6.0 Gb/s
toshiba x300,255.39,,,,,,Toshiba,Storage,2025,,,,,,,8000.0,7200,3.5,SATA 6.0 Gb/s
sabrent rocket,69.98,,,,,,Sabrent,Storage,2025,,,,,,,512.0,SSD,M.2-2242,M.2 PCIe 3.0 X4
seagate skyhawk surveillance,249.99,,,,,,Seagate,Storage,2025,,,,,,,10000.0,7200,3.5,SATA 6.0 Gb/s
xoc sp900,71.0,,,,,,XOC,Storage,2025,,,,,,,1000.0,SSD,M.2-2280,M.2 PCIe 4.0 X4
crucial bx500,79.95,,,,,,Crucial,Storage,2025,,,,,,,960.0,SSD,2.5,SATA 6.0 Gb/s
teamgroup gx1,79.52,,,,,,TEAMGROUP,Storage,2025,,,,,,,480.0,SSD,2.5,SATA 6.0 Gb/s
western digital black sn750 rev2,115.7,,,,,,Western,Storage,2025,,,,,,,500.0,SSD,M.2-2280,M.2 PCIe 3.0 X4
hitachi travelstar 7k1000,59.52,,,,,,Hitachi,Storage,2025,,,,,,,1000.0,7200,3.5,SATA 6.0 Gb/s
seagate barracuda,126.0,,,,,,Seagate,Storage,2025,,,,,,,750.0,7200,3.5,SATA 3.0 Gb/s
intel 520,270.0,,,,,,Intel,Storage,2025,,,,,,,120.0,SSD,2.5,SATA 6.0 Gb/s
western digital black,65.0,,,,,,Western,Storage,2025,,,,,,,750.0,7200,2.5,SATA 6.0 Gb/s
crucial mx200,297.49,,,,,,Crucial,Storage,2025,,,,,,,500.0,SSD,2.5,SATA 6.0 Gb/s
nextorage g-series le,139.99,,,,,,Nextorage,Storage,2025,,,,,,,2000.0,SSD,M.2-2280,M.2 PCIe 4.0 X4
western digital wd red pro,269.49,,,,,,Western,Storage,2025,,,,,,,12000.0,7200,3.5,SATA 6.0 Gb/s
transcend mte245s,61.36,,,,,,Transcend,Storage,2025,,,,,,,1000.0,SSD,M.2-2280,M.2 PCIe 4.0 X4
western digital purple pro,253.94,,,,,,Western,Storage,2025,,,,,,,10000.0,7200,3.5,SATA 6.0 Gb/s
toshiba xg6,39.79,,,,,,Toshiba,Storage,2025,,,,,,,512.0,SSD,M.2-2280,M.2 PCIe 3.0 X4
kingspec nxm,18.99,,,,,,KingSpec,Storage,2025,,,,,,,128.0,SSD,M.2-2242,M.2 PCIe 3.0 X4
western digital red,179.0,,,,,,Western,Storage,2025,,,,,,,6000.0,5400,3.5,SATA 6.0 Gb/s
western digital red plus,168.29,,,,,,Western,Storage,2025,,,,,,,6000.0,5400,3.5,SATA 6.0 Gb/s
seagate ironwolf nas,199.99,,,,,,Seagate,Storage,2025,,,,,,,6000.0,5400,3.5,SATA 6.0 Gb/s
hitachi deskstar 7k2000,71.14,,,,,,Hitachi,Storage,2025,,,,,,,2000.0,7200,3.5,SATA 3.0 Gb/s
western digital blue,93.98,,,,,,Western,Storage,2025,,,,,,,500.0,SSD,2.5,SATA 6.0 Gb/s
sabrent rocket q,87.49,,,,,,Sabrent,Storage,2025,,,,,,,500.0,SSD,M.2-2280,M.2 PCIe 3.0 X4
western digital black2,249.99,,,,,,Western,Storage,2025,,,,,,,1000.0,,2.5,SATA 6.0 Gb/s
transcend 110s,49.99,,,,,,Transcend,Storage,2025,,,,,,,512.0,SSD,M.2-2280,M.2 PCIe 3.0 X4
crucial p310,149.99,,,,,,Crucial,Storage,2025,,,,,,,2000.0,SSD,M.2-2230,M.2 PCIe 4.0 X4
western digital purple pro,377.99,,,,,,Western,Storage,2025,,,,,,,18000.0,7200,3.5,SATA 6.0 Gb/s
western digital wdbmma0030hnc-nrsn,69.98,,,,,,Western,Storage,2025,,,,,,,3000.0,5400,3.5,SATA 6.0 Gb/s
seagate exos x18,402.07,,,,,,Seagate,Storage,2025,,,,,,,16000.0,7200,3.5,SAS 12.0 Gb/s
western digital gold,299.99,,,,,,Western,Storage,2025,,,,,,,14000.0,7200,3.5,SATA 6.0 Gb/s
nextorage g-series,799.99,,,,,,Nextorage,Storage,2025,,,,,,,8000.0,SSD,M.2-2280,M.2 PCIe 4.0 X4
integral mo-300,29.95,,,,,,Integral,Storage,2025,,,,,,,256.0,SSD,mSATA,mSATA
toshiba mg07aca14te,299.0,,,,,,Toshiba,Storage,2025,,,,,,,14000.0,7200,3.5,SATA 6.0 Gb/s
verbatim vi7000g,105.49,,,,,,Verbatim,Storage,2025,,,,,,,1000.0,SSD,M.2-2280,M.2 PCIe 4.0 X4
western digital caviar blue,113.12,,,,,,Western,Storage,2025,,,,,,,1000.0,7200,3.5,SATA 3.0 Gb/s
samsung pm893,290.38,,,,,,Samsung,Storage,2025,,,,,,,1920.0,SSD,2.5,SATA 6.0 Gb/s
seagate game drive,130.48,,,,,,Seagate,Storage,2025,,,,,,,1000.0,SSD,M.2-2280,M.2 PCIe 4.0 X4
verbatim vi5000,82.49,,,,,,Verbatim,Storage,2025,,,,,,,1000.0,SSD,M.2-2280,M.2 PCIe 4.0 X4
transcend ssd230s,81.5,,,,,,Transcend,Storage,2025,,,,,,,1000.0,SSD,2.5,SATA 6.0 Gb/s
adata premium for ps5,139.99,,,,,,ADATA,Storage,2025,,,,,,,2000.0,SSD,M.2-2280,M.2 PCIe 4.0 X4
hp s700,58.86,,,,,,HP,Storage,2025,,,,,,,250.0,SSD,2.5,SATA 6.0 Gb/s
western digital av-gp,49.95,,,,,,Western,Storage,2025,,,,,,,160.0,5400,3.5,SATA 3.0 Gb/s
seagate barracuda,74.0,,,,,,Seagate,Storage,2025,,,,,,,500.0,7200,3.5,SATA 3.0 Gb/s
crucial mx300,499.99,,,,,,Crucial,Storage,2025,,,,,,,2050.0,SSD,2.5,SATA 6.0 Gb/s
seagate ironwolf pro,255.0,,,,,,Seagate,Storage,2025,,,,,,,8000.0,7200,3.5,SATA 6.0 Gb/s
intel d3-s4510,170.0,,,,,,Intel,Storage,2025,,,,,,,960.0,SSD,2.5,SATA 6.0 Gb/s
seagate barracuda q1,99.95,,,,,,Seagate,Storage,2025,,,,,,,480.0,SSD,2.5,SATA 6.0 Gb/s
adata legend 850,54.99,,,,,,ADATA,Storage,2025,,,,,,,512.0,SSD,M.2-2280,M.2 PCIe 4.0 X4
pny xlr8 cs3140 w/heatsink,190.48,,,,,,PNY,Storage,2025,,,,,,,1000.0,SSD,M.2-2280,M.2 PCIe 4.0 X4
samsung pm893,118.95,,,,,,Samsung,Storage,2025,,,,,,,240.0,SSD,2.5,SATA 6.0 Gb/s
toshiba n300,489.99,,,,,,Toshiba,Storage,2025,,,,,,,16000.0,7200,3.5,SATA 6.0 Gb/s
seagate lightsaber collection firecuda,139.99,,,,,,Seagate,Storage,2025,,,,,,,1000.0,SSD,M.2-2280,M.2 PCIe 4.0 X4
silicon power ud90,74.98,,,,,,Silicon,Storage,2025,,,,,,,1000.0,SSD,M.2-2230,M.2 PCIe 4.0 X4
lexar nq100,89.49,,,,,,Lexar,Storage,2025,,,,,,,1920.0,SSD,2.5,SATA 6.0 Gb/s
toshiba n300 nas,349.0,,,,,,Toshiba,Storage,2025,,,,,,,20000.0,7200,3.5,SATA 6.0 Gb/s
seagate skyhawk ai,239.99,,,,,,Seagate,Storage,2025,,,,,,,10000.0,7200,3.5,SATA 6.0 Gb/s
toshiba l200,85.19,,,,,,Toshiba,Storage,2025,,,,,,,2000.0,5400,2.5,SATA 6.0 Gb/s
western digital blue,59.85,,,,,,Western,Storage,2025,,,,,,,250.0,SSD,2.5,SATA 6.0 Gb/s
klevv cras c925,46.99,,,,,,Klevv,Storage,2025,,,,,,,500.0,SSD,M.2-2280,M.2 PCIe 4.0 X4
kingspec xg7000 pro,70.99,,,,,,KingSpec,Storage,2025,,,,,,,1000.0,SSD,M.2-2280,M.2 PCIe 4.0 X4
nextorage nn5pro,399.99,,,,,,Nextorage,Storage,2025,,,,,,,2000.0,SSD,M.2-2280,M.2 PCIe 4.0 X8
sandisk ssd plus,49.1,,,,,,SanDisk,Storage,2025,,,,,,,480.0,SSD,2.5,SATA 6.0 Gb/s
pny cs2130,129.99,,,,,,PNY,Storage,2025,,,,,,,1000.0,SSD,M.2-2280,M.2 PCIe 3.0 X4
gamestop 23vg-gspl-gamestop nvme ssd-heatsink-2tb,169.99,,,,,,GameStop,Storage,2025,,,,,,,2000.0,SSD,M.2-2280,M.2 PCIe 4.0 X4
hitachi ultrastar 7k6000,646.54,,,,,,Hitachi,Storage,2025,,,,,,,6000.0,7200,3.5,SATA 6.0 Gb/s
seagate exos 7e8,169.64,,,,,,Seagate,Storage,2025,,,,,,,4000.0,7200,3.5,SATA 6.0 Gb/s
corsair mp600 pro,385.39,,,,,,Corsair,Storage,2025,,,,,,,4000.0,SSD,M.2-2280,M.2 PCIe 4.0 X4
toshiba n300,174.99,,,,,,Toshiba,Storage,2025,,,,,,,8000.0,7200,3.5,SATA 6.0 Gb/s
mushkin vortex-lx,96.9,,,,,,Mushkin,Storage,2025,,,,,,,1000.0,SSD,M.2-2280,M.2 PCIe 4.0 X4
crucial m4,199.99,,,,,,Crucial,Storage,2025,,,,,,,256.0,SSD,2.5,SATA 6.0 Gb/s
western digital green,62.0,,,,,,Western,Storage,2025,,,,,,,240.0,SSD,2.5,SATA 6.0 Gb/s
kingston uv500b,62.49,,,,,,Kingston,Storage,2025,,,,,,,240.0,SSD,M.2-2280,M.2 SATA
lenovo 4xb0w79582,465.0,,,,,,Lenovo,Storage,2025,,,,,,,1000.0,SSD,M.2-2280,M.2 PCIe 3.0 X4
transcend 220s,37.18,,,,,,Transcend,Storage,2025,,,,,,,256.0,SSD,M.2-2280,M.2 PCIe 3.0 X4
western digital blue sn550,129.99,,,,,,Western,Storage,2025,,,,,,,1000.0,SSD,M.2-2280,M.2 PCIe 3.0 X4
mushkin tempest,48.47,,,,,,Mushkin,Storage,2025,,,,,,,256.0,SSD,M.2-2280,M.2 PCIe 3.0 X4
seagate enterprise,192.97,,,,,,Seagate,Storage,2025,,,,,,,6000.0,7200,3.5,SAS 12.0 Gb/s
seagate enterprise capacity,171.75,,,,,,Seagate,Storage,2025,,,,,,,8000.0,7200,3.5,SAS 6.0 Gb/s
kingspec xg7000,132.99,,,,,,KingSpec,Storage,2025,,,,,,,2000.0,SSD,M.2-2242,M.2 PCIe 4.0 X4
seagate exos 7e8,90.96,,,,,,Seagate,Storage,2025,,,,,,,3000.0,7200,3.5,SATA 6.0 Gb/s
western digital red plus,167.0,,,,,,Western,Storage,2025,,,,,,,6000.0,5640,3.5,SATA 6.0 Gb/s
seagate barracuda pro,185.0,,,,,,Seagate,Storage,2025,,,,,,,6000.0,7200,3.5,SATA 6.0 Gb/s
seagate enterprise,399.0,,,,,,Seagate,Storage,2025,,,,,,,12000.0,7200,3.5,SATA 6.0 Gb/s
addlink s20,31.99,,,,,,Addlink,Storage,2025,,,,,,,512.0,SSD,2.5,SATA 6.0 Gb/s
intel 730,546.99,,,,,,Intel,Storage,2025,,,,,,,480.0,SSD,2.5,SATA 6.0 Gb/s
western digital caviar blue,84.95,,,,,,Western,Storage,2025,,,,,,,320.0,7200,3.5,PATA 100
adata xpg sx8100,499.99,,,,,,ADATA,Storage,2025,,,,,,,4000.0,SSD,M.2-2280,M.2 PCIe 3.0 X4
seagate skyhawk surveillance,215.59,,,,,,Seagate,Storage,2025,,,,,,,8000.0,7200,3.5,SATA 6.0 Gb/s
inland gaming performance plus,84.99,,,,,,Inland,Storage,2025,,,,,,,1000.0,SSD,M.2-2280,M.2 PCIe 4.0 X4
adata legend 960 max,475.46,,,,,,ADATA,Storage,2025,,,,,,,4000.0,SSD,M.2-2280,M.2 PCIe 4.0 X4
seagate barracuda,85.0,,,,,,Seagate,Storage,2025,,,,,,,320.0,7200,3.5,SATA 3.0 Gb/s
western digital purple,89.99,,,,,,Western,Storage,2025,,,,,,,3000.0,5400,3.5,SATA 6.0 Gb/s
hitachi ultrastar he8,325.0,,,,,,Hitachi,Storage,2025,,,,,,,8000.0,7200,3.5,SATA 6.0 Gb/s
seagate momentus 7200.4,45.0,,,,,,Seagate,Storage,2025,,,,,,,500.0,7200,2.5,SATA 3.0 Gb/s
adata premier pro sp900,299.95,,,,,,ADATA,Storage,2025,,,,,,,256.0,SSD,2.5,SATA 6.0 Gb/s
western digital green,115.24,,,,,,Western,Storage,2025,,,,,,,2000.0,5900,2.5,SATA 6.0 Gb/s
transcend ts120gssd220s,23.99,,,,,,Transcend,Storage,2025,,,,,,,120.0,SSD,2.5,SATA 6.0 Gb/s
western digital purple,99.0,,,,,,Western,Storage,2025,,,,,,,4000.0,5400,3.5,SATA 6.0 Gb/s
seagate ironwolf pro,273.99,,,,,,Seagate,Storage,2025,,,,,,,10000.0,7200,3.5,SATA 6.0 Gb/s
seagate exos x10,1009.0,,,,,,Seagate,Storage,2025,,,,,,,10000.0,7200,3.5,SAS 12.0 Gb/s
solidigm p44 pro,101.49,,,,,,Solidigm,Storage,2025,,,,,,,512.0,SSD,M.2-2280,M.2 PCIe 4.0 X4
kingston fury renegade with heat sink,116.98,,,,,,Kingston,Storage,2025,,,,,,,500.0,SSD,M.2-2280,M.2 PCIe 4.0 X4
patriot vp4000 mini,71.98,,,,,,Patriot,Storage,2025,,,,,,,1000.0,SSD,M.2-2230,M.2 PCIe 4.0 X4
western digital purple pro,449.99,,,,,,Western,Storage,2025,,,,,,,22000.0,7200,3.5,SATA 6.0 Gb/s
western digital sn530,38.88,,,,,,Western,Storage,2025,,,,,,,256.0,SSD,M.2-2230,M.2 PCIe 3.0 X4
hitachi 0f27406,139.0,,,,,,Hitachi,Storage,2025,,,,,,,8000.0,7200,3.5,SAS 12.0 Gb/s
micron 2400,59.12,,,,,,Micron,Storage,2025,,,,,,,512.0,SSD,M.2-2230,M.2 PCIe 4.0 X4
adata premium for ps5,75.98,,,,,,ADATA,Storage,2025,,,,,,,1000.0,SSD,M.2-2280,M.2 PCIe 4.0 X4
western digital purple,299.0,,,,,,Western,Storage,2025,,,,,,,12000.0,7200,3.5,SATA 6.0 Gb/s
integral v series 2,30.44,,,,,,Integral,Storage,2025,,,,,,,250.0,SSD,2.5,SATA 6.0 Gb/s
integral v series plus,35.83,,,,,,Integral,Storage,2025,,,,,,,512.0,SSD,2.5,SATA 6.0 Gb/s
western digital wd red pro,139.99,,,,,,Western,Storage,2025,,,,,,,4000.0,7200,3.5,SATA 6.0 Gb/s
toshiba l200,63.8,,,,,,Toshiba,Storage,2025,,,,,,,1000.0,5400,2.5,SATA 6.0 Gb/s
seagate skyhawk surveillance +rescue,149.99,,,,,,Seagate,Storage,2025,,,,,,,6000.0,5400,3.5,SATA 6.0 Gb/s
addlink g55,211.99,,,,,,Addlink,Storage,2025,,,,,,,2000.0,SSD,M.2-2280,M.2 PCIe 5.0 X4
seagate barracuda,56.99,,,,,,Seagate,Storage,2025,,,,,,,500.0,5400,2.5,SATA 6.0 Gb/s
micron 7400 pro,349.99,,,,,,Micron,Storage,2025,,,,,,,1920.0,SSD,M.2-22110,M.2 PCIe 4.0 X4
owc mercury electra 6g,179.99,,,,,,OWC,Storage,2025,,,,,,,2000.0,SSD,2.5,SATA 6.0 Gb/s
intel 760p,129.0,,,,,,Intel,Storage,2025,,,,,,,1000.0,SSD,M.2-2280,M.2 PCIe 3.0 X4
intel d3-s4510,528.0,,,,,,Intel,Storage,2025,,,,,,,3840.0,SSD,2.5,SATA 6.0 Gb/s
addlink s20,56.99,,,,,,Addlink,Storage,2025,,,,,,,1000.0,SSD,2.5,SATA 6.0 Gb/s
nextorage nem-pab,89.99,,,,,,Nextorage,Storage,2025,,,,,,,1000.0,SSD,M.2-2280,M.2 PCIe 4.0 X4
pny cs2340,100.82,,,,,,PNY,Storage,2025,,,,,,,1000.0,SSD,M.2-2280,M.2 PCIe 4.0 X4
seagate barracuda lp,108.98,,,,,,Seagate,Storage,2025,,,,,,,2000.0,5900,3.5,SATA 3.0 Gb/s
seagate momentus 7200.4,22.95,,,,,,Seagate,Storage,2025,,,,,,,160.0,7200,2.5,SATA 3.0 Gb/s
seagate st1000nx0313,58.44,,,,,,Seagate,Storage,2025,,,,,,,1000.0,7200,2.5,SATA 6.0 Gb/s
transcend ts240gssd220s,29.45,,,,,,Transcend,Storage,2025,,,,,,,240.0,SSD,2.5,SATA 6.0 Gb/s
patriot vp4000 mini,132.99,,,,,,Patriot,Storage,2025,,,,,,,2000.0,SSD,M.2-2230,M.2 PCIe 4.0 X4
kingston nv3,139.94,,,,,,Kingston,Storage,2025,,,,,,,2000.0,SSD,M.2-2230,M.2 PCIe 4.0 X4
seagate st4000lm016,155.0,,,,,,Seagate,Storage,2025,,,,,,,4000.0,5400,2.5,SATA 6.0 Gb/s
toshiba n300 nas,218.99,,,,,,Toshiba,Storage,2025,,,,,,,12000.0,7200,3.5,SATA 6.0 Gb/s
sabrent rocket,199.99,,,,,,Sabrent,Storage,2025,,,,,,,2000.0,SSD,M.2-2242,M.2 PCIe 3.0 X4
western digital wd green,42.98,,,,,,Western,Storage,2025,,,,,,,480.0,SSD,M.2-2280,M.2 SATA
hitachi travelstar,85.0,,,,,,Hitachi,Storage,2025,,,,,,,1000.0,7200,2.5,SATA 6.0 Gb/s
western digital blue,79.98,,,,,,Western,Storage,2025,,,,,,,3000.0,5400,3.5,SATA 6.0 Gb/s
seagate barracuda pro,241.49,,,,,,Seagate,Storage,2025,,,,,,,8000.0,7200,3.5,SATA 6.0 Gb/s
western digital purple,205.9,,,,,,Western,Storage,2025,,,,,,,8000.0,5640,3.5,SATA 6.0 Gb/s
addlink a95,146.44,,,,,,Addlink,Storage,2025,,,,,,,2000.0,SSD,M.2-2280,M.2 PCIe 4.0 X4
sandisk extreme pro,178.57,,,,,,SanDisk,Storage,2025,,,,,,,1000.0,SSD,M.2-2280,M.2 PCIe 3.0 X4
nextorage g-series,799.99,,,,,,Nextorage,Storage,2025,,,,,,,2000.0,SSD,M.2-2280,M.2 PCIe 4.0 X4
transcend mte245s,299.0,,,,,,Transcend,Storage,2025,,,,,,,4000.0,SSD,M.2-2280,M.2 PCIe 4.0 X4
kioxia exceria w/heatsink,81.99,,,,,,KIOXIA,Storage,2025,,,,,,,1000.0,SSD,M.2-2280,M.2 PCIe 4.0 X4
western digital wd red pro,254.45,,,,,,Western,Storage,2025,,,,,,,8000.0,7200,3.5,SATA 6.0 Gb/s
patriot p300,76.45,,,,,,Patriot,Storage,2025,,,,,,,512.0,SSD,M.2-2280,M.2 PCIe 3.0 X4
seagate exos x18,455.71,,,,,,Seagate,Storage,2025,,,,,,,18000.0,7200,3.5,SATA 6.0 Gb/s
pny cs2140,127.48,,,,,,PNY,Storage,2025,,,,,,,2000.0,SSD,M.2-2280,M.2 PCIe 4.0 X4
lexar professional nm800pro w/heatsink,149.99,,,,,,Lexar,Storage,2025,,,,,,,2000.0,SSD,M.2-2280,M.2 PCIe 4.0 X4
western digital caviar black,78.95,,,,,,Western,Storage,2025,,,,,,,1000.0,7200,3.5,SATA 3.0 Gb/s
intel dc p3600,1500.0,,,,,,Intel,Storage,2025,,,,,,,1200.0,SSD,PCIe,PCIe x4
transcend 110s,82.23,,,,,,Transcend,Storage,2025,,,,,,,1000.0,SSD,M.2-2280,M.2 PCIe 3.0 X4
intenso high performance,44.44,,,,,,Intenso,Storage,2025,,,,,,,480.0,SSD,2.5,SATA 6.0 Gb/s
adata falcon,84.97,,,,,,ADATA,Storage,2025,,,,,,,1000.0,SSD,M.2-2280,M.2 PCIe 3.0 X4
pny cs2130,229.99,,,,,,PNY,Storage,2025,,,,,,,2000.0,SSD,M.2-2280,M.2 PCIe 3.0 X4
western digital red plus,106.0,,,,,,Western,Storage,2025,,,,,,,2000.0,5400,3.5,SATA 6.0 Gb/s
transcend mte245s,59.99,,,,,,Transcend,Storage,2025,,,,,,,500.0,SSD,M.2-2280,M.2 PCIe 4.0 X4
gamestop 23vg-gspl-gamestop nvme ssd-heatsink-1tb,109.99,,,,,,GameStop,Storage,2025,,,,,,,1000.0,SSD,M.2-2280,M.2 PCIe 4.0 X4
western digital wd red pro,499.99,,,,,,Western,Storage,2025,,,,,,,24000.0,7200,3.5,SATA 6.0 Gb/s
seagate momentus 5400.6,33.0,,,,,,Seagate,Storage,2025,,,,,,,320.0,5400,2.5,SATA 3.0 Gb/s
toshiba mk5061gsyn,58.0,,,,,,Toshiba,Storage,2025,,,,,,,500.0,7200,2.5,SATA 3.0 Gb/s
toshiba ph3500u-1i72,179.0,,,,,,Toshiba,Storage,2025,,,,,,,5000.0,7200,3.5,SATA 6.0 Gb/s
patriot vpn100,317.2,,,,,,Patriot,Storage,2025,,,,,,,1000.0,SSD,M.2-2280,M.2 PCIe 3.0 X4
patriot vpn100,346.19,,,,,,Patriot,Storage,2025,,,,,,,2000.0,SSD,M.2-2280,M.2 PCIe 3.0 X4
western digital wd red pro,309.99,,,,,,Western,Storage,2025,,,,,,,14000.0,7200,3.5,SATA 6.0 Gb/s
sabrent rocket nano 2242,119.99,,,,,,Sabrent,Storage,2025,,,,,,,1000.0,SSD,M.2-2242,M.2 PCIe 4.0 X4
orico y-20,84.99,,,,,,Orico,Storage,2025,,,,,,,2000.0,SSD,2.5,SATA 6.0 Gb/s
western digital purple,68.98,,,,,,Western,Storage,2025,,,,,,,2000.0,5400,3.5,SATA 6.0 Gb/s
western digital scorpio blue,19.32,,,,,,Western,Storage,2025,,,,,,,250.0,5400,2.5,SATA 3.0 Gb/s
seagate enterprise capacity,109.99,,,,,,Seagate,Storage,2025,,,,,,,4000.0,7200,3.5,SATA 6.0 Gb/s
toshiba n300 nas,284.99,,,,,,Toshiba,Storage,2025,,,,,,,16000.0,7200,3.5,SATA 6.0 Gb/s
sabrent rocket 4.0,99.99,,,,,,Sabrent,Storage,2025,,,,,,,1000.0,SSD,M.2-2230,M.2 PCIe 4.0 X4
transcend 830s,323.9,,,,,,Transcend,Storage,2025,,,,,,,4000.0,SSD,M.2-2280,M.2 SATA
western digital re,104.99,,,,,,Western,Storage,2025,,,,,,,3000.0,7200,3.5,SATA 6.0 Gb/s
transcend ssd230s,56.12,,,,,,Transcend,Storage,2025,,,,,,,512.0,SSD,2.5,SATA 6.0 Gb/s
western digital black sn750,317.99,,,,,,Western,Storage,2025,,,,,,,2000.0,SSD,M.2-2280,M.2 PCIe 3.0 X4
western digital red sa500,72.98,,,,,,Western,Storage,2025,,,,,,,500.0,SSD,M.2-2280,M.2 SATA
toshiba p300,171.9,,,,,,Toshiba,Storage,2025,,,,,,,6000.0,5400,3.5,SATA 6.0 Gb/s
mushkin vortex redline,308.98,,,,,,Mushkin,Storage,2025,,,,,,,4000.0,SSD,M.2-2280,M.2 PCIe 4.0 X4
pny cs2240,79.98,,,,,,PNY,Storage,2025,,,,,,,1000.0,SSD,M.2-2280,M.2 PCIe 4.0 X4
seagate constellation es,57.99,,,,,,Seagate,Storage,2025,,,,,,,1000.0,7200,3.5,SATA 3.0 Gb/s
seagate skyhawk,134.99,,,,,,Seagate,Storage,2025,,,,,,,4000.0,5900,3.5,SATA 6.0 Gb/s
sandisk extreme pro,79.98,,,,,,SanDisk,Storage,2025,,,,,,,500.0,SSD,M.2-2280,M.2 PCIe 3.0 X4
seagate exos x14,309.07,,,,,,Seagate,Storage,2025,,,,,,,12000.0,7200,3.5,SATA 6.0 Gb/s
intel dc s3610,394.8,,,,,,Intel,Storage,2025,,,,,,,1600.0,SSD,2.5,SATA 6.0 Gb/s
pny xlr8 cs3040,227.99,,,,,,PNY,Storage,2025,,,,,,,2000.0,SSD,M.2-2280,M.2 PCIe 4.0 X4
western digital black sn850 call of duty edition,217.0,,,,,,Western,Storage,2025,,,,,,,1000.0,SSD,M.2-2280,M.2 PCIe 4.0 X4
mushkin tempest,118.99,,,,,,Mushkin,Storage,2025,,,,,,,2000.0,SSD,M.2-2280,M.2 PCIe 3.0 X4
nextorage g-series le,84.99,,,,,,Nextorage,Storage,2025,,,,,,,1000.0,SSD,M.2-2280,M.2 PCIe 4.0 X4
western digital velociraptor,148.94,,,,,,Western,Storage,2025,,,,,,,300.0,10000,3.5,SATA 3.0 Gb/s
hitachi 7k1000.c,262.36,,,,,,Hitachi,Storage,2025,,,,,,,250.0,7200,3.5,SATA 3.0 Gb/s
western digital av-gp,18.98,,,,,,Western,Storage,2025,,,,,,,250.0,5400,3.5,SATA 3.0 Gb/s
western digital re,40.0,,,,,,Western,Storage,2025,,,,,,,250.0,7200,3.5,SATA 6.0 Gb/s
western digital se,103.0,,,,,,Western,Storage,2025,,,,,,,1000.0,7200,3.5,SATA 6.0 Gb/s
seagate enterprise capacity,220.11,,,,,,Seagate,Storage,2025,,,,,,,6000.0,7200,3.5,SATA 6.0 Gb/s
seagate enterprise capacity,799.0,,,,,,Seagate,Storage,2025,,,,,,,8000.0,7200,3.5,SATA 6.0 Gb/s
teamgroup gx1,28.0,,,,,,TEAMGROUP,Storage,2025,,,,,,,120.0,SSD,2.5,SATA 6.0 Gb/s
kingston q500,265.65,,,,,,Kingston,Storage,2025,,,,,,,1920.0,SSD,2.5,SATA 6.0 Gb/s
goodram irdm pro slim,490.66,,,,,,GOODRAM,Storage,2025,,,,,,,4000.0,SSD,M.2-2280,M.2 PCIe 4.0 X4
addlink s93,150.44,,,,,,Addlink,Storage,2025,,,,,,,2000.0,SSD,M.2-2280,M.2 PCIe 4.0 X4
transcend ssd230s,339.99,,,,,,Transcend,Storage,2025,,,,,,,4000.0,SSD,2.5,SATA 6.0 Gb/s
lexar nq710,62.38,,,,,,Lexar,Storage,2025,,,,,,,500.0,SSD,M.2-2280,M.2 PCIe 4.0 X4
kingston nv3,50.11,,,,,,Kingston,Storage,2025,,,,,,,500.0,SSD,M.2-2230,M.2 PCIe 4.0 X4
transcend 250s,119.99,,,,,,Transcend,Storage,2025,,,,,,,1000.0,SSD,M.2-2280,M.2 PCIe 4.0 X4
western digital wd green,27.99,,,,,,Western,Storage,2025,,,,,,,240.0,SSD,M.2-2280,M.2 SATA
seagate exos 7e10 512e/4kn,176.02,,,,,,Seagate,Storage,2025,,,,,,,4000.0,7200,3.5,SATA 6.0 Gb/s
hitachi 0b36040,152.82,,,,,,Hitachi,Storage,2025,,,,,,,4000.0,7200,3.5,SATA 6.0 Gb/s
hitachi 0f14683,135.69,,,,,,Hitachi,Storage,2025,,,,,,,4000.0,7200,3.5,SATA 6.0 Gb/s
toshiba x300,238.47,,,,,,Toshiba,Storage,2025,,,,,,,6000.0,7200,3.5,SATA 6.0 Gb/s
lexar play,143.49,,,,,,Lexar,Storage,2025,,,,,,,2000.0,SSD,M.2-2280,M.2 PCIe 4.0 X4
western digital re4,34.39,,,,,,Western,Storage,2025,,,,,,,500.0,7200,3.5,SATA 3.0 Gb/s
western digital black,269.99,,,,,,Western,Storage,2025,,,,,,,6000.0,7200,3.5,SATA 6.0 Gb/s
seagate skyhawk,221.85,,,,,,Seagate,Storage,2025,,,,,,,6000.0,5900,3.5,SATA 6.0 Gb/s
micron 1100,199.99,,,,,,Micron,Storage,2025,,,,,,,1000.0,SSD,2.5,SATA 6.0 Gb/s
intel dc p4510,1750.0,,,,,,Intel,Storage,2025,,,,,,,4000.0,SSD,2.5,U.2
kingston kc600,58.99,,,,,,Kingston,Storage,2025,,,,,,,512.0,SSD,2.5,SATA 6.0 Gb/s
seagate firecuda 510,100.87,,,,,,Seagate,Storage,2025,,,,,,,250.0,SSD,M.2-2280,M.2 PCIe 3.0 X4
inland platinum,32.99,,,,,,Inland,Storage,2025,,,,,,,512.0,SSD,2.5,SATA 6.0 Gb/s
inland gaming performance plus,819.99,,,,,,Inland,Storage,2025,,,,,,,8000.0,SSD,M.2-2280,M.2 PCIe 4.0 X4
addlink a93 ps5,234.44,,,,,,Addlink,Storage,2025,,,,,,,4000.0,SSD,M.2-2280,M.2 PCIe 4.0 X4
titanium micro th2000,35.99,,,,,,Titanium,Storage,2025,,,,,,,512.0,SSD,M.2-2280,M.2 PCIe 3.0 X4
adata legend 700 gold,129.99,,,,,,ADATA,Storage,2025,,,,,,,2000.0,SSD,M.2-2280,M.2 PCIe 3.0 X4
western digital re3,24.99,,,,,,Western,Storage,2025,,,,,,,250.0,7200,3.5,SATA 3.0 Gb/s
intel dc s3700,146.44,,,,,,Intel,Storage,2025,,,,,,,400.0,SSD,2.5,SATA 6.0 Gb/s
seagate cheetah 15k.7,98.03,,,,,,Seagate,Storage,2025,,,,,,,600.0,15000,3.5,SAS 6.0 Gb/s
seagate st4000nc001,126.91,,,,,,Seagate,Storage,2025,,,,,,,4000.0,5900,3.5,SATA 6.0 Gb/s
western digital blue,74.73,,,,,,Western,Storage,2025,,,,,,,3000.0,5400,3.5,SATA 3.0 Gb/s
crucial bx200,111.0,,,,,,Crucial,Storage,2025,,,,,,,240.0,SSD,2.5,SATA 6.0 Gb/s
hitachi deskstar nas,249.99,,,,,,Hitachi,Storage,2025,,,,,,,8000.0,7200,3.5,SATA 6.0 Gb/s
teamgroup gx1,42.99,,,,,,TEAMGROUP,Storage,2025,,,,,,,240.0,SSD,2.5,SATA 6.0 Gb/s
toshiba x300,529.36,,,,,,Toshiba,Storage,2025,,,,,,,8000.0,7200,3.5,SATA 6.0 Gb/s
toshiba x300,459.7,,,,,,Toshiba,Storage,2025,,,,,,,16000.0,7200,3.5,SATA 6.0 Gb/s
seagate barracuda es.2,110.5,,,,,,Seagate,Storage,2025,,,,,,,250.0,7200,3.5,SATA 3.0 Gb/s
addlink a93 ps5,115.99,,,,,,Addlink,Storage,2025,,,,,,,2000.0,SSD,M.2-2280,M.2 PCIe 4.0 X4
seagate exos x18,332.45,,,,,,Seagate,Storage,2025,,,,,,,10000.0,7200,3.5,SATA 6.0 Gb/s
seagate exos x24,349.0,,,,,,Seagate,Storage,2025,,,,,,,12000.0,7200,3.5,SAS 12.0 Gb/s
samsung spinpoint f1 dt,72.75,,,,,,Samsung,Storage,2025,,,,,,,640.0,7200,3.5,SATA 3.0 Gb/s
seagate sv35.5,89.95,,,,,,Seagate,Storage,2025,,,,,,,500.0,5900,3.5,SATA 3.0 Gb/s
western digital caviar green,229.0,,,,,,Western,Storage,2025,,,,,,,3000.0,5400,3.5,SATA 3.0 Gb/s
intel 330,157.88,,,,,,Intel,Storage,2025,,,,,,,180.0,SSD,2.5,SATA 6.0 Gb/s
western digital wdbsla0020hnc-nrsn,65.83,,,,,,Western,Storage,2025,,,,,,,2000.0,7200,3.5,SATA 6.0 Gb/s
intel 530,94.99,,,,,,Intel,Storage,2025,,,,,,,180.0,SSD,2.5,SATA 6.0 Gb/s
crucial m500,380.77,,,,,,Crucial,Storage,2025,,,,,,,480.0,SSD,M.2-2280,M.2 SATA
corsair force le,205.09,,,,,,Corsair,Storage,2025,,,,,,,480.0,SSD,2.5,SATA 6.0 Gb/s
kingston a1000,124.87,,,,,,Kingston,Storage,2025,,,,,,,120.0,SSD,2.5,SATA 6.0 Gb/s
intel 660p,86.99,,,,,,Intel,Storage,2025,,,,,,,512.0,SSD,M.2-2280,M.2 PCIe 3.0 X4
western digital wd blue,109.0,,,,,,Western,Storage,2025,,,,,,,250.0,SSD,2.5,SATA 6.0 Gb/s
seagate exos 7e10 512n,171.04,,,,,,Seagate,Storage,2025,,,,,,,2000.0,7200,3.5,SATA 6.0 Gb/s
western digital blue mobile,46.99,,,,,,Western,Storage,2025,,,,,,,500.0,5400,2.5,SATA 6.0 Gb/s
agi ai298,47.95,,,,,,AGI,Storage,2025,,,,,,,512.0,SSD,M.2-2280,M.2 PCIe 3.0 X4
addlink g55h,165.99,,,,,,Addlink,Storage,2025,,,,,,,2000.0,SSD,M.2-2280,M.2 PCIe 5.0 X4
corsair mp600 mini,179.99,,,,,,Corsair,Storage,2025,,,,,,,2000.0,SSD,M.2-2230,M.2 PCIe 4.0 X4
kingspec xf,69.99,,,,,,KingSpec,Storage,2025,,,,,,,1000.0,SSD,M.2-2230,M.2 PCIe 4.0 X4
seagate skyhawk ai,249.95,,,,,,Seagate,Storage,2025,,,,,,,14000.0,7200,3.5,SATA 6.0 Gb/s
verbatim vi7000g,248.99,,,,,,Verbatim,Storage,2025,,,,,,,4000.0,SSD,M.2-2280,M.2 PCIe 4.0 X4
intel ssdsckjw240h601,35.98,,,,,,Intel,Storage,2025,,,,,,,240.0,SSD,M.2-2280,M.2 SATA
kingspec xg7000,76.99,,,,,,KingSpec,Storage,2025,,,,,,,1000.0,SSD,M.2-2242,M.2 PCIe 4.0 X4
western digital wd_black sn770m,79.98,,,,,,Western,Storage,2025,,,,,,,500.0,SSD,M.2-2230,M.2 PCIe 4.0 X4
kioxia bg4,49.99,,,,,,KIOXIA,Storage,2025,,,,,,,512.0,SSD,M.2-2230,M.2 PCIe 3.0 X4
seagate skyhawk ai,229.98,,,,,,Seagate,Storage,2025,,,,,,,10000.0,7200,3.5,SATA 6.0 Gb/s
addlink g55,91.99,,,,,,Addlink,Storage,2025,,,,,,,1000.0,SSD,M.2-2280,M.2 PCIe 5.0 X4
timetec 30ttqns3sata-2tb,93.99,,,,,,Timetec,Storage,2025,,,,,,,2000.0,SSD,2.5,SATA 6.0 Gb/s
western digital wd red pro,270.0,,,,,,Western,Storage,2025,,,,,,,4000.0,7200,3.5,SATA 6.0 Gb/s
addlink g55h,122.99,,,,,,Addlink,Storage,2025,,,,,,,1000.0,SSD,M.2-2280,M.2 PCIe 5.0 X4
western digital scorpio blue,54.0,,,,,,Western,Storage,2025,,,,,,,750.0,5400,2.5,SATA 3.0 Gb/s
samsung spinpoint m8,70.0,,,,,,Samsung,Storage,2025,,,,,,,1000.0,5400,2.5,SATA 3.0 Gb/s
seagate skyhawk,239.45,,,,,,Seagate,Storage,2025,,,,,,,10000.0,7200,3.5,SATA 6.0 Gb/s
seagate skyhawk ai,269.99,,,,,,Seagate,Storage,2025,,,,,,,12000.0,7200,3.5,SATA 6.0 Gb/s
seagate exos x18,409.91,,,,,,Seagate,Storage,2025,,,,,,,16000.0,7200,3.5,SATA 6.0 Gb/s
toshiba mg04aca100n,110.7,,,,,,Toshiba,Storage,2025,,,,,,,1000.0,7200,3.5,SATA 6.0 Gb/s
kingston ssdnow kc300,66.15,,,,,,Kingston,Storage,2025,,,,,,,240.0,SSD,2.5,SATA 6.0 Gb/s
transcend mts400,49.38,,,,,,Transcend,Storage,2025,,,,,,,32.0,SSD,M.2-2242,M.2 SATA
seagate ironwolf nas,216.11,,,,,,Seagate,Storage,2025,,,,,,,1000.0,5900,3.5,SATA 6.0 Gb/s
western digital purple,96.0,,,,,,Western,Storage,2025,,,,,,,3000.0,5400,3.5,SATA 6.0 Gb/s
kingston ssdnow dc500r,998.97,,,,,,Kingston,Storage,2025,,,,,,,3840.0,SSD,2.5,SATA 6.0 Gb/s
western digital black sn750 rev2,239.5,,,,,,Western,Storage,2025,,,,,,,2000.0,SSD,M.2-2280,M.2 PCIe 3.0 X4
kingston dc500m,784.47,,,,,,Kingston,Storage,2025,,,,,,,3840.0,SSD,2.5,SATA 6.0 Gb/s
western digital caviar black,146.27,,,,,,Western,Storage,2025,,,,,,,1500.0,7200,3.5,SATA 3.0 Gb/s
intel 320,99.0,,,,,,Intel,Storage,2025,,,,,,,40.0,SSD,2.5,SATA 3.0 Gb/s
ocz agility 3,87.95,,,,,,OCZ,Storage,2025,,,,,,,240.0,SSD,2.5,SATA 6.0 Gb/s
western digital wdbmyh0010bnc-nrsn,49.49,,,,,,Western,Storage,2025,,,,,,,1000.0,5400,2.5,SATA 3.0 Gb/s
transcend ssd230s,35.04,,,,,,Transcend,Storage,2025,,,,,,,256.0,SSD,2.5,SATA 6.0 Gb/s
crucial bx300,65.42,,,,,,Crucial,Storage,2025,,,,,,,240.0,SSD,2.5,SATA 6.0 Gb/s
intel 545s,185.9,,,,,,Intel,Storage,2025,,,,,,,512.0,SSD,M.2-2280,M.2 SATA
western digital purple,494.45,,,,,,Western,Storage,2025,,,,,,,18000.0,7200,3.5,SATA 6.0 Gb/s
toshiba x300 pro,355.3,,,,,,Toshiba,Storage,2025,,,,,,,10000.0,7200,3.5,SATA 6.0 Gb/s
verbatim vi560,62.96,,,,,,Verbatim,Storage,2025,,,,,,,512.0,SSD,M.2-2280,M.2 SATA
addlink a95,845.44,,,,,,Addlink,Storage,2025,,,,,,,8000.0,SSD,M.2-2280,M.2 PCIe 4.0 X4
corsair mp600 elite w/heatsink,333.99,,,,,,Corsair,Storage,2025,,,,,,,4000.0,SSD,M.2-2280,M.2 PCIe 4.0 X4
xoc nitro,56.97,,,,,,XOC,Storage,2025,,,,,,,1000.0,SSD,2.5,SATA 6.0 Gb/s
western digital wd red pro,419.99,,,,,,Western,Storage,2025,,,,,,,20000.0,7200,3.5,SATA 6.0 Gb/s
seagate exos x18,359.99,,,,,,Seagate,Storage,2025,,,,,,,18000.0,7200,3.5,SAS 12.0 Gb/s
corsair mp600 mini,82.99,,,,,,Corsair,Storage,2025,,,,,,,1000.0,SSD,M.2-2230,M.2 PCIe 4.0 X4
toshiba x300 pro,294.99,,,,,,Toshiba,Storage,2025,,,,,,,14000.0,7200,3.5,SATA 6.0 Gb/s
western digital sn530,69.0,,,,,,Western,Storage,2025,,,,,,,512.0,SSD,M.2-2230,M.2 PCIe 3.0 X4
inland td510,199.99,,,,,,Inland,Storage,2025,,,,,,,2000.0,SSD,M.2-2280,M.2 PCIe 5.0 X4
teamgroup a440 lite,49.99,,,,,,TEAMGROUP,Storage,2025,,,,,,,512.0,SSD,M.2-2280,M.2 PCIe 4.0 X4
western digital purple pro,239.98,,,,,,Western,Storage,2025,,,,,,,8000.0,7200,3.5,SATA 6.0 Gb/s
toshiba mg09 512e,289.99,,,,,,Toshiba,Storage,2025,,,,,,,12000.0,7200,3.5,SATA 6.0 Gb/s
toshiba n300,289.99,,,,,,Toshiba,Storage,2025,,,,,,,8000.0,7200,3.5,SATA 6.0 Gb/s
samsung pm893,179.0,,,,,,Samsung,Storage,2025,,,,,,,480.0,SSD,2.5,SATA 6.0 Gb/s
western digital black,49.99,,,,,,Western,Storage,2025,,,,,,,500.0,7200,3.5,SATA 6.0 Gb/s
seagate exos x18,349.37,,,,,,Seagate,Storage,2025,,,,,,,12000.0,7200,3.5,SATA 6.0 Gb/s
integral v series plus,31.39,,,,,,Integral,Storage,2025,,,,,,,256.0,SSD,2.5,SATA 6.0 Gb/s
western digital purple,139.99,,,,,,Western,Storage,2025,,,,,,,6000.0,5400,3.5,SATA 6.0 Gb/s
silicon power silm s55,37.31,,,,,,Silicon,Storage,2025,,,,,,,480.0,SSD,2.5,SATA 6.0 Gb/s
intel 760p,253.91,,,,,,Intel,Storage,2025,,,,,,,2000.0,SSD,M.2-2280,M.2 PCIe 3.0 X4
seagate skyhawk ai,241.75,,,,,,Seagate,Storage,2025,,,,,,,10000.0,7200,3.5,SATA 6.0 Gb/s
transcend 220s,56.72,,,,,,Transcend,Storage,2025,,,,,,,512.0,SSD,M.2-2280,M.2 PCIe 3.0 X4
western digital caviar green,179.95,,,,,,Western,Storage,2025,,,,,,,1500.0,5400,3.5,SATA 3.0 Gb/s
western digital scorpio blue,46.29,,,,,,Western,Storage,2025,,,,,,,160.0,5400,2.5,SATA 1.5 Gb/s
seagate barracuda,55.95,,,,,,Seagate,Storage,2025,,,,,,,160.0,7200,3.5,SATA 3.0 Gb/s
seagate barracuda lp,135.44,,,,,,Seagate,Storage,2025,,,,,,,1000.0,5900,3.5,SATA 3.0 Gb/s
hitachi 0j11561,39.2,,,,,,Hitachi,Storage,2025,,,,,,,500.0,5400,2.5,SATA 3.0 Gb/s
western digital av-25,22.4,,,,,,Western,Storage,2025,,,,,,,320.0,5400,2.5,SATA 3.0 Gb/s
intel 320,375.0,,,,,,Intel,Storage,2025,,,,,,,600.0,SSD,2.5,SATA 3.0 Gb/s
western digital av-gp,26.0,,,,,,Western,Storage,2025,,,,,,,160.0,5400,3.5,SATA 3.0 Gb/s
intel dc s3700,336.0,,,,,,Intel,Storage,2025,,,,,,,800.0,SSD,2.5,SATA 6.0 Gb/s
intel 530,200.0,,,,,,Intel,Storage,2025,,,,,,,120.0,SSD,2.5,SATA 6.0 Gb/s
sandisk extreme pro,199.99,,,,,,SanDisk,Storage,2025,,,,,,,480.0,SSD,2.5,SATA 6.0 Gb/s
sandisk extreme pro,299.99,,,,,,SanDisk,Storage,2025,,,,,,,960.0,SSD,2.5,SATA 6.0 Gb/s
toshiba ph3400u-1i72,159.0,,,,,,Toshiba,Storage,2025,,,,,,,4000.0,7200,3.5,SATA 6.0 Gb/s
intel 600p,189.0,,,,,,Intel,Storage,2025,,,,,,,1000.0,SSD,M.2-2280,M.2 PCIe 3.0 X4
seagate skyhawk,200.0,,,,,,Seagate,Storage,2025,,,,,,,8000.0,5900,3.5,SATA 6.0 Gb/s
western digital purple,223.89,,,,,,Western,Storage,2025,,,,,,,8000.0,5400,3.5,SATA 6.0 Gb/s
adata ultimate su650,200.0,,,,,,ADATA,Storage,2025,,,,,,,960.0,SSD,2.5,SATA 6.0 Gb/s
western digital purple,219.1,,,,,,Western,Storage,2025,,,,,,,8000.0,5400,3.5,SATA 6.0 Gb/s
intel 545s,55.64,,,,,,Intel,Storage,2025,,,,,,,128.0,SSD,2.5,SATA 6.0 Gb/s
hitachi ultrastar,139.35,,,,,,Hitachi,Storage,2025,,,,,,,2000.0,7200,3.5,SATA 6.0 Gb/s
seagate firecuda,362.53,,,,,,Seagate,Storage,2025,,,,,,,1000.0,SSD,M.2-2280,M.2 PCIe 3.0 X4
pioneer aps-se20g-1t,127.07,,,,,,Pioneer,Storage,2025,,,,,,,1000.0,SSD,M.2-2280,M.2 PCIe 3.0 X4
toshiba n300,205.38,,,,,,Toshiba,Storage,2025,,,,,,,6000.0,7200,3.5,SATA 6.0 Gb/s
addlink a95,251.99,,,,,,Addlink,Storage,2025,,,,,,,4000.0,SSD,M.2-2280,M.2 PCIe 4.0 X4
addlink s70,57.88,,,,,,Addlink,Storage,2025,,,,,,,1000.0,SSD,M.2-2280,M.2 PCIe 3.0 X4
western digital blue sn550,249.99,,,,,,Western,Storage,2025,,,,,,,2000.0,SSD,M.2-2280,M.2 PCIe 3.0 X4
teamgroup cx1,21.99,,,,,,TEAMGROUP,Storage,2025,,,,,,,240.0,SSD,2.5,SATA 6.0 Gb/s
teamgroup cx1,32.99,,,,,,TEAMGROUP,Storage,2025,,,,,,,480.0,SSD,2.5,SATA 6.0 Gb/s
intel d3-s4610,184.74,,,,,,Intel,Storage,2025,,,,,,,960.0,SSD,2.5,SATA 6.0 Gb/s
nemix ram nemesis,318.99,,,,,,NEMIX,Storage,2025,,,,,,,4000.0,SSD,M.2-2280,M.2 PCIe 4.0 X4
transcend 830s,24.99,,,,,,Transcend,Storage,2025,,,,,,,128.0,SSD,M.2-2280,M.2 SATA
owc mercury electra 6g,99.88,,,,,,OWC,Storage,2025,,,,,,,1000.0,SSD,2.5,SATA 6.0 Gb/s
toshiba n300 pro,268.99,,,,,,Toshiba,Storage,2025,,,,,,,12000.0,7200,3.5,SATA 6.0 Gb/s
western digital re,71.37,,,,,,Western,Storage,2025,,,,,,,2000.0,7200,3.5,SATA 6.0 Gb/s
addlink a93 ps5,70.44,,,,,,Addlink,Storage,2025,,,,,,,1000.0,SSD,M.2-2280,M.2 PCIe 4.0 X4
teamgroup z440 lite,45.99,,,,,,TEAMGROUP,Storage,2025,,,,,,,500.0,SSD,M.2-2280,M.2 PCIe 4.0 X4
seagate skyhawk ai,319.99,,,,,,Seagate,Storage,2025,,,,,,,16000.0,7200,3.5,SATA 6.0 Gb/s
western digital purple pro,324.95,,,,,,Western,Storage,2025,,,,,,,14000.0,7200,3.5,SATA 6.0 Gb/s
toshiba x300 pro,274.99,,,,,,Toshiba,Storage,2025,,,,,,,12000.0,7200,3.5,SATA 6.0 Gb/s
seagate skyhawk surveillance +rescue,118.51,,,,,,Seagate,Storage,2025,,,,,,,3000.0,5400,3.5,SATA 6.0 Gb/s
micron 2400,89.85,,,,,,Micron,Storage,2025,,,,,,,1000.0,SSD,M.2-2230,M.2 PCIe 4.0 X4
western digital scorpio black,40.75,,,,,,Western,Storage,2025,,,,,,,320.0,7200,2.5,SATA 3.0 Gb/s
sandisk x400,229.99,,,,,,SanDisk,Storage,2025,,,,,,,512.0,SSD,M.2-2280,M.2 SATA
seagate exos x18,435.24,,,,,,Seagate,Storage,2025,,,,,,,14000.0,7200,3.5,SATA 6.0 Gb/s
hitachi a7k1000-1000,60.75,,,,,,Hitachi,Storage,2025,,,,,,,1000.0,7200,3.5,SATA 3.0 Gb/s
seagate st1000nx0373,66.0,,,,,,Seagate,Storage,2025,,,,,,,1000.0,7200,2.5,SAS 12.0 Gb/s
seagate enterprise performance,86.98,,,,,,Seagate,Storage,2025,,,,,,,1200.0,10000,3.5,SAS 12.0 Gb/s
transcend 250h,199.99,,,,,,Transcend,Storage,2025,,,,,,,2000.0,SSD,M.2-2280,M.2 PCIe 4.0 X4
addlink s93,272.44,,,,,,Addlink,Storage,2025,,,,,,,4000.0,SSD,M.2-2280,M.2 PCIe 4.0 X4
intel x25-m,349.95,,,,,,Intel,Storage,2025,,,,,,,120.0,SSD,2.5,SATA 3.0 Gb/s
toshiba mk2576gsx,25.74,,,,,,Toshiba,Storage,2025,,,,,,,250.0,5400,2.5,SATA 3.0 Gb/s
toshiba mk7559gsxp,62.5,,,,,,Toshiba,Storage,2025,,,,,,,750.0,5400,2.5,SATA 3.0 Gb/s
western digital re,39.0,,,,,,Western,Storage,2025,,,,,,,500.0,7200,3.5,SATA 6.0 Gb/s
intel dc p3600,1850.0,,,,,,Intel,Storage,2025,,,,,,,800.0,SSD,PCIe,PCIe x4
crucial mx200,397.77,,,,,,Crucial,Storage,2025,,,,,,,500.0,SSD,M.2-2260,M.2 SATA
intel 750,499.0,,,,,,Intel,Storage,2025,,,,,,,400.0,SSD,PCIe,PCIe x4
western digital re,145.0,,,,,,Western,Storage,2025,,,,,,,5000.0,7200,3.5,SATA 6.0 Gb/s
seagate firecuda,395.59,,,,,,Seagate,Storage,2025,,,,,,,2000.0,SSD,M.2-2280,M.2 PCIe 3.0 X4
transcend 250s,355.06,,,,,,Transcend,Storage,2025,,,,,,,4000.0,SSD,M.2-2280,M.2 PCIe 4.0 X4
western digital scorpio blue,59.0,,,,,,Western,Storage,2025,,,,,,,160.0,5400,2.5,SATA 3.0 Gb/s
seagate barracuda es,127.5,,,,,,Seagate,Storage,2025,,,,,,,1000.0,7200,3.5,SATA 3.0 Gb/s
intel x25-m,155.0,,,,,,Intel,Storage,2025,,,,,,,80.0,SSD,2.5,SATA 3.0 Gb/s
seagate sv35.5,159.26,,,,,,Seagate,Storage,2025,,,,,,,2000.0,7200,3.5,SATA 6.0 Gb/s
western digital av-gp,19.67,,,,,,Western,Storage,2025,,,,,,,320.0,5400,3.5,SATA 3.0 Gb/s
intel dc s3500,185.0,,,,,,Intel,Storage,2025,,,,,,,480.0,SSD,2.5,SATA 6.0 Gb/s
western digital se,135.0,,,,,,Western,Storage,2025,,,,,,,3000.0,7200,3.5,SATA 6.0 Gb/s
hitachi travelstar,49.99,,,,,,Hitachi,Storage,2025,,,,,,,1000.0,5400,2.5,SATA 6.0 Gb/s
western digital wd red pro,127.0,,,,,,Western,Storage,2025,,,,,,,2000.0,7200,3.5,SATA 6.0 Gb/s
transcend mts800,49.99,,,,,,Transcend,Storage,2025,,,,,,,64.0,SSD,M.2-2280,M.2 SATA
dell 342-3520,175.0,,,,,,Dell,Storage,2025,,,,,,,1000.0,7200,2.5,SAS 3.0 Gb/s
sandisk z410,78.14,,,,,,SanDisk,Storage,2025,,,,,,,240.0,SSD,2.5,SATA 6.0 Gb/s
seagate skyhawk,199.0,,,,,,Seagate,Storage,2025,,,,,,,3000.0,5900,3.5,SATA 6.0 Gb/s
seagate skyhawk surveillance,154.36,,,,,,Seagate,Storage,2025,,,,,,,6000.0,5400,3.5,SATA 6.0 Gb/s
seagate nytro enterprise,1999.95,,,,,,Seagate,Storage,2025,,,,,,,1920.0,SSD,2.5,SAS 12.0 Gb/s
lexar nm600,130.79,,,,,,Lexar,Storage,2025,,,,,,,480.0,SSD,M.2-2280,M.2 PCIe 3.0 X4
seagate ironwolf nas,859.99,,,,,,Seagate,Storage,2025,,,,,,,3840.0,SSD,2.5,SATA 6.0 Gb/s
intel d3-s4510,279.45,,,,,,Intel,Storage,2025,,,,,,,1920.0,SSD,2.5,SATA 6.0 Gb/s
intel dc s4500,375.0,,,,,,Intel,Storage,2025,,,,,,,960.0,SSD,2.5,SATA 6.0 Gb/s
kingston ssdnow dc500r,478.06,,,,,,Kingston,Storage,2025,,,,,,,1920.0,SSD,2.5,SATA 6.0 Gb/s
patriot p300,63.27,,,,,,Patriot,Storage,2025,,,,,,,256.0,SSD,M.2-2280,M.2 PCIe 3.0 X4
centon mp essential,37.46,,,,,,Centon,Storage,2025,,,,,,,120.0,SSD,2.5,SATA 6.0 Gb/s
western digital purple,148.88,,,,,,Western,Storage,2025,,,,,,,6000.0,5640,3.5,SATA 6.0 Gb/s
verbatim vi560,98.53,,,,,,Verbatim,Storage,2025,,,,,,,256.0,SSD,M.2-2280,M.2 SATA
intel d3-s4510,121.5,,,,,,Intel,Storage,2025,,,,,,,480.0,SSD,2.5,SATA 6.0 Gb/s
intel d3-s4620,679.0,,,,,,Intel,Storage,2025,,,,,,,3840.0,SSD,2.5,SATA 6.0 Gb/s
toshiba mg09 512e,263.95,,,,,,Toshiba,Storage,2025,,,,,,,10000.0,7200,3.5,SATA 6.0 Gb/s
owc mercury electra 6g,19.98,,,,,,OWC,Storage,2025,,,,,,,120.0,SSD,2.5,SATA 6.0 Gb/s
teamgroup mp44s,136.99,,,,,,TEAMGROUP,Storage,2025,,,,,,,2000.0,SSD,M.2-2230,M.2 PCIe 4.0 X4
silicon power ud90,139.99,,,,,,Silicon,Storage,2025,,,,,,,2000.0,SSD,M.2-2230,M.2 PCIe 4.0 X4
hitachi ultrastar he10,196.99,,,,,,Hitachi,Storage,2025,,,,,,,10000.0,7200,3.5,SAS 12.0 Gb/s
western digital red sa500,104.4,,,,,,Western,Storage,2025,,,,,,,1000.0,SSD,M.2-2280,M.2 SATA
seagate constellation es,55.0,,,,,,Seagate,Storage,2025,,,,,,,2000.0,7200,3.5,SAS 6.0 Gb/s
sabrent rocket q4,219.99,,,,,,Sabrent,Storage,2025,,,,,,,2000.0,SSD,M.2-2230,M.2 PCIe 4.0 X4
toshiba n300 pro,294.99,,,,,,Toshiba,Storage,2025,,,,,,,14000.0,7200,3.5,SATA 6.0 Gb/s
inland tn325,84.99,,,,,,Inland,Storage,2025,,,,,,,1000.0,SSD,M.2-2242,M.2 PCIe 3.0 X4
inland tn450,121.99,,,,,,Inland,Storage,2025,,,,,,,2000.0,SSD,M.2-2280,M.2 PCIe 4.0 X4
toshiba n300 nas,158.15,,,,,,Toshiba,Storage,2025,,,,,,,6000.0,7200,3.5,SATA 6.0 Gb/s
seagate constellation cs,145.68,,,,,,Seagate,Storage,2025,,,,,,,3000.0,7200,3.5,SATA 6.0 Gb/s
intel 545s,37.0,,,,,,Intel,Storage,2025,,,,,,,128.0,SSD,M.2-2280,M.2 SATA
seagate exos 7e10 512e/4kn,205.99,,,,,,Seagate,Storage,2025,,,,,,,6000.0,7200,3.5,SATA 6.0 Gb/s
transcend mte240s,103.23,,,,,,Transcend,Storage,2025,,,,,,,1000.0,SSD,M.2-2280,M.2 PCIe 4.0 X4
owc aura pro iv,99.99,,,,,,OWC,Storage,2025,,,,,,,1000.0,SSD,M.2-2242,M.2 PCIe 4.0 X4
western digital scorpio blue,78.95,,,,,,Western,Storage,2025,,,,,,,250.0,5400,2.5,SATA 3.0 Gb/s
kingston e50 enterprise,186.81,,,,,,Kingston,Storage,2025,,,,,,,240.0,SSD,2.5,SATA 6.0 Gb/s
intel dc s3500,192.0,,,,,,Intel,Storage,2025,,,,,,,800.0,SSD,2.5,SATA 6.0 Gb/s
intel 540s,128.22,,,,,,Intel,Storage,2025,,,,,,,240.0,SSD,2.5,SATA 6.0 Gb/s
western digital gold,375.7,,,,,,Western,Storage,2025,,,,,,,10000.0,7200,3.5,SATA 6.0 Gb/s
crucial bx300,105.42,,,,,,Crucial,Storage,2025,,,,,,,480.0,SSD,2.5,SATA 6.0 Gb/s
western digital gold,297.5,,,,,,Western,Storage,2025,,,,,,,8000.0,7200,3.5,SATA 6.0 Gb/s
samsung 860 evo,156.13,,,,,,Samsung,Storage,2025,,,,,,,500.0,SSD,mSATA,mSATA
seagate skyhawk ai,213.84,,,,,,Seagate,Storage,2025,,,,,,,8000.0,7200,3.5,SATA 6.0 Gb/s
pny xlr8 cs3040,62.98,,,,,,PNY,Storage,2025,,,,,,,500.0,SSD,M.2-2280,M.2 PCIe 4.0 X4
seagate exos 7e10 512n,192.87,,,,,,Seagate,Storage,2025,,,,,,,4000.0,7200,3.5,SATA 6.0 Gb/s
pny xlr8 cs3030,489.0,,,,,,PNY,Storage,2025,,,,,,,4000.0,SSD,M.2-2280,M.2 PCIe 3.0 X4
western digital wd blue,236.98,,,,,,Western,Storage,2025,,,,,,,2000.0,SSD,2.5,SATA 6.0 Gb/s
micron 7400 pro,149.99,,,,,,Micron,Storage,2025,,,,,,,480.0,SSD,M.2-2280,M.2 PCIe 4.0 X4
transcend mte240s,56.47,,,,,,Transcend,Storage,2025,,,,,,,500.0,SSD,M.2-2280,M.2 PCIe 4.0 X4
western digital scorpio blue,26.79,,,,,,Western,Storage,2025,,,,,,,80.0,5400,2.5,SATA 3.0 Gb/s
hitachi 7k1000.c,229.95,,,,,,Hitachi,Storage,2025,,,,,,,750.0,7200,3.5,SATA 3.0 Gb/s
hitachi e7k1000,70.0,,,,,,Hitachi,Storage,2025,,,,,,,500.0,7200,3.5,SATA 3.0 Gb/s
seagate barracuda,149.94,,,,,,Seagate,Storage,2025,,,,,,,2000.0,5900,3.5,SATA 3.0 Gb/s
intel x25-m,197.1,,,,,,Intel,Storage,2025,,,,,,,160.0,SSD,2.5,SATA 3.0 Gb/s
seagate barracuda xt,118.23,,,,,,Seagate,Storage,2025,,,,,,,2000.0,7200,3.5,SATA 6.0 Gb/s
western digital caviar green,149.94,,,,,,Western,Storage,2025,,,,,,,500.0,5400,3.5,SATA 3.0 Gb/s
hitachi travelstar z7k320,56.1,,,,,,Hitachi,Storage,2025,,,,,,,250.0,7200,2.5,SATA 3.0 Gb/s
kingston hyperx,199.99,,,,,,Kingston,Storage,2025,,,,,,,120.0,SSD,2.5,SATA 6.0 Gb/s
seagate barracuda,59.0,,,,,,Seagate,Storage,2025,,,,,,,320.0,7200,3.5,SATA 6.0 Gb/s
samsung 830,118.48,,,,,,Samsung,Storage,2025,,,,,,,64.0,SSD,2.5,SATA 6.0 Gb/s
intel 520,140.0,,,,,,Intel,Storage,2025,,,,,,,180.0,SSD,2.5,SATA 6.0 Gb/s
western digital wdbmma0010hnc-nrsn,49.0,,,,,,Western,Storage,2025,,,,,,,1000.0,5400,3.5,SATA 6.0 Gb/s
intel 530,189.0,,,,,,Intel,Storage,2025,,,,,,,240.0,SSD,2.5,SATA 6.0 Gb/s
seagate constellation es,53.0,,,,,,Seagate,Storage,2025,,,,,,,1000.0,7200,3.5,SAS 3.0 Gb/s
kingston ssdnow kc300,97.72,,,,,,Kingston,Storage,2025,,,,,,,180.0,SSD,2.5,SATA 6.0 Gb/s
hitachi ultrastar 7k6000,158.44,,,,,,Hitachi,Storage,2025,,,,,,,6000.0,7200,3.5,SAS 12.0 Gb/s
seagate ironwolf nas,233.44,,,,,,Seagate,Storage,2025,,,,,,,3000.0,5900,3.5,SATA 6.0 Gb/s
intel pro 6000p,106.6,,,,,,Intel,Storage,2025,,,,,,,512.0,SSD,M.2-2280,M.2 PCIe 3.0 X4
seagate barracuda 7200.9,70.0,,,,,,Seagate,Storage,2025,,,,,,,160.0,7200,3.5,SATA 6.0 Gb/s
western digital wd red pro,327.1,,,,,,Western,Storage,2025,,,,,,,10000.0,7200,3.5,SATA 6.0 Gb/s
toshiba x300,299.0,,,,,,Toshiba,Storage,2025,,,,,,,12000.0,7200,3.5,SATA 6.0 Gb/s
seagate st500vm000,36.4,,,,,,Seagate,Storage,2025,,,,,,,500.0,5900,3.5,SATA 6.0 Gb/s
intel d3-s4610,139.0,,,,,,Intel,Storage,2025,,,,,,,480.0,SSD,2.5,SATA 6.0 Gb/s
seagate exos enterprise,271.45,,,,,,Seagate,Storage,2025,,,,,,,6000.0,7200,3.5,SATA 6.0 Gb/s
western digital purple,336.0,,,,,,Western,Storage,2025,,,,,,,14000.0,7200,3.5,SATA 6.0 Gb/s
toshiba mg06aca800e,279.99,,,,,,Toshiba,Storage,2025,,,,,,,8000.0,7200,3.5,SATA 6.0 Gb/s
visiontek pro hxs,79.98,,,,,,VisionTek,Storage,2025,,,,,,,512.0,SSD,2.5,SATA 6.0 Gb/s
western digital red plus,134.99,,,,,,Western,Storage,2025,,,,,,,3000.0,5400,3.5,SATA 6.0 Gb/s
intel d3-s4520,161.5,,,,,,Intel,Storage,2025,,,,,,,480.0,SSD,2.5,SATA 6.0 Gb/s
transcend 250h,371.06,,,,,,Transcend,Storage,2025,,,,,,,4000.0,SSD,M.2-2280,M.2 PCIe 4.0 X4
mushkin element,186.78,,,,,,Mushkin,Storage,2025,,,,,,,1000.0,SSD,2.5,SATA 6.0 Gb/s
visiontek dlx3,61.99,,,,,,VisionTek,Storage,2025,,,,,,,512.0,SSD,M.2-2280,M.2 PCIe 3.0 X4
kingspec nx-2230,39.99,,,,,,KingSpec,Storage,2025,,,,,,,512.0,SSD,M.2-2230,M.2 PCIe 3.0 X4
corsair mp600 core mini,99.0,,,,,,Corsair,Storage,2025,,,,,,,1000.0,SSD,M.2-2230,M.2 PCIe 4.0 X4
klevv cras c925,65.98,,,,,,Klevv,Storage,2025,,,,,,,1000.0,SSD,M.2-2280,M.2 PCIe 4.0 X4
seagate constellation.2,50.0,,,,,,Seagate,Storage,2025,,,,,,,1000.0,7200,2.5,SAS 6.0 Gb/s
seagate st6000nm0014,135.0,,,,,,Seagate,Storage,2025,,,,,,,6000.0,7200,3.5,SAS 12.0 Gb/s
mushkin vortex-lx,44.99,,,,,,Mushkin,Storage,2025,,,,,,,512.0,SSD,M.2-2280,M.2 PCIe 4.0 X4
kingspec xg7000,44.99,,,,,,KingSpec,Storage,2025,,,,,,,512.0,SSD,M.2-2242,M.2 PCIe 4.0 X4
transcend ts128gssd370s,33.95,,,,,,Transcend,Storage,2025,,,,,,,128.0,SSD,2.5,SATA 6.0 Gb/s
western digital black,54.0,,,,,,Western,Storage,2025,,,,,,,320.0,7200,2.5,SATA 6.0 Gb/s
intel dc p3600,159.0,,,,,,Intel,Storage,2025,,,,,,,800.0,SSD,2.5,U.2
western digital wd red pro,296.49,,,,,,Western,Storage,2025,,,,,,,6000.0,7200,3.5,SATA 6.0 Gb/s
transcend ts480gssd220s,46.06,,,,,,Transcend,Storage,2025,,,,,,,480.0,SSD,2.5,SATA 6.0 Gb/s
intel pro 6000p,89.0,,,,,,Intel,Storage,2025,,,,,,,128.0,SSD,M.2-2280,M.2 PCIe 3.0 X4
seagate enterprise performance,227.45,,,,,,Seagate,Storage,2025,,,,,,,600.0,15000,2.5,SAS 12.0 Gb/s
sabrent rocket 4.0,64.98,,,,,,Sabrent,Storage,2025,,,,,,,512.0,SSD,M.2-2230,M.2 PCIe 4.0 X4
nextorage nn5pro,239.99,,,,,,Nextorage,Storage,2025,,,,,,,1000.0,SSD,M.2-2280,M.2 PCIe 4.0 X8
seagate momentus,34.99,,,,,,Seagate,Storage,2025,,,,,,,500.0,5400,2.5,SATA 3.0 Gb/s
intel 520,85.49,,,,,,Intel,Storage,2025,,,,,,,60.0,SSD,2.5,SATA 6.0 Gb/s
western digital green,80.0,,,,,,Western,Storage,2025,,,,,,,1000.0,5400,3.5,SATA 3.0 Gb/s
crucial m550,177.77,,,,,,Crucial,Storage,2025,,,,,,,128.0,SSD,M.2-2280,M.2 SATA
seagate st4000vx000,157.99,,,,,,Seagate,Storage,2025,,,,,,,4000.0,5900,3.5,SATA 6.0 Gb/s
intel dc p3700,996.99,,,,,,Intel,Storage,2025,,,,,,,800.0,SSD,PCIe,PCIe x4
seagate barracuda,104.64,,,,,,Seagate,Storage,2025,,,,,,,500.0,7200,3.5,PATA 100
western digital purple,269.0,,,,,,Western,Storage,2025,,,,,,,10000.0,5400,3.5,SATA 6.0 Gb/s
western digital wd red pro,238.99,,,,,,Western,Storage,2025,,,,,,,6000.0,7200,3.5,SATA 6.0 Gb/s
seagate enterprise performance,167.0,,,,,,Seagate,Storage,2025,,,,,,,1800.0,10000,3.5,SAS 12.0 Gb/s
seagate enterprise performance,257.82,,,,,,Seagate,Storage,2025,,,,,,,2400.0,10000,2.5,SAS 12.0 Gb/s
plextor m8vc,100.99,,,,,,Plextor,Storage,2025,,,,,,,128.0,SSD,2.5,SATA 6.0 Gb/s
intel dc p4510,418.0,,,,,,Intel,Storage,2025,,,,,,,1000.0,SSD,2.5,U.2
hitachi ultrastar he10,292.99,,,,,,Hitachi,Storage,2025,,,,,,,8000.0,7200,3.5,SATA 6.0 Gb/s
intel dc s4500,273.45,,,,,,Intel,Storage,2025,,,,,,,1900.0,SSD,2.5,SATA 6.0 Gb/s
inland platinum,23.99,,,,,,Inland,Storage,2025,,,,,,,256.0,SSD,2.5,SATA 6.0 Gb/s
visiontek dlx4 pro,223.04,,,,,,VisionTek,Storage,2025,,,,,,,2000.0,SSD,M.2-2280,M.2 PCIe 4.0 X4
transcend 830s,55.19,,,,,,Transcend,Storage,2025,,,,,,,512.0,SSD,M.2-2280,M.2 SATA
western digital caviar blue,50.0,,,,,,Western,Storage,2025,,,,,,,320.0,7200,3.5,SATA 3.0 Gb/s
western digital caviar green,44.0,,,,,,Western,Storage,2025,,,,,,,500.0,5400,3.5,SATA 3.0 Gb/s
western digital scorpio black,39.95,,,,,,Western,Storage,2025,,,,,,,160.0,7200,2.5,SATA 3.0 Gb/s
seagate barracuda,74.98,,,,,,Seagate,Storage,2025,,,,,,,500.0,7200,3.5,SATA 3.0 Gb/s
intel x25-v,59.99,,,,,,Intel,Storage,2025,,,,,,,40.0,SSD,2.5,SATA 3.0 Gb/s
adata premier pro sp900,79.45,,,,,,ADATA,Storage,2025,,,,,,,64.0,SSD,2.5,SATA 6.0 Gb/s
seagate momentus xt,187.5,,,,,,Seagate,Storage,2025,,,,,,,500.0,7200,2.5,SATA 3.0 Gb/s
crucial m4,227.77,,,,,,Crucial,Storage,2025,,,,,,,64.0,SSD,mSATA,mSATA
western digital black,49.75,,,,,,Western,Storage,2025,,,,,,,500.0,7200,2.5,SATA 6.0 Gb/s
intel 530,321.99,,,,,,Intel,Storage,2025,,,,,,,480.0,SSD,2.5,SATA 6.0 Gb/s
western digital green,238.64,,,,,,Western,Storage,2025,,,,,,,6000.0,5400,3.5,SATA 6.0 Gb/s
visiontek go drive,99.99,,,,,,VisionTek,Storage,2025,,,,,,,1000.0,SSD,2.5,SATA 6.0 Gb/s
intel dc s3710,647.0,,,,,,Intel,Storage,2025,,,,,,,1200.0,SSD,2.5,SATA 6.0 Gb/s
intel 535,133.68,,,,,,Intel,Storage,2025,,,,,,,180.0,SSD,2.5,SATA 6.0 Gb/s
western digital blue,149.94,,,,,,Western,Storage,2025,,,,,,,500.0,7200,3.5,SATA 3.0 Gb/s
western digital gold,274.5,,,,,,Western,Storage,2025,,,,,,,6000.0,7200,3.5,SATA 6.0 Gb/s
western digital gold,394.45,,,,,,Western,Storage,2025,,,,,,,8000.0,7200,3.5,SATA 6.0 Gb/s
intel dc p3600,996.0,,,,,,Intel,Storage,2025,,,,,,,1600.0,SSD,PCIe,PCIe x4
intel pro 5400s,612.1,,,,,,Intel,Storage,2025,,,,,,,1000.0,SSD,2.5,SATA 6.0 Gb/s
sandisk z410,48.45,,,,,,SanDisk,Storage,2025,,,,,,,120.0,SSD,2.5,SATA 6.0 Gb/s
plextor m9pe,448.91,,,,,,Plextor,Storage,2025,,,,,,,512.0,SSD,M.2-2280,M.2 PCIe 3.0 X4
lexar ns200,59.99,,,,,,Lexar,Storage,2025,,,,,,,240.0,SSD,2.5,SATA 6.0 Gb/s
toshiba s300,112.99,,,,,,Toshiba,Storage,2025,,,,,,,4000.0,5400,3.5,SATA 6.0 Gb/s
kingston ssdnow dc500m,229.0,,,,,,Kingston,Storage,2025,,,,,,,960.0,SSD,2.5,SATA 6.0 Gb/s
pioneer aps-se20g-256,49.24,,,,,,Pioneer,Storage,2025,,,,,,,256.0,SSD,M.2-2280,M.2 PCIe 3.0 X4
corsair cssd-f4000gbmp600phx,379.99,,,,,,Corsair,Storage,2025,,,,,,,4000.0,SSD,M.2-2280,M.2 PCIe 4.0 X4
addlink a95,93.44,,,,,,Addlink,Storage,2025,,,,,,,1000.0,SSD,M.2-2280,M.2 PCIe 4.0 X4
hp s700 pro,121.53,,,,,,HP,Storage,2025,,,,,,,512.0,SSD,2.5,SATA 6.0 Gb/s
seagate exos 7e8,99.0,,,,,,Seagate,Storage,2025,,,,,,,1000.0,7200,3.5,SATA 6.0 Gb/s
oyen digital e13s-2242-2048ph,189.0,,,,,,Oyen,Storage,2025,,,,,,,2000.0,SSD,M.2-2242,M.2 PCIe 3.0 X4
transcend 830s,36.76,,,,,,Transcend,Storage,2025,,,,,,,256.0,SSD,M.2-2280,M.2 SATA
lexar play,259.49,,,,,,Lexar,Storage,2025,,,,,,,4000.0,SSD,M.2-2280,M.2 PCIe 4.0 X4
nextorage nem-pab,299.99,,,,,,Nextorage,Storage,2025,,,,,,,4000.0,SSD,M.2-2280,M.2 PCIe 4.0 X4
corsair mp600 core mini,169.99,,,,,,Corsair,Storage,2025,,,,,,,2000.0,SSD,M.2-2230,M.2 PCIe 4.0 X4
micron 2400,147.94,,,,,,Micron,Storage,2025,,,,,,,2000.0,SSD,M.2-2230,M.2 PCIe 4.0 X4
western digital wd red pro,215.99,,,,,,Western,Storage,2025,,,,,,,4000.0,7200,3.5,SATA 6.0 Gb/s
titanium micro pd560,34.99,,,,,,Titanium,Storage,2025,,,,,,,500.0,SSD,2.5,SATA 6.0 Gb/s
seagate exos 7e10 512n,247.34,,,,,,Seagate,Storage,2025,,,,,,,6000.0,7200,3.5,SATA 6.0 Gb/s
intel d3-s4520,544.0,,,,,,Intel,Storage,2025,,,,,,,3840.0,SSD,2.5,SATA 6.0 Gb/s
visiontek dlx4,189.98,,,,,,VisionTek,Storage,2025,,,,,,,2000.0,SSD,M.2-2242,M.2 PCIe 4.0 X4
timetec 35ttqnm2sata,103.99,,,,,,Timetec,Storage,2025,,,,,,,2000.0,SSD,M.2-2280,M.2 SATA
transcend mte255s,77.9,,,,,,Transcend,Storage,2025,,,,,,,1000.0,SSD,M.2-2280,M.2 PCIe 4.0 X4
hitachi huc101212css600,59.0,,,,,,Hitachi,Storage,2025,,,,,,,1200.0,10000,2.5,SAS 6.0 Gb/s
inland performance,244.55,,,,,,Inland,Storage,2025,,,,,,,2000.0,SSD,M.2-2280,M.2 PCIe 4.0 X4
seagate exos 7e8,126.97,,,,,,Seagate,Storage,2025,,,,,,,2000.0,7200,3.5,SATA 6.0 Gb/s
western digital red sa500,72.98,,,,,,Western,Storage,2025,,,,,,,500.0,SSD,M.2-2280,M.2 SATA
seagate exos 7e10 512e/4kn,95.0,,,,,,Seagate,Storage,2025,,,,,,,2000.0,7200,3.5,SATA 6.0 Gb/s
lenovo thinkpad opal,171.0,,,,,,Lenovo,Storage,2025,,,,,,,512.0,SSD,M.2-2242,M.2 PCIe 4.0 X4
seagate momentus lp,49.98,,,,,,Seagate,Storage,2025,,,,,,,1000.0,5400,2.5,SATA 3.0 Gb/s
crucial m500,207.77,,,,,,Crucial,Storage,2025,,,,,,,240.0,SSD,mSATA,mSATA
intel dc p3700,348.0,,,,,,Intel,Storage,2025,,,,,,,800.0,SSD,2.5,U.2
intel dc s3610,377.0,,,,,,Intel,Storage,2025,,,,,,,800.0,SSD,2.5,SATA 6.0 Gb/s
kingston ssdnow kc400,123.8,,,,,,Kingston,Storage,2025,,,,,,,256.0,SSD,2.5,SATA 6.0 Gb/s
seagate skyhawk ai,269.99,,,,,,Seagate,Storage,2025,,,,,,,12000.0,7200,3.5,SATA 6.0 Gb/s
centon mp essential,69.98,,,,,,Centon,Storage,2025,,,,,,,960.0,SSD,2.5,SATA 6.0 Gb/s
toshiba n300,209.99,,,,,,Toshiba,Storage,2025,,,,,,,4000.0,7200,3.5,SATA 6.0 Gb/s
toshiba s300 pro,279.75,,,,,,Toshiba,Storage,2025,,,,,,,8000.0,7200,3.5,SATA 6.0 Gb/s
intel d3-s4610,307.75,,,,,,Intel,Storage,2025,,,,,,,1920.0,SSD,2.5,SATA 6.0 Gb/s
seagate game drive,420.0,,,,,,Seagate,Storage,2025,,,,,,,2000.0,SSD,M.2-2280,M.2 PCIe 4.0 X4
titanium micro th7175,93.99,,,,,,Titanium,Storage,2025,,,,,,,1000.0,SSD,M.2-2280,M.2 PCIe 4.0 X4
seagate firecuda 520n,107.76,,,,,,Seagate,Storage,2025,,,,,,,1000.0,SSD,M.2-2230,M.2 PCIe 4.0 X4
pny cs3150,169.99,,,,,,PNY,Storage,2025,,,,,,,1000.0,SSD,M.2-2280,M.2 PCIe 5.0 X4
owc aura pro iv,179.99,,,,,,OWC,Storage,2025,,,,,,,2000.0,SSD,M.2-2280,M.2 PCIe 4.0 X4
western digital re3,50.7,,,,,,Western,Storage,2025,,,,,,,500.0,7200,3.5,SATA 3.0 Gb/s
western digital av-gp,43.87,,,,,,Western,Storage,2025,,,,,,,250.0,5400,3.5,SATA 3.0 Gb/s
samsung spinpoint mp4,31.49,,,,,,Samsung,Storage,2025,,,,,,,250.0,7200,2.5,SATA 3.0 Gb/s
seagate momentus,270.0,,,,,,Seagate,Storage,2025,,,,,,,640.0,5400,2.5,SATA 3.0 Gb/s
seagate momentu,41.99,,,,,,Seagate,Storage,2025,,,,,,,500.0,7200,2.5,SATA 3.0 Gb/s
seagate barracuda green,245.0,,,,,,Seagate,Storage,2025,,,,,,,1500.0,5900,3.5,SATA 6.0 Gb/s
hitachi travelstar 5k500.b,62.7,,,,,,Hitachi,Storage,2025,,,,,,,160.0,5400,2.5,SATA 3.0 Gb/s
hitachi travelstar 7k500,81.03,,,,,,Hitachi,Storage,2025,,,,,,,320.0,7200,2.5,SATA 3.0 Gb/s
western digital scorpio black,80.0,,,,,,Western,Storage,2025,,,,,,,500.0,7200,2.5,SATA 3.0 Gb/s
seagate constellation.2,49.0,,,,,,Seagate,Storage,2025,,,,,,,250.0,7200,2.5,SATA 6.0 Gb/s
western digital caviar green,149.94,,,,,,Western,Storage,2025,,,,,,,3000.0,5400,3.5,SATA 3.0 Gb/s
sandisk extreme,159.99,,,,,,SanDisk,Storage,2025,,,,,,,120.0,SSD,2.5,SATA 6.0 Gb/s
kingston hyperx 3k,199.99,,,,,,Kingston,Storage,2025,,,,,,,120.0,SSD,2.5,SATA 6.0 Gb/s
kingston ssdnow kc100,272.72,,,,,,Kingston,Storage,2025,,,,,,,240.0,SSD,2.5,SATA 6.0 Gb/s
seagate barracuda,71.3,,,,,,Seagate,Storage,2025,,,,,,,250.0,7200,3.5,SATA 3.0 Gb/s
western digital blue,129.32,,,,,,Western,Storage,2025,,,,,,,750.0,5400,2.5,SATA 6.0 Gb/s
seagate 600,110.58,,,,,,Seagate,Storage,2025,,,,,,,120.0,SSD,2.5,SATA 6.0 Gb/s
lenovo 0a89478,142.6,,,,,,Lenovo,Storage,2025,,,,,,,3000.0,7200,3.5,SATA 6.0 Gb/s
seagate st500lt032,55.77,,,,,,Seagate,Storage,2025,,,,,,,500.0,5400,2.5,SATA 6.0 Gb/s
kingston ssdnow v300,279.99,,,,,,Kingston,Storage,2025,,,,,,,480.0,SSD,2.5,SATA 6.0 Gb/s
visiontek godrive,48.73,,,,,,VisionTek,Storage,2025,,,,,,,480.0,SSD,2.5,SATA 6.0 Gb/s
transcend mts400,91.33,,,,,,Transcend,Storage,2025,,,,,,,128.0,SSD,M.2-2242,M.2 SATA
intel 530,73.5,,,,,,Intel,Storage,2025,,,,,,,80.0,SSD,M.2-2280,M.2 SATA
seagate st320lm010,78.98,,,,,,Seagate,Storage,2025,,,,,,,320.0,7200,2.5,SATA 6.0 Gb/s
silicon power s60 3k p/e,79.98,,,,,,Silicon,Storage,2025,,,,,,,240.0,SSD,2.5,SATA 6.0 Gb/s
western digital wdbh2d5000enc-nrsn,35.0,,,,,,Western,Storage,2025,,,,,,,500.0,7200,3.5,SATA 3.0 Gb/s
seagate st6000nm0104,185.0,,,,,,Seagate,Storage,2025,,,,,,,6000.0,7200,3.5,SATA 6.0 Gb/s
intel ssdsc2bb800g601,349.19,,,,,,Intel,Storage,2025,,,,,,,800.0,SSD,2.5,SATA 6.0 Gb/s
adata xpg sx930,253.41,,,,,,ADATA,Storage,2025,,,,,,,120.0,SSD,2.5,SATA 6.0 Gb/s
transcend ts256gssd370s,110.66,,,,,,Transcend,Storage,2025,,,,,,,256.0,SSD,2.5,SATA 6.0 Gb/s
transcend ts512gssd370s,213.11,,,,,,Transcend,Storage,2025,,,,,,,512.0,SSD,2.5,SATA 6.0 Gb/s
western digital purple,288.97,,,,,,Western,Storage,2025,,,,,,,8000.0,5400,3.5,SATA 6.0 Gb/s
seagate barracuda,254.81,,,,,,Seagate,Storage,2025,,,,,,,1000.0,7200,3.5,SATA 6.0 Gb/s
western digital purple,140.0,,,,,,Western,Storage,2025,,,,,,,6000.0,5400,3.5,SATA 6.0 Gb/s
plextor m9pe,402.68,,,,,,Plextor,Storage,2025,,,,,,,1000.0,SSD,M.2-2280,M.2 PCIe 3.0 X4
seagate nytro enterprise,1286.01,,,,,,Seagate,Storage,2025,,,,,,,3200.0,SSD,2.5,SAS 12.0 Gb/s
toshiba md04aca600,453.27,,,,,,Toshiba,Storage,2025,,,,,,,6000.0,7200,3.5,SATA 6.0 Gb/s
sony optiarc,55.99,,,,,,Sony,Storage,2025,,,,,,,480.0,SSD,2.5,SATA 6.0 Gb/s
seagate exos enterprise,197.99,,,,,,Seagate,Storage,2025,,,,,,,2000.0,7200,3.5,SATA 6.0 Gb/s
mushkin raw,79.98,,,,,,Mushkin,Storage,2025,,,,,,,500.0,SSD,2.5,SATA 6.0 Gb/s
intel dc s3520,270.39,,,,,,Intel,Storage,2025,,,,,,,480.0,SSD,2.5,SATA 6.0 Gb/s
western digital ultrastar dc hc550,494.89,,,,,,Western,Storage,2025,,,,,,,18000.0,7200,3.5,SAS 12.0 Gb/s
kioxia exceria plus,522.99,,,,,,KIOXIA,Storage,2025,,,,,,,2000.0,SSD,M.2-2280,M.2 PCIe 3.0 X4
pny cs2130,499.99,,,,,,PNY,Storage,2025,,,,,,,4000.0,SSD,M.2-2280,M.2 PCIe 3.0 X4
hp s700 pro,88.78,,,,,,HP,Storage,2025,,,,,,,256.0,SSD,2.5,SATA 6.0 Gb/s
mushkin source hc,612.85,,,,,,Mushkin,Storage,2025,,,,,,,4000.0,SSD,2.5,SATA 6.0 Gb/s
fantom drives venom8 ps5,199.95,,,,,,Fantom,Storage,2025,,,,,,,1000.0,SSD,M.2-2280,M.2 PCIe 4.0 X4
fantom drives venom8 ps5,194.65,,,,,,Fantom,Storage,2025,,,,,,,2000.0,SSD,M.2-2280,M.2 PCIe 4.0 X4
fantom drives venom8 ps5,376.65,,,,,,Fantom,Storage,2025,,,,,,,4000.0,SSD,M.2-2280,M.2 PCIe 4.0 X4
visiontek dlx3,209.22,,,,,,VisionTek,Storage,2025,,,,,,,2000.0,SSD,M.2-2280,M.2 PCIe 3.0 X4
inland tn325,64.98,,,,,,Inland,Storage,2025,,,,,,,512.0,SSD,M.2-2242,M.2 PCIe 3.0 X4
titanium micro th7175,149.99,,,,,,Titanium,Storage,2025,,,,,,,2000.0,SSD,M.2-2280,M.2 PCIe 4.0 X4
titanium micro th7175,285.99,,,,,,Titanium,Storage,2025,,,,,,,4000.0,SSD,M.2-2280,M.2 PCIe 4.0 X4
transcend mte245s,131.9,,,,,,Transcend,Storage,2025,,,,,,,2000.0,SSD,M.2-2280,M.2 PCIe 4.0 X4
transcend ssd230s,179.99,,,,,,Transcend,Storage,2025,,,,,,,2000.0,SSD,2.5,SATA 6.0 Gb/s
fanxiang s900,179.99,,,,,,FanXiang,Storage,2025,,,,,,,1000.0,SSD,M.2-2280,M.2 PCIe 5.0 X4
kingspec xf,42.99,,,,,,KingSpec,Storage,2025,,,,,,,512.0,SSD,M.2-2230,M.2 PCIe 4.0 X4
seagate firecuda 520n,159.99,,,,,,Seagate,Storage,2025,,,,,,,2000.0,SSD,M.2-2230,M.2 PCIe 4.0 X4
seagate exos x24,380.63,,,,,,Seagate,Storage,2025,,,,,,,16000.0,7200,3.5,SAS 12.0 Gb/s
kioxia bg5 sed,44.99,,,,,,KIOXIA,Storage,2025,,,,,,,256.0,SSD,M.2-2230,M.2 PCIe 4.0 X4
pny cs2342,169.99,,,,,,PNY,Storage,2025,,,,,,,2000.0,SSD,M.2-2230,M.2 PCIe 4.0 X4
western digital red sa500,174.46,,,,,,Western,Storage,2025,,,,,,,2000.0,SSD,M.2-2280,M.2 SATA
pny cs2342,84.99,,,,,,PNY,Storage,2025,,,,,,,1000.0,SSD,M.2-2230,M.2 PCIe 4.0 X4
transcend mte255s,128.15,,,,,,Transcend,Storage,2025,,,,,,,2000.0,SSD,M.2-2280,M.2 PCIe 4.0 X4
toshiba n300,284.99,,,,,,Toshiba,Storage,2025,,,,,,,14000.0,7200,3.5,SATA 6.0 Gb/s
seagate st4000nm0034,114.0,,,,,,Seagate,Storage,2025,,,,,,,4000.0,7200,3.5,SAS 12.0 Gb/s
seagate momentus 5400.3,59.0,,,,,,Seagate,Storage,2025,,,,,,,80.0,5400,2.5,PATA 44-Pin 100
transcend 250h,83.12,,,,,,Transcend,Storage,2025,,,,,,,1000.0,SSD,M.2-2280,M.2 PCIe 4.0 X4
inland 1tb td510 nvme,139.99,,,,,,Inland,Storage,2025,,,,,,,1000.0,SSD,M.2-2280,M.2 PCIe 5.0 X4
lenovo s4520,510.88,,,,,,Lenovo,Storage,2025,,,,,,,960.0,SSD,3.5,SATA 6.0 Gb/s
addlink d60,139.44,,,,,,Addlink,Storage,2025,,,,,,,960.0,SSD,M.2-2280,M.2 PCIe 4.0 X4
intel 320,253.5,,,,,,Intel,Storage,2025,,,,,,,120.0,SSD,2.5,SATA 3.0 Gb/s
hitachi deskstar 5k3000,123.99,,,,,,Hitachi,Storage,2025,,,,,,,3000.0,5400,3.5,SATA 6.0 Gb/s
seagate constellation product series:es.3,198.0,,,,,,Seagate,Storage,2025,,,,,,,4000.0,7200,3.5,SAS 6.0 Gb/s
intel ssdmceaw120a401,60.0,,,,,,Intel,Storage,2025,,,,,,,120.0,SSD,mSATA,mSATA
toshiba x300,335.0,,,,,,Toshiba,Storage,2025,,,,,,,10000.0,7200,3.5,SATA 6.0 Gb/s
lenovo 5300,801.0,,,,,,Lenovo,Storage,2025,,,,,,,480.0,SSD,2.5,SATA 6.0 Gb/s
visiontek dlx4 pro,71.59,,,,,,VisionTek,Storage,2025,,,,,,,512.0,SSD,M.2-2280,M.2 PCIe 4.0 X4
micron 5210 ion,355.0,,,,,,Micron,Storage,2025,,,,,,,1920.0,SSD,2.5,SATA 6.0 Gb/s
transcend mte410s,71.28,,,,,,Transcend,Storage,2025,,,,,,,512.0,SSD,M.2-2242,M.2 PCIe 4.0 X4
western digital velociraptor,96.9,,,,,,Western,Storage,2025,,,,,,,600.0,10000,2.5,SATA 6.0 Gb/s
western digital re2-gp,55.37,,,,,,Western,Storage,2025,,,,,,,1000.0,7200,3.5,SATA 3.0 Gb/s
western digital scorpio black,53.45,,,,,,Western,Storage,2025,,,,,,,250.0,7200,2.5,SATA 3.0 Gb/s
western digital scorpio blue,152.03,,,,,,Western,Storage,2025,,,,,,,640.0,5400,2.5,SATA 3.0 Gb/s
intel x25-m,300.0,,,,,,Intel,Storage,2025,,,,,,,160.0,SSD,2.5,SATA 3.0 Gb/s
kingston ssdnow v+100,159.99,,,,,,Kingston,Storage,2025,,,,,,,128.0,SSD,2.5,SATA 3.0 Gb/s
seagate momentus 5400.6,126.0,,,,,,Seagate,Storage,2025,,,,,,,160.0,5400,2.5,SATA 3.0 Gb/s
hitachi 0y30055,70.09,,,,,,Hitachi,Storage,2025,,,,,,,500.0,5400,2.5,SATA 3.0 Gb/s
hitachi travelstar 7k500,84.1,,,,,,Hitachi,Storage,2025,,,,,,,500.0,7200,2.5,SATA 3.0 Gb/s
seagate momentus thin,29.0,,,,,,Seagate,Storage,2025,,,,,,,320.0,7200,2.5,SATA 3.0 Gb/s
sandisk extreme,299.99,,,,,,SanDisk,Storage,2025,,,,,,,480.0,SSD,2.5,SATA 6.0 Gb/s
western digital scorpio blue,124.98,,,,,,Western,Storage,2025,,,,,,,250.0,5400,2.5,SATA 3.0 Gb/s
kingston ssdnow v+200,159.99,,,,,,Kingston,Storage,2025,,,,,,,120.0,SSD,2.5,SATA 6.0 Gb/s
toshiba ph3300u-1i72,159.0,,,,,,Toshiba,Storage,2025,,,,,,,3000.0,7200,3.5,SATA 6.0 Gb/s
adata xpg sx910,642.64,,,,,,ADATA,Storage,2025,,,,,,,512.0,SSD,2.5,SATA 6.0 Gb/s
intel dc s3700,199.0,,,,,,Intel,Storage,2025,,,,,,,100.0,SSD,2.5,SATA 6.0 Gb/s
western digital se,149.0,,,,,,Western,Storage,2025,,,,,,,4000.0,7200,3.5,SATA 6.0 Gb/s
western digital blue,91.75,,,,,,Western,Storage,2025,,,,,,,250.0,5400,2.5,SATA 6.0 Gb/s
lenovo thinkpad,99.0,,,,,,Lenovo,Storage,2025,,,,,,,500.0,7200,2.5,SATA 3.0 Gb/s
kingston kc300,199.99,,,,,,Kingston,Storage,2025,,,,,,,240.0,SSD,2.5,SATA 6.0 Gb/s
kingston kc300,309.99,,,,,,Kingston,Storage,2025,,,,,,,480.0,SSD,2.5,SATA 6.0 Gb/s
crucial m500,487.77,,,,,,Crucial,Storage,2025,,,,,,,480.0,SSD,mSATA,mSATA
ibm 90y8572,405.18,,,,,,IBM,Storage,2025,,,,,,,2000.0,7200,3.5,SAS 6.0 Gb/s
crucial m550,377.77,,,,,,Crucial,Storage,2025,,,,,,,128.0,SSD,mSATA,mSATA
samsung sm843tn,299.95,,,,,,Samsung,Storage,2025,,,,,,,480.0,SSD,2.5,SATA 6.0 Gb/s
hp value endurance sff,218.99,,,,,,HP,Storage,2025,,,,,,,240.0,SSD,2.5,SATA 6.0 Gb/s
kingston ssdnow v310,300.0,,,,,,Kingston,Storage,2025,,,,,,,960.0,SSD,2.5,SATA 6.0 Gb/s
transcend mts800,145.97,,,,,,Transcend,Storage,2025,,,,,,,256.0,SSD,M.2-2280,M.2 SATA
seagate savvio 15k.3,151.44,,,,,,Seagate,Storage,2025,,,,,,,300.0,15000,2.5,SAS 6.0 Gb/s
pny prevail,615.09,,,,,,PNY,Storage,2025,,,,,,,240.0,SSD,2.5,SATA 6.0 Gb/s
silicon power s60 3k p/e,84.91,,,,,,Silicon,Storage,2025,,,,,,,120.0,SSD,2.5,SATA 6.0 Gb/s
intel dc s3710,211.0,,,,,,Intel,Storage,2025,,,,,,,200.0,SSD,2.5,SATA 6.0 Gb/s
intel dc s3710,234.83,,,,,,Intel,Storage,2025,,,,,,,400.0,SSD,2.5,SATA 6.0 Gb/s
intel dc s3710,206.42,,,,,,Intel,Storage,2025,,,,,,,800.0,SSD,2.5,SATA 6.0 Gb/s
pny cs1111,149.0,,,,,,PNY,Storage,2025,,,,,,,240.0,SSD,2.5,SATA 6.0 Gb/s
intel 535,245.0,,,,,,Intel,Storage,2025,,,,,,,240.0,SSD,2.5,SATA 6.0 Gb/s
dell k054n,86.11,,,,,,Dell,Storage,2025,,,,,,,600.0,10000,3.5,SAS 6.0 Gb/s
intel 535,78.7,,,,,,Intel,Storage,2025,,,,,,,240.0,SSD,2.5,SATA 6.0 Gb/s
mushkin atlas vital,107.37,,,,,,Mushkin,Storage,2025,,,,,,,250.0,SSD,M.2-2280,M.2 SATA
seagate enterprise nas,248.59,,,,,,Seagate,Storage,2025,,,,,,,4000.0,7200,3.5,SATA 6.0 Gb/s
seagate enterprise nas,379.0,,,,,,Seagate,Storage,2025,,,,,,,6000.0,7200,3.5,SATA 6.0 Gb/s
seagate ironwolf,228.0,,,,,,Seagate,Storage,2025,,,,,,,6000.0,7200,3.5,SATA 6.0 Gb/s
sandisk z410,170.9,,,,,,SanDisk,Storage,2025,,,,,,,480.0,SSD,2.5,SATA 6.0 Gb/s
toshiba n300,329.99,,,,,,Toshiba,Storage,2025,,,,,,,10000.0,7200,3.5,SATA 6.0 Gb/s
seagate enterprise capacity,63.0,,,,,,Seagate,Storage,2025,,,,,,,1000.0,7200,2.5,SATA 6.0 Gb/s
seagate enterprise performance,211.99,,,,,,Seagate,Storage,2025,,,,,,,1200.0,10000,3.5,SAS 12.0 Gb/s
seagate nytro enterprise,575.0,,,,,,Seagate,Storage,2025,,,,,,,960.0,SSD,2.5,SATA 6.0 Gb/s
toshiba n300,379.99,,,,,,Toshiba,Storage,2025,,,,,,,12000.0,7200,3.5,SATA 6.0 Gb/s
seagate enterprise performance,125.25,,,,,,Seagate,Storage,2025,,,,,,,300.0,15000,2.5,SAS 12.0 Gb/s
lexar ns200,99.99,,,,,,Lexar,Storage,2025,,,,,,,480.0,SSD,2.5,SATA 6.0 Gb/s
toshiba s300 pro,217.95,,,,,,Toshiba,Storage,2025,,,,,,,6000.0,7200,3.5,SATA 6.0 Gb/s
mushkin source,299.39,,,,,,Mushkin,Storage,2025,,,,,,,2000.0,SSD,2.5,SATA 6.0 Gb/s
seagate barracuda compute,99.99,,,,,,Seagate,Storage,2025,,,,,,,512.0,SSD,M.2-2280,M.2 PCIe 3.0 X4
western digital purple,55.0,,,,,,Western,Storage,2025,,,,,,,500.0,5400,3.5,SATA 6.0 Gb/s
western digital purple,259.0,,,,,,Western,Storage,2025,,,,,,,10000.0,7200,3.5,SATA 6.0 Gb/s
toshiba mg05aca800e,519.92,,,,,,Toshiba,Storage,2025,,,,,,,8000.0,7200,3.5,SATA 6.0 Gb/s
hitachi ultrastar he10,325.0,,,,,,Hitachi,Storage,2025,,,,,,,8000.0,7200,3.5,SATA 6.0 Gb/s
sony optiarc,32.99,,,,,,Sony,Storage,2025,,,,,,,240.0,SSD,2.5,SATA 6.0 Gb/s
intel d3-s4510,96.0,,,,,,Intel,Storage,2025,,,,,,,240.0,SSD,2.5,SATA 6.0 Gb/s
intel dc s3500,133.0,,,,,,Intel,Storage,2025,,,,,,,240.0,SSD,2.5,SATA 6.0 Gb/s
intel dc s3710,460.13,,,,,,Intel,Storage,2025,,,,,,,800.0,SSD,2.5,SATA 6.0 Gb/s
intel dc s3110,67.16,,,,,,Intel,Storage,2025,,,,,,,256.0,SSD,M.2-2280,M.2 SATA
pioneer aps-se20g-512,86.83,,,,,,Pioneer,Storage,2025,,,,,,,512.0,SSD,M.2-2280,M.2 PCIe 3.0 X4
western digital purple,257.89,,,,,,Western,Storage,2025,,,,,,,10000.0,7200,3.5,SATA 6.0 Gb/s
kingston kc600b,124.87,,,,,,Kingston,Storage,2025,,,,,,,512.0,SSD,2.5,SATA 6.0 Gb/s
visiontek pro hxs,84.99,,,,,,VisionTek,Storage,2025,,,,,,,250.0,SSD,2.5,SATA 6.0 Gb/s
visiontek pro hxs,153.49,,,,,,VisionTek,Storage,2025,,,,,,,1000.0,SSD,2.5,SATA 6.0 Gb/s
western digital ultrastar,92.0,,,,,,Western,Storage,2025,,,,,,,240.0,SSD,2.5,SATA 6.0 Gb/s
angelbird av pro mk3,399.99,,,,,,Angelbird,Storage,2025,,,,,,,1000.0,SSD,2.5,SATA 6.0 Gb/s
visiontek pro,101.08,,,,,,VisionTek,Storage,2025,,,,,,,500.0,SSD,2.5,SATA 6.0 Gb/s
visiontek pro,279.99,,,,,,VisionTek,Storage,2025,,,,,,,2000.0,SSD,2.5,SATA 6.0 Gb/s
toshiba n300,444.36,,,,,,Toshiba,Storage,2025,,,,,,,14000.0,7200,3.5,SATA 6.0 Gb/s
toshiba mg06aca600e,270.47,,,,,,Toshiba,Storage,2025,,,,,,,6000.0,7200,3.5,SATA 6.0 Gb/s
toshiba mg08ada600e,200.0,,,,,,Toshiba,Storage,2025,,,,,,,6000.0,7200,3.5,SATA 6.0 Gb/s
intel d3-s4520,282.0,,,,,,Intel,Storage,2025,,,,,,,1920.0,SSD,2.5,SATA 6.0 Gb/s
intel d3-s4620,274.14,,,,,,Intel,Storage,2025,,,,,,,960.0,SSD,2.5,SATA 6.0 Gb/s
intel d3-s4620,211.0,,,,,,Intel,Storage,2025,,,,,,,480.0,SSD,2.5,SATA 6.0 Gb/s
intel d3-s4520,199.99,,,,,,Intel,Storage,2025,,,,,,,480.0,SSD,M.2-2280,M.2 SATA
mushkin element,309.05,,,,,,Mushkin,Storage,2025,,,,,,,2000.0,SSD,2.5,SATA 6.0 Gb/s
visiontek dlx3,114.99,,,,,,VisionTek,Storage,2025,,,,,,,1000.0,SSD,M.2-2280,M.2 PCIe 3.0 X4
oyen digital dash pro w/heat sink,349.9,,,,,,Oyen,Storage,2025,,,,,,,4000.0,SSD,M.2-2280,M.2 PCIe 4.0 X4
visiontek dlx4 pro,448.31,,,,,,VisionTek,Storage,2025,,,,,,,4000.0,SSD,M.2-2280,M.2 PCIe 4.0 X4
visiontek dlx4,66.98,,,,,,VisionTek,Storage,2025,,,,,,,512.0,SSD,M.2-2280,M.2 PCIe 4.0 X4
transcend 830s,79.99,,,,,,Transcend,Storage,2025,,,,,,,1000.0,SSD,M.2-2280,M.2 SATA
owc aura pro iv,98.99,,,,,,OWC,Storage,2025,,,,,,,1000.0,SSD,M.2-2280,M.2 PCIe 4.0 X4
owc aura ultra iv,129.99,,,,,,OWC,Storage,2025,,,,,,,1000.0,SSD,M.2-2280,M.2 PCIe 4.0 X4
agi ai828,87.99,,,,,,AGI,Storage,2025,,,,,,,1000.0,SSD,M.2-2280,M.2 PCIe 4.0 X4
orico d10,27.99,,,,,,Orico,Storage,2025,,,,,,,256.0,SSD,M.2-2230,M.2 PCIe 3.0 X4
seagate exos x24,449.99,,,,,,Seagate,Storage,2025,,,,,,,20000.0,7200,3.5,SAS 12.0 Gb/s
seagate st2000nx0273,135.13,,,,,,Seagate,Storage,2025,,,,,,,2000.0,7200,2.5,SAS 12.0 Gb/s
inland tn436,76.98,,,,,,Inland,Storage,2025,,,,,,,1000.0,SSD,M.2-2230,M.2 PCIe 4.0 X4
samsung spinpoint m5,29.0,,,,,,Samsung,Storage,2025,,,,,,,160.0,5400,2.5,PATA 44-Pin 100
seagate constellation es.3,168.87,,,,,,Seagate,Storage,2025,,,,,,,1000.0,7200,3.5,SAS 6.0 Gb/s
intel 530,136.5,,,,,,Intel,Storage,2025,,,,,,,240.0,SSD,mSATA,mSATA
intel dc s4600,290.77,,,,,,Intel,Storage,2025,,,,,,,1900.0,SSD,2.5,SATA 6.0 Gb/s
transcend 220s,157.76,,,,,,Transcend,Storage,2025,,,,,,,2000.0,SSD,M.2-2280,M.2 PCIe 3.0 X4
visiontek dlx4,107.34,,,,,,VisionTek,Storage,2025,,,,,,,1000.0,SSD,M.2-2242,M.2 PCIe 4.0 X4
transcend 830s,169.0,,,,,,Transcend,Storage,2025,,,,,,,2000.0,SSD,M.2-2280,M.2 SATA
intel x25-m,396.86,,,,,,Intel,Storage,2025,,,,,,,160.0,SSD,2.5,SATA 3.0 Gb/s
verbatim verbatim sata ii,93.15,,,,,,Verbatim,Storage,2025,,,,,,,64.0,SSD,2.5,SATA 3.0 Gb/s
seagate constellation es,141.32,,,,,,Seagate,Storage,2025,,,,,,,500.0,7200,3.5,SAS 6.0 Gb/s
seagate 1200 ssd,225.0,,,,,,Seagate,Storage,2025,,,,,,,200.0,SSD,2.5,SAS 12.0 Gb/s
seagate enterprise,163.5,,,,,,Seagate,Storage,2025,,,,,,,6000.0,7200,3.5,SAS 12.0 Gb/s
seagate st3146356ss-im,68.0,,,,,,Seagate,Storage,2025,,,,,,,146.0,15000,3.5,SAS 3.0 Gb/s
seagate momentus 7200.4,29.99,,,,,,Seagate,Storage,2025,,,,,,,160.0,7200,2.5,SATA 3.0 Gb/s
seagate enterprise capacity,265.0,,,,,,Seagate,Storage,2025,,,,,,,4000.0,7200,3.5,SAS 12.0 Gb/s
seagate enterprise capacity,199.0,,,,,,Seagate,Storage,2025,,,,,,,6000.0,7200,3.5,SAS 12.0 Gb/s
toshiba n300,406.39,,,,,,Toshiba,Storage,2025,,,,,,,14000.0,7200,3.5,SATA 6.0 Gb/s
toshiba s300 pro,279.95,,,,,,Toshiba,Storage,2025,,,,,,,10000.0,7200,3.5,SATA 6.0 Gb/s
western digital ultrastar dc hc550,376.0,,,,,,Western,Storage,2025,,,,,,,16000.0,7200,3.5,SAS 12.0 Gb/s
toshiba n300,630.79,,,,,,Toshiba,Storage,2025,,,,,,,6000.0,7200,3.5,SATA 6.0 Gb/s
visiontek dlx3,39.93,,,,,,VisionTek,Storage,2025,,,,,,,256.0,SSD,M.2-2280,M.2 PCIe 3.0 X4
visiontek dlx4,224.99,,,,,,VisionTek,Storage,2025,,,,,,,2000.0,SSD,M.2-2230,M.2 PCIe 4.0 X4
transcend mte410s,99.9,,,,,,Transcend,Storage,2025,,,,,,,1000.0,SSD,M.2-2242,M.2 PCIe 4.0 X4
agi ai828,146.99,,,,,,AGI,Storage,2025,,,,,,,2000.0,SSD,M.2-2280,M.2 PCIe 4.0 X4
western digital re2,97.95,,,,,,Western,Storage,2025,,,,,,,750.0,7200,3.5,SATA 3.0 Gb/s
western digital re2-gp,149.94,,,,,,Western,Storage,2025,,,,,,,750.0,7200,3.5,SATA 3.0 Gb/s
western digital caviar green,148.94,,,,,,Western,Storage,2025,,,,,,,750.0,5400,3.5,SATA 3.0 Gb/s
western digital av,71.63,,,,,,Western,Storage,2025,,,,,,,160.0,7200,3.5,SATA 3.0 Gb/s
western digital av-25,56.88,,,,,,Western,Storage,2025,,,,,,,320.0,5400,2.5,SATA 3.0 Gb/s
intel x25-m,300.0,,,,,,Intel,Storage,2025,,,,,,,160.0,SSD,2.5,SATA 3.0 Gb/s
ocz agility 2,149.94,,,,,,OCZ,Storage,2025,,,,,,,60.0,SSD,2.5,SATA 3.0 Gb/s
seagate barracuda es.2,111.5,,,,,,Seagate,Storage,2025,,,,,,,750.0,7200,3.5,SATA 3.0 Gb/s
intel x25-m,179.95,,,,,,Intel,Storage,2025,,,,,,,160.0,SSD,2.5,SATA 3.0 Gb/s
hitachi a7k2000,98.95,,,,,,Hitachi,Storage,2025,,,,,,,1000.0,7200,3.5,SATA 3.0 Gb/s
seagate constellation es,78.98,,,,,,Seagate,Storage,2025,,,,,,,500.0,7200,3.5,SATA 3.0 Gb/s
western digital caviar green,99.95,,,,,,Western,Storage,2025,,,,,,,750.0,5400,3.5,SATA 3.0 Gb/s
seagate constellation,151.44,,,,,,Seagate,Storage,2025,,,,,,,160.0,7200,2.5,SATA 3.0 Gb/s
seagate momentus 7200.4,55.0,,,,,,Seagate,Storage,2025,,,,,,,320.0,7200,2.5,SATA 3.0 Gb/s
hitachi travelstar 5k500.b,56.96,,,,,,Hitachi,Storage,2025,,,,,,,320.0,5400,2.5,SATA 3.0 Gb/s
adata s511,304.7,,,,,,ADATA,Storage,2025,,,,,,,240.0,SSD,2.5,SATA 6.0 Gb/s
western digital av-gp,144.99,,,,,,Western,Storage,2025,,,,,,,3000.0,5400,3.5,SATA 3.0 Gb/s
verbatim verbatim sata ii,134.4,,,,,,Verbatim,Storage,2025,,,,,,,128.0,SSD,2.5,SATA 3.0 Gb/s
seagate momentus 5400.6,75.05,,,,,,Seagate,Storage,2025,,,,,,,500.0,5400,2.5,SATA 3.0 Gb/s
seagate momentus xt,93.0,,,,,,Seagate,Storage,2025,,,,,,,750.0,7200,2.5,SATA 6.0 Gb/s
seagate constellation es.2,262.58,,,,,,Seagate,Storage,2025,,,,,,,2000.0,7200,3.5,SATA 6.0 Gb/s
western digital av-25,95.0,,,,,,Western,Storage,2025,,,,,,,250.0,5400,2.5,SATA 3.0 Gb/s
intel 335,189.0,,,,,,Intel,Storage,2025,,,,,,,240.0,SSD,2.5,SATA 6.0 Gb/s
pny xlr8 pro,112.59,,,,,,PNY,Storage,2025,,,,,,,120.0,SSD,2.5,SATA 6.0 Gb/s
intel dc s3700,417.0,,,,,,Intel,Storage,2025,,,,,,,200.0,SSD,2.5,SATA 6.0 Gb/s
pny performance,106.61,,,,,,PNY,Storage,2025,,,,,,,60.0,SSD,2.5,SATA 3.0 Gb/s
crucial m4,277.77,,,,,,Crucial,Storage,2025,,,,,,,256.0,SSD,mSATA,mSATA
crucial m4,257.77,,,,,,Crucial,Storage,2025,,,,,,,128.0,SSD,mSATA,mSATA
seagate constellation es.3,178.98,,,,,,Seagate,Storage,2025,,,,,,,4000.0,7200,3.5,SAS 6.0 Gb/s
seagate constellation es.3,124.0,,,,,,Seagate,Storage,2025,,,,,,,3000.0,7200,3.5,SAS 6.0 Gb/s
intel dc s3500,142.0,,,,,,Intel,Storage,2025,,,,,,,160.0,SSD,2.5,SATA 6.0 Gb/s
hitachi ultrastar c10k900,55.0,,,,,,Hitachi,Storage,2025,,,,,,,900.0,10000,2.5,SAS 6.0 Gb/s
intel dc s3500,116.99,,,,,,Intel,Storage,2025,,,,,,,120.0,SSD,2.5,SATA 6.0 Gb/s
seagate savvio 10k.5,420.15,,,,,,Seagate,Storage,2025,,,,,,,600.0,10000,2.5,SAS 6.0 Gb/s
ocz vertex 450 series 128,249.95,,,,,,OCZ,Storage,2025,,,,,,,128.0,SSD,2.5,SATA 6.0 Gb/s
seagate constellation es,86.75,,,,,,Seagate,Storage,2025,,,,,,,2000.0,7200,3.5,SAS 6.0 Gb/s
seagate constellation es.2,124.0,,,,,,Seagate,Storage,2025,,,,,,,3000.0,7200,3.5,SAS 6.0 Gb/s
transcend 720 msata,173.46,,,,,,Transcend,Storage,2025,,,,,,,128.0,SSD,mSATA,mSATA
toshiba mkx001grzb,385.0,,,,,,Toshiba,Storage,2025,,,,,,,100.0,SSD,2.5,SAS 6.0 Gb/s
intel 530,149.0,,,,,,Intel,Storage,2025,,,,,,,180.0,SSD,2.5,SATA 6.0 Gb/s
ocz vector 150,380.0,,,,,,OCZ,Storage,2025,,,,,,,240.0,SSD,2.5,SATA 6.0 Gb/s
toshiba q series pro,293.66,,,,,,Toshiba,Storage,2025,,,,,,,256.0,SSD,2.5,SATA 6.0 Gb/s
hitachi 0f18335,246.95,,,,,,Hitachi,Storage,2025,,,,,,,6000.0,7200,3.5,SATA 6.0 Gb/s
toshiba al13seb600,40.71,,,,,,Toshiba,Storage,2025,,,,,,,600.0,10500,2.5,SAS 6.0 Gb/s
seagate 600 pro,199.0,,,,,,Seagate,Storage,2025,,,,,,,240.0,SSD,2.5,SATA 6.0 Gb/s
ocz vertex 460,200.0,,,,,,OCZ,Storage,2025,,,,,,,120.0,SSD,2.5,SATA 6.0 Gb/s
plextor m6m,527.77,,,,,,Plextor,Storage,2025,,,,,,,512.0,SSD,mSATA,mSATA
transcend mts400,152.74,,,,,,Transcend,Storage,2025,,,,,,,256.0,SSD,M.2-2242,M.2 SATA
seagate st2000nm0054,125.0,,,,,,Seagate,Storage,2025,,,,,,,2000.0,7200,3.5,SAS 12.0 Gb/s
transcend mts800,281.44,,,,,,Transcend,Storage,2025,,,,,,,512.0,SSD,M.2-2280,M.2 SATA
seagate st2000nm0024,237.0,,,,,,Seagate,Storage,2025,,,,,,,2000.0,7200,3.5,SATA 6.0 Gb/s
hitachi travelstar z7k500,150.0,,,,,,Hitachi,Storage,2025,,,,,,,500.0,7200,2.5,SATA 6.0 Gb/s
hitachi ultrastar c10k1200,83.99,,,,,,Hitachi,Storage,2025,,,,,,,1200.0,10000,2.5,SAS 6.0 Gb/s
seagate st500lm020,99.0,,,,,,Seagate,Storage,2025,,,,,,,500.0,,2.5,SATA 6.0 Gb/s
intel dc p3700,185.9,,,,,,Intel,Storage,2025,,,,,,,400.0,SSD,2.5,U.2
intel dc p3600,459.74,,,,,,Intel,Storage,2025,,,,,,,400.0,SSD,2.5,U.2
seagate sv35,111.01,,,,,,Seagate,Storage,2025,,,,,,,3000.0,5400,3.5,SATA 6.0 Gb/s
seagate st600mm0158,88.99,,,,,,Seagate,Storage,2025,,,,,,,600.0,10000,2.5,SAS 12.0 Gb/s
seagate st900mm0128,129.0,,,,,,Seagate,Storage,2025,,,,,,,900.0,10000,2.5,SAS 12.0 Gb/s
western digital black,65.98,,,,,,Western,Storage,2025,,,,,,,320.0,7200,2.5,SATA 6.0 Gb/s
crucial mx200,327.77,,,,,,Crucial,Storage,2025,,,,,,,250.0,SSD,mSATA,mSATA
crucial mx200,277.77,,,,,,Crucial,Storage,2025,,,,,,,500.0,SSD,mSATA,mSATA
transcend ts512gmsa370,324.85,,,,,,Transcend,Storage,2025,,,,,,,512.0,SSD,mSATA,mSATA
transcend ts64gmsa370,154.0,,,,,,Transcend,Storage,2025,,,,,,,64.0,SSD,mSATA,mSATA
seagate st1000nx0333,75.0,,,,,,Seagate,Storage,2025,,,,,,,1000.0,7200,2.5,SAS 12.0 Gb/s
hitachi s842,298.81,,,,,,Hitachi,Storage,2025,,,,,,,800.0,SSD,2.5,SAS 6.0 Gb/s
intel 535,198.66,,,,,,Intel,Storage,2025,,,,,,,120.0,SSD,2.5,SATA 6.0 Gb/s
seagate st2000nx0343,195.0,,,,,,Seagate,Storage,2025,,,,,,,2000.0,7200,2.5,SAS 12.0 Gb/s
intel 535,299.0,,,,,,Intel,Storage,2025,,,,,,,360.0,SSD,2.5,SATA 6.0 Gb/s
transcend ts1tssd370s,402.37,,,,,,Transcend,Storage,2025,,,,,,,1000.0,SSD,2.5,SATA 6.0 Gb/s
western digital purple nv,155.0,,,,,,Western,Storage,2025,,,,,,,6000.0,5400,3.5,SATA 6.0 Gb/s
intel ssdsc2bb240g601,315.0,,,,,,Intel,Storage,2025,,,,,,,240.0,SSD,2.5,SATA 6.0 Gb/s
intel ssdsc2bb480g601,287.97,,,,,,Intel,Storage,2025,,,,,,,480.0,SSD,2.5,SATA 6.0 Gb/s
toshiba l200,65.99,,,,,,Toshiba,Storage,2025,,,,,,,500.0,5400,2.5,SATA 3.0 Gb/s
intel 540s,165.69,,,,,,Intel,Storage,2025,,,,,,,360.0,SSD,2.5,SATA 6.0 Gb/s
intel 750,475.0,,,,,,Intel,Storage,2025,,,,,,,1200.0,SSD,2.5,U.2
intel 750,403.8,,,,,,Intel,Storage,2025,,,,,,,400.0,SSD,2.5,U.2
intel 750,359.97,,,,,,Intel,Storage,2025,,,,,,,800.0,SSD,2.5,U.2
toshiba vx500,128.03,,,,,,Toshiba,Storage,2025,,,,,,,128.0,SSD,2.5,SATA 6.0 Gb/s
intel pro 5400s,140.0,,,,,,Intel,Storage,2025,,,,,,,120.0,SSD,2.5,SATA 6.0 Gb/s
intel pro 5400s,154.0,,,,,,Intel,Storage,2025,,,,,,,180.0,SSD,2.5,SATA 6.0 Gb/s
intel pro 5400s,250.0,,,,,,Intel,Storage,2025,,,,,,,360.0,SSD,2.5,SATA 6.0 Gb/s
transcend ts960gssd220s,103.11,,,,,,Transcend,Storage,2025,,,,,,,960.0,SSD,2.5,SATA 6.0 Gb/s
seagate barracuda es,86.45,,,,,,Seagate,Storage,2025,,,,,,,750.0,7200,3.5,SATA 6.0 Gb/s
seagate enterprise,394.4,,,,,,Seagate,Storage,2025,,,,,,,8000.0,7200,3.5,SAS 12.0 Gb/s
hitachi ultrastar,149.0,,,,,,Hitachi,Storage,2025,,,,,,,1800.0,10500,2.5,SAS 12.0 Gb/s
hitachi ultrastar,225.0,,,,,,Hitachi,Storage,2025,,,,,,,6000.0,7200,3.5,SAS 12.0 Gb/s
hitachi 0f22941,175.0,,,,,,Hitachi,Storage,2025,,,,,,,4000.0,7200,3.5,SAS 12.0 Gb/s
hitachi ultrastar he8,952.56,,,,,,Hitachi,Storage,2025,,,,,,,6000.0,7200,3.5,SAS 12.0 Gb/s
hitachi ultrastar he8,360.5,,,,,,Hitachi,Storage,2025,,,,,,,6000.0,7200,3.5,SAS 12.0 Gb/s
toshiba n300,279.0,,,,,,Toshiba,Storage,2025,,,,,,,6000.0,7200,3.5,SATA 6.0 Gb/s
seagate enterprise capacity,75.0,,,,,,Seagate,Storage,2025,,,,,,,1000.0,7200,3.5,SATA 6.0 Gb/s
seagate exos enterprise,153.5,,,,,,Seagate,Storage,2025,,,,,,,1000.0,7200,2.5,SAS 12.0 Gb/s
seagate enterprise capacity,214.24,,,,,,Seagate,Storage,2025,,,,,,,2000.0,7200,2.5,SAS 12.0 Gb/s
seagate enterprise performance,85.16,,,,,,Seagate,Storage,2025,,,,,,,300.0,10000,2.5,SAS 12.0 Gb/s
western digital av,177.0,,,,,,Western,Storage,2025,,,,,,,320.0,5400,2.5,SATA 6.0 Gb/s
seagate enterprise capacity,499.95,,,,,,Seagate,Storage,2025,,,,,,,8000.0,7200,3.5,SAS 6.0 Gb/s
seagate enterprise capacity,139.0,,,,,,Seagate,Storage,2025,,,,,,,4000.0,7200,3.5,SAS 12.0 Gb/s
western digital re,280.66,,,,,,Western,Storage,2025,,,,,,,6000.0,7200,3.5,SATA 6.0 Gb/s
seagate nytro enterprise,599.95,,,,,,Seagate,Storage,2025,,,,,,,240.0,SSD,2.5,SATA 6.0 Gb/s
seagate nytro enterprise,649.0,,,,,,Seagate,Storage,2025,,,,,,,960.0,SSD,2.5,SATA 6.0 Gb/s
seagate enterprise performance,50.0,,,,,,Seagate,Storage,2025,,,,,,,600.0,10000,2.5,SAS 12.0 Gb/s
seagate enterprise performance,131.0,,,,,,Seagate,Storage,2025,,,,,,,300.0,15000,2.5,SAS 12.0 Gb/s
visiontek pro,86.63,,,,,,VisionTek,Storage,2025,,,,,,,480.0,SSD,2.5,SATA 6.0 Gb/s
seagate nytro enterprise,153.79,,,,,,Seagate,Storage,2025,,,,,,,480.0,SSD,2.5,SATA 6.0 Gb/s
qnap m2080,128.05,,,,,,QNAP,Storage,2025,,,,,,,64.0,SSD,M.2-2280,M.2 SATA
seagate exos enterprise,373.72,,,,,,Seagate,Storage,2025,,,,,,,16000.0,7200,3.5,SAS 12.0 Gb/s
lenovo 5300,259.27,,,,,,Lenovo,Storage,2025,,,,,,,240.0,SSD,2.5,SATA 6.0 Gb/s
visiontek pro hxs,39.99,,,,,,VisionTek,Storage,2025,,,,,,,120.0,SSD,2.5,SATA 6.0 Gb/s
visiontek pro xmn,159.13,,,,,,VisionTek,Storage,2025,,,,,,,256.0,SSD,M.2-2280,M.2 PCIe 3.0 X4
visiontek pro hxs,189.99,,,,,,VisionTek,Storage,2025,,,,,,,2000.0,SSD,2.5,SATA 6.0 Gb/s
visiontek pro ecs,347.95,,,,,,VisionTek,Storage,2025,,,,,,,2000.0,SSD,2.5,SATA 6.0 Gb/s
intel dc p3500,427.5,,,,,,Intel,Storage,2025,,,,,,,2000.0,SSD,2.5,U.2
angelbird av pro mk3,549.99,,,,,,Angelbird,Storage,2025,,,,,,,2000.0,SSD,2.5,SATA 6.0 Gb/s
angelbird av pro xt,429.99,,,,,,Angelbird,Storage,2025,,,,,,,500.0,SSD,2.5,SATA 6.0 Gb/s
visiontek pro,153.7,,,,,,VisionTek,Storage,2025,,,,,,,1000.0,SSD,2.5,SATA 6.0 Gb/s
seagate exos x18,438.69,,,,,,Seagate,Storage,2025,,,,,,,18000.0,7200,3.5,SAS 12.0 Gb/s
pny xlr8 cs3040 w/heatsink,465.16,,,,,,PNY,Storage,2025,,,,,,,2000.0,SSD,M.2-2280,M.2 PCIe 4.0 X4
toshiba n300,249.99,,,,,,Toshiba,Storage,2025,,,,,,,6000.0,7200,3.5,SATA 6.0 Gb/s
hitachi ultrastar he8,299.0,,,,,,Hitachi,Storage,2025,,,,,,,8000.0,7200,3.5,SATA 6.0 Gb/s
v7 v7ssd480gbs25u,35.33,,,,,,V7,Storage,2025,,,,,,,480.0,SSD,2.5,SATA 6.0 Gb/s
intel d3-s4520,144.0,,,,,,Intel,Storage,2025,,,,,,,240.0,SSD,2.5,SATA 6.0 Gb/s
intel d3-s4520,200.0,,,,,,Intel,Storage,2025,,,,,,,960.0,SSD,2.5,SATA 6.0 Gb/s
intel d3-s4620,398.0,,,,,,Intel,Storage,2025,,,,,,,1920.0,SSD,2.5,SATA 6.0 Gb/s
intel d3-s4520,141.0,,,,,,Intel,Storage,2025,,,,,,,240.0,SSD,M.2-2280,M.2 SATA
inland tn446,82.99,,,,,,Inland,Storage,2025,,,,,,,1000.0,SSD,M.2-2230,M.2 PCIe 4.0 X4
visiontek dlx4 pro,116.78,,,,,,VisionTek,Storage,2025,,,,,,,1000.0,SSD,M.2-2280,M.2 PCIe 4.0 X4
oyen digital e13s-2242-1024ph,89.0,,,,,,Oyen,Storage,2025,,,,,,,1000.0,SSD,M.2-2242,M.2 PCIe 3.0 X4
visiontek dlx4,66.98,,,,,,VisionTek,Storage,2025,,,,,,,512.0,SSD,M.2-2230,M.2 PCIe 4.0 X4
visiontek dlx4,119.32,,,,,,VisionTek,Storage,2025,,,,,,,1000.0,SSD,M.2-2230,M.2 PCIe 4.0 X4
toshiba mg09 4kn,399.0,,,,,,Toshiba,Storage,2025,,,,,,,18000.0,7200,3.5,SATA 6.0 Gb/s
western digital wd green,47.0,,,,,,Western,Storage,2025,,,,,,,120.0,SSD,M.2-2280,M.2 SATA
owc mercury electra 6g,26.99,,,,,,OWC,Storage,2025,,,,,,,250.0,SSD,2.5,SATA 6.0 Gb/s
lenovo thinkstation,316.68,,,,,,Lenovo,Storage,2025,,,,,,,6000.0,7200,3.5,SATA 6.0 Gb/s
lenovo s4520,479.68,,,,,,Lenovo,Storage,2025,,,,,,,480.0,SSD,2.5,SATA 6.0 Gb/s
lenovo s4520,350.83,,,,,,Lenovo,Storage,2025,,,,,,,960.0,SSD,2.5,SATA 6.0 Gb/s
addlink d60,239.44,,,,,,Addlink,Storage,2025,,,,,,,1920.0,SSD,M.2-2280,M.2 PCIe 4.0 X4
owc aura pro iv,324.99,,,,,,OWC,Storage,2025,,,,,,,4000.0,SSD,M.2-2280,M.2 PCIe 4.0 X4
transcend mte410s,47.21,,,,,,Transcend,Storage,2025,,,,,,,256.0,SSD,M.2-2242,M.2 PCIe 4.0 X4
transcend mte410s,169.9,,,,,,Transcend,Storage,2025,,,,,,,2000.0,SSD,M.2-2242,M.2 PCIe 4.0 X4
