component_id,category,brand,model,year,price,value_metric,metric_label
acer nitro oc | Arc B570,GPU,acer,acer nitro oc,2025,239.99,23.999000000000002,$/GB VRAM
acer nitro oc | Arc B580,GPU,acer,acer nitro oc,2025,319.99,26.665833333333335,$/GB VRAM
acer nitro oc | Radeon RX 7700 XT,GPU,acer,acer nitro oc,2023,389.99,32.49916666666667,$/GB VRAM
acer nitro oc | Radeon RX 9070,GPU,acer,acer nitro oc,2025,832.67,52.041875,$/GB VRAM
acer nitro oc | Radeon RX 9070 XT,GPU,acer,acer nitro oc,2025,987.91,61.744375,$/GB VRAM
acer predator bifrost oc | Arc A750,GPU,acer,acer predator bifrost oc,2023,199.99,24.99875,$/GB VRAM
acer predator bifrost oc | Arc A770,GPU,acer,acer predator bifrost oc,2023,299.99,18.749375,$/GB VRAM
acer predator bifrost oc | Radeon RX 7800 XT,GPU,acer,acer predator bifrost oc,2023,499.99,31.249375,$/GB VRAM
acer predator bifrost oc | Radeon RX 9070,GPU,acer,acer predator bifrost oc,2025,899.95,56.246875,$/GB VRAM
amd 100-438373 | Radeon RX 6900 XT,GPU,amd,amd 100-438373,2023,999.99,62.499375,$/GB VRAM
amd 100-438373 | Radeon RX 6900 XT,GPU,amd,amd 100-438373,2025,1099.99,68.749375,$/GB VRAM
amd 100-506061 | Vega Frontier Edition,GPU,amd,amd 100-506061,2025,1149.0,71.8125,$/GB VRAM
asrock challenger d oc | Radeon RX 5500 XT,GPU,asrock,asrock challenger d oc,2023,139.0,34.75,$/GB VRAM
asrock challenger d oc | Radeon RX 5500 XT,GPU,asrock,asrock challenger d oc,2025,411.32,102.83,$/GB VRAM
asrock challenger d oc | Radeon RX 5700 XT,GPU,asrock,asrock challenger d oc,2023,199.99,24.99875,$/GB VRAM
asrock challenger d oc | Radeon RX 6600 XT,GPU,asrock,asrock challenger d oc,2023,229.99,28.74875,$/GB VRAM
asrock challenger d | Arc A750,GPU,asrock,asrock challenger d,2023,199.99,24.99875,$/GB VRAM
asrock challenger d | Radeon RX 6600,GPU,asrock,asrock challenger d,2023,189.99,23.74875,$/GB VRAM
asrock challenger d | Radeon RX 6600,GPU,asrock,asrock challenger d,2025,219.99,27.49875,$/GB VRAM
asrock challenger itx | Radeon RX 6400,GPU,asrock,asrock challenger itx,2023,124.99,31.2475,$/GB VRAM
asrock challenger itx | Radeon RX 6400,GPU,asrock,asrock challenger itx,2025,191.05,47.7625,$/GB VRAM
asrock challenger itx | Radeon RX 6600 XT,GPU,asrock,asrock challenger itx,2023,239.99,29.99875,$/GB VRAM
asrock challenger oc | Arc A580,GPU,asrock,asrock challenger oc,2023,164.99,20.62375,$/GB VRAM
asrock challenger oc | Arc A770,GPU,asrock,asrock challenger oc,2023,279.99,17.499375,$/GB VRAM
asrock challenger oc | Arc B570,GPU,asrock,asrock challenger oc,2025,239.98,23.997999999999998,$/GB VRAM
asrock challenger oc | Arc B580,GPU,asrock,asrock challenger oc,2025,269.98,22.498333333333335,$/GB VRAM
asrock challenger oc | Radeon RX 7600,GPU,asrock,asrock challenger oc,2023,259.99,32.49875,$/GB VRAM
asrock challenger oc | Radeon RX 7600,GPU,asrock,asrock challenger oc,2025,279.97,34.99625,$/GB VRAM
asrock challenger oc | Radeon RX 7700 XT,GPU,asrock,asrock challenger oc,2023,399.99,33.3325,$/GB VRAM
asrock challenger oc | Radeon RX 7700 XT,GPU,asrock,asrock challenger oc,2025,399.97,33.33083333333334,$/GB VRAM
asrock challenger oc | Radeon RX 7800 XT,GPU,asrock,asrock challenger oc,2023,479.99,29.999375,$/GB VRAM
asrock challenger oc | Radeon RX 7800 XT,GPU,asrock,asrock challenger oc,2025,840.45,52.528125,$/GB VRAM
asrock challenger oc | Radeon RX 7900 GRE,GPU,asrock,asrock challenger oc,2023,539.99,33.749375,$/GB VRAM
asrock challenger oc | Radeon RX 9060 XT,GPU,asrock,asrock challenger oc,2025,344.99,21.561875,$/GB VRAM
asrock challenger pro oc | Radeon RX 6750 XT,GPU,asrock,asrock challenger pro oc,2023,329.99,27.499166666666667,$/GB VRAM
asrock challenger pro oc | Radeon RX 6800,GPU,asrock,asrock challenger pro oc,2025,998.18,62.38625,$/GB VRAM
asrock challenger se oc | Arc A750,GPU,asrock,asrock challenger se oc,2025,340.84,42.605,$/GB VRAM
asrock challenger | Radeon RX 6600,GPU,asrock,asrock challenger,2023,224.99,28.12375,$/GB VRAM
asrock challenger | Radeon RX 6600,GPU,asrock,asrock challenger,2025,318.42,39.8025,$/GB VRAM
asrock challenger | Radeon RX 9070,GPU,asrock,asrock challenger,2025,599.99,37.499375,$/GB VRAM
asrock creator | Radeon RX 7900 XT,GPU,asrock,asrock creator,2025,1024.99,51.2495,$/GB VRAM
asrock intel arc a380 challenger itx | Arc A380,GPU,asrock,asrock intel arc a380 challenger itx,2023,109.99,18.331666666666667,$/GB VRAM
asrock intel arc a380 challenger itx | Arc A380,GPU,asrock,asrock intel arc a380 challenger itx,2025,139.99,23.331666666666667,$/GB VRAM
asrock low profile | Arc A310,GPU,asrock,asrock low profile,2023,99.99,24.9975,$/GB VRAM
asrock low profile | Arc A380,GPU,asrock,asrock low profile,2023,104.99,17.49833333333333,$/GB VRAM
asrock oc formula | Radeon RX 6900 XT,GPU,asrock,asrock oc formula,2023,1006.3,62.89375,$/GB VRAM
asrock phantom gaming d oc | Radeon RX 6500 XT,GPU,asrock,asrock phantom gaming d oc,2023,139.99,34.9975,$/GB VRAM
asrock phantom gaming d oc | Radeon RX 6500 XT,GPU,asrock,asrock phantom gaming d oc,2025,159.99,39.9975,$/GB VRAM
asrock phantom gaming d oc | Radeon RX 6750 XT,GPU,asrock,asrock phantom gaming d oc,2023,339.99,28.3325,$/GB VRAM
asrock phantom gaming d oc | Radeon RX 6800 XT,GPU,asrock,asrock phantom gaming d oc,2023,499.99,31.249375,$/GB VRAM
asrock phantom gaming d oc | Radeon RX 6900 XT,GPU,asrock,asrock phantom gaming d oc,2023,699.95,43.746875,$/GB VRAM
asrock phantom gaming d oc | Radeon RX 6900 XT,GPU,asrock,asrock phantom gaming d oc,2025,1085.0,67.8125,$/GB VRAM
asrock phantom gaming d | Radeon RX 570,GPU,asrock,asrock phantom gaming d,2023,139.9,34.975,$/GB VRAM
asrock phantom gaming d | Radeon RX 570,GPU,asrock,asrock phantom gaming d,2025,429.9,107.475,$/GB VRAM
asrock phantom gaming oc | Arc A770,GPU,asrock,asrock phantom gaming oc,2023,299.99,18.749375,$/GB VRAM
asrock phantom gaming oc | Arc A770,GPU,asrock,asrock phantom gaming oc,2025,458.2,28.6375,$/GB VRAM
asrock phantom gaming oc | Radeon RX 7600,GPU,asrock,asrock phantom gaming oc,2023,269.99,33.74875,$/GB VRAM
asrock phantom gaming oc | Radeon RX 7600,GPU,asrock,asrock phantom gaming oc,2025,322.02,40.2525,$/GB VRAM
asrock phantom gaming oc | Radeon RX 7700 XT,GPU,asrock,asrock phantom gaming oc,2023,449.99,37.49916666666667,$/GB VRAM
asrock phantom gaming oc | Radeon RX 7800 XT,GPU,asrock,asrock phantom gaming oc,2023,519.99,32.499375,$/GB VRAM
asrock phantom gaming oc | Radeon RX 7900 XT,GPU,asrock,asrock phantom gaming oc,2023,694.99,34.7495,$/GB VRAM
asrock phantom gaming oc | Radeon RX 7900 XT,GPU,asrock,asrock phantom gaming oc,2025,970.92,48.546,$/GB VRAM
asrock phantom gaming oc | Radeon RX 7900 XTX,GPU,asrock,asrock phantom gaming oc,2023,929.99,38.749583333333334,$/GB VRAM
asrock phantom gaming oc | Radeon RX 7900 XTX,GPU,asrock,asrock phantom gaming oc,2025,899.99,37.499583333333334,$/GB VRAM
asrock phantom gaming | Radeon RX 6500 XT,GPU,asrock,asrock phantom gaming,2025,244.26,30.5325,$/GB VRAM
asrock steel legend dark | Radeon RX 9070 XT,GPU,asrock,asrock steel legend dark,2025,1615.52,100.97,$/GB VRAM
asrock steel legend oc | Arc B580,GPU,asrock,asrock steel legend oc,2025,279.98,23.331666666666667,$/GB VRAM
asrock steel legend oc | Radeon RX 7600,GPU,asrock,asrock steel legend oc,2023,269.99,33.74875,$/GB VRAM
asrock steel legend oc | Radeon RX 7600,GPU,asrock,asrock steel legend oc,2025,430.55,53.81875,$/GB VRAM
asrock steel legend oc | Radeon RX 7700 XT,GPU,asrock,asrock steel legend oc,2023,551.39,45.94916666666666,$/GB VRAM
asrock steel legend oc | Radeon RX 7700 XT,GPU,asrock,asrock steel legend oc,2025,809.81,67.48416666666667,$/GB VRAM
asrock steel legend oc | Radeon RX 7800 XT,GPU,asrock,asrock steel legend oc,2023,689.99,43.124375,$/GB VRAM
asrock steel legend oc | Radeon RX 7900 GRE,GPU,asrock,asrock steel legend oc,2023,569.99,35.624375,$/GB VRAM
asrock steel legend oc | Radeon RX 9060 XT,GPU,asrock,asrock steel legend oc,2025,429.5,26.84375,$/GB VRAM
asrock steel legend oc | Radeon RX 9070,GPU,asrock,asrock steel legend oc,2025,898.99,56.186875,$/GB VRAM
asrock steel legend | Radeon RX 9070 XT,GPU,asrock,asrock steel legend,2025,699.99,43.749375,$/GB VRAM
asrock taichi oc | Radeon RX 7900 XT,GPU,asrock,asrock taichi oc,2025,1049.99,52.4995,$/GB VRAM
asrock taichi oc | Radeon RX 7900 XTX,GPU,asrock,asrock taichi oc,2023,1129.99,47.08291666666667,$/GB VRAM
asrock taichi oc | Radeon RX 7900 XTX,GPU,asrock,asrock taichi oc,2025,1416.06,59.0025,$/GB VRAM
asrock taichi oc | Radeon RX 9070 XT,GPU,asrock,asrock taichi oc,2025,799.99,49.999375,$/GB VRAM
asus 710-1-sl | GeForce GT 710,GPU,asus,asus 710-1-sl,2025,203.0,203.0,$/GB VRAM
asus 90yv0810-u0na00 | GeForce GTX Titan X,GPU,asus,asus 90yv0810-u0na00,2023,1698.0,141.5,$/GB VRAM
asus 90yv0810-u0na00 | GeForce GTX Titan X,GPU,asus,asus 90yv0810-u0na00,2025,799.0,66.58333333333333,$/GB VRAM
asus ares 2dis 4gd5 | Radeon HD 5870 X2,GPU,asus,asus ares 2dis 4gd5,2025,1092.21,273.0525,$/GB VRAM
asus directcu ii | GeForce GTX 760,GPU,asus,asus directcu ii,2025,269.0,134.5,$/GB VRAM
asus dual advanced | GeForce RTX 4060 Ti,GPU,asus,asus dual advanced,2023,449.99,28.124375,$/GB VRAM
asus dual evo oc | GeForce GTX 1660 SUPER,GPU,asus,asus dual evo oc,2023,266.77,44.461666666666666,$/GB VRAM
asus dual evo oc | GeForce GTX 1660 SUPER,GPU,asus,asus dual evo oc,2025,329.99,54.998333333333335,$/GB VRAM
asus dual evo oc | GeForce RTX 2060,GPU,asus,asus dual evo oc,2023,343.95,57.324999999999996,$/GB VRAM
asus dual evo oc | GeForce RTX 2060,GPU,asus,asus dual evo oc,2025,339.99,56.665,$/GB VRAM
asus dual evo oc | GeForce RTX 2070 SUPER,GPU,asus,asus dual evo oc,2023,2325.5,290.6875,$/GB VRAM
asus dual evo oc | GeForce RTX 4060,GPU,asus,asus dual evo oc,2023,309.99,38.74875,$/GB VRAM
asus dual evo oc | GeForce RTX 4060,GPU,asus,asus dual evo oc,2025,439.99,54.99875,$/GB VRAM
asus dual evo oc | GeForce RTX 4060 Ti,GPU,asus,asus dual evo oc,2023,399.99,49.99875,$/GB VRAM
asus dual evo oc | GeForce RTX 4060 Ti,GPU,asus,asus dual evo oc,2025,607.93,75.99125,$/GB VRAM
asus dual evo oc | GeForce RTX 4070,GPU,asus,asus dual evo oc,2023,607.16,50.596666666666664,$/GB VRAM
asus dual evo oc | GeForce RTX 4070,GPU,asus,asus dual evo oc,2025,913.84,76.15333333333334,$/GB VRAM
asus dual evo oc | GeForce RTX 4070 SUPER,GPU,asus,asus dual evo oc,2023,599.99,49.99916666666667,$/GB VRAM
asus dual evo oc | GeForce RTX 4070 SUPER,GPU,asus,asus dual evo oc,2025,748.0,62.333333333333336,$/GB VRAM
asus dual evo oc | Radeon RX 7600,GPU,asus,asus dual evo oc,2025,274.99,34.37375,$/GB VRAM
asus dual evo | GeForce RTX 2060,GPU,asus,asus dual evo,2023,225.69,37.615,$/GB VRAM
asus dual evo | GeForce RTX 2060 12GB,GPU,asus,asus dual evo,2023,489.0,40.75,$/GB VRAM
asus dual evo | GeForce RTX 2060 12GB,GPU,asus,asus dual evo,2025,685.0,57.083333333333336,$/GB VRAM
asus dual geforce rtx 3060 v2 oc edition | GeForce RTX 3060 12GB,GPU,asus,asus dual geforce rtx 3060 v2 oc edition,2023,299.99,24.999166666666667,$/GB VRAM
asus dual geforce rtx 3060 v2 oc edition | GeForce RTX 3060 12GB,GPU,asus,asus dual geforce rtx 3060 v2 oc edition,2025,329.97,27.497500000000002,$/GB VRAM
asus dual mini oc | GeForce GTX 1650 G6,GPU,asus,asus dual mini oc,2023,238.0,59.5,$/GB VRAM
asus dual oc v2 | GeForce RTX 3060 Ti LHR,GPU,asus,asus dual oc v2,2023,599.99,74.99875,$/GB VRAM
asus dual oc v2 | GeForce RTX 3070 LHR,GPU,asus,asus dual oc v2,2023,499.0,62.375,$/GB VRAM
asus dual oc v2 | GeForce RTX 4060,GPU,asus,asus dual oc v2,2025,369.99,46.24875,$/GB VRAM
asus dual oc v2 | Radeon RX 7600,GPU,asus,asus dual oc v2,2023,279.99,34.99875,$/GB VRAM
asus dual oc | GeForce GTX 1650 G5,GPU,asus,asus dual oc,2023,232.83,58.2075,$/GB VRAM
asus dual oc | GeForce GTX 1650 G5,GPU,asus,asus dual oc,2025,225.0,56.25,$/GB VRAM
asus dual oc | GeForce RTX 2080 Ti,GPU,asus,asus dual oc,2023,889.0,80.81818181818181,$/GB VRAM
asus dual oc | GeForce RTX 2080 Ti,GPU,asus,asus dual oc,2025,998.0,90.72727272727273,$/GB VRAM
asus dual oc | GeForce RTX 3050 6GB,GPU,asus,asus dual oc,2023,179.99,29.998333333333335,$/GB VRAM
asus dual oc | GeForce RTX 3050 6GB,GPU,asus,asus dual oc,2025,199.97,33.32833333333333,$/GB VRAM
asus dual oc | GeForce RTX 3050 8GB,GPU,asus,asus dual oc,2023,330.71,41.33875,$/GB VRAM
asus dual oc | GeForce RTX 3050 8GB,GPU,asus,asus dual oc,2025,379.99,47.49875,$/GB VRAM
asus dual oc | GeForce RTX 3060 12GB,GPU,asus,asus dual oc,2023,406.4,33.86666666666667,$/GB VRAM
asus dual oc | GeForce RTX 3060 12GB,GPU,asus,asus dual oc,2025,369.99,30.8325,$/GB VRAM
asus dual oc | GeForce RTX 3060 8GB,GPU,asus,asus dual oc,2023,359.99,44.99875,$/GB VRAM
asus dual oc | GeForce RTX 3060 8GB,GPU,asus,asus dual oc,2025,439.0,54.875,$/GB VRAM
asus dual oc | GeForce RTX 3060 Ti,GPU,asus,asus dual oc,2023,685.32,85.665,$/GB VRAM
asus dual oc | GeForce RTX 3060 Ti,GPU,asus,asus dual oc,2025,840.0,105.0,$/GB VRAM
asus dual oc | GeForce RTX 3070,GPU,asus,asus dual oc,2023,482.58,60.3225,$/GB VRAM
asus dual oc | GeForce RTX 3070,GPU,asus,asus dual oc,2025,695.0,86.875,$/GB VRAM
asus dual oc | GeForce RTX 4060,GPU,asus,asus dual oc,2023,309.99,38.74875,$/GB VRAM
asus dual oc | GeForce RTX 4060,GPU,asus,asus dual oc,2025,414.99,51.87375,$/GB VRAM
asus dual oc | GeForce RTX 4060 Ti,GPU,asus,asus dual oc,2023,399.99,49.99875,$/GB VRAM
asus dual oc | GeForce RTX 4060 Ti,GPU,asus,asus dual oc,2025,563.42,70.4275,$/GB VRAM
asus dual oc | GeForce RTX 4070,GPU,asus,asus dual oc,2023,589.99,49.16583333333333,$/GB VRAM
asus dual oc | GeForce RTX 4070,GPU,asus,asus dual oc,2025,757.49,63.12416666666667,$/GB VRAM
asus dual oc | GeForce RTX 4070 SUPER,GPU,asus,asus dual oc,2023,614.5,51.208333333333336,$/GB VRAM
asus dual oc | GeForce RTX 4070 SUPER,GPU,asus,asus dual oc,2025,899.99,74.99916666666667,$/GB VRAM
asus dual oc | GeForce RTX 4070 Ti SUPER,GPU,asus,asus dual oc,2023,799.99,49.999375,$/GB VRAM
asus dual oc | GeForce RTX 5050,GPU,asus,asus dual oc,2025,249.99,31.24875,$/GB VRAM
asus dual oc | GeForce RTX 5060,GPU,asus,asus dual oc,2025,299.99,37.49875,$/GB VRAM
asus dual oc | GeForce RTX 5060 Ti,GPU,asus,asus dual oc,2025,449.99,28.124375,$/GB VRAM
asus dual oc | GeForce RTX 5070,GPU,asus,asus dual oc,2025,784.35,65.3625,$/GB VRAM
asus dual oc | Radeon RX 6500 XT,GPU,asus,asus dual oc,2023,189.0,47.25,$/GB VRAM
asus dual oc | Radeon RX 6600 XT,GPU,asus,asus dual oc,2023,440.45,55.05625,$/GB VRAM
asus dual oc | Radeon RX 6600 XT,GPU,asus,asus dual oc,2025,549.0,68.625,$/GB VRAM
asus dual oc | Radeon RX 6750 XT,GPU,asus,asus dual oc,2023,594.32,49.52666666666667,$/GB VRAM
asus dual oc | Radeon RX 6750 XT,GPU,asus,asus dual oc,2025,970.0,80.83333333333333,$/GB VRAM
asus dual oc | Radeon RX 7600,GPU,asus,asus dual oc,2023,279.99,34.99875,$/GB VRAM
asus dual oc | Radeon RX 7600 XT,GPU,asus,asus dual oc,2023,339.99,21.249375,$/GB VRAM
asus dual oc | Radeon RX 7700 XT,GPU,asus,asus dual oc,2023,439.99,36.66583333333333,$/GB VRAM
asus dual oc | Radeon RX 7700 XT,GPU,asus,asus dual oc,2025,599.0,49.916666666666664,$/GB VRAM
asus dual oc | Radeon RX 7800 XT,GPU,asus,asus dual oc,2023,499.99,31.249375,$/GB VRAM
asus dual oc | Radeon RX 7800 XT,GPU,asus,asus dual oc,2025,699.0,43.6875,$/GB VRAM
asus dual oc | Radeon RX 7900 GRE,GPU,asus,asus dual oc,2023,569.99,35.624375,$/GB VRAM
asus dual v2 | Radeon RX 6600,GPU,asus,asus dual v2,2023,224.98,28.1225,$/GB VRAM
asus dual v2 | Radeon RX 6600,GPU,asus,asus dual v2,2025,435.0,54.375,$/GB VRAM
asus dual | GeForce GTX 1060 3GB,GPU,asus,asus dual,2023,349.0,116.33333333333333,$/GB VRAM
asus dual | GeForce GTX 1060 3GB,GPU,asus,asus dual,2025,345.0,115.0,$/GB VRAM
asus dual | GeForce GTX 1060 6GB,GPU,asus,asus dual,2023,512.43,85.40499999999999,$/GB VRAM
asus dual | GeForce GTX 1060 6GB,GPU,asus,asus dual,2025,385.0,64.16666666666667,$/GB VRAM
asus dual | GeForce RTX 2060,GPU,asus,asus dual,2023,700.0,116.66666666666667,$/GB VRAM
asus dual | GeForce RTX 2060,GPU,asus,asus dual,2025,700.0,116.66666666666667,$/GB VRAM
asus dual | GeForce RTX 4060 Ti,GPU,asus,asus dual,2023,399.99,49.99875,$/GB VRAM
asus dual | GeForce RTX 4070,GPU,asus,asus dual,2023,636.21,53.017500000000005,$/GB VRAM
asus dual | GeForce RTX 4070,GPU,asus,asus dual,2025,1048.0,87.33333333333333,$/GB VRAM
asus dual | GeForce RTX 4070 SUPER,GPU,asus,asus dual,2023,609.99,50.8325,$/GB VRAM
asus dual | GeForce RTX 4070 SUPER,GPU,asus,asus dual,2025,1295.0,107.91666666666667,$/GB VRAM
asus dual | GeForce RTX 5050,GPU,asus,asus dual,2025,249.99,31.24875,$/GB VRAM
asus dual | Radeon RX 6600,GPU,asus,asus dual,2023,279.0,34.875,$/GB VRAM
asus dual | Radeon RX 6600,GPU,asus,asus dual,2025,530.96,66.37,$/GB VRAM
asus dual | Radeon RX 6650 XT,GPU,asus,asus dual,2023,331.1,41.3875,$/GB VRAM
asus dual | Radeon RX 6700 XT,GPU,asus,asus dual,2023,614.48,51.20666666666667,$/GB VRAM
asus dual | Radeon RX 9060 XT,GPU,asus,asus dual,2025,339.99,42.49875,$/GB VRAM
asus eah5550 di 1gd3 lp | Radeon HD 5550,GPU,asus,asus eah5550 di 1gd3 lp,2025,90.17,90.17,$/GB VRAM
asus eah5850 directcu top 2dis 1gd5 | Radeon HD 5850,GPU,asus,asus eah5850 directcu top 2dis 1gd5,2025,252.4,252.4,$/GB VRAM
asus eah6450 silent di 512md3 lp | Radeon HD 6450,GPU,asus,asus eah6450 silent di 512md3 lp,2023,112.96,225.92,$/GB VRAM
asus eah6450 silent di 512md3 lp | Radeon HD 6450,GPU,asus,asus eah6450 silent di 512md3 lp,2025,82.96,165.92,$/GB VRAM
asus eah6870 2di2s 1gd5 | Radeon HD 6870,GPU,asus,asus eah6870 2di2s 1gd5,2025,267.73,267.73,$/GB VRAM
asus engts250 di 512md3 ww | GeForce GTS 250,GPU,asus,asus engts250 di 512md3 ww,2025,118.11,236.22,$/GB VRAM
asus engtx460 2di 768md5 | GeForce GTX 460,GPU,asus,asus engtx460 2di 768md5,2025,224.95,299.93333333333334,$/GB VRAM
asus engtx570 dcii 2dis 1280md5 | GeForce GTX 570,GPU,asus,asus engtx570 dcii 2dis 1280md5,2025,398.0,318.4,$/GB VRAM
asus evo | GeForce GT 730,GPU,asus,asus evo,2023,73.91,36.955,$/GB VRAM
asus founders edition | GeForce GTX 1080,GPU,asus,asus founders edition,2023,559.0,69.875,$/GB VRAM
asus founders edition | GeForce GTX 1080,GPU,asus,asus founders edition,2025,498.0,62.25,$/GB VRAM
asus founders edition | GeForce GTX 1080 Ti,GPU,asus,asus founders edition,2023,3364.51,305.86454545454546,$/GB VRAM
asus gt1030-2g-brk | GeForce GT 1030,GPU,asus,asus gt1030-2g-brk,2023,97.7,48.85,$/GB VRAM
asus gt1030-2g-brk | GeForce GT 1030,GPU,asus,asus gt1030-2g-brk,2025,112.01,56.005,$/GB VRAM
asus gt1030-2g-csm | GeForce GT 1030,GPU,asus,asus gt1030-2g-csm,2023,89.99,44.995,$/GB VRAM
asus gt1030-2g-csm | GeForce GT 1030,GPU,asus,asus gt1030-2g-csm,2025,106.56,53.28,$/GB VRAM
asus gt710-sl-2gd5 | GeForce GT 710,GPU,asus,asus gt710-sl-2gd5,2023,205.09,102.545,$/GB VRAM
asus gt710-sl-2gd5 | GeForce GT 710,GPU,asus,asus gt710-sl-2gd5,2025,145.3,72.65,$/GB VRAM
asus gt730-4h-sl-2gd5 | GeForce GT 730,GPU,asus,asus gt730-4h-sl-2gd5,2023,115.4,57.7,$/GB VRAM
asus gt730-4h-sl-2gd5 | GeForce GT 730,GPU,asus,asus gt730-4h-sl-2gd5,2025,111.09,55.545,$/GB VRAM
asus gt730-sl-1gd3-brk | GeForce GT 730,GPU,asus,asus gt730-sl-1gd3-brk,2023,138.02,138.02,$/GB VRAM
asus gt730-sl-1gd3-brk | GeForce GT 730,GPU,asus,asus gt730-sl-1gd3-brk,2025,143.26,143.26,$/GB VRAM
asus gt730-sl-2gd3-brk | GeForce GT 730,GPU,asus,asus gt730-sl-2gd3-brk,2023,128.02,64.01,$/GB VRAM
asus gt730-sl-2gd5-brk | GeForce GT 730,GPU,asus,asus gt730-sl-2gd5-brk,2023,78.99,39.495,$/GB VRAM
asus gt730-sl-2gd5-brk | GeForce GT 730,GPU,asus,asus gt730-sl-2gd5-brk,2025,79.99,39.995,$/GB VRAM
asus gtx660 ti-dc2o-2gd5 | GeForce GTX 660 Ti,GPU,asus,asus gtx660 ti-dc2o-2gd5,2025,239.0,119.5,$/GB VRAM
asus gtx950-2g | GeForce GTX 950 75W,GPU,asus,asus gtx950-2g,2025,255.0,127.5,$/GB VRAM
asus gtxtitan-6gd5 | GeForce GTX Titan,GPU,asus,asus gtxtitan-6gd5,2025,595.0,99.16666666666667,$/GB VRAM
asus gtxtitanx-12gd5 | GeForce GTX Titan X,GPU,asus,asus gtxtitanx-12gd5,2023,1698.0,141.5,$/GB VRAM
asus gtxtitanx-12gd5 | GeForce GTX Titan X,GPU,asus,asus gtxtitanx-12gd5,2025,799.0,66.58333333333333,$/GB VRAM
asus ko gaming oc v2 | GeForce RTX 3070 LHR,GPU,asus,asus ko gaming oc v2,2023,530.79,66.34875,$/GB VRAM
asus ko gaming oc v2 | GeForce RTX 3070 LHR,GPU,asus,asus ko gaming oc v2,2025,740.0,92.5,$/GB VRAM
asus ko gaming oc | GeForce RTX 3070,GPU,asus,asus ko gaming oc,2023,659.0,82.375,$/GB VRAM
asus ko gaming oc | GeForce RTX 3070,GPU,asus,asus ko gaming oc,2025,735.0,91.875,$/GB VRAM
asus ko oc v2 | GeForce RTX 3060 12GB,GPU,asus,asus ko oc v2,2023,609.18,50.76499999999999,$/GB VRAM
asus ko oc v2 | GeForce RTX 3060 12GB,GPU,asus,asus ko oc v2,2025,695.0,57.916666666666664,$/GB VRAM
asus ko oc | GeForce RTX 3060 Ti,GPU,asus,asus ko oc,2023,399.0,49.875,$/GB VRAM
asus lp brk oc | GeForce RTX 3050 6GB,GPU,asus,asus lp brk oc,2023,199.99,33.33166666666667,$/GB VRAM
asus lp brk oc | GeForce RTX 4060,GPU,asus,asus lp brk oc,2023,339.99,42.49875,$/GB VRAM
asus lp brk oc | GeForce RTX 4060,GPU,asus,asus lp brk oc,2025,449.0,56.125,$/GB VRAM
asus noctua oc | GeForce RTX 4080,GPU,asus,asus noctua oc,2023,1999.99,124.999375,$/GB VRAM
asus noctua oc | GeForce RTX 4080 SUPER,GPU,asus,asus noctua oc,2023,1349.99,84.374375,$/GB VRAM
asus phoenix evo oc | GeForce GTX 1650 G6,GPU,asus,asus phoenix evo oc,2025,325.0,81.25,$/GB VRAM
asus phoenix evo | Radeon RX 550 - 512,GPU,asus,asus phoenix evo,2025,326.95,81.7375,$/GB VRAM
asus phoenix fan oc | GeForce GT 1030,GPU,asus,asus phoenix fan oc,2023,124.29,62.145,$/GB VRAM
asus phoenix geforce rtx 3060 v2 | GeForce RTX 3060 12GB,GPU,asus,asus phoenix geforce rtx 3060 v2,2025,299.99,24.999166666666667,$/GB VRAM
asus phoenix oc v2 | GeForce GTX 1650 G6,GPU,asus,asus phoenix oc v2,2023,150.0,37.5,$/GB VRAM
asus phoenix oc | GeForce GTX 1650 G5,GPU,asus,asus phoenix oc,2023,282.61,70.6525,$/GB VRAM
asus phoenix oc | GeForce GTX 1650 G6,GPU,asus,asus phoenix oc,2023,212.71,53.1775,$/GB VRAM
asus phoenix oc | GeForce GTX 1660 SUPER,GPU,asus,asus phoenix oc,2023,243.0,40.5,$/GB VRAM
asus phoenix oc | GeForce GTX 1660 SUPER,GPU,asus,asus phoenix oc,2025,289.0,48.166666666666664,$/GB VRAM
asus phoenix | GeForce GTX 1050 Ti,GPU,asus,asus phoenix,2023,294.95,73.7375,$/GB VRAM
asus phoenix | GeForce RTX 3050 8GB,GPU,asus,asus phoenix,2023,229.99,28.74875,$/GB VRAM
asus phoenix | GeForce RTX 3050 8GB,GPU,asus,asus phoenix,2025,299.99,37.49875,$/GB VRAM
asus phoenix | GeForce RTX 3060 12GB,GPU,asus,asus phoenix,2023,349.9,29.15833333333333,$/GB VRAM
asus phoenix | Radeon RX 550 - 512,GPU,asus,asus phoenix,2023,108.12,54.06,$/GB VRAM
asus phoenix | Radeon RX 6400,GPU,asus,asus phoenix,2023,154.71,38.6775,$/GB VRAM
asus prime oc | GeForce RTX 4070 SUPER,GPU,asus,asus prime oc,2025,899.97,74.9975,$/GB VRAM
asus prime oc | GeForce RTX 4070 Ti SUPER,GPU,asus,asus prime oc,2025,1129.0,70.5625,$/GB VRAM
asus prime oc | GeForce RTX 5050,GPU,asus,asus prime oc,2025,289.99,36.24875,$/GB VRAM
asus prime oc | GeForce RTX 5060,GPU,asus,asus prime oc,2025,379.99,47.49875,$/GB VRAM
asus prime oc | GeForce RTX 5060 Ti,GPU,asus,asus prime oc,2025,464.99,29.061875,$/GB VRAM
asus prime oc | GeForce RTX 5070,GPU,asus,asus prime oc,2025,649.99,54.16583333333333,$/GB VRAM
asus prime oc | GeForce RTX 5070 Ti,GPU,asus,asus prime oc,2025,939.99,58.749375,$/GB VRAM
asus prime oc | GeForce RTX 5080,GPU,asus,asus prime oc,2025,1399.99,87.499375,$/GB VRAM
asus prime oc | Radeon RX 9060 XT,GPU,asus,asus prime oc,2025,409.0,25.5625,$/GB VRAM
asus prime oc | Radeon RX 9070,GPU,asus,asus prime oc,2025,737.85,46.115625,$/GB VRAM
asus prime oc | Radeon RX 9070 XT,GPU,asus,asus prime oc,2025,719.99,44.999375,$/GB VRAM
asus prime | GeForce RTX 5060,GPU,asus,asus prime,2025,299.99,37.49875,$/GB VRAM
asus prime | GeForce RTX 5060 Ti,GPU,asus,asus prime,2025,449.99,28.124375,$/GB VRAM
asus prime | GeForce RTX 5070,GPU,asus,asus prime,2025,609.99,50.8325,$/GB VRAM
asus prime | GeForce RTX 5070 Ti,GPU,asus,asus prime,2025,829.99,51.874375,$/GB VRAM
asus prime | GeForce RTX 5080,GPU,asus,asus prime,2025,1264.99,79.061875,$/GB VRAM
asus prime | Radeon RX 9070 XT,GPU,asus,asus prime,2025,612.98,38.31125,$/GB VRAM
asus proart oc | GeForce RTX 4060,GPU,asus,asus proart oc,2023,364.99,45.62375,$/GB VRAM
asus proart oc | GeForce RTX 4060,GPU,asus,asus proart oc,2025,720.0,90.0,$/GB VRAM
asus proart oc | GeForce RTX 4060 Ti,GPU,asus,asus proart oc,2023,509.99,31.874375,$/GB VRAM
asus proart oc | GeForce RTX 4060 Ti,GPU,asus,asus proart oc,2025,1198.0,74.875,$/GB VRAM
asus proart oc | GeForce RTX 4070,GPU,asus,asus proart oc,2023,579.99,48.3325,$/GB VRAM
asus proart oc | GeForce RTX 4070 SUPER,GPU,asus,asus proart oc,2023,669.99,55.8325,$/GB VRAM
asus proart oc | GeForce RTX 4070 SUPER,GPU,asus,asus proart oc,2025,1295.0,107.91666666666667,$/GB VRAM
asus proart oc | GeForce RTX 4070 Ti,GPU,asus,asus proart oc,2023,849.99,70.8325,$/GB VRAM
asus proart oc | GeForce RTX 4070 Ti SUPER,GPU,asus,asus proart oc,2023,859.99,53.749375,$/GB VRAM
asus proart oc | GeForce RTX 4080,GPU,asus,asus proart oc,2023,1556.98,97.31125,$/GB VRAM
asus proart oc | GeForce RTX 4080,GPU,asus,asus proart oc,2025,1958.0,122.375,$/GB VRAM
asus proart oc | GeForce RTX 4080 SUPER,GPU,asus,asus proart oc,2023,1129.99,70.624375,$/GB VRAM
asus proart oc | GeForce RTX 4080 SUPER,GPU,asus,asus proart oc,2025,1799.0,112.4375,$/GB VRAM
asus proart | GeForce RTX 4070 Ti,GPU,asus,asus proart,2023,838.31,69.85916666666667,$/GB VRAM
asus r7240-2gd3-l | Radeon R7 240,GPU,asus,asus r7240-2gd3-l,2025,124.74,62.37,$/GB VRAM
asus r7265-dc2-2gd5 | Radeon R7 265,GPU,asus,asus r7265-dc2-2gd5,2025,159.72,79.86,$/GB VRAM
asus r9290-4gd5 | Radeon R9 290,GPU,asus,asus r9290-4gd5,2025,448.14,112.035,$/GB VRAM
asus rog astral oc | GeForce RTX 5080,GPU,asus,asus rog astral oc,2025,1799.99,112.499375,$/GB VRAM
asus rog astral oc | GeForce RTX 5090,GPU,asus,asus rog astral oc,2025,3359.99,104.9996875,$/GB VRAM
asus rog astral | GeForce RTX 5080,GPU,asus,asus rog astral,2025,1762.98,110.18625,$/GB VRAM
asus rog strix btf gaming oc | GeForce RTX 4090,GPU,asus,asus rog strix btf gaming oc,2025,3499.99,145.83291666666665,$/GB VRAM
asus rog strix gaming oc v2 | GeForce RTX 3060 12GB,GPU,asus,asus rog strix gaming oc v2,2023,669.99,55.8325,$/GB VRAM
asus rog strix gaming oc v2 | GeForce RTX 3060 12GB,GPU,asus,asus rog strix gaming oc v2,2025,699.99,58.3325,$/GB VRAM
asus rog strix gaming oc v2 | GeForce RTX 3060 Ti LHR,GPU,asus,asus rog strix gaming oc v2,2023,714.99,89.37375,$/GB VRAM
asus rog strix gaming oc v2 | GeForce RTX 3060 Ti LHR,GPU,asus,asus rog strix gaming oc v2,2025,485.17,60.64625,$/GB VRAM
asus rog strix gaming oc v2 | GeForce RTX 3070 LHR,GPU,asus,asus rog strix gaming oc v2,2023,629.0,78.625,$/GB VRAM
asus rog strix gaming oc v2 | GeForce RTX 3070 LHR,GPU,asus,asus rog strix gaming oc v2,2025,995.0,124.375,$/GB VRAM
asus rog strix gaming oc v2 | GeForce RTX 3080 10GB LHR,GPU,asus,asus rog strix gaming oc v2,2023,949.9,94.99,$/GB VRAM
asus rog strix gaming oc v2 | GeForce RTX 3080 10GB LHR,GPU,asus,asus rog strix gaming oc v2,2025,1099.0,109.9,$/GB VRAM
asus rog strix gaming oc | GeForce RTX 3050 8GB,GPU,asus,asus rog strix gaming oc,2025,429.99,53.74875,$/GB VRAM
asus rog strix gaming oc | GeForce RTX 3070,GPU,asus,asus rog strix gaming oc,2023,739.0,92.375,$/GB VRAM
asus rog strix gaming oc | GeForce RTX 3070,GPU,asus,asus rog strix gaming oc,2025,725.0,90.625,$/GB VRAM
asus rog strix gaming oc | GeForce RTX 3070 Ti,GPU,asus,asus rog strix gaming oc,2023,949.99,118.74875,$/GB VRAM
asus rog strix gaming oc | GeForce RTX 3070 Ti,GPU,asus,asus rog strix gaming oc,2025,835.0,104.375,$/GB VRAM
asus rog strix gaming oc | GeForce RTX 3080 12GB LHR,GPU,asus,asus rog strix gaming oc,2023,999.0,83.25,$/GB VRAM
asus rog strix gaming oc | GeForce RTX 3080 12GB LHR,GPU,asus,asus rog strix gaming oc,2025,999.99,83.3325,$/GB VRAM
asus rog strix gaming oc | GeForce RTX 3080 Ti,GPU,asus,asus rog strix gaming oc,2023,1299.95,108.32916666666667,$/GB VRAM
asus rog strix gaming oc | GeForce RTX 3080 Ti,GPU,asus,asus rog strix gaming oc,2025,1298.0,108.16666666666667,$/GB VRAM
asus rog strix gaming oc | GeForce RTX 4060 Ti,GPU,asus,asus rog strix gaming oc,2023,666.86,41.67875,$/GB VRAM
asus rog strix gaming oc | GeForce RTX 4070,GPU,asus,asus rog strix gaming oc,2023,699.99,58.3325,$/GB VRAM
asus rog strix gaming oc | GeForce RTX 4070 SUPER,GPU,asus,asus rog strix gaming oc,2023,749.0,62.416666666666664,$/GB VRAM
asus rog strix gaming oc | GeForce RTX 4070 SUPER,GPU,asus,asus rog strix gaming oc,2025,1229.99,102.49916666666667,$/GB VRAM
asus rog strix gaming oc | GeForce RTX 4070 Ti,GPU,asus,asus rog strix gaming oc,2025,1298.0,108.16666666666667,$/GB VRAM
asus rog strix gaming oc | GeForce RTX 4070 Ti SUPER,GPU,asus,asus rog strix gaming oc,2023,949.99,59.374375,$/GB VRAM
asus rog strix gaming oc | GeForce RTX 4070 Ti SUPER,GPU,asus,asus rog strix gaming oc,2025,1398.0,87.375,$/GB VRAM
asus rog strix gaming oc | GeForce RTX 4080,GPU,asus,asus rog strix gaming oc,2023,1624.95,101.559375,$/GB VRAM
asus rog strix gaming oc | GeForce RTX 4080,GPU,asus,asus rog strix gaming oc,2025,1799.99,112.499375,$/GB VRAM
asus rog strix gaming oc | GeForce RTX 4080 SUPER,GPU,asus,asus rog strix gaming oc,2023,1274.99,79.686875,$/GB VRAM
asus rog strix gaming oc | GeForce RTX 4080 SUPER,GPU,asus,asus rog strix gaming oc,2025,1642.5,102.65625,$/GB VRAM
asus rog strix gaming oc | GeForce RTX 4090,GPU,asus,asus rog strix gaming oc,2023,2004.5,83.52083333333333,$/GB VRAM
asus rog strix gaming oc | GeForce RTX 4090,GPU,asus,asus rog strix gaming oc,2025,3362.5,140.10416666666666,$/GB VRAM
asus rog strix gaming oc | Radeon RX 6600 XT,GPU,asus,asus rog strix gaming oc,2023,449.99,56.24875,$/GB VRAM
asus rog strix gaming oc | Radeon RX 6600 XT,GPU,asus,asus rog strix gaming oc,2025,449.99,56.24875,$/GB VRAM
asus rog strix gaming oc | Radeon RX 6650 XT,GPU,asus,asus rog strix gaming oc,2025,459.99,57.49875,$/GB VRAM
asus rog strix gaming oc | Radeon RX 6700 XT,GPU,asus,asus rog strix gaming oc,2025,795.0,66.25,$/GB VRAM
asus rog strix gaming oc | Radeon RX 6750 XT,GPU,asus,asus rog strix gaming oc,2025,679.99,56.66583333333333,$/GB VRAM
asus rog strix gaming | GeForce RTX 4070 SUPER,GPU,asus,asus rog strix gaming,2023,729.99,60.8325,$/GB VRAM
asus rog strix gaming | GeForce RTX 4070 Ti,GPU,asus,asus rog strix gaming,2023,849.99,70.8325,$/GB VRAM
asus rog strix gaming | GeForce RTX 4070 Ti,GPU,asus,asus rog strix gaming,2025,1298.0,108.16666666666667,$/GB VRAM
asus rog strix gaming | GeForce RTX 4080,GPU,asus,asus rog strix gaming,2023,1614.5,100.90625,$/GB VRAM
asus rog strix gaming | GeForce RTX 4080,GPU,asus,asus rog strix gaming,2025,1499.99,93.749375,$/GB VRAM
asus rog strix gaming | GeForce RTX 4080 SUPER,GPU,asus,asus rog strix gaming,2023,1494.99,93.436875,$/GB VRAM
asus rog strix gaming | GeForce RTX 4080 SUPER,GPU,asus,asus rog strix gaming,2025,2499.98,156.24875,$/GB VRAM
asus rog strix gaming | GeForce RTX 4090,GPU,asus,asus rog strix gaming,2023,1999.98,83.3325,$/GB VRAM
asus rog strix gaming | GeForce RTX 4090,GPU,asus,asus rog strix gaming,2025,3600.0,150.0,$/GB VRAM
asus rog strix lc gaming oc | GeForce RTX 3080 Ti,GPU,asus,asus rog strix lc gaming oc,2023,1579.95,131.6625,$/GB VRAM
asus rog strix lc gaming oc | GeForce RTX 3080 Ti,GPU,asus,asus rog strix lc gaming oc,2025,1789.0,149.08333333333334,$/GB VRAM
asus rog strix lc gaming oc | GeForce RTX 4090,GPU,asus,asus rog strix lc gaming oc,2023,3458.49,144.10375,$/GB VRAM
asus rog strix lc gaming | GeForce RTX 4090,GPU,asus,asus rog strix lc gaming,2023,3458.48,144.10333333333332,$/GB VRAM
asus rog strix oc | GeForce RTX 4060,GPU,asus,asus rog strix oc,2023,387.13,48.39125,$/GB VRAM
asus rog strix oc | GeForce RTX 4060,GPU,asus,asus rog strix oc,2025,447.31,55.91375,$/GB VRAM
asus rog strix oc | GeForce RTX 4060 Ti,GPU,asus,asus rog strix oc,2023,479.99,59.99875,$/GB VRAM
asus rog strix oc | Radeon RX 7600,GPU,asus,asus rog strix oc,2023,426.17,53.27125,$/GB VRAM
asus rog strix white oc v2 | GeForce RTX 3080 10GB LHR,GPU,asus,asus rog strix white oc v2,2023,1699.0,169.9,$/GB VRAM
asus rog strix white oc | GeForce RTX 3080 10GB,GPU,asus,asus rog strix white oc,2025,1219.99,121.999,$/GB VRAM
asus rog strix white oc | GeForce RTX 3090,GPU,asus,asus rog strix white oc,2023,1509.0,62.875,$/GB VRAM
asus rog strix white oc | GeForce RTX 3090,GPU,asus,asus rog strix white oc,2025,1999.99,83.33291666666666,$/GB VRAM
asus rog strix | GeForce GTX 1070 Ti,GPU,asus,asus rog strix,2023,599.0,74.875,$/GB VRAM
asus rog strix | GeForce GTX 1070 Ti,GPU,asus,asus rog strix,2025,549.0,68.625,$/GB VRAM
asus rog strix | GeForce GTX 1080,GPU,asus,asus rog strix,2023,598.99,74.87375,$/GB VRAM
asus rog strix | GeForce GTX 1080,GPU,asus,asus rog strix,2025,498.0,62.25,$/GB VRAM
asus rog strix | Radeon RX 480,GPU,asus,asus rog strix,2025,379.0,47.375,$/GB VRAM
asus rog strix | Radeon RX 570,GPU,asus,asus rog strix,2023,328.66,82.165,$/GB VRAM
asus rog strix | Radeon RX 580,GPU,asus,asus rog strix,2025,509.99,63.74875,$/GB VRAM
asus rog strix | Radeon RX VEGA 64,GPU,asus,asus rog strix,2025,499.0,62.375,$/GB VRAM
asus rog strix-gtx1070-o8g-gaming | GeForce GTX 1070,GPU,asus,asus rog strix-gtx1070-o8g-gaming,2023,599.97,74.99625,$/GB VRAM
asus rog strix-gtx1070-o8g-gaming | GeForce GTX 1070,GPU,asus,asus rog strix-gtx1070-o8g-gaming,2025,499.0,62.375,$/GB VRAM
asus strix gaming advanced | GeForce GTX 1660 Ti,GPU,asus,asus strix gaming advanced,2023,455.0,75.83333333333333,$/GB VRAM
asus strix gaming advanced | GeForce RTX 2070,GPU,asus,asus strix gaming advanced,2023,575.0,71.875,$/GB VRAM
asus strix gaming advanced | GeForce RTX 2070,GPU,asus,asus strix gaming advanced,2025,685.0,85.625,$/GB VRAM
asus strix gaming advanced | GeForce RTX 2070 SUPER,GPU,asus,asus strix gaming advanced,2025,735.0,91.875,$/GB VRAM
asus strix gaming advanced | GeForce RTX 2080 Ti,GPU,asus,asus strix gaming advanced,2023,979.0,89.0,$/GB VRAM
asus strix gaming advanced | GeForce RTX 2080 Ti,GPU,asus,asus strix gaming advanced,2025,979.0,89.0,$/GB VRAM
asus strix gaming oc | GeForce GTX 1650 G5,GPU,asus,asus strix gaming oc,2023,500.97,125.2425,$/GB VRAM
asus strix gaming oc | GeForce RTX 2060,GPU,asus,asus strix gaming oc,2023,549.0,91.5,$/GB VRAM
asus strix gaming oc | GeForce RTX 2060,GPU,asus,asus strix gaming oc,2025,599.0,99.83333333333333,$/GB VRAM
asus strix gaming oc | GeForce RTX 2070,GPU,asus,asus strix gaming oc,2023,575.0,71.875,$/GB VRAM
asus strix gaming oc | GeForce RTX 2070,GPU,asus,asus strix gaming oc,2025,685.0,85.625,$/GB VRAM
asus strix gaming oc | GeForce RTX 2080,GPU,asus,asus strix gaming oc,2023,445.0,55.625,$/GB VRAM
asus strix gaming oc | GeForce RTX 2080,GPU,asus,asus strix gaming oc,2025,795.0,99.375,$/GB VRAM
asus strix gaming oc | GeForce RTX 2080 Ti,GPU,asus,asus strix gaming oc,2023,979.0,89.0,$/GB VRAM
asus strix gaming oc | GeForce RTX 2080 Ti,GPU,asus,asus strix gaming oc,2025,979.0,89.0,$/GB VRAM
asus strix gaming oc | GeForce RTX 3090,GPU,asus,asus strix gaming oc,2023,1489.95,62.081250000000004,$/GB VRAM
asus strix gaming oc | GeForce RTX 3090,GPU,asus,asus strix gaming oc,2025,1599.99,66.66625,$/GB VRAM
asus strix gaming oc | Radeon RX 5600 XT,GPU,asus,asus strix gaming oc,2023,449.0,74.83333333333333,$/GB VRAM
asus strix gaming oc | Radeon RX 5600 XT,GPU,asus,asus strix gaming oc,2025,498.0,83.0,$/GB VRAM
asus strix gaming | GeForce GTX 1080 Ti,GPU,asus,asus strix gaming,2023,599.0,54.45454545454545,$/GB VRAM
asus strix gaming | GeForce GTX 1080 Ti,GPU,asus,asus strix gaming,2025,749.0,68.0909090909091,$/GB VRAM
asus strix gaming | GeForce RTX 2080 Ti,GPU,asus,asus strix gaming,2023,999.0,90.81818181818181,$/GB VRAM
asus strix gaming | GeForce RTX 2080 Ti,GPU,asus,asus strix gaming,2025,999.0,90.81818181818181,$/GB VRAM
asus strix gaming | GeForce RTX 4070,GPU,asus,asus strix gaming,2023,679.99,56.66583333333333,$/GB VRAM
asus strix lc gaming oc | GeForce RTX 3090 Ti,GPU,asus,asus strix lc gaming oc,2025,1499.99,62.499583333333334,$/GB VRAM
asus strix oc | GeForce RTX 3070,GPU,asus,asus strix oc,2025,1672.49,209.06125,$/GB VRAM
asus strix | GeForce GTX 980,GPU,asus,asus strix,2023,379.0,94.75,$/GB VRAM
asus strix | GeForce GTX 980,GPU,asus,asus strix,2025,379.0,94.75,$/GB VRAM
asus strix-gtx960-dc2oc-2gd5 | GeForce GTX 960,GPU,asus,asus strix-gtx960-dc2oc-2gd5,2023,199.99,99.995,$/GB VRAM
asus strix-gtx960-dc2oc-2gd5 | GeForce GTX 960,GPU,asus,asus strix-gtx960-dc2oc-2gd5,2025,249.0,124.5,$/GB VRAM
asus strix-r9390-dc3oc-8gd5-gaming | Radeon R9 390,GPU,asus,asus strix-r9390-dc3oc-8gd5-gaming,2023,299.0,37.375,$/GB VRAM
asus strix-r9390-dc3oc-8gd5-gaming | Radeon R9 390,GPU,asus,asus strix-r9390-dc3oc-8gd5-gaming,2025,299.0,37.375,$/GB VRAM
asus tuf gaming btf oc | GeForce RTX 4070 Ti,GPU,asus,asus tuf gaming btf oc,2025,1589.88,99.3675,$/GB VRAM
asus tuf gaming evo oc | GeForce GTX 1660 Ti,GPU,asus,asus tuf gaming evo oc,2023,359.99,59.998333333333335,$/GB VRAM
asus tuf gaming evo oc | GeForce GTX 1660 Ti,GPU,asus,asus tuf gaming evo oc,2025,420.0,70.0,$/GB VRAM
asus tuf gaming oc p | GeForce GTX 1650 G6,GPU,asus,asus tuf gaming oc p,2023,239.99,59.9975,$/GB VRAM
asus tuf gaming oc p | GeForce GTX 1650 G6,GPU,asus,asus tuf gaming oc p,2025,255.99,63.9975,$/GB VRAM
asus tuf gaming oc v2 | GeForce RTX 3060 12GB,GPU,asus,asus tuf gaming oc v2,2023,469.99,39.16583333333333,$/GB VRAM
asus tuf gaming oc v2 | GeForce RTX 3060 12GB,GPU,asus,asus tuf gaming oc v2,2025,456.61,38.05083333333334,$/GB VRAM
asus tuf gaming oc v2 | GeForce RTX 3060 Ti LHR,GPU,asus,asus tuf gaming oc v2,2023,610.0,76.25,$/GB VRAM
asus tuf gaming oc v2 | GeForce RTX 3060 Ti LHR,GPU,asus,asus tuf gaming oc v2,2025,698.97,87.37125,$/GB VRAM
asus tuf gaming oc v2 | GeForce RTX 3070 LHR,GPU,asus,asus tuf gaming oc v2,2023,599.0,74.875,$/GB VRAM
asus tuf gaming oc v2 | GeForce RTX 3070 Ti,GPU,asus,asus tuf gaming oc v2,2023,849.0,106.125,$/GB VRAM
asus tuf gaming oc v2 | GeForce RTX 3080 10GB LHR,GPU,asus,asus tuf gaming oc v2,2023,929.0,92.9,$/GB VRAM
asus tuf gaming oc v2 | GeForce RTX 3080 10GB LHR,GPU,asus,asus tuf gaming oc v2,2025,1049.0,104.9,$/GB VRAM
asus tuf gaming oc | GeForce GTX 1630,GPU,asus,asus tuf gaming oc,2023,215.68,53.92,$/GB VRAM
asus tuf gaming oc | GeForce GTX 1650 G6,GPU,asus,asus tuf gaming oc,2023,315.02,78.755,$/GB VRAM
asus tuf gaming oc | GeForce GTX 1650 G6,GPU,asus,asus tuf gaming oc,2025,335.0,83.75,$/GB VRAM
asus tuf gaming oc | GeForce GTX 1660 SUPER,GPU,asus,asus tuf gaming oc,2023,329.99,54.998333333333335,$/GB VRAM
asus tuf gaming oc | GeForce GTX 1660 SUPER,GPU,asus,asus tuf gaming oc,2025,267.3,44.550000000000004,$/GB VRAM
asus tuf gaming oc | GeForce RTX 3050 8GB,GPU,asus,asus tuf gaming oc,2023,377.9,47.2375,$/GB VRAM
asus tuf gaming oc | GeForce RTX 3050 8GB,GPU,asus,asus tuf gaming oc,2025,389.99,48.74875,$/GB VRAM
asus tuf gaming oc | GeForce RTX 3060 Ti,GPU,asus,asus tuf gaming oc,2023,615.0,76.875,$/GB VRAM
asus tuf gaming oc | GeForce RTX 3060 Ti,GPU,asus,asus tuf gaming oc,2025,749.5,93.6875,$/GB VRAM
asus tuf gaming oc | GeForce RTX 3070,GPU,asus,asus tuf gaming oc,2023,577.82,72.2275,$/GB VRAM
asus tuf gaming oc | GeForce RTX 3070,GPU,asus,asus tuf gaming oc,2025,698.0,87.25,$/GB VRAM
asus tuf gaming oc | GeForce RTX 3080 12GB LHR,GPU,asus,asus tuf gaming oc,2023,999.0,83.25,$/GB VRAM
asus tuf gaming oc | GeForce RTX 3080 12GB LHR,GPU,asus,asus tuf gaming oc,2025,1145.0,95.41666666666667,$/GB VRAM
asus tuf gaming oc | GeForce RTX 3080 Ti,GPU,asus,asus tuf gaming oc,2023,988.59,82.38250000000001,$/GB VRAM
asus tuf gaming oc | GeForce RTX 3080 Ti,GPU,asus,asus tuf gaming oc,2025,1199.0,99.91666666666667,$/GB VRAM
asus tuf gaming oc | GeForce RTX 3090,GPU,asus,asus tuf gaming oc,2025,1599.99,66.66625,$/GB VRAM
asus tuf gaming oc | GeForce RTX 3090 Ti,GPU,asus,asus tuf gaming oc,2023,1799.95,74.99791666666667,$/GB VRAM
asus tuf gaming oc | GeForce RTX 4060 Ti,GPU,asus,asus tuf gaming oc,2023,439.99,54.99875,$/GB VRAM
asus tuf gaming oc | GeForce RTX 4060 Ti,GPU,asus,asus tuf gaming oc,2025,705.56,88.195,$/GB VRAM
asus tuf gaming oc | GeForce RTX 4070,GPU,asus,asus tuf gaming oc,2023,649.99,54.16583333333333,$/GB VRAM
asus tuf gaming oc | GeForce RTX 4070,GPU,asus,asus tuf gaming oc,2025,795.0,66.25,$/GB VRAM
asus tuf gaming oc | GeForce RTX 4070 SUPER,GPU,asus,asus tuf gaming oc,2023,659.99,54.99916666666667,$/GB VRAM
asus tuf gaming oc | GeForce RTX 4070 SUPER,GPU,asus,asus tuf gaming oc,2025,1189.0,99.08333333333333,$/GB VRAM
asus tuf gaming oc | GeForce RTX 4070 Ti,GPU,asus,asus tuf gaming oc,2023,952.5,79.375,$/GB VRAM
asus tuf gaming oc | GeForce RTX 4070 Ti,GPU,asus,asus tuf gaming oc,2025,1197.49,99.79083333333334,$/GB VRAM
asus tuf gaming oc | GeForce RTX 4070 Ti SUPER,GPU,asus,asus tuf gaming oc,2023,864.99,54.061875,$/GB VRAM
asus tuf gaming oc | GeForce RTX 4070 Ti SUPER,GPU,asus,asus tuf gaming oc,2025,1337.38,83.58625,$/GB VRAM
asus tuf gaming oc | GeForce RTX 4080,GPU,asus,asus tuf gaming oc,2023,1557.98,97.37375,$/GB VRAM
asus tuf gaming oc | GeForce RTX 4080,GPU,asus,asus tuf gaming oc,2025,1889.0,118.0625,$/GB VRAM
asus tuf gaming oc | GeForce RTX 4080 SUPER,GPU,asus,asus tuf gaming oc,2023,1099.99,68.749375,$/GB VRAM
asus tuf gaming oc | GeForce RTX 4080 SUPER,GPU,asus,asus tuf gaming oc,2025,1798.99,112.436875,$/GB VRAM
asus tuf gaming oc | GeForce RTX 4090,GPU,asus,asus tuf gaming oc,2023,1779.99,74.16625,$/GB VRAM
asus tuf gaming oc | GeForce RTX 4090,GPU,asus,asus tuf gaming oc,2025,3275.0,136.45833333333334,$/GB VRAM
asus tuf gaming oc | GeForce RTX 5060,GPU,asus,asus tuf gaming oc,2025,409.99,51.24875,$/GB VRAM
asus tuf gaming oc | GeForce RTX 5060 Ti,GPU,asus,asus tuf gaming oc,2025,569.99,35.624375,$/GB VRAM
asus tuf gaming oc | GeForce RTX 5070,GPU,asus,asus tuf gaming oc,2025,604.99,50.41583333333333,$/GB VRAM
asus tuf gaming oc | GeForce RTX 5070 Ti,GPU,asus,asus tuf gaming oc,2025,1004.5,62.78125,$/GB VRAM
asus tuf gaming oc | GeForce RTX 5080,GPU,asus,asus tuf gaming oc,2025,1564.99,97.811875,$/GB VRAM
asus tuf gaming oc | GeForce RTX 5090,GPU,asus,asus tuf gaming oc,2025,2940.55,91.8921875,$/GB VRAM
asus tuf gaming oc | Radeon RX 6500 XT,GPU,asus,asus tuf gaming oc,2023,209.99,52.4975,$/GB VRAM
asus tuf gaming oc | Radeon RX 6500 XT,GPU,asus,asus tuf gaming oc,2025,413.77,103.4425,$/GB VRAM
asus tuf gaming oc | Radeon RX 6700 XT,GPU,asus,asus tuf gaming oc,2023,574.0,47.833333333333336,$/GB VRAM
asus tuf gaming oc | Radeon RX 6700 XT,GPU,asus,asus tuf gaming oc,2025,868.88,72.40666666666667,$/GB VRAM
asus tuf gaming oc | Radeon RX 6800,GPU,asus,asus tuf gaming oc,2025,1289.0,80.5625,$/GB VRAM
asus tuf gaming oc | Radeon RX 6900 XT,GPU,asus,asus tuf gaming oc,2023,1399.99,87.499375,$/GB VRAM
asus tuf gaming oc | Radeon RX 7600 XT,GPU,asus,asus tuf gaming oc,2023,379.99,23.749375,$/GB VRAM
asus tuf gaming oc | Radeon RX 7700 XT,GPU,asus,asus tuf gaming oc,2023,439.99,36.66583333333333,$/GB VRAM
asus tuf gaming oc | Radeon RX 7800 XT,GPU,asus,asus tuf gaming oc,2023,700.09,43.755625,$/GB VRAM
asus tuf gaming oc | Radeon RX 7900 XT,GPU,asus,asus tuf gaming oc,2023,799.99,39.9995,$/GB VRAM
asus tuf gaming oc | Radeon RX 7900 XT,GPU,asus,asus tuf gaming oc,2025,799.99,39.9995,$/GB VRAM
asus tuf gaming oc | Radeon RX 7900 XTX,GPU,asus,asus tuf gaming oc,2023,1069.99,44.58291666666667,$/GB VRAM
asus tuf gaming oc | Radeon RX 7900 XTX,GPU,asus,asus tuf gaming oc,2025,1849.99,77.08291666666666,$/GB VRAM
asus tuf gaming oc | Radeon RX 9060 XT,GPU,asus,asus tuf gaming oc,2025,479.99,29.999375,$/GB VRAM
asus tuf gaming oc | Radeon RX 9070,GPU,asus,asus tuf gaming oc,2025,1056.64,66.04,$/GB VRAM
asus tuf gaming oc | Radeon RX 9070 XT,GPU,asus,asus tuf gaming oc,2025,945.2,59.075,$/GB VRAM
asus tuf gaming og oc | GeForce RTX 4070 Ti SUPER,GPU,asus,asus tuf gaming og oc,2025,1189.0,74.3125,$/GB VRAM
asus tuf gaming og oc | GeForce RTX 4090,GPU,asus,asus tuf gaming og oc,2023,1779.99,74.16625,$/GB VRAM
asus tuf gaming og oc | GeForce RTX 4090,GPU,asus,asus tuf gaming og oc,2025,1819.99,75.83291666666666,$/GB VRAM
asus tuf gaming og | GeForce RTX 4090,GPU,asus,asus tuf gaming og,2023,2249.98,93.74916666666667,$/GB VRAM
asus tuf gaming v2 | GeForce RTX 3060 Ti LHR,GPU,asus,asus tuf gaming v2,2023,619.9,77.4875,$/GB VRAM
asus tuf gaming | GeForce GTX 1650 SUPER,GPU,asus,asus tuf gaming,2023,210.72,52.68,$/GB VRAM
asus tuf gaming | GeForce RTX 3070 Ti,GPU,asus,asus tuf gaming,2023,599.0,74.875,$/GB VRAM
asus tuf gaming | GeForce RTX 3070 Ti,GPU,asus,asus tuf gaming,2025,799.0,99.875,$/GB VRAM
asus tuf gaming | GeForce RTX 3080 Ti,GPU,asus,asus tuf gaming,2023,1299.95,108.32916666666667,$/GB VRAM
asus tuf gaming | GeForce RTX 3080 Ti,GPU,asus,asus tuf gaming,2025,1249.99,104.16583333333334,$/GB VRAM
asus tuf gaming | GeForce RTX 4060 Ti,GPU,asus,asus tuf gaming,2023,449.99,56.24875,$/GB VRAM
asus tuf gaming | GeForce RTX 4070,GPU,asus,asus tuf gaming,2023,629.99,52.49916666666667,$/GB VRAM
asus tuf gaming | GeForce RTX 4070,GPU,asus,asus tuf gaming,2025,649.99,54.16583333333333,$/GB VRAM
asus tuf gaming | GeForce RTX 4070 Ti,GPU,asus,asus tuf gaming,2023,999.9,83.325,$/GB VRAM
asus tuf gaming | GeForce RTX 4070 Ti,GPU,asus,asus tuf gaming,2025,1189.0,99.08333333333333,$/GB VRAM
asus tuf gaming | GeForce RTX 4070 Ti SUPER,GPU,asus,asus tuf gaming,2025,1168.51,73.031875,$/GB VRAM
asus tuf gaming | GeForce RTX 4080,GPU,asus,asus tuf gaming,2023,1494.9,93.43125,$/GB VRAM
asus tuf gaming | GeForce RTX 4080,GPU,asus,asus tuf gaming,2025,1889.0,118.0625,$/GB VRAM
asus tuf gaming | GeForce RTX 4080 SUPER,GPU,asus,asus tuf gaming,2023,999.99,62.499375,$/GB VRAM
asus tuf gaming | GeForce RTX 4080 SUPER,GPU,asus,asus tuf gaming,2025,1984.99,124.061875,$/GB VRAM
asus tuf gaming | GeForce RTX 4090,GPU,asus,asus tuf gaming,2023,2099.98,87.49916666666667,$/GB VRAM
asus tuf gaming | GeForce RTX 5060,GPU,asus,asus tuf gaming,2025,558.72,69.84,$/GB VRAM
asus tuf gaming | GeForce RTX 5080,GPU,asus,asus tuf gaming,2025,1264.99,79.061875,$/GB VRAM
asus tuf gaming | GeForce RTX 5090,GPU,asus,asus tuf gaming,2025,2759.99,86.2496875,$/GB VRAM
asus tuf-rtx3060-o12g-demonslayer | GeForce RTX 3060 12GB,GPU,asus,asus tuf-rtx3060-o12g-demonslayer,2025,745.0,62.083333333333336,$/GB VRAM
asus tuf-rx6800xt-o16g-gaming | Radeon RX 6800 XT,GPU,asus,asus tuf-rx6800xt-o16g-gaming,2025,998.0,62.375,$/GB VRAM
asus turbo evo | GeForce RTX 2060 SUPER,GPU,asus,asus turbo evo,2025,635.0,79.375,$/GB VRAM
asus turbo | GeForce GTX 1060 6GB,GPU,asus,asus turbo,2025,379.99,63.33166666666667,$/GB VRAM
asus turbo | GeForce GTX 1070 Ti,GPU,asus,asus turbo,2025,861.44,107.68,$/GB VRAM
asus turbo | GeForce GTX 1080,GPU,asus,asus turbo,2023,579.0,72.375,$/GB VRAM
asus turbo | GeForce GTX 1080,GPU,asus,asus turbo,2025,495.0,61.875,$/GB VRAM
asus turbo | GeForce GTX 1080 Ti,GPU,asus,asus turbo,2023,599.0,54.45454545454545,$/GB VRAM
asus turbo | GeForce GTX 1080 Ti,GPU,asus,asus turbo,2025,545.0,49.54545454545455,$/GB VRAM
asus turbo | GeForce RTX 2060,GPU,asus,asus turbo,2023,499.0,83.16666666666667,$/GB VRAM
asus turbo | GeForce RTX 2060,GPU,asus,asus turbo,2025,548.97,91.495,$/GB VRAM
asus turbo | GeForce RTX 2080 Ti,GPU,asus,asus turbo,2023,1289.0,117.18181818181819,$/GB VRAM
asus turbo | GeForce RTX 2080 Ti,GPU,asus,asus turbo,2025,869.0,79.0,$/GB VRAM
asus turbo | GeForce RTX 4070,GPU,asus,asus turbo,2023,719.57,59.96416666666667,$/GB VRAM
asus turbo-gtx1070-8g | GeForce GTX 1070,GPU,asus,asus turbo-gtx1070-8g,2023,379.0,47.375,$/GB VRAM
asus turbo-gtx1070-8g | GeForce GTX 1070,GPU,asus,asus turbo-gtx1070-8g,2025,479.0,59.875,$/GB VRAM
bfg bfge94512gte | GeForce 9400 GT,GPU,bfg,bfg bfge94512gte,2025,129.99,259.98,$/GB VRAM
diamond 6450pe31g | Radeon HD 6450,GPU,diamond,diamond 6450pe31g,2023,55.25,55.25,$/GB VRAM
evga 012-p3-1578-ar | GeForce GTX 570,GPU,evga,evga 012-p3-1578-ar,2025,288.74,230.99200000000002,$/GB VRAM
evga 01g-p1-n948-lr | GeForce 9400 GT,GPU,evga,evga 01g-p1-n948-lr,2025,181.98,181.98,$/GB VRAM
evga 01g-p3-1302-lr | GeForce 8400 GS,GPU,evga,evga 01g-p3-1302-lr,2023,84.48,84.48,$/GB VRAM
evga 01g-p3-1302-lr | GeForce 8400 GS,GPU,evga,evga 01g-p3-1302-lr,2025,74.91,74.91,$/GB VRAM
evga 01g-p3-1303-kr | GeForce 8400 GS,GPU,evga,evga 01g-p3-1303-kr,2025,99.0,99.0,$/GB VRAM
evga 01g-p3-1377-tr | GeForce GTX 460,GPU,evga,evga 01g-p3-1377-tr,2025,228.18,228.18,$/GB VRAM
evga 01g-p3-1526-kr | GeForce GT 520,GPU,evga,evga 01g-p3-1526-kr,2025,79.0,79.0,$/GB VRAM
evga 01g-p3-1561-kr | GeForce GTX 560 Ti,GPU,evga,evga 01g-p3-1561-kr,2025,701.12,701.12,$/GB VRAM
evga 01g-p3-2616-kr | GeForce GT 610,GPU,evga,evga 01g-p3-2616-kr,2025,99.99,99.99,$/GB VRAM
evga 01g-p3-2710-kr | GeForce GT 710,GPU,evga,evga 01g-p3-2710-kr,2025,103.99,103.99,$/GB VRAM
evga 01g-p3-2711-kr | GeForce GT 710,GPU,evga,evga 01g-p3-2711-kr,2025,129.9,129.9,$/GB VRAM
evga 01g-p3-2722-kr | GeForce GT 720,GPU,evga,evga 01g-p3-2722-kr,2025,460.08,460.08,$/GB VRAM
evga 01g-p3-3736-kr | GeForce GT 730,GPU,evga,evga 01g-p3-3736-kr,2025,169.0,169.0,$/GB VRAM
evga 01g-p4-2650-kr | GeForce GTX 650,GPU,evga,evga 01g-p4-2650-kr,2023,171.86,171.86,$/GB VRAM
evga 02g-p3-2712-kr | GeForce GT 710,GPU,evga,evga 02g-p3-2712-kr,2023,93.0,46.5,$/GB VRAM
evga 02g-p3-2713-kr | GeForce GT 710,GPU,evga,evga 02g-p3-2713-kr,2023,199.99,99.995,$/GB VRAM
evga 02g-p3-2717-kr | GeForce GT 710,GPU,evga,evga 02g-p3-2717-kr,2025,119.99,59.995,$/GB VRAM
evga 02g-p3-2738-kr | GeForce GT 730,GPU,evga,evga 02g-p3-2738-kr,2025,189.0,94.5,$/GB VRAM
evga 02g-p4-2645-kr | GeForce GT 640,GPU,evga,evga 02g-p4-2645-kr,2025,199.99,99.995,$/GB VRAM
evga 02g-p4-2663-kr | GeForce GTX 660,GPU,evga,evga 02g-p4-2663-kr,2023,299.0,149.5,$/GB VRAM
evga 02g-p4-2663-kr | GeForce GTX 660,GPU,evga,evga 02g-p4-2663-kr,2025,299.0,149.5,$/GB VRAM
evga 02g-p4-3660-kr | GeForce GTX 660 Ti,GPU,evga,evga 02g-p4-3660-kr,2023,379.0,189.5,$/GB VRAM
evga 02g-p4-3660-kr | GeForce GTX 660 Ti,GPU,evga,evga 02g-p4-3660-kr,2025,379.0,189.5,$/GB VRAM
evga 02g-p4-3662-kr | GeForce GTX 660 Ti,GPU,evga,evga 02g-p4-3662-kr,2023,379.0,189.5,$/GB VRAM
evga 02g-p4-3662-kr | GeForce GTX 660 Ti,GPU,evga,evga 02g-p4-3662-kr,2025,379.0,189.5,$/GB VRAM
evga 02g-p4-6332-kr | GeForce GT 1030,GPU,evga,evga 02g-p4-6332-kr,2023,119.99,59.995,$/GB VRAM
evga 02g-p4-6333-kr | GeForce GT 1030,GPU,evga,evga 02g-p4-6333-kr,2025,272.33,136.165,$/GB VRAM
evga 02g-p4-6338-kr | GeForce GT 1030,GPU,evga,evga 02g-p4-6338-kr,2025,129.99,64.995,$/GB VRAM
evga 04g-p4-1970-kr | GeForce GTX 970,GPU,evga,evga 04g-p4-1970-kr,2025,359.0,89.75,$/GB VRAM
evga 04g-p4-1976-kr | GeForce GTX 970,GPU,evga,evga 04g-p4-1976-kr,2025,399.0,99.75,$/GB VRAM
evga 04g-p4-2980-kr | GeForce GTX 980,GPU,evga,evga 04g-p4-2980-kr,2023,359.0,89.75,$/GB VRAM
evga 04g-p4-2980-kr | GeForce GTX 980,GPU,evga,evga 04g-p4-2980-kr,2025,369.0,92.25,$/GB VRAM
evga 06g-p4-3790-kr | GeForce GTX Titan Black,GPU,evga,evga 06g-p4-3790-kr,2025,499.0,83.16666666666667,$/GB VRAM
evga 06g-p4-4990-kr | GeForce GTX 980 Ti,GPU,evga,evga 06g-p4-4990-kr,2025,599.99,99.99833333333333,$/GB VRAM
evga 12g-p4-3990-kr | GeForce GTX Titan Z,GPU,evga,evga 12g-p4-3990-kr,2025,899.0,74.91666666666667,$/GB VRAM
evga 256-p2-n429-lr | GeForce 7200 GS,GPU,evga,evga 256-p2-n429-lr,2025,69.98,279.92,$/GB VRAM
evga 512-p2-n430-lr | GeForce 7200 GS,GPU,evga,evga 512-p2-n430-lr,2023,99.99,199.98,$/GB VRAM
evga 768-p3-1360-rx | GeForce GTX 460,GPU,evga,evga 768-p3-1360-rx,2023,447.0,596.0,$/GB VRAM
evga 768-p3-1360-rx | GeForce GTX 460,GPU,evga,evga 768-p3-1360-rx,2025,447.0,596.0,$/GB VRAM
evga acx 2 0 | GeForce GTX 970,GPU,evga,evga acx 2 0,2023,359.0,89.75,$/GB VRAM
evga acx 2 0 | GeForce GTX 970,GPU,evga,evga acx 2 0,2025,359.0,89.75,$/GB VRAM
evga acx 2 0 | GeForce GTX 980,GPU,evga,evga acx 2 0,2023,359.0,89.75,$/GB VRAM
evga acx 3 0 | GeForce GTX 1070,GPU,evga,evga acx 3 0,2025,399.99,49.99875,$/GB VRAM
evga acx 3 0 | GeForce GTX 1080,GPU,evga,evga acx 3 0,2023,598.0,74.75,$/GB VRAM
evga acx 3 0 | GeForce GTX 1080,GPU,evga,evga acx 3 0,2025,498.0,62.25,$/GB VRAM
evga black gaming | GeForce RTX 2080 SUPER,GPU,evga,evga black gaming,2023,1213.99,151.74875,$/GB VRAM
evga black | GeForce RTX 2080,GPU,evga,evga black,2023,799.9,99.9875,$/GB VRAM
evga black | GeForce RTX 2080,GPU,evga,evga black,2025,825.0,103.125,$/GB VRAM
evga black | GeForce RTX 2080 Ti,GPU,evga,evga black,2023,1499.99,136.36272727272728,$/GB VRAM
evga black | GeForce RTX 2080 Ti,GPU,evga,evga black,2025,998.0,90.72727272727273,$/GB VRAM
evga classified acx 2 0 | GeForce GTX 980,GPU,evga,evga classified acx 2 0,2023,399.0,99.75,$/GB VRAM
evga classified acx 2 0 | GeForce GTX 980,GPU,evga,evga classified acx 2 0,2025,399.0,99.75,$/GB VRAM
evga dt gaming | GeForce GTX 1080 Ti,GPU,evga,evga dt gaming,2023,699.0,63.54545454545455,$/GB VRAM
evga dt gaming | GeForce GTX 1080 Ti,GPU,evga,evga dt gaming,2025,495.0,45.0,$/GB VRAM
evga founders edition | GeForce GTX 1080,GPU,evga,evga founders edition,2023,598.0,74.75,$/GB VRAM
evga founders edition | GeForce GTX 1080,GPU,evga,evga founders edition,2025,525.0,65.625,$/GB VRAM
evga founders edition | GeForce GTX 1080 Ti,GPU,evga,evga founders edition,2023,499.0,45.36363636363637,$/GB VRAM
evga founders edition | GeForce GTX 1080 Ti,GPU,evga,evga founders edition,2025,695.0,63.18181818181818,$/GB VRAM
evga ftw acx 2 0 | GeForce GTX 950,GPU,evga,evga ftw acx 2 0,2023,349.99,174.995,$/GB VRAM
evga ftw acx 2 0 | GeForce GTX 950,GPU,evga,evga ftw acx 2 0,2025,255.0,127.5,$/GB VRAM
evga ftw acx 2 0 | GeForce GTX 960,GPU,evga,evga ftw acx 2 0,2023,319.0,159.5,$/GB VRAM
evga ftw acx 2 0 | GeForce GTX 960,GPU,evga,evga ftw acx 2 0,2025,265.0,132.5,$/GB VRAM
evga ftw acx 2 0 | GeForce GTX 980,GPU,evga,evga ftw acx 2 0,2025,369.0,92.25,$/GB VRAM
evga ftw dt gaming | GeForce GTX 1080,GPU,evga,evga ftw dt gaming,2025,485.0,60.625,$/GB VRAM
evga ftw gaming acx 3 0 | GeForce GTX 1050 Ti,GPU,evga,evga ftw gaming acx 3 0,2025,249.99,62.4975,$/GB VRAM
evga ftw gaming acx 3 0 | GeForce GTX 1070,GPU,evga,evga ftw gaming acx 3 0,2025,489.0,61.125,$/GB VRAM
evga ftw gaming acx 3 0 | GeForce GTX 1080,GPU,evga,evga ftw gaming acx 3 0,2023,599.99,74.99875,$/GB VRAM
evga ftw gaming acx 3 0 | GeForce GTX 1080,GPU,evga,evga ftw gaming acx 3 0,2025,598.0,74.75,$/GB VRAM
evga ftw gaming | GeForce GTX 1060 3GB,GPU,evga,evga ftw gaming,2023,399.0,133.0,$/GB VRAM
evga ftw gaming | GeForce GTX 1060 3GB,GPU,evga,evga ftw gaming,2025,335.0,111.66666666666667,$/GB VRAM
evga ftw gaming | GeForce GTX 1060 6GB,GPU,evga,evga ftw gaming,2025,369.0,61.5,$/GB VRAM
evga ftw ultra silent gaming | GeForce GTX 1070 Ti,GPU,evga,evga ftw ultra silent gaming,2025,549.0,68.625,$/GB VRAM
evga ftw2 gaming icx | GeForce GTX 1070,GPU,evga,evga ftw2 gaming icx,2023,579.0,72.375,$/GB VRAM
evga ftw2 gaming icx | GeForce GTX 1070,GPU,evga,evga ftw2 gaming icx,2025,499.0,62.375,$/GB VRAM
evga ftw2 gaming icx | GeForce GTX 1070 Ti,GPU,evga,evga ftw2 gaming icx,2023,699.0,87.375,$/GB VRAM
evga ftw2 gaming icx | GeForce GTX 1070 Ti,GPU,evga,evga ftw2 gaming icx,2025,549.0,68.625,$/GB VRAM
evga ftw3 gaming | GeForce RTX 2080 Ti,GPU,evga,evga ftw3 gaming,2025,998.0,90.72727272727273,$/GB VRAM
evga ftw3 gaming | GeForce RTX 3090 Ti,GPU,evga,evga ftw3 gaming,2023,1549.99,64.58291666666666,$/GB VRAM
evga ftw3 gaming | GeForce RTX 3090 Ti,GPU,evga,evga ftw3 gaming,2025,1995.0,83.125,$/GB VRAM
evga ftw3 ultra gaming icx3 | GeForce RTX 3060 Ti,GPU,evga,evga ftw3 ultra gaming icx3,2023,466.0,58.25,$/GB VRAM
evga ftw3 ultra gaming icx3 | GeForce RTX 3060 Ti,GPU,evga,evga ftw3 ultra gaming icx3,2025,689.0,86.125,$/GB VRAM
evga ftw3 ultra gaming icx3 | GeForce RTX 3070 LHR,GPU,evga,evga ftw3 ultra gaming icx3,2023,487.54,60.9425,$/GB VRAM
evga ftw3 ultra gaming icx3 | GeForce RTX 3070 LHR,GPU,evga,evga ftw3 ultra gaming icx3,2025,624.0,78.0,$/GB VRAM
evga ftw3 ultra gaming le icx3 | GeForce RTX 3080 Ti,GPU,evga,evga ftw3 ultra gaming le icx3,2023,975.0,81.25,$/GB VRAM
evga ftw3 ultra gaming le icx3 | GeForce RTX 3080 Ti,GPU,evga,evga ftw3 ultra gaming le icx3,2025,1298.0,108.16666666666667,$/GB VRAM
evga ftw3 ultra gaming lhr | GeForce RTX 3080 10GB LHR,GPU,evga,evga ftw3 ultra gaming lhr,2023,839.95,83.995,$/GB VRAM
evga ftw3 ultra gaming lhr | GeForce RTX 3080 10GB LHR,GPU,evga,evga ftw3 ultra gaming lhr,2025,799.99,79.999,$/GB VRAM
evga ftw3 ultra gaming | GeForce RTX 2070 SUPER,GPU,evga,evga ftw3 ultra gaming,2023,1029.0,128.625,$/GB VRAM
evga ftw3 ultra gaming | GeForce RTX 2070 SUPER,GPU,evga,evga ftw3 ultra gaming,2025,1029.0,128.625,$/GB VRAM
evga ftw3 ultra gaming | GeForce RTX 2080,GPU,evga,evga ftw3 ultra gaming,2025,735.0,91.875,$/GB VRAM
evga ftw3 ultra gaming | GeForce RTX 2080 SUPER,GPU,evga,evga ftw3 ultra gaming,2023,1289.0,161.125,$/GB VRAM
evga ftw3 ultra gaming | GeForce RTX 2080 SUPER,GPU,evga,evga ftw3 ultra gaming,2025,1289.0,161.125,$/GB VRAM
evga ftw3 ultra gaming | GeForce RTX 2080 Ti,GPU,evga,evga ftw3 ultra gaming,2023,1279.0,116.27272727272727,$/GB VRAM
evga ftw3 ultra gaming | GeForce RTX 2080 Ti,GPU,evga,evga ftw3 ultra gaming,2025,998.0,90.72727272727273,$/GB VRAM
evga ftw3 ultra gaming | GeForce RTX 3060 Ti LHR,GPU,evga,evga ftw3 ultra gaming,2023,489.9,61.2375,$/GB VRAM
evga ftw3 ultra gaming | GeForce RTX 3060 Ti LHR,GPU,evga,evga ftw3 ultra gaming,2025,486.84,60.855,$/GB VRAM
evga ftw3 ultra gaming | GeForce RTX 3070,GPU,evga,evga ftw3 ultra gaming,2023,487.54,60.9425,$/GB VRAM
evga ftw3 ultra gaming | GeForce RTX 3070,GPU,evga,evga ftw3 ultra gaming,2025,695.0,86.875,$/GB VRAM
evga ftw3 ultra gaming | GeForce RTX 3070 Ti,GPU,evga,evga ftw3 ultra gaming,2023,656.02,82.0025,$/GB VRAM
evga ftw3 ultra gaming | GeForce RTX 3070 Ti,GPU,evga,evga ftw3 ultra gaming,2025,765.0,95.625,$/GB VRAM
evga ftw3 ultra gaming | GeForce RTX 3080 10GB,GPU,evga,evga ftw3 ultra gaming,2023,739.99,73.999,$/GB VRAM
evga ftw3 ultra gaming | GeForce RTX 3080 10GB,GPU,evga,evga ftw3 ultra gaming,2025,899.99,89.999,$/GB VRAM
evga ftw3 ultra gaming | GeForce RTX 3080 12GB LHR,GPU,evga,evga ftw3 ultra gaming,2023,956.99,79.74916666666667,$/GB VRAM
evga ftw3 ultra gaming | GeForce RTX 3080 12GB LHR,GPU,evga,evga ftw3 ultra gaming,2025,1189.0,99.08333333333333,$/GB VRAM
evga ftw3 ultra gaming | GeForce RTX 3090,GPU,evga,evga ftw3 ultra gaming,2023,1369.95,57.081250000000004,$/GB VRAM
evga ftw3 ultra gaming | GeForce RTX 3090,GPU,evga,evga ftw3 ultra gaming,2025,1518.99,63.29125,$/GB VRAM
evga ftw3 ultra gaming | GeForce RTX 3090 Ti,GPU,evga,evga ftw3 ultra gaming,2023,1549.95,64.58125,$/GB VRAM
evga ftw3 ultra gaming | GeForce RTX 3090 Ti,GPU,evga,evga ftw3 ultra gaming,2025,1999.99,83.33291666666666,$/GB VRAM
evga ftw3 ultra hybrid gaming icx3 | GeForce RTX 3080 Ti,GPU,evga,evga ftw3 ultra hybrid gaming icx3,2023,1470.0,122.5,$/GB VRAM
evga ftw3 ultra hybrid gaming icx3 | GeForce RTX 3080 Ti,GPU,evga,evga ftw3 ultra hybrid gaming icx3,2025,1599.0,133.25,$/GB VRAM
evga ftw3 ultra hybrid gaming | GeForce RTX 2080 Ti,GPU,evga,evga ftw3 ultra hybrid gaming,2025,2369.98,215.4527272727273,$/GB VRAM
evga gaming icx | GeForce GTX 1080 Ti,GPU,evga,evga gaming icx,2023,999.99,90.90818181818182,$/GB VRAM
evga gaming | GeForce GTX 1060 6GB,GPU,evga,evga gaming,2023,399.0,66.5,$/GB VRAM
evga gaming | GeForce GTX 1060 6GB,GPU,evga,evga gaming,2025,369.0,61.5,$/GB VRAM
evga gaming | GeForce GTX 1070,GPU,evga,evga gaming,2023,585.0,73.125,$/GB VRAM
evga gaming | GeForce GTX 1070,GPU,evga,evga gaming,2025,499.0,62.375,$/GB VRAM
evga gaming | GeForce GTX 1070 Ti,GPU,evga,evga gaming,2023,699.0,87.375,$/GB VRAM
evga gaming | GeForce GTX 1070 Ti,GPU,evga,evga gaming,2025,549.0,68.625,$/GB VRAM
evga gaming | GeForce GTX 1080 Ti,GPU,evga,evga gaming,2023,679.0,61.72727272727273,$/GB VRAM
evga gaming | GeForce GTX 1080 Ti,GPU,evga,evga gaming,2025,589.99,53.63545454545454,$/GB VRAM
evga k ngp n acx 2 0 | GeForce GTX 980,GPU,evga,evga k ngp n acx 2 0,2023,879.85,219.9625,$/GB VRAM
evga k ngp n hybrid gaming | GeForce RTX 3090,GPU,evga,evga k ngp n hybrid gaming,2025,1840.0,76.66666666666667,$/GB VRAM
evga ko gaming | GeForce RTX 2060,GPU,evga,evga ko gaming,2025,475.0,79.16666666666667,$/GB VRAM
evga ko gaming | GeForce RTX 2080 SUPER,GPU,evga,evga ko gaming,2025,1450.0,181.25,$/GB VRAM
evga ko ultra gaming | GeForce RTX 2060,GPU,evga,evga ko ultra gaming,2025,320.0,53.333333333333336,$/GB VRAM
evga sc black edition | GeForce GTX 1080 Ti,GPU,evga,evga sc black edition,2023,585.0,53.18181818181818,$/GB VRAM
evga sc black gaming | GeForce RTX 2060 SUPER,GPU,evga,evga sc black gaming,2025,635.0,79.375,$/GB VRAM
evga sc gaming acx 2 0 | GeForce GTX 1050 Ti,GPU,evga,evga sc gaming acx 2 0,2023,399.99,99.9975,$/GB VRAM
evga sc gaming acx 2 0 | GeForce GTX 1050 Ti,GPU,evga,evga sc gaming acx 2 0,2025,259.01,64.7525,$/GB VRAM
evga sc gaming acx 3 0 black edition | GeForce GTX 1070 Ti,GPU,evga,evga sc gaming acx 3 0 black edition,2025,525.0,65.625,$/GB VRAM
evga sc gaming acx 3 0 | GeForce GTX 1070,GPU,evga,evga sc gaming acx 3 0,2025,495.0,61.875,$/GB VRAM
evga sc gaming acx 3 0 | GeForce GTX 1080,GPU,evga,evga sc gaming acx 3 0,2025,614.05,76.75625,$/GB VRAM
evga sc gaming | GeForce GTX 1060 3GB,GPU,evga,evga sc gaming,2025,268.68,89.56,$/GB VRAM
evga sc gaming | GeForce GTX 1060 6GB,GPU,evga,evga sc gaming,2023,443.24,73.87333333333333,$/GB VRAM
evga sc gaming | GeForce RTX 2060,GPU,evga,evga sc gaming,2023,269.0,44.833333333333336,$/GB VRAM
evga sc gaming | GeForce RTX 2060,GPU,evga,evga sc gaming,2025,589.0,98.16666666666667,$/GB VRAM
evga sc ultra gaming | GeForce GTX 1650 G5,GPU,evga,evga sc ultra gaming,2023,249.99,62.4975,$/GB VRAM
evga sc ultra gaming | GeForce GTX 1650 G5,GPU,evga,evga sc ultra gaming,2025,303.36,75.84,$/GB VRAM
evga sc ultra gaming | GeForce GTX 1650 G6,GPU,evga,evga sc ultra gaming,2023,227.7,56.925,$/GB VRAM
evga sc ultra gaming | GeForce GTX 1650 G6,GPU,evga,evga sc ultra gaming,2025,319.98,79.995,$/GB VRAM
evga sc ultra gaming | GeForce GTX 1650 SUPER,GPU,evga,evga sc ultra gaming,2023,228.0,57.0,$/GB VRAM
evga sc ultra gaming | GeForce GTX 1650 SUPER,GPU,evga,evga sc ultra gaming,2025,317.33,79.3325,$/GB VRAM
evga sc ultra gaming | GeForce GTX 1660,GPU,evga,evga sc ultra gaming,2023,210.0,35.0,$/GB VRAM
evga sc ultra gaming | GeForce GTX 1660,GPU,evga,evga sc ultra gaming,2025,235.04,39.17333333333333,$/GB VRAM
evga sc ultra gaming | GeForce GTX 1660 SUPER,GPU,evga,evga sc ultra gaming,2025,279.99,46.665,$/GB VRAM
evga sc2 gaming icx | GeForce GTX 1070,GPU,evga,evga sc2 gaming icx,2023,426.0,53.25,$/GB VRAM
evga sc2 gaming icx | GeForce GTX 1070,GPU,evga,evga sc2 gaming icx,2025,426.0,53.25,$/GB VRAM
evga sc2 gaming icx | GeForce GTX 1080,GPU,evga,evga sc2 gaming icx,2023,598.0,74.75,$/GB VRAM
evga sc2 gaming icx | GeForce GTX 1080,GPU,evga,evga sc2 gaming icx,2025,498.0,62.25,$/GB VRAM
evga sc2 | GeForce GTX 1080 Ti,GPU,evga,evga sc2,2023,485.0,44.09090909090909,$/GB VRAM
evga ssc acx 2 0 | GeForce GTX 950,GPU,evga,evga ssc acx 2 0,2025,299.99,149.995,$/GB VRAM
evga ssc acx 2 0 | GeForce GTX 960,GPU,evga,evga ssc acx 2 0,2023,399.0,99.75,$/GB VRAM
evga ssc acx 2 0 | GeForce GTX 960,GPU,evga,evga ssc acx 2 0,2025,399.0,99.75,$/GB VRAM
evga ssc acx 2 0 | GeForce GTX 970,GPU,evga,evga ssc acx 2 0,2023,359.0,89.75,$/GB VRAM
evga ssc acx 2 0 | GeForce GTX 970,GPU,evga,evga ssc acx 2 0,2025,359.0,89.75,$/GB VRAM
evga ssc dt | GeForce GTX 1060 6GB,GPU,evga,evga ssc dt,2025,319.99,53.33166666666667,$/GB VRAM
evga ssc gaming | GeForce GTX 1060 3GB,GPU,evga,evga ssc gaming,2023,349.99,116.66333333333334,$/GB VRAM
evga ssc gaming | GeForce GTX 1060 3GB,GPU,evga,evga ssc gaming,2025,349.0,116.33333333333333,$/GB VRAM
evga ssc gaming | GeForce GTX 1060 6GB,GPU,evga,evga ssc gaming,2025,383.0,63.833333333333336,$/GB VRAM
evga superclocked acx 2 0 | GeForce GTX 980,GPU,evga,evga superclocked acx 2 0,2025,389.0,97.25,$/GB VRAM
evga superclocked acx | GeForce GTX 780 Ti,GPU,evga,evga superclocked acx,2023,799.95,266.65000000000003,$/GB VRAM
evga superclocked | GeForce GT 740,GPU,evga,evga superclocked,2023,249.99,62.4975,$/GB VRAM
evga superclocked | GeForce GT 740,GPU,evga,evga superclocked,2025,203.0,50.75,$/GB VRAM
evga superclocked | GeForce GTX 950,GPU,evga,evga superclocked,2025,199.0,99.5,$/GB VRAM
evga superclocked | GeForce GTX 960,GPU,evga,evga superclocked,2025,255.0,127.5,$/GB VRAM
evga superclocked | GeForce GTX 980,GPU,evga,evga superclocked,2025,369.0,92.25,$/GB VRAM
evga superclocked | GeForce GTX 980 Ti,GPU,evga,evga superclocked,2025,680.0,113.33333333333333,$/GB VRAM
evga xc black gaming | GeForce GTX 1660,GPU,evga,evga xc black gaming,2025,365.0,60.833333333333336,$/GB VRAM
evga xc black gaming | GeForce GTX 1660 Ti,GPU,evga,evga xc black gaming,2023,334.99,55.83166666666667,$/GB VRAM
evga xc black gaming | GeForce GTX 1660 Ti,GPU,evga,evga xc black gaming,2025,435.0,72.5,$/GB VRAM
evga xc black gaming | GeForce RTX 3050 8GB,GPU,evga,evga xc black gaming,2023,449.0,56.125,$/GB VRAM
evga xc black gaming | GeForce RTX 3060 12GB,GPU,evga,evga xc black gaming,2023,442.78,36.89833333333333,$/GB VRAM
evga xc gaming | GeForce GTX 1660,GPU,evga,evga xc gaming,2025,399.99,66.665,$/GB VRAM
evga xc gaming | GeForce RTX 2060,GPU,evga,evga xc gaming,2023,417.3,34.775,$/GB VRAM
evga xc gaming | GeForce RTX 2060,GPU,evga,evga xc gaming,2025,419.99,34.99916666666667,$/GB VRAM
evga xc gaming | GeForce RTX 2070,GPU,evga,evga xc gaming,2023,599.0,74.875,$/GB VRAM
evga xc gaming | GeForce RTX 2070,GPU,evga,evga xc gaming,2025,675.0,84.375,$/GB VRAM
evga xc gaming | GeForce RTX 2070 SUPER,GPU,evga,evga xc gaming,2023,599.0,74.875,$/GB VRAM
evga xc gaming | GeForce RTX 2070 SUPER,GPU,evga,evga xc gaming,2025,789.0,98.625,$/GB VRAM
evga xc gaming | GeForce RTX 2080,GPU,evga,evga xc gaming,2025,874.99,109.37375,$/GB VRAM
evga xc gaming | GeForce RTX 2080 Ti,GPU,evga,evga xc gaming,2025,1710.0,155.45454545454547,$/GB VRAM
evga xc gaming | GeForce RTX 3050 8GB,GPU,evga,evga xc gaming,2023,279.98,34.9975,$/GB VRAM
evga xc gaming | GeForce RTX 3060 12GB,GPU,evga,evga xc gaming,2023,397.0,33.083333333333336,$/GB VRAM
evga xc gaming | GeForce RTX 3060 12GB,GPU,evga,evga xc gaming,2025,748.97,62.41416666666667,$/GB VRAM
evga xc gaming | GeForce RTX 3060 Ti,GPU,evga,evga xc gaming,2023,718.0,89.75,$/GB VRAM
evga xc gaming | GeForce RTX 3060 Ti,GPU,evga,evga xc gaming,2025,595.0,74.375,$/GB VRAM
evga xc gaming | GeForce RTX 3060 Ti LHR,GPU,evga,evga xc gaming,2023,421.88,52.735,$/GB VRAM
evga xc hybrid gaming | GeForce RTX 2080 SUPER,GPU,evga,evga xc hybrid gaming,2023,899.95,112.49375,$/GB VRAM
evga xc hybrid gaming | GeForce RTX 2080 Ti,GPU,evga,evga xc hybrid gaming,2023,1987.98,180.72545454545454,$/GB VRAM
evga xc hybrid gaming | GeForce RTX 2080 Ti,GPU,evga,evga xc hybrid gaming,2025,1899.21,172.65545454545455,$/GB VRAM
evga xc ultra black gaming | GeForce GTX 1660 Ti,GPU,evga,evga xc ultra black gaming,2023,274.98,45.830000000000005,$/GB VRAM
evga xc ultra gaming | GeForce GTX 1660 Ti,GPU,evga,evga xc ultra gaming,2023,562.08,93.68,$/GB VRAM
evga xc ultra gaming | GeForce GTX 1660 Ti,GPU,evga,evga xc ultra gaming,2025,549.0,91.5,$/GB VRAM
evga xc ultra gaming | GeForce RTX 2070 SUPER,GPU,evga,evga xc ultra gaming,2025,749.0,93.625,$/GB VRAM
evga xc ultra gaming | GeForce RTX 2080,GPU,evga,evga xc ultra gaming,2023,393.02,49.1275,$/GB VRAM
evga xc ultra gaming | GeForce RTX 2080,GPU,evga,evga xc ultra gaming,2025,735.0,91.875,$/GB VRAM
evga xc ultra gaming | GeForce RTX 2080 Ti,GPU,evga,evga xc ultra gaming,2025,998.0,90.72727272727273,$/GB VRAM
evga xc3 black gaming | GeForce RTX 3070,GPU,evga,evga xc3 black gaming,2023,719.99,89.99875,$/GB VRAM
evga xc3 black gaming | GeForce RTX 3070,GPU,evga,evga xc3 black gaming,2025,699.99,87.49875,$/GB VRAM
evga xc3 black gaming | GeForce RTX 3070 LHR,GPU,evga,evga xc3 black gaming,2023,698.99,87.37375,$/GB VRAM
evga xc3 black gaming | GeForce RTX 3080 10GB,GPU,evga,evga xc3 black gaming,2023,840.0,84.0,$/GB VRAM
evga xc3 black gaming | GeForce RTX 3080 10GB,GPU,evga,evga xc3 black gaming,2025,1098.0,109.8,$/GB VRAM
evga xc3 black gaming | GeForce RTX 3080 10GB LHR,GPU,evga,evga xc3 black gaming,2023,733.7,73.37,$/GB VRAM
evga xc3 black gaming | GeForce RTX 3080 10GB LHR,GPU,evga,evga xc3 black gaming,2025,789.0,78.9,$/GB VRAM
evga xc3 ultra gaming icx3 | GeForce RTX 3070 LHR,GPU,evga,evga xc3 ultra gaming icx3,2023,471.63,58.95375,$/GB VRAM
evga xc3 ultra gaming icx3 | GeForce RTX 3070 LHR,GPU,evga,evga xc3 ultra gaming icx3,2025,619.0,77.375,$/GB VRAM
evga xc3 ultra gaming icx3 | GeForce RTX 3080 Ti,GPU,evga,evga xc3 ultra gaming icx3,2023,1149.99,95.8325,$/GB VRAM
evga xc3 ultra gaming | GeForce RTX 3070,GPU,evga,evga xc3 ultra gaming,2023,494.02,61.7525,$/GB VRAM
evga xc3 ultra gaming | GeForce RTX 3070,GPU,evga,evga xc3 ultra gaming,2025,695.0,86.875,$/GB VRAM
evga xc3 ultra gaming | GeForce RTX 3070 Ti,GPU,evga,evga xc3 ultra gaming,2023,607.95,75.99375,$/GB VRAM
evga xc3 ultra gaming | GeForce RTX 3070 Ti,GPU,evga,evga xc3 ultra gaming,2025,593.02,74.1275,$/GB VRAM
evga xc3 ultra gaming | GeForce RTX 3080 10GB,GPU,evga,evga xc3 ultra gaming,2025,919.0,91.9,$/GB VRAM
evga xc3 ultra gaming | GeForce RTX 3080 12GB LHR,GPU,evga,evga xc3 ultra gaming,2023,1120.0,93.33333333333333,$/GB VRAM
evga xc3 ultra gaming | GeForce RTX 3080 12GB LHR,GPU,evga,evga xc3 ultra gaming,2025,1299.0,108.25,$/GB VRAM
evga xc3 ultra gaming | GeForce RTX 3090,GPU,evga,evga xc3 ultra gaming,2023,1379.99,57.499583333333334,$/GB VRAM
evga xc3 ultra gaming | GeForce RTX 3090,GPU,evga,evga xc3 ultra gaming,2025,1598.0,66.58333333333333,$/GB VRAM
evga xc3 ultra hybrid gaming | GeForce RTX 3080 12GB LHR,GPU,evga,evga xc3 ultra hybrid gaming,2023,1245.25,103.77083333333333,$/GB VRAM
evga xc3 ultra hybrid gaming | GeForce RTX 3080 12GB LHR,GPU,evga,evga xc3 ultra hybrid gaming,2025,1359.0,113.25,$/GB VRAM
gainward ghost | GeForce RTX 5060 Ti,GPU,gainward,gainward ghost,2025,864.46,108.0575,$/GB VRAM
gainward ne6306t019p2-190ab | GeForce RTX 3060 Ti LHR,GPU,gainward,gainward ne6306t019p2-190ab,2023,495.0,61.875,$/GB VRAM
gainward phantom gs | GeForce RTX 5090,GPU,gainward,gainward phantom gs,2025,3692.59,115.3934375,$/GB VRAM
gainward phantom | GeForce RTX 5090,GPU,gainward,gainward phantom,2025,3324.37,103.8865625,$/GB VRAM
gainward phoenix | GeForce RTX 4070 Ti,GPU,gainward,gainward phoenix,2023,1729.9,144.15833333333333,$/GB VRAM
galax ex gamer | GeForce RTX 4070,GPU,galax,galax ex gamer,2023,549.97,45.83083333333334,$/GB VRAM
galaxy 68nph6dv5zgx | GeForce GTX 680,GPU,galaxy,galaxy 68nph6dv5zgx,2025,738.0,369.0,$/GB VRAM
gigabyte aero oc sff | GeForce RTX 5080,GPU,gigabyte,gigabyte aero oc sff,2025,1579.99,98.749375,$/GB VRAM
gigabyte aero oc v2 | GeForce RTX 4070 Ti,GPU,gigabyte,gigabyte aero oc v2,2023,809.99,67.49916666666667,$/GB VRAM
gigabyte aero oc v2 | GeForce RTX 4070 Ti,GPU,gigabyte,gigabyte aero oc v2,2025,1345.0,112.08333333333333,$/GB VRAM
gigabyte aero oc | GeForce RTX 4060,GPU,gigabyte,gigabyte aero oc,2023,319.99,39.99875,$/GB VRAM
gigabyte aero oc | GeForce RTX 4060 Ti,GPU,gigabyte,gigabyte aero oc,2023,471.49,58.93625,$/GB VRAM
gigabyte aero oc | GeForce RTX 4070,GPU,gigabyte,gigabyte aero oc,2023,859.99,71.66583333333334,$/GB VRAM
gigabyte aero oc | GeForce RTX 4070,GPU,gigabyte,gigabyte aero oc,2025,1349.0,112.41666666666667,$/GB VRAM
gigabyte aero oc | GeForce RTX 4070 SUPER,GPU,gigabyte,gigabyte aero oc,2023,659.99,54.99916666666667,$/GB VRAM
gigabyte aero oc | GeForce RTX 4070 Ti,GPU,gigabyte,gigabyte aero oc,2025,1395.0,116.25,$/GB VRAM
gigabyte aero oc | GeForce RTX 4070 Ti SUPER,GPU,gigabyte,gigabyte aero oc,2023,879.99,54.999375,$/GB VRAM
gigabyte aero oc | GeForce RTX 4070 Ti SUPER,GPU,gigabyte,gigabyte aero oc,2025,1443.85,90.240625,$/GB VRAM
gigabyte aero oc | GeForce RTX 4080,GPU,gigabyte,gigabyte aero oc,2023,1469.99,91.874375,$/GB VRAM
gigabyte aero oc | GeForce RTX 4080,GPU,gigabyte,gigabyte aero oc,2025,2140.0,133.75,$/GB VRAM
gigabyte aero oc | GeForce RTX 4080 SUPER,GPU,gigabyte,gigabyte aero oc,2023,1149.99,71.874375,$/GB VRAM
gigabyte aero oc | GeForce RTX 4080 SUPER,GPU,gigabyte,gigabyte aero oc,2025,1749.97,109.373125,$/GB VRAM
gigabyte aero oc | GeForce RTX 4090,GPU,gigabyte,gigabyte aero oc,2023,1849.72,77.07166666666667,$/GB VRAM
gigabyte aero oc | GeForce RTX 4090,GPU,gigabyte,gigabyte aero oc,2025,2990.0,124.58333333333333,$/GB VRAM
gigabyte aero oc | GeForce RTX 5060,GPU,gigabyte,gigabyte aero oc,2025,334.99,41.87375,$/GB VRAM
gigabyte aero oc | GeForce RTX 5060 Ti,GPU,gigabyte,gigabyte aero oc,2025,566.51,35.406875,$/GB VRAM
gigabyte aero oc | GeForce RTX 5070,GPU,gigabyte,gigabyte aero oc,2025,694.99,57.91583333333333,$/GB VRAM
gigabyte aero oc | GeForce RTX 5070 Ti,GPU,gigabyte,gigabyte aero oc,2025,979.99,61.249375,$/GB VRAM
gigabyte ai top | GeForce RTX 4070 Ti SUPER,GPU,gigabyte,gigabyte ai top,2025,1349.0,84.3125,$/GB VRAM
gigabyte aorus elite rev 2 0 | GeForce RTX 3060 Ti LHR,GPU,gigabyte,gigabyte aorus elite rev 2 0,2023,531.22,66.4025,$/GB VRAM
gigabyte aorus elite rev 2 0 | GeForce RTX 3060 Ti LHR,GPU,gigabyte,gigabyte aorus elite rev 2 0,2025,730.0,91.25,$/GB VRAM
gigabyte aorus elite | GeForce RTX 3060 Ti,GPU,gigabyte,gigabyte aorus elite,2023,629.9,78.7375,$/GB VRAM
gigabyte aorus elite | GeForce RTX 4060,GPU,gigabyte,gigabyte aorus elite,2023,481.25,60.15625,$/GB VRAM
gigabyte aorus elite | GeForce RTX 4060 Ti,GPU,gigabyte,gigabyte aorus elite,2023,582.4,72.8,$/GB VRAM
gigabyte aorus elite | GeForce RTX 4070 Ti,GPU,gigabyte,gigabyte aorus elite,2023,1114.99,92.91583333333334,$/GB VRAM
gigabyte aorus elite | GeForce RTX 5060,GPU,gigabyte,gigabyte aorus elite,2025,553.55,69.19375,$/GB VRAM
gigabyte aorus elite | GeForce RTX 5060 Ti,GPU,gigabyte,gigabyte aorus elite,2025,795.3,49.70625,$/GB VRAM
gigabyte aorus elite | Radeon RX 6750 XT,GPU,gigabyte,gigabyte aorus elite,2023,543.68,45.306666666666665,$/GB VRAM
gigabyte aorus elite | Radeon RX 6750 XT,GPU,gigabyte,gigabyte aorus elite,2025,1266.33,105.52749999999999,$/GB VRAM
gigabyte aorus elite | Radeon RX 9070 XT,GPU,gigabyte,gigabyte aorus elite,2025,1059.54,66.22125,$/GB VRAM
gigabyte aorus master ice | GeForce RTX 5080,GPU,gigabyte,gigabyte aorus master ice,2025,1629.99,101.874375,$/GB VRAM
gigabyte aorus master rev 2 0 | GeForce RTX 3070 LHR,GPU,gigabyte,gigabyte aorus master rev 2 0,2023,699.0,87.375,$/GB VRAM
gigabyte aorus master rev 2 0 | GeForce RTX 3070 LHR,GPU,gigabyte,gigabyte aorus master rev 2 0,2025,798.0,99.75,$/GB VRAM
gigabyte aorus master rev 2 0 | GeForce RTX 3080 10GB LHR,GPU,gigabyte,gigabyte aorus master rev 2 0,2023,1185.0,118.5,$/GB VRAM
gigabyte aorus master rev 2 0 | GeForce RTX 3080 10GB LHR,GPU,gigabyte,gigabyte aorus master rev 2 0,2025,1369.0,136.9,$/GB VRAM
gigabyte aorus master | GeForce RTX 3070,GPU,gigabyte,gigabyte aorus master,2023,583.12,72.89,$/GB VRAM
gigabyte aorus master | GeForce RTX 3070,GPU,gigabyte,gigabyte aorus master,2025,757.06,94.6325,$/GB VRAM
gigabyte aorus master | GeForce RTX 3070 Ti,GPU,gigabyte,gigabyte aorus master,2023,970.5,121.3125,$/GB VRAM
gigabyte aorus master | GeForce RTX 3070 Ti,GPU,gigabyte,gigabyte aorus master,2025,868.0,108.5,$/GB VRAM
gigabyte aorus master | GeForce RTX 3080 Ti,GPU,gigabyte,gigabyte aorus master,2023,1126.95,93.91250000000001,$/GB VRAM
gigabyte aorus master | GeForce RTX 3080 Ti,GPU,gigabyte,gigabyte aorus master,2025,1549.0,129.08333333333334,$/GB VRAM
gigabyte aorus master | GeForce RTX 3090,GPU,gigabyte,gigabyte aorus master,2023,1790.0,74.58333333333333,$/GB VRAM
gigabyte aorus master | GeForce RTX 4070 Ti SUPER,GPU,gigabyte,gigabyte aorus master,2023,899.99,56.249375,$/GB VRAM
gigabyte aorus master | GeForce RTX 4080,GPU,gigabyte,gigabyte aorus master,2023,1658.48,103.655,$/GB VRAM
gigabyte aorus master | GeForce RTX 4080,GPU,gigabyte,gigabyte aorus master,2025,1898.0,118.625,$/GB VRAM
gigabyte aorus master | GeForce RTX 4080 SUPER,GPU,gigabyte,gigabyte aorus master,2023,1199.99,74.999375,$/GB VRAM
gigabyte aorus master | GeForce RTX 4090,GPU,gigabyte,gigabyte aorus master,2023,1899.99,79.16625,$/GB VRAM
gigabyte aorus master | GeForce RTX 5070,GPU,gigabyte,gigabyte aorus master,2025,799.99,66.66583333333334,$/GB VRAM
gigabyte aorus master | GeForce RTX 5070 Ti,GPU,gigabyte,gigabyte aorus master,2025,1039.99,64.999375,$/GB VRAM
gigabyte aorus master | GeForce RTX 5080,GPU,gigabyte,gigabyte aorus master,2025,1629.99,101.874375,$/GB VRAM
gigabyte aorus master | GeForce RTX 5090,GPU,gigabyte,gigabyte aorus master,2025,2969.66,92.801875,$/GB VRAM
gigabyte aorus master | Radeon RX 6800,GPU,gigabyte,gigabyte aorus master,2025,769.99,48.124375,$/GB VRAM
gigabyte aorus master | Radeon RX 6800 XT,GPU,gigabyte,gigabyte aorus master,2023,1899.0,118.6875,$/GB VRAM
gigabyte aorus waterforce | GeForce GTX 1080 Ti,GPU,gigabyte,gigabyte aorus waterforce,2025,998.0,90.72727272727273,$/GB VRAM
gigabyte aorus xtreme waterforce | GeForce RTX 3080 10GB,GPU,gigabyte,gigabyte aorus xtreme waterforce,2023,1879.0,187.9,$/GB VRAM
gigabyte aorus xtreme waterforce | GeForce RTX 3080 10GB,GPU,gigabyte,gigabyte aorus xtreme waterforce,2025,1879.0,187.9,$/GB VRAM
gigabyte aorus xtreme waterforce | GeForce RTX 3080 12GB LHR,GPU,gigabyte,gigabyte aorus xtreme waterforce,2023,1998.0,166.5,$/GB VRAM
gigabyte aorus xtreme waterforce | GeForce RTX 3090 Ti,GPU,gigabyte,gigabyte aorus xtreme waterforce,2023,1799.0,74.95833333333333,$/GB VRAM
gigabyte aorus xtreme waterforce | GeForce RTX 4090,GPU,gigabyte,gigabyte aorus xtreme waterforce,2023,1999.99,83.33291666666666,$/GB VRAM
gigabyte aorus xtreme waterforce | GeForce RTX 5080,GPU,gigabyte,gigabyte aorus xtreme waterforce,2025,1939.0,121.1875,$/GB VRAM
gigabyte aorus xtreme waterforce | GeForce RTX 5090,GPU,gigabyte,gigabyte aorus xtreme waterforce,2025,3762.26,117.570625,$/GB VRAM
gigabyte aorus xtreme | GeForce RTX 3080 Ti,GPU,gigabyte,gigabyte aorus xtreme,2023,1649.0,137.41666666666666,$/GB VRAM
gigabyte aorus xtreme | GeForce RTX 3080 Ti,GPU,gigabyte,gigabyte aorus xtreme,2025,1449.0,120.75,$/GB VRAM
gigabyte aorus xtreme | GeForce RTX 3090,GPU,gigabyte,gigabyte aorus xtreme,2025,1598.0,66.58333333333333,$/GB VRAM
gigabyte aorus | Radeon RX 5700 XT,GPU,gigabyte,gigabyte aorus,2025,649.0,81.125,$/GB VRAM
gigabyte d6 oc rev 2 0 | GeForce GTX 1650 G6,GPU,gigabyte,gigabyte d6 oc rev 2 0,2023,186.41,46.6025,$/GB VRAM
gigabyte eagle oc ice sff | GeForce RTX 5070 Ti,GPU,gigabyte,gigabyte eagle oc ice sff,2025,1149.0,71.8125,$/GB VRAM
gigabyte eagle oc ice | GeForce RTX 4060,GPU,gigabyte,gigabyte eagle oc ice,2025,599.8,74.975,$/GB VRAM
gigabyte eagle oc ice | GeForce RTX 5060,GPU,gigabyte,gigabyte eagle oc ice,2025,329.99,41.24875,$/GB VRAM
gigabyte eagle oc rev 2 0 | GeForce RTX 3070 LHR,GPU,gigabyte,gigabyte eagle oc rev 2 0,2023,563.29,70.41125,$/GB VRAM
gigabyte eagle oc rev 2 0 | GeForce RTX 3070 LHR,GPU,gigabyte,gigabyte eagle oc rev 2 0,2025,735.0,91.875,$/GB VRAM
gigabyte eagle oc sff | GeForce RTX 5070,GPU,gigabyte,gigabyte eagle oc sff,2025,664.99,55.41583333333333,$/GB VRAM
gigabyte eagle oc sff | GeForce RTX 5070 Ti,GPU,gigabyte,gigabyte eagle oc sff,2025,1019.98,63.74875,$/GB VRAM
gigabyte eagle oc | GeForce RTX 3050 6GB,GPU,gigabyte,gigabyte eagle oc,2023,167.0,27.833333333333332,$/GB VRAM
gigabyte eagle oc | GeForce RTX 3050 8GB,GPU,gigabyte,gigabyte eagle oc,2023,425.0,53.125,$/GB VRAM
gigabyte eagle oc | GeForce RTX 3070,GPU,gigabyte,gigabyte eagle oc,2023,590.11,73.76375,$/GB VRAM
gigabyte eagle oc | GeForce RTX 3070 Ti,GPU,gigabyte,gigabyte eagle oc,2025,795.0,99.375,$/GB VRAM
gigabyte eagle oc | GeForce RTX 3080 10GB,GPU,gigabyte,gigabyte eagle oc,2023,999.99,99.999,$/GB VRAM
gigabyte eagle oc | GeForce RTX 3080 10GB,GPU,gigabyte,gigabyte eagle oc,2025,999.99,99.999,$/GB VRAM
gigabyte eagle oc | GeForce RTX 3090,GPU,gigabyte,gigabyte eagle oc,2023,1595.0,66.45833333333333,$/GB VRAM
gigabyte eagle oc | GeForce RTX 3090,GPU,gigabyte,gigabyte eagle oc,2025,1565.0,65.20833333333333,$/GB VRAM
gigabyte eagle oc | GeForce RTX 4060,GPU,gigabyte,gigabyte eagle oc,2023,304.99,38.12375,$/GB VRAM
gigabyte eagle oc | GeForce RTX 4060,GPU,gigabyte,gigabyte eagle oc,2025,499.0,62.375,$/GB VRAM
gigabyte eagle oc | GeForce RTX 4060 Ti,GPU,gigabyte,gigabyte eagle oc,2023,409.99,51.24875,$/GB VRAM
gigabyte eagle oc | GeForce RTX 4060 Ti,GPU,gigabyte,gigabyte eagle oc,2025,594.0,74.25,$/GB VRAM
gigabyte eagle oc | GeForce RTX 4070,GPU,gigabyte,gigabyte eagle oc,2023,868.82,72.40166666666667,$/GB VRAM
gigabyte eagle oc | GeForce RTX 4070,GPU,gigabyte,gigabyte eagle oc,2025,1150.0,95.83333333333333,$/GB VRAM
gigabyte eagle oc | GeForce RTX 4070 SUPER,GPU,gigabyte,gigabyte eagle oc,2023,629.99,52.49916666666667,$/GB VRAM
gigabyte eagle oc | GeForce RTX 4070 SUPER,GPU,gigabyte,gigabyte eagle oc,2025,947.76,78.98,$/GB VRAM
gigabyte eagle oc | GeForce RTX 4070 Ti SUPER,GPU,gigabyte,gigabyte eagle oc,2023,799.99,49.999375,$/GB VRAM
gigabyte eagle oc | GeForce RTX 5060,GPU,gigabyte,gigabyte eagle oc,2025,329.99,41.24875,$/GB VRAM
gigabyte eagle oc | GeForce RTX 5060 Ti,GPU,gigabyte,gigabyte eagle oc,2025,465.78,29.11125,$/GB VRAM
gigabyte eagle | GeForce RTX 3050 8GB,GPU,gigabyte,gigabyte eagle,2023,605.07,75.63375,$/GB VRAM
gigabyte eagle | GeForce RTX 4060 Ti,GPU,gigabyte,gigabyte eagle,2023,390.99,48.87375,$/GB VRAM
gigabyte eagle | GeForce RTX 4060 Ti,GPU,gigabyte,gigabyte eagle,2025,528.66,66.0825,$/GB VRAM
gigabyte eagle | Radeon RX 6500 XT,GPU,gigabyte,gigabyte eagle,2023,243.18,60.795,$/GB VRAM
gigabyte eagle | Radeon RX 6500 XT,GPU,gigabyte,gigabyte eagle,2025,267.24,66.81,$/GB VRAM
gigabyte eagle | Radeon RX 6600,GPU,gigabyte,gigabyte eagle,2023,199.99,24.99875,$/GB VRAM
gigabyte eagle | Radeon RX 6600,GPU,gigabyte,gigabyte eagle,2025,535.0,66.875,$/GB VRAM
gigabyte eagle | Radeon RX 6600 XT,GPU,gigabyte,gigabyte eagle,2023,587.49,73.43625,$/GB VRAM
gigabyte eagle | Radeon RX 6600 XT,GPU,gigabyte,gigabyte eagle,2025,589.0,73.625,$/GB VRAM
gigabyte eagle | Radeon RX 6700 XT,GPU,gigabyte,gigabyte eagle,2023,449.0,37.416666666666664,$/GB VRAM
gigabyte gaming oc 3x | GeForce RTX 2070 SUPER,GPU,gigabyte,gigabyte gaming oc 3x,2023,845.0,105.625,$/GB VRAM
gigabyte gaming oc 3x | GeForce RTX 2070 SUPER,GPU,gigabyte,gigabyte gaming oc 3x,2025,795.0,99.375,$/GB VRAM
gigabyte gaming oc pro rev 3 0 | GeForce RTX 3060 Ti LHR,GPU,gigabyte,gigabyte gaming oc pro rev 3 0,2023,598.76,74.845,$/GB VRAM
gigabyte gaming oc pro rev 3 0 | GeForce RTX 3060 Ti LHR,GPU,gigabyte,gigabyte gaming oc pro rev 3 0,2025,598.76,74.845,$/GB VRAM
gigabyte gaming oc pro | GeForce RTX 3060 Ti,GPU,gigabyte,gigabyte gaming oc pro,2023,559.99,69.99875,$/GB VRAM
gigabyte gaming oc pro | GeForce RTX 3060 Ti,GPU,gigabyte,gigabyte gaming oc pro,2025,998.97,124.87125,$/GB VRAM
gigabyte gaming oc pro | Radeon RX 6600 XT,GPU,gigabyte,gigabyte gaming oc pro,2023,478.0,59.75,$/GB VRAM
gigabyte gaming oc pro | Radeon RX 6600 XT,GPU,gigabyte,gigabyte gaming oc pro,2025,560.0,70.0,$/GB VRAM
gigabyte gaming oc rev 2 0 | GeForce RTX 3060 12GB,GPU,gigabyte,gigabyte gaming oc rev 2 0,2023,385.47,32.1225,$/GB VRAM
gigabyte gaming oc rev 2 0 | GeForce RTX 3060 12GB,GPU,gigabyte,gigabyte gaming oc rev 2 0,2025,354.99,29.5825,$/GB VRAM
gigabyte gaming oc rev 2 0 | GeForce RTX 3060 Ti LHR,GPU,gigabyte,gigabyte gaming oc rev 2 0,2023,599.0,74.875,$/GB VRAM
gigabyte gaming oc rev 2 0 | GeForce RTX 3060 Ti LHR,GPU,gigabyte,gigabyte gaming oc rev 2 0,2025,698.0,87.25,$/GB VRAM
gigabyte gaming oc rev 2 0 | GeForce RTX 3070 LHR,GPU,gigabyte,gigabyte gaming oc rev 2 0,2023,537.98,67.2475,$/GB VRAM
gigabyte gaming oc rev 2 0 | GeForce RTX 3070 LHR,GPU,gigabyte,gigabyte gaming oc rev 2 0,2025,699.0,87.375,$/GB VRAM
gigabyte gaming oc rev 2 0 | GeForce RTX 3080 10GB LHR,GPU,gigabyte,gigabyte gaming oc rev 2 0,2023,909.08,90.908,$/GB VRAM
gigabyte gaming oc rev 2 0 | GeForce RTX 3080 10GB LHR,GPU,gigabyte,gigabyte gaming oc rev 2 0,2025,849.99,84.999,$/GB VRAM
gigabyte gaming oc v2 | GeForce RTX 4070 Ti,GPU,gigabyte,gigabyte gaming oc v2,2023,1003.21,83.60083333333334,$/GB VRAM
gigabyte gaming oc | GeForce GTX 1660 SUPER,GPU,gigabyte,gigabyte gaming oc,2023,469.5,78.25,$/GB VRAM
gigabyte gaming oc | GeForce RTX 2070,GPU,gigabyte,gigabyte gaming oc,2023,2742.76,342.845,$/GB VRAM
gigabyte gaming oc | GeForce RTX 2080,GPU,gigabyte,gigabyte gaming oc,2025,759.0,94.875,$/GB VRAM
gigabyte gaming oc | GeForce RTX 3050 8GB,GPU,gigabyte,gigabyte gaming oc,2023,259.99,32.49875,$/GB VRAM
gigabyte gaming oc | GeForce RTX 3070,GPU,gigabyte,gigabyte gaming oc,2023,559.0,69.875,$/GB VRAM
gigabyte gaming oc | GeForce RTX 3070,GPU,gigabyte,gigabyte gaming oc,2025,572.12,71.515,$/GB VRAM
gigabyte gaming oc | GeForce RTX 3070 Ti,GPU,gigabyte,gigabyte gaming oc,2023,799.01,99.87625,$/GB VRAM
gigabyte gaming oc | GeForce RTX 3070 Ti,GPU,gigabyte,gigabyte gaming oc,2025,795.0,99.375,$/GB VRAM
gigabyte gaming oc | GeForce RTX 3080 10GB,GPU,gigabyte,gigabyte gaming oc,2025,3411.6,341.15999999999997,$/GB VRAM
gigabyte gaming oc | GeForce RTX 3080 12GB LHR,GPU,gigabyte,gigabyte gaming oc,2023,1239.9,103.325,$/GB VRAM
gigabyte gaming oc | GeForce RTX 3080 Ti,GPU,gigabyte,gigabyte gaming oc,2023,1229.27,102.43916666666667,$/GB VRAM
gigabyte gaming oc | GeForce RTX 3080 Ti,GPU,gigabyte,gigabyte gaming oc,2025,1324.17,110.34750000000001,$/GB VRAM
gigabyte gaming oc | GeForce RTX 3090,GPU,gigabyte,gigabyte gaming oc,2023,1414.99,58.95791666666667,$/GB VRAM
gigabyte gaming oc | GeForce RTX 3090,GPU,gigabyte,gigabyte gaming oc,2025,1569.99,65.41625,$/GB VRAM
gigabyte gaming oc | GeForce RTX 3090 Ti,GPU,gigabyte,gigabyte gaming oc,2023,1725.0,71.875,$/GB VRAM
gigabyte gaming oc | GeForce RTX 3090 Ti,GPU,gigabyte,gigabyte gaming oc,2025,2298.0,95.75,$/GB VRAM
gigabyte gaming oc | GeForce RTX 4060,GPU,gigabyte,gigabyte gaming oc,2023,309.99,38.74875,$/GB VRAM
gigabyte gaming oc | GeForce RTX 4060,GPU,gigabyte,gigabyte gaming oc,2025,439.99,54.99875,$/GB VRAM
gigabyte gaming oc | GeForce RTX 4060 Ti,GPU,gigabyte,gigabyte gaming oc,2023,513.26,32.07875,$/GB VRAM
gigabyte gaming oc | GeForce RTX 4070,GPU,gigabyte,gigabyte gaming oc,2023,589.99,49.16583333333333,$/GB VRAM
gigabyte gaming oc | GeForce RTX 4070,GPU,gigabyte,gigabyte gaming oc,2025,1140.0,95.0,$/GB VRAM
gigabyte gaming oc | GeForce RTX 4070 SUPER,GPU,gigabyte,gigabyte gaming oc,2023,599.99,49.99916666666667,$/GB VRAM
gigabyte gaming oc | GeForce RTX 4070 SUPER,GPU,gigabyte,gigabyte gaming oc,2025,1060.9,88.40833333333335,$/GB VRAM
gigabyte gaming oc | GeForce RTX 4070 Ti,GPU,gigabyte,gigabyte gaming oc,2023,799.99,66.66583333333334,$/GB VRAM
gigabyte gaming oc | GeForce RTX 4070 Ti,GPU,gigabyte,gigabyte gaming oc,2025,1495.0,124.58333333333333,$/GB VRAM
gigabyte gaming oc | GeForce RTX 4070 Ti SUPER,GPU,gigabyte,gigabyte gaming oc,2023,809.99,50.624375,$/GB VRAM
gigabyte gaming oc | GeForce RTX 4070 Ti SUPER,GPU,gigabyte,gigabyte gaming oc,2025,1480.0,92.5,$/GB VRAM
gigabyte gaming oc | GeForce RTX 4080,GPU,gigabyte,gigabyte gaming oc,2023,1448.0,90.5,$/GB VRAM
gigabyte gaming oc | GeForce RTX 4080 SUPER,GPU,gigabyte,gigabyte gaming oc,2023,1099.99,68.749375,$/GB VRAM
gigabyte gaming oc | GeForce RTX 4080 SUPER,GPU,gigabyte,gigabyte gaming oc,2025,1799.99,112.499375,$/GB VRAM
gigabyte gaming oc | GeForce RTX 4090,GPU,gigabyte,gigabyte gaming oc,2023,1799.99,74.99958333333333,$/GB VRAM
gigabyte gaming oc | GeForce RTX 4090,GPU,gigabyte,gigabyte gaming oc,2025,2915.99,121.49958333333332,$/GB VRAM
gigabyte gaming oc | GeForce RTX 5050,GPU,gigabyte,gigabyte gaming oc,2025,269.99,33.74875,$/GB VRAM
gigabyte gaming oc | GeForce RTX 5060,GPU,gigabyte,gigabyte gaming oc,2025,339.99,42.49875,$/GB VRAM
gigabyte gaming oc | GeForce RTX 5060 Ti,GPU,gigabyte,gigabyte gaming oc,2025,424.99,26.561875,$/GB VRAM
gigabyte gaming oc | GeForce RTX 5070,GPU,gigabyte,gigabyte gaming oc,2025,619.99,51.66583333333333,$/GB VRAM
gigabyte gaming oc | GeForce RTX 5070 Ti,GPU,gigabyte,gigabyte gaming oc,2025,969.99,60.624375,$/GB VRAM
gigabyte gaming oc | GeForce RTX 5080,GPU,gigabyte,gigabyte gaming oc,2025,1525.0,95.3125,$/GB VRAM
gigabyte gaming oc | GeForce RTX 5090,GPU,gigabyte,gigabyte gaming oc,2025,2809.36,87.7925,$/GB VRAM
gigabyte gaming oc | Radeon RX 5500 XT,GPU,gigabyte,gigabyte gaming oc,2025,469.0,117.25,$/GB VRAM
gigabyte gaming oc | Radeon RX 5700 XT,GPU,gigabyte,gigabyte gaming oc,2023,399.99,49.99875,$/GB VRAM
gigabyte gaming oc | Radeon RX 5700 XT,GPU,gigabyte,gigabyte gaming oc,2025,595.0,74.375,$/GB VRAM
gigabyte gaming oc | Radeon RX 6500 XT,GPU,gigabyte,gigabyte gaming oc,2023,261.25,65.3125,$/GB VRAM
gigabyte gaming oc | Radeon RX 6600 XT,GPU,gigabyte,gigabyte gaming oc,2023,587.01,73.37625,$/GB VRAM
gigabyte gaming oc | Radeon RX 6600 XT,GPU,gigabyte,gigabyte gaming oc,2025,589.0,73.625,$/GB VRAM
gigabyte gaming oc | Radeon RX 6700 XT,GPU,gigabyte,gigabyte gaming oc,2023,670.0,55.833333333333336,$/GB VRAM
gigabyte gaming oc | Radeon RX 6700 XT,GPU,gigabyte,gigabyte gaming oc,2025,795.0,66.25,$/GB VRAM
gigabyte gaming oc | Radeon RX 6800,GPU,gigabyte,gigabyte gaming oc,2025,799.0,49.9375,$/GB VRAM
gigabyte gaming oc | Radeon RX 6800 XT,GPU,gigabyte,gigabyte gaming oc,2023,792.24,49.515,$/GB VRAM
gigabyte gaming oc | Radeon RX 6800 XT,GPU,gigabyte,gigabyte gaming oc,2025,995.0,62.1875,$/GB VRAM
gigabyte gaming oc | Radeon RX 6900 XT,GPU,gigabyte,gigabyte gaming oc,2023,1720.23,107.514375,$/GB VRAM
gigabyte gaming oc | Radeon RX 6900 XT,GPU,gigabyte,gigabyte gaming oc,2025,1962.0,122.625,$/GB VRAM
gigabyte gaming oc | Radeon RX 7600,GPU,gigabyte,gigabyte gaming oc,2023,259.99,32.49875,$/GB VRAM
gigabyte gaming oc | Radeon RX 7600,GPU,gigabyte,gigabyte gaming oc,2025,369.95,46.24375,$/GB VRAM
gigabyte gaming oc | Radeon RX 7600 XT,GPU,gigabyte,gigabyte gaming oc,2023,329.99,20.624375,$/GB VRAM
gigabyte gaming oc | Radeon RX 7600 XT,GPU,gigabyte,gigabyte gaming oc,2025,359.97,22.498125,$/GB VRAM
gigabyte gaming oc | Radeon RX 7700 XT,GPU,gigabyte,gigabyte gaming oc,2023,409.99,34.16583333333333,$/GB VRAM
gigabyte gaming oc | Radeon RX 7800 XT,GPU,gigabyte,gigabyte gaming oc,2023,499.0,31.1875,$/GB VRAM
gigabyte gaming oc | Radeon RX 7900 GRE,GPU,gigabyte,gigabyte gaming oc,2023,549.99,34.374375,$/GB VRAM
gigabyte gaming oc | Radeon RX 7900 XT,GPU,gigabyte,gigabyte gaming oc,2023,749.99,37.4995,$/GB VRAM
gigabyte gaming oc | Radeon RX 7900 XT,GPU,gigabyte,gigabyte gaming oc,2025,1456.34,72.817,$/GB VRAM
gigabyte gaming oc | Radeon RX 7900 XTX,GPU,gigabyte,gigabyte gaming oc,2023,919.99,38.33291666666667,$/GB VRAM
gigabyte gaming oc | Radeon RX 9060 XT,GPU,gigabyte,gigabyte gaming oc,2025,319.99,19.999375,$/GB VRAM
gigabyte gaming oc | Radeon RX 9070,GPU,gigabyte,gigabyte gaming oc,2025,669.99,41.874375,$/GB VRAM
gigabyte gaming oc | Radeon RX 9070 XT,GPU,gigabyte,gigabyte gaming oc,2025,729.99,45.624375,$/GB VRAM
gigabyte gaming | GeForce GTX 1060 3GB,GPU,gigabyte,gigabyte gaming,2025,359.0,119.66666666666667,$/GB VRAM
gigabyte gaming | GeForce GTX 1060 6GB,GPU,gigabyte,gigabyte gaming,2025,399.0,66.5,$/GB VRAM
gigabyte gaming | GeForce GTX 1070,GPU,gigabyte,gigabyte gaming,2025,459.0,57.375,$/GB VRAM
gigabyte gaming | GeForce GTX 1080,GPU,gigabyte,gigabyte gaming,2025,499.0,62.375,$/GB VRAM
gigabyte gaming | Radeon RX 570,GPU,gigabyte,gigabyte gaming,2023,469.99,117.4975,$/GB VRAM
gigabyte gaming | Radeon RX 570,GPU,gigabyte,gigabyte gaming,2025,289.99,72.4975,$/GB VRAM
gigabyte gaming | Radeon RX 9060 XT,GPU,gigabyte,gigabyte gaming,2025,324.99,20.311875,$/GB VRAM
gigabyte gv-n1030d4-2gl | GeForce GT 1030 DDR4,GPU,gigabyte,gigabyte gv-n1030d4-2gl,2023,64.98,32.49,$/GB VRAM
gigabyte gv-n1030d4-2gl | GeForce GT 1030 DDR4,GPU,gigabyte,gigabyte gv-n1030d4-2gl,2025,77.98,38.99,$/GB VRAM
gigabyte gv-n1030d5-2gl | GeForce GT 1030,GPU,gigabyte,gigabyte gv-n1030d5-2gl,2023,106.48,53.24,$/GB VRAM
gigabyte gv-n1030oc-2gi | GeForce GT 1030,GPU,gigabyte,gigabyte gv-n1030oc-2gi,2023,117.26,58.63,$/GB VRAM
gigabyte gv-n1030sl-2gl | GeForce GT 1030,GPU,gigabyte,gigabyte gv-n1030sl-2gl,2025,183.0,91.5,$/GB VRAM
gigabyte gv-n105td5-4gd | GeForce GTX 1050 Ti,GPU,gigabyte,gigabyte gv-n105td5-4gd,2023,269.99,67.4975,$/GB VRAM
gigabyte gv-n105td5-4gd | GeForce GTX 1050 Ti,GPU,gigabyte,gigabyte gv-n105td5-4gd,2025,431.0,107.75,$/GB VRAM
gigabyte gv-n105toc-4gd | GeForce GTX 1050 Ti,GPU,gigabyte,gigabyte gv-n105toc-4gd,2023,408.99,102.2475,$/GB VRAM
gigabyte gv-n107tgaming-8gd | GeForce GTX 1070 Ti,GPU,gigabyte,gigabyte gv-n107tgaming-8gd,2025,399.0,49.875,$/GB VRAM
gigabyte gv-n108tgamingoc black-11gd | GeForce GTX 1080 Ti,GPU,gigabyte,gigabyte gv-n108tgamingoc black-11gd,2025,495.0,45.0,$/GB VRAM
gigabyte gv-n250oc-1gi | GeForce GTS 250,GPU,gigabyte,gigabyte gv-n250oc-1gi,2025,169.79,169.79,$/GB VRAM
gigabyte gv-n275ud-896i | GeForce GTX 275,GPU,gigabyte,gigabyte gv-n275ud-896i,2025,253.59,289.81714285714287,$/GB VRAM
gigabyte gv-n295-18i-b | GeForce GTX 295,GPU,gigabyte,gigabyte gv-n295-18i-b,2025,527.36,301.34857142857146,$/GB VRAM
gigabyte gv-n460oc-1gi v3 | GeForce GTX 460,GPU,gigabyte,gigabyte gv-n460oc-1gi v3,2025,154.87,154.87,$/GB VRAM
gigabyte gv-n970ttoc-4gd | GeForce GTX 970,GPU,gigabyte,gigabyte gv-n970ttoc-4gd,2025,379.0,94.75,$/GB VRAM
gigabyte gv-r545-1gi | Radeon HD 5450,GPU,gigabyte,gigabyte gv-r545-1gi,2023,89.99,89.99,$/GB VRAM
gigabyte gv-r545-1gi | Radeon HD 5450,GPU,gigabyte,gigabyte gv-r545-1gi,2025,89.99,89.99,$/GB VRAM
gigabyte gv-r57xt-8gd-b | Radeon RX 5700 XT,GPU,gigabyte,gigabyte gv-r57xt-8gd-b,2025,630.0,78.75,$/GB VRAM
gigabyte gv-r785oc-1gd | Radeon HD 7850,GPU,gigabyte,gigabyte gv-r785oc-1gd,2025,174.99,174.99,$/GB VRAM
gigabyte gv-r9070xtgaming-16gd | Radeon RX 9070 XT,GPU,gigabyte,gigabyte gv-r9070xtgaming-16gd,2025,839.95,52.496875,$/GB VRAM
gigabyte gv-r929d5-4gd-b | Radeon R9 290,GPU,gigabyte,gigabyte gv-r929d5-4gd-b,2025,299.0,74.75,$/GB VRAM
gigabyte mini itx oc | GeForce GTX 1060 6GB,GPU,gigabyte,gigabyte mini itx oc,2025,359.0,59.833333333333336,$/GB VRAM
gigabyte mini itx oc | GeForce GTX 1070,GPU,gigabyte,gigabyte mini itx oc,2025,459.0,57.375,$/GB VRAM
gigabyte oc low profile | GeForce RTX 3050 6GB,GPU,gigabyte,gigabyte oc low profile,2023,176.0,29.333333333333332,$/GB VRAM
gigabyte oc low profile | GeForce RTX 3050 6GB,GPU,gigabyte,gigabyte oc low profile,2025,265.99,44.33166666666667,$/GB VRAM
gigabyte oc low profile | GeForce RTX 4060,GPU,gigabyte,gigabyte oc low profile,2023,319.99,39.99875,$/GB VRAM
gigabyte oc low profile | GeForce RTX 4060,GPU,gigabyte,gigabyte oc low profile,2025,499.99,62.49875,$/GB VRAM
gigabyte oc low profile | GeForce RTX 5050,GPU,gigabyte,gigabyte oc low profile,2025,376.93,47.11625,$/GB VRAM
gigabyte oc low profile | GeForce RTX 5060,GPU,gigabyte,gigabyte oc low profile,2025,339.99,42.49875,$/GB VRAM
gigabyte oc rev 2 0 | GeForce RTX 2060,GPU,gigabyte,gigabyte oc rev 2 0,2025,309.0,51.5,$/GB VRAM
gigabyte oc | GeForce GTX 1050,GPU,gigabyte,gigabyte oc,2023,249.99,124.995,$/GB VRAM
gigabyte oc | GeForce GTX 1050,GPU,gigabyte,gigabyte oc,2025,198.0,99.0,$/GB VRAM
gigabyte oc | GeForce GTX 1660 SUPER,GPU,gigabyte,gigabyte oc,2025,521.38,86.89666666666666,$/GB VRAM
gigabyte oc | GeForce GTX 1660 Ti,GPU,gigabyte,gigabyte oc,2023,380.0,63.333333333333336,$/GB VRAM
gigabyte oc | GeForce GTX 1660 Ti,GPU,gigabyte,gigabyte oc,2025,430.0,71.66666666666667,$/GB VRAM
gigabyte oc | Radeon RX 5500 XT,GPU,gigabyte,gigabyte oc,2025,299.0,74.75,$/GB VRAM
gigabyte radeon rx vega 56 8g | Radeon RX VEGA 56,GPU,gigabyte,gigabyte radeon rx vega 56 8g,2023,479.0,59.875,$/GB VRAM
gigabyte radeon rx vega 56 8g | Radeon RX VEGA 56,GPU,gigabyte,gigabyte radeon rx vega 56 8g,2025,479.0,59.875,$/GB VRAM
gigabyte turbo | GeForce RTX 2080 SUPER,GPU,gigabyte,gigabyte turbo,2025,849.0,106.125,$/GB VRAM
gigabyte turbo | GeForce RTX 3090,GPU,gigabyte,gigabyte turbo,2025,1550.0,64.58333333333333,$/GB VRAM
gigabyte vision oc | GeForce RTX 3060 Ti,GPU,gigabyte,gigabyte vision oc,2023,539.0,67.375,$/GB VRAM
gigabyte vision oc | GeForce RTX 3060 Ti,GPU,gigabyte,gigabyte vision oc,2025,745.0,93.125,$/GB VRAM
gigabyte vision oc | GeForce RTX 3070 Ti,GPU,gigabyte,gigabyte vision oc,2025,795.0,99.375,$/GB VRAM
gigabyte windforce 2x oc | GeForce RTX 4070,GPU,gigabyte,gigabyte windforce 2x oc,2023,549.99,45.8325,$/GB VRAM
gigabyte windforce 2x | GeForce RTX 2070,GPU,gigabyte,gigabyte windforce 2x,2025,785.0,98.125,$/GB VRAM
gigabyte windforce 2x | Radeon R7 370,GPU,gigabyte,gigabyte windforce 2x,2025,299.0,149.5,$/GB VRAM
gigabyte windforce 2x | Radeon R9 285,GPU,gigabyte,gigabyte windforce 2x,2025,243.89,121.945,$/GB VRAM
gigabyte windforce oc rev 2 0 | GeForce RTX 3060 12GB,GPU,gigabyte,gigabyte windforce oc rev 2 0,2023,294.99,24.5825,$/GB VRAM
gigabyte windforce oc rev 2 0 | GeForce RTX 3060 12GB,GPU,gigabyte,gigabyte windforce oc rev 2 0,2025,324.97,27.080833333333334,$/GB VRAM
gigabyte windforce oc sff | GeForce RTX 5070,GPU,gigabyte,gigabyte windforce oc sff,2025,549.99,45.8325,$/GB VRAM
gigabyte windforce oc sff | GeForce RTX 5070 Ti,GPU,gigabyte,gigabyte windforce oc sff,2025,869.99,54.374375,$/GB VRAM
gigabyte windforce oc sff | GeForce RTX 5080,GPU,gigabyte,gigabyte windforce oc sff,2025,1399.99,87.499375,$/GB VRAM
gigabyte windforce oc | GeForce GTX 1060 6GB,GPU,gigabyte,gigabyte windforce oc,2025,399.0,66.5,$/GB VRAM
gigabyte windforce oc | GeForce GTX 1070,GPU,gigabyte,gigabyte windforce oc,2025,430.0,53.75,$/GB VRAM
gigabyte windforce oc | GeForce GTX 1650 G5,GPU,gigabyte,gigabyte windforce oc,2023,449.99,112.4975,$/GB VRAM
gigabyte windforce oc | GeForce GTX 1650 G6,GPU,gigabyte,gigabyte windforce oc,2023,252.1,63.025,$/GB VRAM
gigabyte windforce oc | GeForce GTX 1650 SUPER,GPU,gigabyte,gigabyte windforce oc,2023,299.99,74.9975,$/GB VRAM
gigabyte windforce oc | GeForce GTX 1660 Ti,GPU,gigabyte,gigabyte windforce oc,2025,299.99,49.998333333333335,$/GB VRAM
gigabyte windforce oc | GeForce RTX 3050 6GB,GPU,gigabyte,gigabyte windforce oc,2025,270.89,45.14833333333333,$/GB VRAM
gigabyte windforce oc | GeForce RTX 3050 8GB,GPU,gigabyte,gigabyte windforce oc,2023,290.27,36.28375,$/GB VRAM
gigabyte windforce oc | GeForce RTX 3060 12GB,GPU,gigabyte,gigabyte windforce oc,2023,438.2,36.516666666666666,$/GB VRAM
gigabyte windforce oc | GeForce RTX 3060 12GB,GPU,gigabyte,gigabyte windforce oc,2025,429.95,35.829166666666666,$/GB VRAM
gigabyte windforce oc | GeForce RTX 3060 Ti LHR,GPU,gigabyte,gigabyte windforce oc,2025,611.32,76.415,$/GB VRAM
gigabyte windforce oc | GeForce RTX 4060,GPU,gigabyte,gigabyte windforce oc,2023,299.99,37.49875,$/GB VRAM
gigabyte windforce oc | GeForce RTX 4060,GPU,gigabyte,gigabyte windforce oc,2025,429.99,53.74875,$/GB VRAM
gigabyte windforce oc | GeForce RTX 4060 Ti,GPU,gigabyte,gigabyte windforce oc,2023,420.49,26.280625,$/GB VRAM
gigabyte windforce oc | GeForce RTX 4070,GPU,gigabyte,gigabyte windforce oc,2023,581.19,48.432500000000005,$/GB VRAM
gigabyte windforce oc | GeForce RTX 4070,GPU,gigabyte,gigabyte windforce oc,2025,820.0,68.33333333333333,$/GB VRAM
gigabyte windforce oc | GeForce RTX 4070 SUPER,GPU,gigabyte,gigabyte windforce oc,2023,599.99,49.99916666666667,$/GB VRAM
gigabyte windforce oc | GeForce RTX 4070 SUPER,GPU,gigabyte,gigabyte windforce oc,2025,845.93,70.49416666666666,$/GB VRAM
gigabyte windforce oc | GeForce RTX 4070 Ti,GPU,gigabyte,gigabyte windforce oc,2023,801.36,66.78,$/GB VRAM
gigabyte windforce oc | GeForce RTX 4070 Ti SUPER,GPU,gigabyte,gigabyte windforce oc,2023,799.99,49.999375,$/GB VRAM
gigabyte windforce oc | GeForce RTX 4070 Ti SUPER,GPU,gigabyte,gigabyte windforce oc,2025,1361.35,85.084375,$/GB VRAM
gigabyte windforce oc | GeForce RTX 5050,GPU,gigabyte,gigabyte windforce oc,2025,249.99,31.24875,$/GB VRAM
gigabyte windforce oc | GeForce RTX 5060,GPU,gigabyte,gigabyte windforce oc,2025,299.99,37.49875,$/GB VRAM
gigabyte windforce oc | GeForce RTX 5060 Ti,GPU,gigabyte,gigabyte windforce oc,2025,417.49,26.093125,$/GB VRAM
gigabyte windforce oc | GeForce RTX 5090,GPU,gigabyte,gigabyte windforce oc,2025,2639.99,82.4996875,$/GB VRAM
gigabyte windforce sff | GeForce RTX 5070,GPU,gigabyte,gigabyte windforce sff,2025,604.99,50.41583333333333,$/GB VRAM
gigabyte windforce sff | GeForce RTX 5070 Ti,GPU,gigabyte,gigabyte windforce sff,2025,970.0,60.625,$/GB VRAM
gigabyte windforce sff | GeForce RTX 5080,GPU,gigabyte,gigabyte windforce sff,2025,1399.99,87.499375,$/GB VRAM
gigabyte windforce v2 | GeForce RTX 4080 SUPER,GPU,gigabyte,gigabyte windforce v2,2023,1192.0,74.5,$/GB VRAM
gigabyte windforce v2 | GeForce RTX 4080 SUPER,GPU,gigabyte,gigabyte windforce v2,2025,1548.99,96.811875,$/GB VRAM
gigabyte windforce v2 | GeForce RTX 4090,GPU,gigabyte,gigabyte windforce v2,2023,1999.0,83.29166666666667,$/GB VRAM
gigabyte windforce v2 | GeForce RTX 4090,GPU,gigabyte,gigabyte windforce v2,2025,2990.0,124.58333333333333,$/GB VRAM
gigabyte windforce | GeForce GTX 1070 Ti,GPU,gigabyte,gigabyte windforce,2025,499.0,62.375,$/GB VRAM
gigabyte windforce | GeForce GTX 980,GPU,gigabyte,gigabyte windforce,2023,199.0,49.75,$/GB VRAM
gigabyte windforce | GeForce RTX 2080,GPU,gigabyte,gigabyte windforce,2025,759.0,94.875,$/GB VRAM
gigabyte windforce | GeForce RTX 4080,GPU,gigabyte,gigabyte windforce,2023,1369.99,85.624375,$/GB VRAM
gigabyte windforce | GeForce RTX 4090,GPU,gigabyte,gigabyte windforce,2023,2149.0,89.54166666666667,$/GB VRAM
gigabyte windforce | GeForce RTX 5060,GPU,gigabyte,gigabyte windforce,2025,299.99,37.49875,$/GB VRAM
gigabyte windforce | GeForce RTX 5060 Ti,GPU,gigabyte,gigabyte windforce,2025,440.5,27.53125,$/GB VRAM
gigabyte windforce | GeForce RTX 5090,GPU,gigabyte,gigabyte windforce,2025,1999.99,62.4996875,$/GB VRAM
gigabyte windforce | Radeon R9 270X,GPU,gigabyte,gigabyte windforce,2025,299.0,149.5,$/GB VRAM
gigabyte xtreme | GeForce GTX 1070,GPU,gigabyte,gigabyte xtreme,2025,459.0,57.375,$/GB VRAM
hp 5z7d8at | T1000 8GB,GPU,hp,hp 5z7d8at,2023,460.49,57.56125,$/GB VRAM
hp 5z7d8at | T1000 8GB,GPU,hp,hp 5z7d8at,2025,499.0,62.375,$/GB VRAM
inno3d compact | GeForce RTX 4060,GPU,inno3d,inno3d compact,2023,349.14,43.6425,$/GB VRAM
inno3d ichill x3 | GeForce RTX 4070 Ti,GPU,inno3d,inno3d ichill x3,2023,799.74,66.645,$/GB VRAM
inno3d twin x2 oc | GeForce RTX 4060,GPU,inno3d,inno3d twin x2 oc,2023,375.21,46.90125,$/GB VRAM
inno3d twin x2 oc | GeForce RTX 4060 Ti,GPU,inno3d,inno3d twin x2 oc,2023,589.38,36.83625,$/GB VRAM
inno3d twin x2 oc | GeForce RTX 4070,GPU,inno3d,inno3d twin x2 oc,2023,669.29,55.774166666666666,$/GB VRAM
inno3d twin x2 oc | GeForce RTX 5060,GPU,inno3d,inno3d twin x2 oc,2025,429.55,53.69375,$/GB VRAM
inno3d twin x2 oc | GeForce RTX 5070,GPU,inno3d,inno3d twin x2 oc,2025,784.09,65.34083333333334,$/GB VRAM
inno3d twin x2 | GeForce RTX 3050 6GB,GPU,inno3d,inno3d twin x2,2025,256.77,42.794999999999995,$/GB VRAM
inno3d twin x2 | GeForce RTX 3060 12GB,GPU,inno3d,inno3d twin x2,2023,346.7,28.891666666666666,$/GB VRAM
inno3d twin x2 | GeForce RTX 3060 12GB,GPU,inno3d,inno3d twin x2,2025,437.13,36.4275,$/GB VRAM
inno3d twin x2 | GeForce RTX 4060 Ti,GPU,inno3d,inno3d twin x2,2023,616.26,77.0325,$/GB VRAM
inno3d twin x2 | GeForce RTX 4070,GPU,inno3d,inno3d twin x2,2023,674.48,56.20666666666667,$/GB VRAM
inno3d twin x2 | GeForce RTX 5070,GPU,inno3d,inno3d twin x2,2025,778.55,64.87916666666666,$/GB VRAM
inno3d x3 oc | GeForce RTX 3070 Ti,GPU,inno3d,inno3d x3 oc,2025,834.51,104.31375,$/GB VRAM
inno3d x3 oc | GeForce RTX 4070,GPU,inno3d,inno3d x3 oc,2023,1058.55,88.21249999999999,$/GB VRAM
inno3d x3 oc | GeForce RTX 5070,GPU,inno3d,inno3d x3 oc,2025,782.41,65.20083333333334,$/GB VRAM
inno3d x3 oc | GeForce RTX 5070 Ti,GPU,inno3d,inno3d x3 oc,2025,1175.73,73.483125,$/GB VRAM
inno3d x3 | GeForce RTX 5080,GPU,inno3d,inno3d x3,2025,1472.0,92.0,$/GB VRAM
intel limited edition | Arc A750,GPU,intel,intel limited edition,2023,239.99,29.99875,$/GB VRAM
intel limited edition | Arc A750,GPU,intel,intel limited edition,2025,249.0,31.125,$/GB VRAM
intel limited edition | Arc B580,GPU,intel,intel limited edition,2025,289.99,24.165833333333335,$/GB VRAM
lenovo 4x61j52233 | T1000 8GB,GPU,lenovo,lenovo 4x61j52233,2023,464.13,58.01625,$/GB VRAM
lenovo 4x61j52233 | T1000 8GB,GPU,lenovo,lenovo 4x61j52233,2025,542.79,67.84875,$/GB VRAM
lenovo 4x61j52234 | T400 4GB,GPU,lenovo,lenovo 4x61j52234,2023,166.25,41.5625,$/GB VRAM
lenovo 4x61j52234 | T400 4GB,GPU,lenovo,lenovo 4x61j52234,2025,178.86,44.715,$/GB VRAM
matrox luma | Arc A310,GPU,matrox,matrox luma,2023,569.0,142.25,$/GB VRAM
matrox luma | Arc A380,GPU,matrox,matrox luma,2023,659.0,109.83333333333333,$/GB VRAM
maxsun icraft limited edition oc | GeForce RTX 4070 Ti,GPU,maxsun,maxsun icraft limited edition oc,2023,949.99,79.16583333333334,$/GB VRAM
msi aero itx oc | GeForce GTX 1070,GPU,msi,msi aero itx oc,2025,530.39,66.29875,$/GB VRAM
msi aero itx oc | GeForce RTX 3050 8GB,GPU,msi,msi aero itx oc,2023,209.99,26.24875,$/GB VRAM
msi aero itx oc | Radeon RX 550 - 512,GPU,msi,msi aero itx oc,2023,1489.73,744.865,$/GB VRAM
msi aero itx oc | Radeon RX 560 - 1024,GPU,msi,msi aero itx oc,2023,2328.4,1164.2,$/GB VRAM
msi aero itx | Radeon RX 6400,GPU,msi,msi aero itx,2023,154.99,38.7475,$/GB VRAM
msi aero | GeForce GTX 1070 Ti,GPU,msi,msi aero,2023,499.0,62.375,$/GB VRAM
msi aero | GeForce GTX 1070 Ti,GPU,msi,msi aero,2025,498.0,62.25,$/GB VRAM
msi aero | GeForce GTX 1080 Ti,GPU,msi,msi aero,2025,599.0,54.45454545454545,$/GB VRAM
msi aero | GeForce RTX 2080,GPU,msi,msi aero,2023,393.04,49.13,$/GB VRAM
msi aero | GeForce RTX 4070 Ti SUPER,GPU,msi,msi aero,2023,819.99,51.249375,$/GB VRAM
msi air boost oc | Radeon RX VEGA 56,GPU,msi,msi air boost oc,2025,399.99,49.99875,$/GB VRAM
msi armor mk2 oc | Radeon RX 580,GPU,msi,msi armor mk2 oc,2025,499.99,62.49875,$/GB VRAM
msi armor oc | GeForce GTX 1060 6GB,GPU,msi,msi armor oc,2023,399.0,66.5,$/GB VRAM
msi armor oc | GeForce GTX 1060 6GB,GPU,msi,msi armor oc,2025,399.0,66.5,$/GB VRAM
msi armor oc | GeForce GTX 1080,GPU,msi,msi armor oc,2023,598.0,74.75,$/GB VRAM
msi armor oc | GeForce GTX 1080,GPU,msi,msi armor oc,2025,598.0,74.75,$/GB VRAM
msi armor oc | GeForce GTX 1660,GPU,msi,msi armor oc,2025,231.32,38.553333333333335,$/GB VRAM
msi armor oc | GeForce GTX 1660 Ti,GPU,msi,msi armor oc,2023,249.42,41.57,$/GB VRAM
msi armor oc | GeForce GTX 1660 Ti,GPU,msi,msi armor oc,2025,592.33,98.72166666666668,$/GB VRAM
msi armor oc | Radeon RX 570,GPU,msi,msi armor oc,2025,489.0,61.125,$/GB VRAM
msi armor oc | Radeon RX 580,GPU,msi,msi armor oc,2023,369.97,46.24625,$/GB VRAM
msi armor oc | Radeon RX 580,GPU,msi,msi armor oc,2025,472.57,59.07125,$/GB VRAM
msi armor ocv1 | GeForce GTX 1060 6GB,GPU,msi,msi armor ocv1,2023,394.0,65.66666666666667,$/GB VRAM
msi armor ocv1 | GeForce GTX 1060 6GB,GPU,msi,msi armor ocv1,2025,398.0,66.33333333333333,$/GB VRAM
msi armor | GeForce RTX 2070,GPU,msi,msi armor,2025,659.0,82.375,$/GB VRAM
msi d3 lp | GeForce GT 710,GPU,msi,msi d3 lp,2023,64.99,32.495,$/GB VRAM
msi d3 lp | GeForce GT 710,GPU,msi,msi d3 lp,2025,69.99,34.995,$/GB VRAM
msi d3h lp | GeForce GT 710,GPU,msi,msi d3h lp,2023,46.9,46.9,$/GB VRAM
msi d3h lp | GeForce GT 710,GPU,msi,msi d3h lp,2025,89.0,89.0,$/GB VRAM
msi d4 lp oc | GeForce GT 1030 DDR4,GPU,msi,msi d4 lp oc,2023,106.99,26.7475,$/GB VRAM
msi d4 lp oc | GeForce GT 1030 DDR4,GPU,msi,msi d4 lp oc,2025,99.97,24.9925,$/GB VRAM
msi d6 aero itx oc | GeForce GTX 1650 G6,GPU,msi,msi d6 aero itx oc,2023,188.06,47.015,$/GB VRAM
msi d6 ventus xs oc | GeForce GTX 1650 G6,GPU,msi,msi d6 ventus xs oc,2023,176.99,44.2475,$/GB VRAM
msi d6 ventus xs oc | GeForce GTX 1650 G6,GPU,msi,msi d6 ventus xs oc,2025,348.88,87.22,$/GB VRAM
msi d6 ventus xs ocv3 | GeForce GTX 1650 G6,GPU,msi,msi d6 ventus xs ocv3,2023,154.99,38.7475,$/GB VRAM
msi duke oc | GeForce GTX 1080,GPU,msi,msi duke oc,2023,499.0,62.375,$/GB VRAM
msi duke oc | GeForce GTX 1080,GPU,msi,msi duke oc,2025,499.0,62.375,$/GB VRAM
msi duke oc | GeForce GTX 1080 Ti,GPU,msi,msi duke oc,2023,679.0,61.72727272727273,$/GB VRAM
msi duke oc | GeForce GTX 1080 Ti,GPU,msi,msi duke oc,2025,495.0,45.0,$/GB VRAM
msi duke | GeForce GTX 1070 Ti,GPU,msi,msi duke,2023,499.0,62.375,$/GB VRAM
msi duke | GeForce GTX 1070 Ti,GPU,msi,msi duke,2025,399.0,49.875,$/GB VRAM
msi duke | GeForce RTX 2070,GPU,msi,msi duke,2023,675.0,84.375,$/GB VRAM
msi duke | GeForce RTX 2070,GPU,msi,msi duke,2025,659.0,82.375,$/GB VRAM
msi duke | GeForce RTX 2080,GPU,msi,msi duke,2025,735.0,91.875,$/GB VRAM
msi expert | GeForce RTX 4070 Ti SUPER,GPU,msi,msi expert,2023,829.99,51.874375,$/GB VRAM
msi expert | GeForce RTX 4080 SUPER,GPU,msi,msi expert,2023,1069.99,66.874375,$/GB VRAM
msi expert | GeForce RTX 4080 SUPER,GPU,msi,msi expert,2025,1989.0,124.3125,$/GB VRAM
msi founders edition | GeForce GTX 1080 Ti,GPU,msi,msi founders edition,2023,679.0,61.72727272727273,$/GB VRAM
msi founders edition | GeForce GTX 1080 Ti,GPU,msi,msi founders edition,2025,698.0,63.45454545454545,$/GB VRAM
msi gaming ge | GeForce GTX 980 Ti,GPU,msi,msi gaming ge,2025,449.0,74.83333333333333,$/GB VRAM
msi gaming oc | GeForce RTX 5050,GPU,msi,msi gaming oc,2025,279.99,34.99875,$/GB VRAM
msi gaming oc | GeForce RTX 5060,GPU,msi,msi gaming oc,2025,359.99,44.99875,$/GB VRAM
msi gaming oc | GeForce RTX 5060 Ti,GPU,msi,msi gaming oc,2025,459.99,28.749375,$/GB VRAM
msi gaming trio classic | Radeon RX 7900 XTX,GPU,msi,msi gaming trio classic,2023,1029.99,42.91625,$/GB VRAM
msi gaming trio oc plus | GeForce RTX 5070 Ti,GPU,msi,msi gaming trio oc plus,2025,849.99,53.124375,$/GB VRAM
msi gaming trio oc white | GeForce RTX 5070,GPU,msi,msi gaming trio oc white,2025,954.13,79.51083333333334,$/GB VRAM
msi gaming trio oc | GeForce RTX 5060,GPU,msi,msi gaming trio oc,2025,359.99,44.99875,$/GB VRAM
msi gaming trio oc | GeForce RTX 5060 Ti,GPU,msi,msi gaming trio oc,2025,549.99,34.374375,$/GB VRAM
msi gaming trio oc | GeForce RTX 5070,GPU,msi,msi gaming trio oc,2025,549.99,45.8325,$/GB VRAM
msi gaming trio oc | GeForce RTX 5070 Ti,GPU,msi,msi gaming trio oc,2025,1090.46,68.15375,$/GB VRAM
msi gaming trio oc | GeForce RTX 5080,GPU,msi,msi gaming trio oc,2025,1658.8,103.675,$/GB VRAM
msi gaming trio oc | GeForce RTX 5090,GPU,msi,msi gaming trio oc,2025,3049.99,95.3121875,$/GB VRAM
msi gaming trio | GeForce RTX 4090,GPU,msi,msi gaming trio,2023,1879.99,78.33291666666666,$/GB VRAM
msi gaming trio | GeForce RTX 4090,GPU,msi,msi gaming trio,2025,3089.0,128.70833333333334,$/GB VRAM
msi gaming x slim mlg | GeForce RTX 4070 SUPER,GPU,msi,msi gaming x slim mlg,2023,609.99,50.8325,$/GB VRAM
msi gaming x slim | GeForce RTX 4060 Ti,GPU,msi,msi gaming x slim,2023,626.43,39.151875,$/GB VRAM
msi gaming x slim | GeForce RTX 4060 Ti,GPU,msi,msi gaming x slim,2025,999.99,62.499375,$/GB VRAM
msi gaming x slim | GeForce RTX 4070,GPU,msi,msi gaming x slim,2023,700.47,58.3725,$/GB VRAM
msi gaming x slim | GeForce RTX 4070,GPU,msi,msi gaming x slim,2025,1761.09,146.7575,$/GB VRAM
msi gaming x slim | GeForce RTX 4070 SUPER,GPU,msi,msi gaming x slim,2023,619.99,51.66583333333333,$/GB VRAM
msi gaming x slim | GeForce RTX 4070 Ti,GPU,msi,msi gaming x slim,2023,1269.24,105.77,$/GB VRAM
msi gaming x slim | GeForce RTX 4070 Ti,GPU,msi,msi gaming x slim,2025,1345.0,112.08333333333333,$/GB VRAM
msi gaming x slim | GeForce RTX 4070 Ti SUPER,GPU,msi,msi gaming x slim,2023,857.0,53.5625,$/GB VRAM
msi gaming x slim | GeForce RTX 4080,GPU,msi,msi gaming x slim,2023,1069.99,66.874375,$/GB VRAM
msi gaming x slim | GeForce RTX 4080 SUPER,GPU,msi,msi gaming x slim,2023,1313.99,82.124375,$/GB VRAM
msi gaming x slim | GeForce RTX 4090,GPU,msi,msi gaming x slim,2023,1859.0,77.45833333333333,$/GB VRAM
msi gaming x slim | GeForce RTX 4090,GPU,msi,msi gaming x slim,2025,3189.0,132.875,$/GB VRAM
msi gaming x trio | GeForce GTX 1080 Ti,GPU,msi,msi gaming x trio,2023,699.0,63.54545454545455,$/GB VRAM
msi gaming x trio | GeForce GTX 1080 Ti,GPU,msi,msi gaming x trio,2025,559.0,50.81818181818182,$/GB VRAM
msi gaming x trio | GeForce RTX 2070 SUPER,GPU,msi,msi gaming x trio,2025,738.0,92.25,$/GB VRAM
msi gaming x trio | GeForce RTX 2080 Ti,GPU,msi,msi gaming x trio,2025,985.0,89.54545454545455,$/GB VRAM
msi gaming x trio | GeForce RTX 3060 12GB,GPU,msi,msi gaming x trio,2025,656.98,54.748333333333335,$/GB VRAM
msi gaming x trio | GeForce RTX 3060 Ti,GPU,msi,msi gaming x trio,2023,539.0,67.375,$/GB VRAM
msi gaming x trio | GeForce RTX 3060 Ti,GPU,msi,msi gaming x trio,2025,539.0,67.375,$/GB VRAM
msi gaming x trio | GeForce RTX 3070 Ti,GPU,msi,msi gaming x trio,2023,699.99,87.49875,$/GB VRAM
msi gaming x trio | GeForce RTX 3070 Ti,GPU,msi,msi gaming x trio,2025,949.99,118.74875,$/GB VRAM
msi gaming x trio | GeForce RTX 3080 Ti,GPU,msi,msi gaming x trio,2023,1851.0,154.25,$/GB VRAM
msi gaming x trio | GeForce RTX 3080 Ti,GPU,msi,msi gaming x trio,2025,980.99,81.74916666666667,$/GB VRAM
msi gaming x trio | GeForce RTX 4060 Ti,GPU,msi,msi gaming x trio,2023,612.2,76.525,$/GB VRAM
msi gaming x trio | GeForce RTX 4070,GPU,msi,msi gaming x trio,2023,711.99,59.3325,$/GB VRAM
msi gaming x trio | GeForce RTX 4070 Ti,GPU,msi,msi gaming x trio,2023,1044.5,87.04166666666667,$/GB VRAM
msi gaming x trio | GeForce RTX 4070 Ti,GPU,msi,msi gaming x trio,2025,1371.5,114.29166666666667,$/GB VRAM
msi gaming x trio | GeForce RTX 4080,GPU,msi,msi gaming x trio,2023,1538.5,96.15625,$/GB VRAM
msi gaming x trio | GeForce RTX 4080,GPU,msi,msi gaming x trio,2025,1895.0,118.4375,$/GB VRAM
msi gaming x trio | GeForce RTX 4090,GPU,msi,msi gaming x trio,2023,1819.99,75.83291666666666,$/GB VRAM
msi gaming x trio | GeForce RTX 4090,GPU,msi,msi gaming x trio,2025,3259.95,135.83124999999998,$/GB VRAM
msi gaming x trio | Radeon RX 6750 XT,GPU,msi,msi gaming x trio,2023,579.99,48.3325,$/GB VRAM
msi gaming x trio | Radeon RX 6750 XT,GPU,msi,msi gaming x trio,2025,913.46,76.12166666666667,$/GB VRAM
msi gaming x trio | Radeon RX 6950 XT,GPU,msi,msi gaming x trio,2025,1249.0,78.0625,$/GB VRAM
msi gaming x | GeForce GTX 1050 Ti,GPU,msi,msi gaming x,2023,246.11,61.5275,$/GB VRAM
msi gaming x | GeForce GTX 1050 Ti,GPU,msi,msi gaming x,2025,350.0,87.5,$/GB VRAM
msi gaming x | GeForce GTX 1060 6GB,GPU,msi,msi gaming x,2025,445.0,74.16666666666667,$/GB VRAM
msi gaming x | GeForce GTX 1070,GPU,msi,msi gaming x,2023,499.99,62.49875,$/GB VRAM
msi gaming x | GeForce GTX 1070,GPU,msi,msi gaming x,2025,469.0,58.625,$/GB VRAM
msi gaming x | GeForce GTX 1080,GPU,msi,msi gaming x,2023,598.0,74.75,$/GB VRAM
msi gaming x | GeForce GTX 1080,GPU,msi,msi gaming x,2025,598.0,74.75,$/GB VRAM
msi gaming x | GeForce GTX 1080 Ti,GPU,msi,msi gaming x,2025,699.0,63.54545454545455,$/GB VRAM
msi gaming x | GeForce GTX 1650 G5,GPU,msi,msi gaming x,2023,389.0,97.25,$/GB VRAM
msi gaming x | GeForce GTX 1650 G5,GPU,msi,msi gaming x,2025,345.0,86.25,$/GB VRAM
msi gaming x | GeForce GTX 1650 SUPER,GPU,msi,msi gaming x,2025,379.0,94.75,$/GB VRAM
msi gaming x | GeForce GTX 1660 SUPER,GPU,msi,msi gaming x,2023,289.0,48.166666666666664,$/GB VRAM
msi gaming x | GeForce GTX 1660 SUPER,GPU,msi,msi gaming x,2025,258.44,43.07333333333333,$/GB VRAM
msi gaming x | GeForce GTX 1660 Ti,GPU,msi,msi gaming x,2023,252.45,42.074999999999996,$/GB VRAM
msi gaming x | GeForce GTX 1660 Ti,GPU,msi,msi gaming x,2025,425.0,70.83333333333333,$/GB VRAM
msi gaming x | GeForce RTX 2060 SUPER,GPU,msi,msi gaming x,2025,575.0,71.875,$/GB VRAM
msi gaming x | GeForce RTX 2070 SUPER,GPU,msi,msi gaming x,2023,999.99,124.99875,$/GB VRAM
msi gaming x | GeForce RTX 2070 SUPER,GPU,msi,msi gaming x,2025,738.0,92.25,$/GB VRAM
msi gaming x | GeForce RTX 3050 6GB,GPU,msi,msi gaming x,2025,194.99,32.498333333333335,$/GB VRAM
msi gaming x | GeForce RTX 3050 8GB,GPU,msi,msi gaming x,2023,229.99,28.74875,$/GB VRAM
msi gaming x | GeForce RTX 3060 Ti LHR,GPU,msi,msi gaming x,2023,383.99,47.99875,$/GB VRAM
msi gaming x | GeForce RTX 4060,GPU,msi,msi gaming x,2023,319.99,39.99875,$/GB VRAM
msi gaming x | GeForce RTX 4060 Ti,GPU,msi,msi gaming x,2023,449.99,56.24875,$/GB VRAM
msi gaming x | GeForce RTX 4060 Ti,GPU,msi,msi gaming x,2025,518.3,64.7875,$/GB VRAM
msi gaming x | Radeon RX 580,GPU,msi,msi gaming x,2025,489.0,61.125,$/GB VRAM
msi gaming x | Radeon RX 6600 XT,GPU,msi,msi gaming x,2023,506.49,63.31125,$/GB VRAM
msi gaming x | Radeon RX 6600 XT,GPU,msi,msi gaming x,2025,603.3,75.4125,$/GB VRAM
msi gaming x | Radeon RX 6700 XT,GPU,msi,msi gaming x,2023,1039.99,86.66583333333334,$/GB VRAM
msi gaming x | Radeon RX 6700 XT,GPU,msi,msi gaming x,2025,756.0,63.0,$/GB VRAM
msi gaming z trio v1 | Radeon RX 6800,GPU,msi,msi gaming z trio v1,2025,629.99,39.374375,$/GB VRAM
msi gaming z trio | GeForce RTX 3070 LHR,GPU,msi,msi gaming z trio,2025,948.99,118.62375,$/GB VRAM
msi gaming z trio | GeForce RTX 3080 10GB LHR,GPU,msi,msi gaming z trio,2023,949.95,94.995,$/GB VRAM
msi gaming z trio | GeForce RTX 3080 10GB LHR,GPU,msi,msi gaming z trio,2025,949.95,94.995,$/GB VRAM
msi gaming z trio | GeForce RTX 3080 12GB LHR,GPU,msi,msi gaming z trio,2023,1998.0,166.5,$/GB VRAM
msi gaming z trio | GeForce RTX 3080 12GB LHR,GPU,msi,msi gaming z trio,2025,1189.0,99.08333333333333,$/GB VRAM
msi gaming z trio | Radeon RX 6800 XT,GPU,msi,msi gaming z trio,2025,989.0,61.8125,$/GB VRAM
msi gaming z | GeForce RTX 2060,GPU,msi,msi gaming z,2025,916.69,152.78166666666667,$/GB VRAM
msi gaming | GeForce GTX 1060 6GB,GPU,msi,msi gaming,2023,555.0,92.5,$/GB VRAM
msi gaming | GeForce GTX 1070 Ti,GPU,msi,msi gaming,2023,729.0,91.125,$/GB VRAM
msi gaming | GeForce GTX 1070 Ti,GPU,msi,msi gaming,2025,529.0,66.125,$/GB VRAM
msi gaming | Radeon R9 390,GPU,msi,msi gaming,2023,399.0,49.875,$/GB VRAM
msi gaming | Radeon R9 390,GPU,msi,msi gaming,2025,389.0,48.625,$/GB VRAM
msi geforce gtx 1060 6g ocv1 | GeForce GTX 1060 6GB,GPU,msi,msi geforce gtx 1060 6g ocv1,2025,395.0,65.83333333333333,$/GB VRAM
msi geforce gtx 1650 super | GeForce GTX 1650 SUPER,GPU,msi,msi geforce gtx 1650 super,2023,403.0,100.75,$/GB VRAM
msi geforce gtx 1650 super | GeForce GTX 1650 SUPER,GPU,msi,msi geforce gtx 1650 super,2025,462.4,115.6,$/GB VRAM
msi geforce rtx 2060 ventus gp oc | GeForce RTX 2060,GPU,msi,msi geforce rtx 2060 ventus gp oc,2023,329.0,54.833333333333336,$/GB VRAM
msi geforce rtx 2060 ventus gp oc | GeForce RTX 2060,GPU,msi,msi geforce rtx 2060 ventus gp oc,2025,349.99,58.33166666666667,$/GB VRAM
msi geforce rtx 2070 super ventus gp oc | GeForce RTX 2070 SUPER,GPU,msi,msi geforce rtx 2070 super ventus gp oc,2023,679.0,84.875,$/GB VRAM
msi geforce rtx 2070 super ventus gp oc | GeForce RTX 2070 SUPER,GPU,msi,msi geforce rtx 2070 super ventus gp oc,2025,689.0,86.125,$/GB VRAM
msi geforce rtx 2080 ti ventus 11g oc | GeForce RTX 2080 Ti,GPU,msi,msi geforce rtx 2080 ti ventus 11g oc,2025,998.0,90.72727272727273,$/GB VRAM
msi geforce rtx 3060 ventus 2x 12g oc | GeForce RTX 3060 12GB,GPU,msi,msi geforce rtx 3060 ventus 2x 12g oc,2025,349.75,29.145833333333332,$/GB VRAM
msi geforce rtx 3060 ventus 2x 12g | GeForce RTX 3060 12GB,GPU,msi,msi geforce rtx 3060 ventus 2x 12g,2023,289.0,24.083333333333332,$/GB VRAM
msi geforce rtx 3060 ventus 2x 12g | GeForce RTX 3060 12GB,GPU,msi,msi geforce rtx 3060 ventus 2x 12g,2025,299.97,24.997500000000002,$/GB VRAM
msi geforce rtx 3070 suprim x 8g lhr | GeForce RTX 3070 LHR,GPU,msi,msi geforce rtx 3070 suprim x 8g lhr,2023,799.0,99.875,$/GB VRAM
msi geforce rtx 3070 suprim x 8g lhr | GeForce RTX 3070 LHR,GPU,msi,msi geforce rtx 3070 suprim x 8g lhr,2025,735.0,91.875,$/GB VRAM
msi geforce rtx 3070 ventus 3x 8g oc lhr | GeForce RTX 3070 LHR,GPU,msi,msi geforce rtx 3070 ventus 3x 8g oc lhr,2023,499.99,62.49875,$/GB VRAM
msi geforce rtx 3070 ventus 3x 8g oc lhr | GeForce RTX 3070 LHR,GPU,msi,msi geforce rtx 3070 ventus 3x 8g oc lhr,2025,735.0,91.875,$/GB VRAM
msi geforce rtx 3070 ventus 3x oc | GeForce RTX 3070,GPU,msi,msi geforce rtx 3070 ventus 3x oc,2023,692.78,86.5975,$/GB VRAM
msi geforce rtx 3070 ventus 3x oc | GeForce RTX 3070,GPU,msi,msi geforce rtx 3070 ventus 3x oc,2025,534.19,66.77375,$/GB VRAM
msi geforce rtx 3070 ventus 3x | GeForce RTX 3070,GPU,msi,msi geforce rtx 3070 ventus 3x,2023,692.78,86.5975,$/GB VRAM
msi geforce rtx 3070 ventus 3x | GeForce RTX 3070,GPU,msi,msi geforce rtx 3070 ventus 3x,2025,534.19,66.77375,$/GB VRAM
msi geforce rtx 3080 gaming x trio 10g | GeForce RTX 3080 10GB,GPU,msi,msi geforce rtx 3080 gaming x trio 10g,2025,779.0,77.9,$/GB VRAM
msi geforce rtx 3080 rtx 3080 suprim x 10g | GeForce RTX 3080 10GB,GPU,msi,msi geforce rtx 3080 rtx 3080 suprim x 10g,2023,899.95,89.995,$/GB VRAM
msi geforce rtx 3080 rtx 3080 suprim x 10g | GeForce RTX 3080 10GB,GPU,msi,msi geforce rtx 3080 rtx 3080 suprim x 10g,2025,1145.0,114.5,$/GB VRAM
msi geforce rtx 3080 ventus 3x 10g oc | GeForce RTX 3080 10GB,GPU,msi,msi geforce rtx 3080 ventus 3x 10g oc,2023,844.99,84.499,$/GB VRAM
msi geforce rtx 3080 ventus 3x 10g oc | GeForce RTX 3080 10GB,GPU,msi,msi geforce rtx 3080 ventus 3x 10g oc,2025,879.99,87.999,$/GB VRAM
msi geforce rtx 3090 gaming x trio 24g | GeForce RTX 3090,GPU,msi,msi geforce rtx 3090 gaming x trio 24g,2023,1325.99,55.249583333333334,$/GB VRAM
msi geforce rtx 3090 gaming x trio 24g | GeForce RTX 3090,GPU,msi,msi geforce rtx 3090 gaming x trio 24g,2025,1695.99,70.66625,$/GB VRAM
msi geforce rtx 3090 ti gaming x trio 24g | GeForce RTX 3090 Ti,GPU,msi,msi geforce rtx 3090 ti gaming x trio 24g,2023,1545.95,64.41458333333334,$/GB VRAM
msi geforce rtx 3090 ti gaming x trio 24g | GeForce RTX 3090 Ti,GPU,msi,msi geforce rtx 3090 ti gaming x trio 24g,2025,1989.0,82.875,$/GB VRAM
msi geforce rtx 3090 ventus 3x 24g oc | GeForce RTX 3090,GPU,msi,msi geforce rtx 3090 ventus 3x 24g oc,2023,1484.99,61.874583333333334,$/GB VRAM
msi geforce rtx 3090 ventus 3x 24g oc | GeForce RTX 3090,GPU,msi,msi geforce rtx 3090 ventus 3x 24g oc,2025,1599.99,66.66625,$/GB VRAM
msi gt 1030 2ghd4 lp oc | GeForce GT 1030 DDR4,GPU,msi,msi gt 1030 2ghd4 lp oc,2025,169.99,84.995,$/GB VRAM
msi gt 710 1gd3h lp | GeForce GT 710,GPU,msi,msi gt 710 1gd3h lp,2023,69.84,69.84,$/GB VRAM
msi gt 710 1gd3h lp | GeForce GT 710,GPU,msi,msi gt 710 1gd3h lp,2025,45.99,45.99,$/GB VRAM
msi gt 710 2gd3 lp | GeForce GT 710,GPU,msi,msi gt 710 2gd3 lp,2023,49.0,24.5,$/GB VRAM
msi gt 710 2gd3 lp | GeForce GT 710,GPU,msi,msi gt 710 2gd3 lp,2025,59.95,29.975,$/GB VRAM
msi gt 710 2gd3h lp | GeForce GT 710,GPU,msi,msi gt 710 2gd3h lp,2023,62.53,31.265,$/GB VRAM
msi gt 710 2gd3h lp | GeForce GT 710,GPU,msi,msi gt 710 2gd3h lp,2025,71.62,35.81,$/GB VRAM
msi gt lp | GeForce GT 710,GPU,msi,msi gt lp,2023,61.02,61.02,$/GB VRAM
msi gt lp | GeForce GT 710,GPU,msi,msi gt lp,2025,69.98,69.98,$/GB VRAM
msi gt oc | GeForce GTX 1060 3GB,GPU,msi,msi gt oc,2025,239.0,79.66666666666667,$/GB VRAM
msi gtx 1050 ti 4gt oc | GeForce GTX 1050 Ti,GPU,msi,msi gtx 1050 ti 4gt oc,2025,263.99,65.9975,$/GB VRAM
msi gtx 1070 ti titanium 8g | GeForce GTX 1070 Ti,GPU,msi,msi gtx 1070 ti titanium 8g,2023,499.0,62.375,$/GB VRAM
msi gtx 1070 ti titanium 8g | GeForce GTX 1070 Ti,GPU,msi,msi gtx 1070 ti titanium 8g,2025,499.0,62.375,$/GB VRAM
msi inspire 2x oc | GeForce RTX 5060,GPU,msi,msi inspire 2x oc,2025,329.99,41.24875,$/GB VRAM
msi inspire 3x oc plus | GeForce RTX 5070 Ti,GPU,msi,msi inspire 3x oc plus,2025,1010.0,63.125,$/GB VRAM
msi inspire 3x oc | GeForce RTX 5080,GPU,msi,msi inspire 3x oc,2025,1399.99,87.499375,$/GB VRAM
msi lp oc | GeForce RTX 3050 6GB,GPU,msi,msi lp oc,2023,179.99,29.998333333333335,$/GB VRAM
msi lp oc | GeForce RTX 3050 6GB,GPU,msi,msi lp oc,2025,219.98,36.663333333333334,$/GB VRAM
msi lp | Radeon R7 240,GPU,msi,msi lp,2025,126.12,63.06,$/GB VRAM
msi mech 2x classic oc | Radeon RX 7600,GPU,msi,msi mech 2x classic oc,2023,269.99,33.74875,$/GB VRAM
msi mech 2x oc | Radeon RX 6500 XT,GPU,msi,msi mech 2x oc,2023,189.99,47.4975,$/GB VRAM
msi mech 2x oc | Radeon RX 6650 XT,GPU,msi,msi mech 2x oc,2023,299.99,37.49875,$/GB VRAM
msi mech 2x oc | Radeon RX 6700 XT,GPU,msi,msi mech 2x oc,2023,504.04,42.00333333333334,$/GB VRAM
msi mech 2x oc | Radeon RX 6750 XT,GPU,msi,msi mech 2x oc,2023,529.0,44.083333333333336,$/GB VRAM
msi mech 2x v1 | Radeon RX 6750 XT,GPU,msi,msi mech 2x v1,2025,849.0,70.75,$/GB VRAM
msi mech 2x | Radeon RX 6700 XT,GPU,msi,msi mech 2x,2023,738.0,61.5,$/GB VRAM
msi mech 2x | Radeon RX 6700 XT,GPU,msi,msi mech 2x,2025,738.0,61.5,$/GB VRAM
msi mech oc | Radeon RX 5700 XT,GPU,msi,msi mech oc,2025,635.0,79.375,$/GB VRAM
msi msi rtx 2070 ventus 8g video card | GeForce RTX 2070,GPU,msi,msi msi rtx 2070 ventus 8g video card,2023,629.0,78.625,$/GB VRAM
msi msi rtx 2070 ventus 8g video card | GeForce RTX 2070,GPU,msi,msi msi rtx 2070 ventus 8g video card,2025,659.0,82.375,$/GB VRAM
msi n465gtx-m2d1g | GeForce GTX 465,GPU,msi,msi n465gtx-m2d1g,2025,274.64,274.64,$/GB VRAM
msi n570gtx-m2d12d5 | GeForce GTX 570,GPU,msi,msi n570gtx-m2d12d5,2025,387.62,310.096,$/GB VRAM
msi n730-2gd3v3 | GeForce GT 730,GPU,msi,msi n730-2gd3v3,2023,97.1,48.55,$/GB VRAM
msi n730-2gd3v3 | GeForce GT 730,GPU,msi,msi n730-2gd3v3,2025,107.52,53.76,$/GB VRAM
msi r5450-md1gh d2 | Radeon HD 5450,GPU,msi,msi r5450-md1gh d2,2025,78.34,78.34,$/GB VRAM
msi r5670-pd512 | Radeon HD 5670,GPU,msi,msi r5670-pd512,2025,80.08,160.16,$/GB VRAM
msi r5750-md1g | Radeon HD 5750,GPU,msi,msi r5750-md1g,2025,117.84,117.84,$/GB VRAM
msi r6850-pm2d1gd5 oc | Radeon HD 6850,GPU,msi,msi r6850-pm2d1gd5 oc,2025,206.7,206.7,$/GB VRAM
msi radeon rx 480 4g | Radeon RX 480,GPU,msi,msi radeon rx 480 4g,2025,399.0,99.75,$/GB VRAM
msi radeon rx 5500 xt mech 8g oc | Radeon RX 5500 XT,GPU,msi,msi radeon rx 5500 xt mech 8g oc,2023,349.99,43.74875,$/GB VRAM
msi radeon rx 6600 mech 2x 8g | Radeon RX 6600,GPU,msi,msi radeon rx 6600 mech 2x 8g,2025,595.0,74.375,$/GB VRAM
msi radeon rx 6600 xt mech 2x 8g ocv1 | Radeon RX 6600 XT,GPU,msi,msi radeon rx 6600 xt mech 2x 8g ocv1,2023,399.0,49.875,$/GB VRAM
msi radeon rx 6600 xt mech 2x 8g ocv1 | Radeon RX 6600 XT,GPU,msi,msi radeon rx 6600 xt mech 2x 8g ocv1,2025,1210.0,151.25,$/GB VRAM
msi radeon rx 6800 gaming x trio 16g | Radeon RX 6800,GPU,msi,msi radeon rx 6800 gaming x trio 16g,2023,1115.48,69.7175,$/GB VRAM
msi radeon rx 6800 xt gaming x trio 16g | Radeon RX 6800 XT,GPU,msi,msi radeon rx 6800 xt gaming x trio 16g,2023,899.99,56.249375,$/GB VRAM
msi radeon rx 6800 xt gaming x trio 16g | Radeon RX 6800 XT,GPU,msi,msi radeon rx 6800 xt gaming x trio 16g,2025,1170.49,73.155625,$/GB VRAM
msi radeon rx 6900 xt gaming x trio 16g | Radeon RX 6900 XT,GPU,msi,msi radeon rx 6900 xt gaming x trio 16g,2023,1017.8,63.6125,$/GB VRAM
msi radeon rx 6900 xt gaming x trio 16g | Radeon RX 6900 XT,GPU,msi,msi radeon rx 6900 xt gaming x trio 16g,2025,1135.01,70.938125,$/GB VRAM
msi radeon rx 6900 xt gaming z trio 16g | Radeon RX 6900 XT,GPU,msi,msi radeon rx 6900 xt gaming z trio 16g,2023,1126.86,70.42875,$/GB VRAM
msi radeon rx 6900 xt gaming z trio 16g | Radeon RX 6900 XT,GPU,msi,msi radeon rx 6900 xt gaming z trio 16g,2025,799.99,49.999375,$/GB VRAM
msi rtx 3060 ventus 3x 12g oc | GeForce RTX 3060 12GB,GPU,msi,msi rtx 3060 ventus 3x 12g oc,2023,299.0,24.916666666666668,$/GB VRAM
msi rtx 3060 ventus 3x 12g oc | GeForce RTX 3060 12GB,GPU,msi,msi rtx 3060 ventus 3x 12g oc,2025,569.99,47.49916666666667,$/GB VRAM
msi rtx 3070 gaming x trio | GeForce RTX 3070,GPU,msi,msi rtx 3070 gaming x trio,2023,550.66,68.8325,$/GB VRAM
msi rtx 3070 gaming x trio | GeForce RTX 3070,GPU,msi,msi rtx 3070 gaming x trio,2025,699.0,87.375,$/GB VRAM
msi rtx 3090 suprim x 24g | GeForce RTX 3090,GPU,msi,msi rtx 3090 suprim x 24g,2023,1549.99,64.58291666666666,$/GB VRAM
msi rtx 3090 suprim x 24g | GeForce RTX 3090,GPU,msi,msi rtx 3090 suprim x 24g,2025,1658.0,69.08333333333333,$/GB VRAM
msi rtx 4090 gaming slim 24g | GeForce RTX 4090,GPU,msi,msi rtx 4090 gaming slim 24g,2023,1799.99,74.99958333333333,$/GB VRAM
msi rtx 4090 gaming slim 24g | GeForce RTX 4090,GPU,msi,msi rtx 4090 gaming slim 24g,2025,3070.0,127.91666666666667,$/GB VRAM
msi rtx 4090 ventus 3x 24g oc | GeForce RTX 4090,GPU,msi,msi rtx 4090 ventus 3x 24g oc,2025,3089.0,128.70833333333334,$/GB VRAM
msi rtx 5060 ti 16g inspire 2x oc | GeForce RTX 5060 Ti,GPU,msi,msi rtx 5060 ti 16g inspire 2x oc,2025,539.98,33.74875,$/GB VRAM
msi rx 580 8g | Radeon RX 580,GPU,msi,msi rx 580 8g,2023,260.0,32.5,$/GB VRAM
msi rx 580 8g | Radeon RX 580,GPU,msi,msi rx 580 8g,2025,260.0,32.5,$/GB VRAM
msi rx 6600 xt mech 2x 8g oc | Radeon RX 6600 XT,GPU,msi,msi rx 6600 xt mech 2x 8g oc,2023,433.78,54.2225,$/GB VRAM
msi rx 6600 xt mech 2x 8g oc | Radeon RX 6600 XT,GPU,msi,msi rx 6600 xt mech 2x 8g oc,2025,648.0,81.0,$/GB VRAM
msi sea hawk x | GeForce RTX 2080,GPU,msi,msi sea hawk x,2023,855.0,106.875,$/GB VRAM
msi sea hawk x | GeForce RTX 2080,GPU,msi,msi sea hawk x,2025,795.0,99.375,$/GB VRAM
msi shadow 2x oc | GeForce RTX 5050,GPU,msi,msi shadow 2x oc,2025,249.99,31.24875,$/GB VRAM
msi shadow 2x oc | GeForce RTX 5060,GPU,msi,msi shadow 2x oc,2025,299.99,37.49875,$/GB VRAM
msi shadow 2x oc | GeForce RTX 5070,GPU,msi,msi shadow 2x oc,2025,599.99,49.99916666666667,$/GB VRAM
msi shadow 3x oc | GeForce RTX 5070,GPU,msi,msi shadow 3x oc,2025,599.44,49.95333333333334,$/GB VRAM
msi shadow 3x oc | GeForce RTX 5070 Ti,GPU,msi,msi shadow 3x oc,2025,829.99,51.874375,$/GB VRAM
msi shadow 3x oc | GeForce RTX 5080,GPU,msi,msi shadow 3x oc,2025,1339.0,83.6875,$/GB VRAM
msi shadow 3x | GeForce RTX 5070 Ti,GPU,msi,msi shadow 3x,2025,1089.0,68.0625,$/GB VRAM
msi suprim liquid soc | GeForce RTX 5080,GPU,msi,msi suprim liquid soc,2025,1699.99,106.249375,$/GB VRAM
msi suprim liquid soc | GeForce RTX 5090,GPU,msi,msi suprim liquid soc,2025,3229.0,100.90625,$/GB VRAM
msi suprim liquid x | GeForce RTX 4090,GPU,msi,msi suprim liquid x,2023,1749.99,72.91625,$/GB VRAM
msi suprim liquid x | GeForce RTX 4090,GPU,msi,msi suprim liquid x,2025,3049.0,127.04166666666667,$/GB VRAM
msi suprim liquid | GeForce RTX 4090,GPU,msi,msi suprim liquid,2023,1919.0,79.95833333333333,$/GB VRAM
msi suprim soc | GeForce RTX 5080,GPU,msi,msi suprim soc,2025,1809.0,113.0625,$/GB VRAM
msi suprim soc | GeForce RTX 5090,GPU,msi,msi suprim soc,2025,3199.99,99.9996875,$/GB VRAM
msi suprim x | GeForce RTX 3070 Ti,GPU,msi,msi suprim x,2025,1667.49,208.43625,$/GB VRAM
msi suprim x | GeForce RTX 3080 10GB LHR,GPU,msi,msi suprim x,2025,1145.0,114.5,$/GB VRAM
msi suprim x | GeForce RTX 3080 Ti,GPU,msi,msi suprim x,2025,1325.0,110.41666666666667,$/GB VRAM
msi suprim x | GeForce RTX 4070 Ti,GPU,msi,msi suprim x,2023,1269.0,105.75,$/GB VRAM
msi suprim x | GeForce RTX 4070 Ti,GPU,msi,msi suprim x,2025,1298.0,108.16666666666667,$/GB VRAM
msi suprim x | GeForce RTX 4080,GPU,msi,msi suprim x,2023,1449.99,90.624375,$/GB VRAM
msi suprim x | GeForce RTX 4080 SUPER,GPU,msi,msi suprim x,2023,1199.99,74.999375,$/GB VRAM
msi suprim x | GeForce RTX 4080 SUPER,GPU,msi,msi suprim x,2025,1995.0,124.6875,$/GB VRAM
msi suprim x | GeForce RTX 4090,GPU,msi,msi suprim x,2023,2384.81,99.36708333333333,$/GB VRAM
msi twin frozr ii | Radeon HD 5850,GPU,msi,msi twin frozr ii,2025,329.42,329.42,$/GB VRAM
msi vanguard soc launch edition | GeForce RTX 5070,GPU,msi,msi vanguard soc launch edition,2025,904.97,75.41416666666667,$/GB VRAM
msi vanguard soc launch edition | GeForce RTX 5070 Ti,GPU,msi,msi vanguard soc launch edition,2025,1059.99,66.249375,$/GB VRAM
msi vanguard soc launch edition | GeForce RTX 5080,GPU,msi,msi vanguard soc launch edition,2025,1992.0,124.5,$/GB VRAM
msi vanguard soc launch edition | GeForce RTX 5090,GPU,msi,msi vanguard soc launch edition,2025,3062.98,95.718125,$/GB VRAM
msi vanguard soc | GeForce RTX 5070,GPU,msi,msi vanguard soc,2025,649.99,54.16583333333333,$/GB VRAM
msi vanguard soc | GeForce RTX 5070 Ti,GPU,msi,msi vanguard soc,2025,859.99,53.749375,$/GB VRAM
msi vanguard soc | GeForce RTX 5080,GPU,msi,msi vanguard soc,2025,1459.99,91.249375,$/GB VRAM
msi vanguard soc | GeForce RTX 5090,GPU,msi,msi vanguard soc,2025,2799.99,87.4996875,$/GB VRAM
msi ventus 2x black oc | GeForce RTX 4060,GPU,msi,msi ventus 2x black oc,2023,293.0,36.625,$/GB VRAM
msi ventus 2x black oc | GeForce RTX 4060,GPU,msi,msi ventus 2x black oc,2025,449.99,56.24875,$/GB VRAM
msi ventus 2x black oc | GeForce RTX 4060 Ti,GPU,msi,msi ventus 2x black oc,2023,414.99,25.936875,$/GB VRAM
msi ventus 2x black oc | GeForce RTX 4060 Ti,GPU,msi,msi ventus 2x black oc,2025,536.5,33.53125,$/GB VRAM
msi ventus 2x e oc | GeForce RTX 4070,GPU,msi,msi ventus 2x e oc,2023,694.92,57.91,$/GB VRAM
msi ventus 2x e oc | GeForce RTX 4070,GPU,msi,msi ventus 2x e oc,2025,1398.88,116.57333333333334,$/GB VRAM
msi ventus 2x oc | GeForce RTX 3050 6GB,GPU,msi,msi ventus 2x oc,2023,179.99,29.998333333333335,$/GB VRAM
msi ventus 2x oc | GeForce RTX 3050 6GB,GPU,msi,msi ventus 2x oc,2025,179.99,29.998333333333335,$/GB VRAM
msi ventus 2x oc | GeForce RTX 3050 8GB,GPU,msi,msi ventus 2x oc,2023,389.35,48.66875,$/GB VRAM
msi ventus 2x oc | GeForce RTX 3060 8GB,GPU,msi,msi ventus 2x oc,2023,259.0,32.375,$/GB VRAM
msi ventus 2x oc | GeForce RTX 3060 8GB,GPU,msi,msi ventus 2x oc,2025,359.99,44.99875,$/GB VRAM
msi ventus 2x oc | GeForce RTX 3060 Ti,GPU,msi,msi ventus 2x oc,2023,489.9,61.2375,$/GB VRAM
msi ventus 2x oc | GeForce RTX 3060 Ti,GPU,msi,msi ventus 2x oc,2025,487.54,60.9425,$/GB VRAM
msi ventus 2x oc | GeForce RTX 3070,GPU,msi,msi ventus 2x oc,2023,799.0,99.875,$/GB VRAM
msi ventus 2x oc | GeForce RTX 3070,GPU,msi,msi ventus 2x oc,2025,576.1,72.0125,$/GB VRAM
msi ventus 2x oc | GeForce RTX 3070 LHR,GPU,msi,msi ventus 2x oc,2025,521.04,65.13,$/GB VRAM
msi ventus 2x oc | GeForce RTX 4060,GPU,msi,msi ventus 2x oc,2023,299.0,37.375,$/GB VRAM
msi ventus 2x oc | GeForce RTX 4060,GPU,msi,msi ventus 2x oc,2025,464.0,58.0,$/GB VRAM
msi ventus 2x oc | GeForce RTX 4070,GPU,msi,msi ventus 2x oc,2023,547.49,45.62416666666667,$/GB VRAM
msi ventus 2x oc | GeForce RTX 4070,GPU,msi,msi ventus 2x oc,2025,1094.0,91.16666666666667,$/GB VRAM
msi ventus 2x oc | GeForce RTX 4070 SUPER,GPU,msi,msi ventus 2x oc,2023,609.99,50.8325,$/GB VRAM
msi ventus 2x oc | GeForce RTX 4070 SUPER,GPU,msi,msi ventus 2x oc,2025,1011.37,84.28083333333333,$/GB VRAM
msi ventus 2x oc | GeForce RTX 4070 Ti,GPU,msi,msi ventus 2x oc,2023,749.99,62.49916666666667,$/GB VRAM
msi ventus 2x oc | GeForce RTX 4070 Ti,GPU,msi,msi ventus 2x oc,2025,1199.99,99.99916666666667,$/GB VRAM
msi ventus 2x oc | GeForce RTX 4070 Ti SUPER,GPU,msi,msi ventus 2x oc,2023,828.62,51.78875,$/GB VRAM
msi ventus 2x oc | GeForce RTX 4070 Ti SUPER,GPU,msi,msi ventus 2x oc,2025,1379.0,86.1875,$/GB VRAM
msi ventus 2x oc | GeForce RTX 5050,GPU,msi,msi ventus 2x oc,2025,269.99,33.74875,$/GB VRAM
msi ventus 2x oc | GeForce RTX 5060,GPU,msi,msi ventus 2x oc,2025,319.99,39.99875,$/GB VRAM
msi ventus 2x oc | GeForce RTX 5070,GPU,msi,msi ventus 2x oc,2025,629.99,52.49916666666667,$/GB VRAM
msi ventus 2x ocv1 | GeForce RTX 3060 Ti LHR,GPU,msi,msi ventus 2x ocv1,2023,499.0,62.375,$/GB VRAM
msi ventus 2x ocv1 | GeForce RTX 3060 Ti LHR,GPU,msi,msi ventus 2x ocv1,2025,487.54,60.9425,$/GB VRAM
msi ventus 2x plus oc | GeForce RTX 5060 Ti,GPU,msi,msi ventus 2x plus oc,2025,439.99,27.499375,$/GB VRAM
msi ventus 2x plus | GeForce RTX 5060 Ti,GPU,msi,msi ventus 2x plus,2025,429.99,26.874375,$/GB VRAM
msi ventus 2x v1 | GeForce RTX 3060 Ti LHR,GPU,msi,msi ventus 2x v1,2023,499.0,62.375,$/GB VRAM
msi ventus 2x xs oc | GeForce RTX 3050 8GB,GPU,msi,msi ventus 2x xs oc,2023,199.99,24.99875,$/GB VRAM
msi ventus 2x xs oc | GeForce RTX 3050 8GB,GPU,msi,msi ventus 2x xs oc,2025,219.99,27.49875,$/GB VRAM
msi ventus 2x | GeForce RTX 5060,GPU,msi,msi ventus 2x,2025,329.99,41.24875,$/GB VRAM
msi ventus 3x 8gd6x oc | GeForce RTX 3060 Ti,GPU,msi,msi ventus 3x 8gd6x oc,2023,627.0,78.375,$/GB VRAM
msi ventus 3x 8gd6x oc | GeForce RTX 3060 Ti,GPU,msi,msi ventus 3x 8gd6x oc,2025,698.0,87.25,$/GB VRAM
msi ventus 3x e oc | GeForce RTX 4070,GPU,msi,msi ventus 3x e oc,2023,716.45,59.70416666666667,$/GB VRAM
msi ventus 3x e oc | GeForce RTX 4070 Ti,GPU,msi,msi ventus 3x e oc,2023,759.99,63.3325,$/GB VRAM
msi ventus 3x e oc | GeForce RTX 4090,GPU,msi,msi ventus 3x e oc,2023,1999.99,83.33291666666666,$/GB VRAM
msi ventus 3x e1 oc | GeForce RTX 4070,GPU,msi,msi ventus 3x e1 oc,2025,1145.0,95.41666666666667,$/GB VRAM
msi ventus 3x oc lhr | GeForce RTX 3080 10GB LHR,GPU,msi,msi ventus 3x oc lhr,2023,999.0,99.9,$/GB VRAM
msi ventus 3x oc lhr | GeForce RTX 3080 10GB LHR,GPU,msi,msi ventus 3x oc lhr,2025,998.0,99.8,$/GB VRAM
msi ventus 3x oc plus | GeForce RTX 5080,GPU,msi,msi ventus 3x oc plus,2025,1599.99,99.999375,$/GB VRAM
msi ventus 3x oc | GeForce RTX 3060 Ti LHR,GPU,msi,msi ventus 3x oc,2023,395.99,49.49875,$/GB VRAM
msi ventus 3x oc | GeForce RTX 3060 Ti LHR,GPU,msi,msi ventus 3x oc,2025,514.79,64.34875,$/GB VRAM
msi ventus 3x oc | GeForce RTX 3070 Ti,GPU,msi,msi ventus 3x oc,2023,599.99,74.99875,$/GB VRAM
msi ventus 3x oc | GeForce RTX 3070 Ti,GPU,msi,msi ventus 3x oc,2025,795.0,99.375,$/GB VRAM
msi ventus 3x oc | GeForce RTX 3080 10GB LHR,GPU,msi,msi ventus 3x oc,2023,999.0,99.9,$/GB VRAM
msi ventus 3x oc | GeForce RTX 3080 10GB LHR,GPU,msi,msi ventus 3x oc,2025,998.0,99.8,$/GB VRAM
msi ventus 3x oc | GeForce RTX 3080 Ti,GPU,msi,msi ventus 3x oc,2023,1186.99,98.91583333333334,$/GB VRAM
msi ventus 3x oc | GeForce RTX 3080 Ti,GPU,msi,msi ventus 3x oc,2025,1345.0,112.08333333333333,$/GB VRAM
msi ventus 3x oc | GeForce RTX 4060 Ti,GPU,msi,msi ventus 3x oc,2023,439.5,54.9375,$/GB VRAM
msi ventus 3x oc | GeForce RTX 4060 Ti,GPU,msi,msi ventus 3x oc,2025,527.39,65.92375,$/GB VRAM
msi ventus 3x oc | GeForce RTX 4070,GPU,msi,msi ventus 3x oc,2025,1005.74,83.81166666666667,$/GB VRAM
msi ventus 3x oc | GeForce RTX 4070 SUPER,GPU,msi,msi ventus 3x oc,2023,629.99,52.49916666666667,$/GB VRAM
msi ventus 3x oc | GeForce RTX 4070 SUPER,GPU,msi,msi ventus 3x oc,2025,944.99,78.74916666666667,$/GB VRAM
msi ventus 3x oc | GeForce RTX 4070 Ti,GPU,msi,msi ventus 3x oc,2023,781.33,65.11083333333333,$/GB VRAM
msi ventus 3x oc | GeForce RTX 4070 Ti,GPU,msi,msi ventus 3x oc,2025,1249.0,104.08333333333333,$/GB VRAM
msi ventus 3x oc | GeForce RTX 4070 Ti SUPER,GPU,msi,msi ventus 3x oc,2023,829.99,51.874375,$/GB VRAM
msi ventus 3x oc | GeForce RTX 4080,GPU,msi,msi ventus 3x oc,2023,1166.89,72.930625,$/GB VRAM
msi ventus 3x oc | GeForce RTX 4080 SUPER,GPU,msi,msi ventus 3x oc,2023,1029.99,64.374375,$/GB VRAM
msi ventus 3x oc | GeForce RTX 4080 SUPER,GPU,msi,msi ventus 3x oc,2025,1799.99,112.499375,$/GB VRAM
msi ventus 3x oc | GeForce RTX 5060,GPU,msi,msi ventus 3x oc,2025,329.99,41.24875,$/GB VRAM
msi ventus 3x oc | GeForce RTX 5060 Ti,GPU,msi,msi ventus 3x oc,2025,489.99,30.624375,$/GB VRAM
msi ventus 3x oc | GeForce RTX 5070,GPU,msi,msi ventus 3x oc,2025,579.99,48.3325,$/GB VRAM
msi ventus 3x oc | GeForce RTX 5070 Ti,GPU,msi,msi ventus 3x oc,2025,789.99,49.374375,$/GB VRAM
msi ventus 3x oc | GeForce RTX 5080,GPU,msi,msi ventus 3x oc,2025,1354.99,84.686875,$/GB VRAM
msi ventus 3x oc | GeForce RTX 5090,GPU,msi,msi ventus 3x oc,2025,2699.99,84.3746875,$/GB VRAM
msi ventus 3x plus oc | GeForce RTX 3080 10GB LHR,GPU,msi,msi ventus 3x plus oc,2023,946.0,94.6,$/GB VRAM
msi ventus 3x plus oc | GeForce RTX 3080 10GB LHR,GPU,msi,msi ventus 3x plus oc,2025,1717.75,171.775,$/GB VRAM
msi ventus 3x plus oc | GeForce RTX 3080 12GB LHR,GPU,msi,msi ventus 3x plus oc,2023,1199.0,99.91666666666667,$/GB VRAM
msi ventus 3x plus oc | GeForce RTX 3080 12GB LHR,GPU,msi,msi ventus 3x plus oc,2025,1189.0,99.08333333333333,$/GB VRAM
msi ventus 3x | GeForce RTX 4070 Ti SUPER,GPU,msi,msi ventus 3x,2023,799.99,49.999375,$/GB VRAM
msi ventus 3x | GeForce RTX 4080,GPU,msi,msi ventus 3x,2023,1299.0,81.1875,$/GB VRAM
msi ventus 3x | GeForce RTX 4080,GPU,msi,msi ventus 3x,2025,1889.99,118.124375,$/GB VRAM
msi ventus oc | GeForce RTX 2060,GPU,msi,msi ventus oc,2023,339.6,56.6,$/GB VRAM
msi ventus xs oc | GeForce GTX 1650 G5,GPU,msi,msi ventus xs oc,2023,229.99,57.4975,$/GB VRAM
msi ventus xs oc | GeForce GTX 1660 SUPER,GPU,msi,msi ventus xs oc,2023,299.89,49.98166666666666,$/GB VRAM
msi ventus xs oc | GeForce GTX 1660 SUPER,GPU,msi,msi ventus xs oc,2025,339.0,56.5,$/GB VRAM
msi ventus xs oc | GeForce GTX 1660 Ti,GPU,msi,msi ventus xs oc,2023,379.99,63.33166666666667,$/GB VRAM
msi ventus xs oc | GeForce GTX 1660 Ti,GPU,msi,msi ventus xs oc,2025,425.0,70.83333333333333,$/GB VRAM
msi ventus xs oc | GeForce RTX 2060,GPU,msi,msi ventus xs oc,2023,549.99,91.665,$/GB VRAM
msi ventus xs oc | GeForce RTX 2080 SUPER,GPU,msi,msi ventus xs oc,2023,649.0,81.125,$/GB VRAM
msi ventus xs oc | GeForce RTX 2080 SUPER,GPU,msi,msi ventus xs oc,2025,785.0,98.125,$/GB VRAM
msi ventus xs ocv1 | GeForce GTX 1650 G6,GPU,msi,msi ventus xs ocv1,2023,159.99,39.9975,$/GB VRAM
msi ventus xs ocv1 | GeForce GTX 1650 G6,GPU,msi,msi ventus xs ocv1,2025,245.0,61.25,$/GB VRAM
msi ventus | GeForce RTX 2080,GPU,msi,msi ventus,2023,749.0,93.625,$/GB VRAM
msi ventus | GeForce RTX 2080,GPU,msi,msi ventus,2025,735.0,91.875,$/GB VRAM
nvidia 900-1g500-2500-000 | Titan V,GPU,nvidia,nvidia 900-1g500-2500-000,2023,1499.0,124.91666666666667,$/GB VRAM
nvidia 900-1g500-2500-000 | Titan V,GPU,nvidia,nvidia 900-1g500-2500-000,2025,1250.0,104.16666666666667,$/GB VRAM
nvidia 9001g4012500000 | GeForce GTX 980,GPU,nvidia,nvidia 9001g4012500000,2023,399.0,99.75,$/GB VRAM
nvidia 9001g4012500000 | GeForce GTX 980,GPU,nvidia,nvidia 9001g4012500000,2025,389.0,97.25,$/GB VRAM
nvidia 9001g4012510000 | GeForce GTX 970,GPU,nvidia,nvidia 9001g4012510000,2023,469.0,117.25,$/GB VRAM
nvidia 9001g4012510000 | GeForce GTX 970,GPU,nvidia,nvidia 9001g4012510000,2025,369.0,92.25,$/GB VRAM
nvidia 9001g4112520001 | GeForce GTX 1070,GPU,nvidia,nvidia 9001g4112520001,2023,214.99,26.87375,$/GB VRAM
nvidia founders edition | GeForce GTX 1060 6GB,GPU,nvidia,nvidia founders edition,2025,439.0,73.16666666666667,$/GB VRAM
nvidia founders edition | GeForce RTX 2060 SUPER,GPU,nvidia,nvidia founders edition,2023,353.22,44.1525,$/GB VRAM
nvidia founders edition | GeForce RTX 2060 SUPER,GPU,nvidia,nvidia founders edition,2025,575.0,71.875,$/GB VRAM
nvidia founders edition | GeForce RTX 2070,GPU,nvidia,nvidia founders edition,2023,746.96,93.37,$/GB VRAM
nvidia founders edition | GeForce RTX 2070,GPU,nvidia,nvidia founders edition,2025,720.0,90.0,$/GB VRAM
nvidia founders edition | GeForce RTX 2070 SUPER,GPU,nvidia,nvidia founders edition,2023,746.96,93.37,$/GB VRAM
nvidia founders edition | GeForce RTX 2070 SUPER,GPU,nvidia,nvidia founders edition,2025,775.0,96.875,$/GB VRAM
nvidia founders edition | GeForce RTX 2080,GPU,nvidia,nvidia founders edition,2025,775.0,96.875,$/GB VRAM
nvidia founders edition | GeForce RTX 2080 SUPER,GPU,nvidia,nvidia founders edition,2023,422.88,52.86,$/GB VRAM
nvidia founders edition | GeForce RTX 2080 SUPER,GPU,nvidia,nvidia founders edition,2025,859.0,107.375,$/GB VRAM
nvidia founders edition | GeForce RTX 2080 Ti,GPU,nvidia,nvidia founders edition,2023,978.0,88.9090909090909,$/GB VRAM
nvidia founders edition | GeForce RTX 2080 Ti,GPU,nvidia,nvidia founders edition,2025,879.0,79.9090909090909,$/GB VRAM
nvidia founders edition | GeForce RTX 3060 Ti,GPU,nvidia,nvidia founders edition,2023,495.0,61.875,$/GB VRAM
nvidia founders edition | GeForce RTX 3060 Ti,GPU,nvidia,nvidia founders edition,2025,489.09,61.13625,$/GB VRAM
nvidia founders edition | GeForce RTX 3080 Ti,GPU,nvidia,nvidia founders edition,2023,969.99,80.8325,$/GB VRAM
nvidia founders edition | GeForce RTX 3080 Ti,GPU,nvidia,nvidia founders edition,2025,949.99,79.16583333333334,$/GB VRAM
nvidia founders edition | GeForce RTX 3090 Ti,GPU,nvidia,nvidia founders edition,2023,1525.99,63.58291666666667,$/GB VRAM
nvidia founders edition | GeForce RTX 3090 Ti,GPU,nvidia,nvidia founders edition,2025,1949.99,81.24958333333333,$/GB VRAM
nvidia founders edition | GeForce RTX 4060 Ti,GPU,nvidia,nvidia founders edition,2025,399.0,49.875,$/GB VRAM
nvidia founders edition | GeForce RTX 4070,GPU,nvidia,nvidia founders edition,2023,703.99,58.66583333333333,$/GB VRAM
nvidia founders edition | GeForce RTX 4070,GPU,nvidia,nvidia founders edition,2025,899.0,74.91666666666667,$/GB VRAM
nvidia founders edition | GeForce RTX 4080,GPU,nvidia,nvidia founders edition,2023,1329.99,83.124375,$/GB VRAM
nvidia founders edition | GeForce RTX 4080,GPU,nvidia,nvidia founders edition,2025,1849.99,115.624375,$/GB VRAM
nvidia founders edition | GeForce RTX 4090,GPU,nvidia,nvidia founders edition,2023,1972.99,82.20791666666666,$/GB VRAM
nvidia founders edition | GeForce RTX 4090,GPU,nvidia,nvidia founders edition,2025,2995.99,124.83291666666666,$/GB VRAM
nvidia founders edition | GeForce RTX 5070,GPU,nvidia,nvidia founders edition,2025,549.99,45.8325,$/GB VRAM
nvidia star wars galactic empire | Titan Xp,GPU,nvidia,nvidia star wars galactic empire,2023,999.0,83.25,$/GB VRAM
nvidia star wars galactic empire | Titan Xp,GPU,nvidia,nvidia star wars galactic empire,2025,999.0,83.25,$/GB VRAM
nvidia star wars jedi order | Titan Xp,GPU,nvidia,nvidia star wars jedi order,2023,999.0,83.25,$/GB VRAM
nvidia star wars jedi order | Titan Xp,GPU,nvidia,nvidia star wars jedi order,2025,999.0,83.25,$/GB VRAM
nvidia titan rtx | TITAN RTX,GPU,nvidia,nvidia titan rtx,2023,1417.88,59.07833333333334,$/GB VRAM
nvidia titan rtx | TITAN RTX,GPU,nvidia,nvidia titan rtx,2025,1269.0,52.875,$/GB VRAM
onix lumi oc | Arc B580,GPU,onix,onix lumi oc,2025,285.98,23.831666666666667,$/GB VRAM
onix odyssey | Arc B580,GPU,onix,onix odyssey,2025,259.99,21.665833333333335,$/GB VRAM
palit dual oc | GeForce RTX 3060 12GB,GPU,palit,palit dual oc,2023,348.92,29.076666666666668,$/GB VRAM
palit dual oc | GeForce RTX 3060 12GB,GPU,palit,palit dual oc,2025,378.95,31.579166666666666,$/GB VRAM
palit dual oc | GeForce RTX 4060 Ti,GPU,palit,palit dual oc,2023,490.42,61.3025,$/GB VRAM
palit dual oc | GeForce RTX 4070,GPU,palit,palit dual oc,2023,670.43,55.869166666666665,$/GB VRAM
palit dual | GeForce RTX 3060 12GB,GPU,palit,palit dual,2023,354.56,29.546666666666667,$/GB VRAM
palit dual | GeForce RTX 4060 Ti,GPU,palit,palit dual,2023,456.35,57.04375,$/GB VRAM
palit dual | GeForce RTX 4070,GPU,palit,palit dual,2023,664.78,55.39833333333333,$/GB VRAM
palit dual | GeForce RTX 4070 SUPER,GPU,palit,palit dual,2023,696.49,58.04083333333333,$/GB VRAM
palit dual | GeForce RTX 5060,GPU,palit,palit dual,2025,452.86,56.6075,$/GB VRAM
palit gamerock oc | GeForce RTX 4090,GPU,palit,palit gamerock oc,2023,2408.62,100.35916666666667,$/GB VRAM
palit gamerock oc | GeForce RTX 5070 Ti,GPU,palit,palit gamerock oc,2025,1279.58,79.97375,$/GB VRAM
palit gamerock oc | GeForce RTX 5090,GPU,palit,palit gamerock oc,2025,3637.59,113.6746875,$/GB VRAM
palit gamerock | GeForce RTX 5070 Ti,GPU,palit,palit gamerock,2025,1233.54,77.09625,$/GB VRAM
palit gamerock | GeForce RTX 5090,GPU,palit,palit gamerock,2025,3719.15,116.2234375,$/GB VRAM
palit gamingpro oc | GeForce RTX 5070,GPU,palit,palit gamingpro oc,2025,898.19,74.84916666666668,$/GB VRAM
palit gamingpro | GeForce RTX 5070,GPU,palit,palit gamingpro,2025,861.59,71.79916666666666,$/GB VRAM
palit gamingpro | GeForce RTX 5080,GPU,palit,palit gamingpro,2025,1558.8,97.425,$/GB VRAM
palit infinity 3 oc | GeForce RTX 5060,GPU,palit,palit infinity 3 oc,2025,488.51,61.06375,$/GB VRAM
palit infinity 3 oc | GeForce RTX 5060 Ti,GPU,palit,palit infinity 3 oc,2025,618.42,38.65125,$/GB VRAM
palit infinity 3 | GeForce RTX 5060,GPU,palit,palit infinity 3,2025,479.78,59.9725,$/GB VRAM
palit infinity 3 | GeForce RTX 5070,GPU,palit,palit infinity 3,2025,923.0,76.91666666666667,$/GB VRAM
palit jetstream | GeForce RTX 4060 Ti,GPU,palit,palit jetstream,2023,557.12,34.82,$/GB VRAM
palit jetstream | GeForce RTX 4070 Ti,GPU,palit,palit jetstream,2023,871.45,72.62083333333334,$/GB VRAM
palit jetstream | GeForce RTX 4080,GPU,palit,palit jetstream,2023,1319.27,82.454375,$/GB VRAM
palit kalmx | GeForce RTX 3050 6GB,GPU,palit,palit kalmx,2025,269.67,44.945,$/GB VRAM
palit stormx | GeForce GTX 1050 Ti,GPU,palit,palit stormx,2025,368.71,92.1775,$/GB VRAM
palit stormx | GeForce RTX 2060,GPU,palit,palit stormx,2023,1289.0,214.83333333333334,$/GB VRAM
palit stormx | GeForce RTX 2060,GPU,palit,palit stormx,2025,1289.0,214.83333333333334,$/GB VRAM
palit stormx | GeForce RTX 3050 6GB,GPU,palit,palit stormx,2023,218.31,36.385,$/GB VRAM
palit stormx | GeForce RTX 3050 6GB,GPU,palit,palit stormx,2025,256.0,42.666666666666664,$/GB VRAM
palit stormx | GeForce RTX 4060,GPU,palit,palit stormx,2023,364.89,45.61125,$/GB VRAM
palit stormx | GeForce RTX 4060 Ti,GPU,palit,palit stormx,2023,480.22,60.0275,$/GB VRAM
pny argb epic-x rgb oc | GeForce RTX 5060,GPU,pny,pny argb epic-x rgb oc,2025,339.99,42.49875,$/GB VRAM
pny argb epic-x rgb oc | GeForce RTX 5070,GPU,pny,pny argb epic-x rgb oc,2025,599.99,49.99916666666667,$/GB VRAM
pny argb epic-x rgb oc | GeForce RTX 5070 Ti,GPU,pny,pny argb epic-x rgb oc,2025,1256.39,78.524375,$/GB VRAM
pny argb epic-x rgb oc | GeForce RTX 5080,GPU,pny,pny argb epic-x rgb oc,2025,1459.24,91.2025,$/GB VRAM
pny blower | GeForce RTX 2060 SUPER,GPU,pny,pny blower,2025,575.0,71.875,$/GB VRAM
pny blower | GeForce RTX 2070 SUPER,GPU,pny,pny blower,2025,645.0,80.625,$/GB VRAM
pny blower | GeForce RTX 2080 SUPER,GPU,pny,pny blower,2025,839.0,104.875,$/GB VRAM
pny blower | GeForce RTX 2080 Ti,GPU,pny,pny blower,2023,699.0,63.54545454545455,$/GB VRAM
pny blower | GeForce RTX 2080 Ti,GPU,pny,pny blower,2025,979.0,89.0,$/GB VRAM
pny dual fan oc | GeForce RTX 5060 Ti,GPU,pny,pny dual fan oc,2025,390.9,24.43125,$/GB VRAM
pny dual fan | GeForce RTX 5060 Ti,GPU,pny,pny dual fan,2025,432.97,27.060625,$/GB VRAM
pny epic-x rgb oc | GeForce RTX 5060 Ti,GPU,pny,pny epic-x rgb oc,2025,449.99,28.124375,$/GB VRAM
pny epic-x rgb oc | GeForce RTX 5090,GPU,pny,pny epic-x rgb oc,2025,2799.99,87.4996875,$/GB VRAM
pny epic-x rgb triple fan plus oc | GeForce RTX 5070 Ti,GPU,pny,pny epic-x rgb triple fan plus oc,2025,1272.91,79.556875,$/GB VRAM
pny founders edition | GeForce GTX 1080 Ti,GPU,pny,pny founders edition,2023,3135.02,285.0018181818182,$/GB VRAM
pny founders edition | GeForce GTX 1080 Ti,GPU,pny,pny founders edition,2025,695.0,63.18181818181818,$/GB VRAM
pny oc | GeForce RTX 5060,GPU,pny,pny oc,2025,299.99,37.49875,$/GB VRAM
pny oc | GeForce RTX 5070,GPU,pny,pny oc,2025,549.99,45.8325,$/GB VRAM
pny oc | GeForce RTX 5070 Ti,GPU,pny,pny oc,2025,749.99,46.874375,$/GB VRAM
pny oc | GeForce RTX 5080,GPU,pny,pny oc,2025,1349.99,84.374375,$/GB VRAM
pny oc | GeForce RTX 5090,GPU,pny,pny oc,2025,2699.99,84.3746875,$/GB VRAM
pny t-series | T1000 4GB,GPU,pny,pny t-series,2023,322.99,80.7475,$/GB VRAM
pny t-series | T1000 4GB,GPU,pny,pny t-series,2025,310.99,77.7475,$/GB VRAM
pny t-series | T1000 8GB,GPU,pny,pny t-series,2023,404.99,50.62375,$/GB VRAM
pny t-series | T1000 8GB,GPU,pny,pny t-series,2025,459.0,57.375,$/GB VRAM
pny t-series | T400 2GB,GPU,pny,pny t-series,2023,174.99,87.495,$/GB VRAM
pny t-series | T400 2GB,GPU,pny,pny t-series,2025,172.0,86.0,$/GB VRAM
pny t-series | T400 4GB,GPU,pny,pny t-series,2023,178.0,44.5,$/GB VRAM
pny t-series | T400 4GB,GPU,pny,pny t-series,2025,179.0,44.75,$/GB VRAM
pny t-series | T600,GPU,pny,pny t-series,2023,295.0,73.75,$/GB VRAM
pny t-series | T600,GPU,pny,pny t-series,2025,299.0,74.75,$/GB VRAM
pny uprising | GeForce RTX 3060 Ti,GPU,pny,pny uprising,2025,640.94,80.1175,$/GB VRAM
pny uprising | GeForce RTX 3070,GPU,pny,pny uprising,2025,718.94,89.8675,$/GB VRAM
pny vcg16606ssfppb | GeForce GTX 1660 SUPER,GPU,pny,pny vcg16606ssfppb,2025,259.0,43.166666666666664,$/GB VRAM
pny vcg50608dfxpb1 | GeForce RTX 5060,GPU,pny,pny vcg50608dfxpb1,2025,368.99,46.12375,$/GB VRAM
pny vcg507012tfxpb1 | GeForce RTX 5070,GPU,pny,pny vcg507012tfxpb1,2025,795.78,66.315,$/GB VRAM
pny vcg508016tfxpb1 | GeForce RTX 5080,GPU,pny,pny vcg508016tfxpb1,2025,1349.99,84.374375,$/GB VRAM
pny vcg509032tfxpb1 | GeForce RTX 5090,GPU,pny,pny vcg509032tfxpb1,2025,3862.99,120.7184375,$/GB VRAM
pny vcg84512d3sppb | GeForce 8400 GS,GPU,pny,pny vcg84512d3sppb,2023,99.99,199.98,$/GB VRAM
pny vcg84512d3sppb | GeForce 8400 GS,GPU,pny,pny vcg84512d3sppb,2025,126.02,252.04,$/GB VRAM
pny vcggt10302pb | GeForce GT 1030,GPU,pny,pny vcggt10302pb,2025,119.99,59.995,$/GB VRAM
pny vcggt620xpb | GeForce GT 620,GPU,pny,pny vcggt620xpb,2025,68.59,68.59,$/GB VRAM
pny vcggtx10502pb | GeForce GTX 1050,GPU,pny,pny vcggtx10502pb,2023,239.0,119.5,$/GB VRAM
pny vcggtx10606pb | GeForce GTX 1060 6GB,GPU,pny,pny vcggtx10606pb,2025,399.0,66.5,$/GB VRAM
pny vcggtx10708xpb-oc-bb | GeForce GTX 1070,GPU,pny,pny vcggtx10708xpb-oc-bb,2025,399.0,49.875,$/GB VRAM
pny vcggtx1070t8pb-cg | GeForce GTX 1070 Ti,GPU,pny,pny vcggtx1070t8pb-cg,2025,459.0,57.375,$/GB VRAM
pny vcggtx10808pb | GeForce GTX 1080,GPU,pny,pny vcggtx10808pb,2023,665.54,83.1925,$/GB VRAM
pny vcggtx9804xpb-cg | GeForce GTX 980,GPU,pny,pny vcggtx9804xpb-cg,2023,299.0,74.75,$/GB VRAM
pny vcggtx9804xpb-cg | GeForce GTX 980,GPU,pny,pny vcggtx9804xpb-cg,2025,248.45,62.1125,$/GB VRAM
pny vcnrtx2000ada-pb | RTX 2000 Ada Generation,GPU,pny,pny vcnrtx2000ada-pb,2025,705.93,44.120625,$/GB VRAM
pny vcnrtx2000adas-llp | RTX 2000E Ada Generation,GPU,pny,pny vcnrtx2000adas-llp,2025,749.99,46.874375,$/GB VRAM
pny vcnrtx4000ada-pb | RTX 4000 Ada Generation,GPU,pny,pny vcnrtx4000ada-pb,2025,1290.73,64.5365,$/GB VRAM
pny vcnrtx4000adalp-pb | RTX 4000 SFF Ada Generation,GPU,pny,pny vcnrtx4000adalp-pb,2023,1308.45,65.4225,$/GB VRAM
pny vcnrtx4000adalp-pb | RTX 4000 SFF Ada Generation,GPU,pny,pny vcnrtx4000adalp-pb,2025,1299.0,64.95,$/GB VRAM
pny vcnrtx4500ada-pb | RTX 4500 Ada Generation,GPU,pny,pny vcnrtx4500ada-pb,2025,2329.98,97.0825,$/GB VRAM
pny vcnvs810dvi-pb | NVS 810,GPU,pny,pny vcnvs810dvi-pb,2023,796.96,199.24,$/GB VRAM
pny vcnvs810dvi-pb | NVS 810,GPU,pny,pny vcnvs810dvi-pb,2025,645.0,161.25,$/GB VRAM
pny verto oc | GeForce RTX 4060 Ti,GPU,pny,pny verto oc,2025,389.99,48.74875,$/GB VRAM
pny verto oc | GeForce RTX 4070 SUPER,GPU,pny,pny verto oc,2025,759.99,63.3325,$/GB VRAM
pny verto oc | GeForce RTX 4070 Ti SUPER,GPU,pny,pny verto oc,2023,799.99,49.999375,$/GB VRAM
pny verto oc | GeForce RTX 4080 SUPER,GPU,pny,pny verto oc,2023,989.99,61.874375,$/GB VRAM
pny verto oc | GeForce RTX 4080 SUPER,GPU,pny,pny verto oc,2025,1799.0,112.4375,$/GB VRAM
pny verto | GeForce RTX 3060 8GB,GPU,pny,pny verto,2023,259.99,32.49875,$/GB VRAM
pny verto | GeForce RTX 3060 Ti LHR,GPU,pny,pny verto,2023,319.99,39.99875,$/GB VRAM
pny verto | GeForce RTX 3070 Ti,GPU,pny,pny verto,2023,499.99,62.49875,$/GB VRAM
pny verto | GeForce RTX 3070 Ti,GPU,pny,pny verto,2025,638.04,79.755,$/GB VRAM
pny verto | GeForce RTX 4060 Ti,GPU,pny,pny verto,2023,412.49,25.780625,$/GB VRAM
pny verto | GeForce RTX 4060 Ti,GPU,pny,pny verto,2025,474.97,29.685625,$/GB VRAM
pny verto | GeForce RTX 4070,GPU,pny,pny verto,2023,559.45,46.62083333333334,$/GB VRAM
pny verto | GeForce RTX 4070 Ti,GPU,pny,pny verto,2023,749.99,62.49916666666667,$/GB VRAM
pny verto | GeForce RTX 4080,GPU,pny,pny verto,2023,1129.99,70.624375,$/GB VRAM
pny verto | GeForce RTX 4080,GPU,pny,pny verto,2025,1899.0,118.6875,$/GB VRAM
pny verto | GeForce RTX 4090,GPU,pny,pny verto,2023,1729.99,72.08291666666666,$/GB VRAM
pny verto | GeForce RTX 4090,GPU,pny,pny verto,2025,3295.0,137.29166666666666,$/GB VRAM
pny xlr8 gaming epic-x rgb | GeForce RTX 3090,GPU,pny,pny xlr8 gaming epic-x rgb,2025,1699.0,70.79166666666667,$/GB VRAM
pny xlr8 gaming overclocked edition | GeForce GTX 1660,GPU,pny,pny xlr8 gaming overclocked edition,2025,369.0,61.5,$/GB VRAM
pny xlr8 gaming overclocked edition | GeForce RTX 2070,GPU,pny,pny xlr8 gaming overclocked edition,2025,599.0,74.875,$/GB VRAM
pny xlr8 gaming overclocked edition | GeForce RTX 2080 Ti,GPU,pny,pny xlr8 gaming overclocked edition,2023,1989.0,180.8181818181818,$/GB VRAM
pny xlr8 gaming overclocked edition | GeForce RTX 2080 Ti,GPU,pny,pny xlr8 gaming overclocked edition,2025,1929.99,175.45363636363638,$/GB VRAM
pny xlr8 gaming revel epic-x rgb dual fan | GeForce RTX 3060 12GB,GPU,pny,pny xlr8 gaming revel epic-x rgb dual fan,2023,449.73,37.4775,$/GB VRAM
pny xlr8 gaming revel epic-x rgb | GeForce RTX 3050 8GB,GPU,pny,pny xlr8 gaming revel epic-x rgb,2023,321.8,40.225,$/GB VRAM
pny xlr8 gaming revel epic-x rgb | GeForce RTX 3060 12GB,GPU,pny,pny xlr8 gaming revel epic-x rgb,2023,329.99,27.499166666666667,$/GB VRAM
pny xlr8 gaming revel epic-x rgb | GeForce RTX 3060 12GB,GPU,pny,pny xlr8 gaming revel epic-x rgb,2025,625.0,52.083333333333336,$/GB VRAM
pny xlr8 gaming revel epic-x rgb | GeForce RTX 3070 LHR,GPU,pny,pny xlr8 gaming revel epic-x rgb,2023,499.0,62.375,$/GB VRAM
pny xlr8 gaming verto epic-x rgb oc | GeForce RTX 4060,GPU,pny,pny xlr8 gaming verto epic-x rgb oc,2023,329.99,41.24875,$/GB VRAM
pny xlr8 gaming verto epic-x rgb oc | GeForce RTX 4060 Ti,GPU,pny,pny xlr8 gaming verto epic-x rgb oc,2023,489.99,30.624375,$/GB VRAM
pny xlr8 gaming verto epic-x rgb oc | GeForce RTX 4070 SUPER,GPU,pny,pny xlr8 gaming verto epic-x rgb oc,2023,629.99,52.49916666666667,$/GB VRAM
pny xlr8 gaming verto epic-x rgb oc | GeForce RTX 4070 SUPER,GPU,pny,pny xlr8 gaming verto epic-x rgb oc,2025,899.0,74.91666666666667,$/GB VRAM
pny xlr8 gaming verto epic-x rgb oc | GeForce RTX 4070 Ti,GPU,pny,pny xlr8 gaming verto epic-x rgb oc,2023,779.99,64.99916666666667,$/GB VRAM
pny xlr8 gaming verto epic-x rgb oc | GeForce RTX 4070 Ti,GPU,pny,pny xlr8 gaming verto epic-x rgb oc,2025,1249.0,104.08333333333333,$/GB VRAM
pny xlr8 gaming verto epic-x rgb oc | GeForce RTX 4070 Ti SUPER,GPU,pny,pny xlr8 gaming verto epic-x rgb oc,2023,829.99,51.874375,$/GB VRAM
pny xlr8 gaming verto epic-x rgb oc | GeForce RTX 4070 Ti SUPER,GPU,pny,pny xlr8 gaming verto epic-x rgb oc,2025,1249.97,78.123125,$/GB VRAM
pny xlr8 gaming verto epic-x rgb oc | GeForce RTX 4080,GPU,pny,pny xlr8 gaming verto epic-x rgb oc,2023,1349.99,84.374375,$/GB VRAM
pny xlr8 gaming verto epic-x rgb oc | GeForce RTX 4080,GPU,pny,pny xlr8 gaming verto epic-x rgb oc,2025,1798.0,112.375,$/GB VRAM
pny xlr8 gaming verto epic-x rgb oc | GeForce RTX 4080 SUPER,GPU,pny,pny xlr8 gaming verto epic-x rgb oc,2023,1019.99,63.749375,$/GB VRAM
pny xlr8 gaming verto epic-x rgb oc | GeForce RTX 4080 SUPER,GPU,pny,pny xlr8 gaming verto epic-x rgb oc,2025,1898.0,118.625,$/GB VRAM
pny xlr8 gaming verto epic-x rgb oc | GeForce RTX 4090,GPU,pny,pny xlr8 gaming verto epic-x rgb oc,2023,1779.99,74.16625,$/GB VRAM
pny xlr8 gaming verto epic-x rgb | GeForce RTX 4060,GPU,pny,pny xlr8 gaming verto epic-x rgb,2023,329.99,41.24875,$/GB VRAM
pny xlr8 gaming verto epic-x rgb | GeForce RTX 4060,GPU,pny,pny xlr8 gaming verto epic-x rgb,2025,582.21,72.77625,$/GB VRAM
pny xlr8 gaming verto epic-x rgb | GeForce RTX 4060 Ti,GPU,pny,pny xlr8 gaming verto epic-x rgb,2023,389.99,48.74875,$/GB VRAM
pny xlr8 gaming verto epic-x rgb | GeForce RTX 4070,GPU,pny,pny xlr8 gaming verto epic-x rgb,2023,579.0,48.25,$/GB VRAM
pny xlr8 gaming verto epic-x rgb | GeForce RTX 4070,GPU,pny,pny xlr8 gaming verto epic-x rgb,2025,579.0,48.25,$/GB VRAM
pny xlr8 gaming verto epic-x rgb | GeForce RTX 4070 Ti,GPU,pny,pny xlr8 gaming verto epic-x rgb,2023,799.99,66.66583333333334,$/GB VRAM
pny xlr8 gaming verto epic-x rgb | GeForce RTX 4090,GPU,pny,pny xlr8 gaming verto epic-x rgb,2023,1789.99,74.58291666666666,$/GB VRAM
pny xlr8 gaming verto oc | GeForce RTX 4060 Ti,GPU,pny,pny xlr8 gaming verto oc,2023,449.99,28.124375,$/GB VRAM
pny xlr8 | GeForce GTX 1080,GPU,pny,pny xlr8,2025,549.0,68.625,$/GB VRAM
powercolor ax5450 512mk3-sh | Radeon HD 5450,GPU,powercolor,powercolor ax5450 512mk3-sh,2023,69.57,139.14,$/GB VRAM
powercolor ax5450 512mk3-sh | Radeon HD 5450,GPU,powercolor,powercolor ax5450 512mk3-sh,2025,64.95,129.9,$/GB VRAM
powercolor axrx 560 4gbd5-dha | Radeon RX 560 - 896,GPU,powercolor,powercolor axrx 560 4gbd5-dha,2023,345.0,86.25,$/GB VRAM
powercolor axrx 560 4gbd5-dha | Radeon RX 560 - 896,GPU,powercolor,powercolor axrx 560 4gbd5-dha,2025,275.0,68.75,$/GB VRAM
powercolor axrx 580 8gbd5-3dhdv2 oc | Radeon RX 580,GPU,powercolor,powercolor axrx 580 8gbd5-3dhdv2 oc,2023,407.95,50.99375,$/GB VRAM
powercolor fighter oc | Radeon RX 6500 XT,GPU,powercolor,powercolor fighter oc,2023,199.99,49.9975,$/GB VRAM
powercolor fighter oc | Radeon RX 6500 XT,GPU,powercolor,powercolor fighter oc,2025,110.49,27.6225,$/GB VRAM
powercolor fighter oc | Radeon RX 7700 XT,GPU,powercolor,powercolor fighter oc,2023,420.69,35.0575,$/GB VRAM
powercolor fighter oc | Radeon RX 7800 XT,GPU,powercolor,powercolor fighter oc,2023,509.99,31.874375,$/GB VRAM
powercolor fighter oc | Radeon RX 7800 XT,GPU,powercolor,powercolor fighter oc,2025,708.4,44.275,$/GB VRAM
powercolor fighter oc | Radeon RX 7900 GRE,GPU,powercolor,powercolor fighter oc,2023,529.99,33.124375,$/GB VRAM
powercolor fighter | Radeon RX 6600,GPU,powercolor,powercolor fighter,2023,199.99,24.99875,$/GB VRAM
powercolor fighter | Radeon RX 6600,GPU,powercolor,powercolor fighter,2025,345.0,43.125,$/GB VRAM
powercolor fighter | Radeon RX 6650 XT,GPU,powercolor,powercolor fighter,2023,249.99,31.24875,$/GB VRAM
powercolor fighter | Radeon RX 6700 XT,GPU,powercolor,powercolor fighter,2025,789.0,65.75,$/GB VRAM
powercolor fighter | Radeon RX 7600,GPU,powercolor,powercolor fighter,2023,269.99,33.74875,$/GB VRAM
powercolor fighter | Radeon RX 7600,GPU,powercolor,powercolor fighter,2025,325.61,40.70125,$/GB VRAM
powercolor fighter | Radeon RX 7600 XT,GPU,powercolor,powercolor fighter,2023,329.99,20.624375,$/GB VRAM
powercolor hellhound oc | Radeon RX 7600 XT,GPU,powercolor,powercolor hellhound oc,2023,349.99,21.874375,$/GB VRAM
powercolor hellhound oc | Radeon RX 7800 XT,GPU,powercolor,powercolor hellhound oc,2023,622.03,38.876875,$/GB VRAM
powercolor hellhound oc | Radeon RX 7800 XT,GPU,powercolor,powercolor hellhound oc,2025,677.54,42.34625,$/GB VRAM
powercolor hellhound oc | Radeon RX 7900 GRE,GPU,powercolor,powercolor hellhound oc,2023,579.99,36.249375,$/GB VRAM
powercolor hellhound oc | Radeon RX 7900 XT,GPU,powercolor,powercolor hellhound oc,2023,829.99,41.4995,$/GB VRAM
powercolor hellhound oc | Radeon RX 9060 XT,GPU,powercolor,powercolor hellhound oc,2025,382.85,23.928125,$/GB VRAM
powercolor hellhound oc | Radeon RX 9070,GPU,powercolor,powercolor hellhound oc,2025,699.99,43.749375,$/GB VRAM
powercolor hellhound oc | Radeon RX 9070 XT,GPU,powercolor,powercolor hellhound oc,2025,859.99,53.749375,$/GB VRAM
powercolor hellhound sakura oc limited | Radeon RX 7800 XT,GPU,powercolor,powercolor hellhound sakura oc limited,2023,629.99,39.374375,$/GB VRAM
powercolor hellhound sakura oc | Radeon RX 7800 XT,GPU,powercolor,powercolor hellhound sakura oc,2023,599.99,37.499375,$/GB VRAM
powercolor hellhound spectral | Radeon RX 6700 XT,GPU,powercolor,powercolor hellhound spectral,2023,1323.0,110.25,$/GB VRAM
powercolor hellhound spectral | Radeon RX 7800 XT,GPU,powercolor,powercolor hellhound spectral,2023,579.99,36.249375,$/GB VRAM
powercolor hellhound spectral | Radeon RX 7900 XTX,GPU,powercolor,powercolor hellhound spectral,2023,1399.0,58.291666666666664,$/GB VRAM
powercolor hellhound spectral | Radeon RX 9070 XT,GPU,powercolor,powercolor hellhound spectral,2025,839.99,52.499375,$/GB VRAM
powercolor hellhound | Radeon RX 6600,GPU,powercolor,powercolor hellhound,2023,269.0,33.625,$/GB VRAM
powercolor hellhound | Radeon RX 6600,GPU,powercolor,powercolor hellhound,2025,495.0,61.875,$/GB VRAM
powercolor hellhound | Radeon RX 6700 XT,GPU,powercolor,powercolor hellhound,2023,549.99,45.8325,$/GB VRAM
powercolor hellhound | Radeon RX 7600,GPU,powercolor,powercolor hellhound,2023,269.99,33.74875,$/GB VRAM
powercolor hellhound | Radeon RX 7900 XT,GPU,powercolor,powercolor hellhound,2023,729.99,36.4995,$/GB VRAM
powercolor hellhound | Radeon RX 7900 XT,GPU,powercolor,powercolor hellhound,2025,998.99,49.9495,$/GB VRAM
powercolor hellhound | Radeon RX 7900 XTX,GPU,powercolor,powercolor hellhound,2025,1174.08,48.919999999999995,$/GB VRAM
powercolor itx | Radeon RX 6400,GPU,powercolor,powercolor itx,2023,213.07,53.2675,$/GB VRAM
powercolor itx | Radeon RX 6500 XT,GPU,powercolor,powercolor itx,2023,212.16,53.04,$/GB VRAM
powercolor itx | Radeon RX 6500 XT,GPU,powercolor,powercolor itx,2025,149.8,37.45,$/GB VRAM
powercolor reaper | Radeon RX 9060 XT,GPU,powercolor,powercolor reaper,2025,400.69,25.043125,$/GB VRAM
powercolor reaper | Radeon RX 9070,GPU,powercolor,powercolor reaper,2025,669.99,41.874375,$/GB VRAM
powercolor reaper | Radeon RX 9070 XT,GPU,powercolor,powercolor reaper,2025,799.99,49.999375,$/GB VRAM
powercolor red devil e oc | Radeon RX 9070 XT,GPU,powercolor,powercolor red devil e oc,2025,1043.99,65.249375,$/GB VRAM
powercolor red devil limited edition oc | Radeon RX 7800 XT,GPU,powercolor,powercolor red devil limited edition oc,2023,589.99,36.874375,$/GB VRAM
powercolor red devil limited edition oc | Radeon RX 9070 XT,GPU,powercolor,powercolor red devil limited edition oc,2025,1050.0,65.625,$/GB VRAM
powercolor red devil limited edition | Radeon RX 6900 XT,GPU,powercolor,powercolor red devil limited edition,2023,1999.99,124.999375,$/GB VRAM
powercolor red devil oc | Radeon RX 6650 XT,GPU,powercolor,powercolor red devil oc,2025,1819.67,227.45875,$/GB VRAM
powercolor red devil oc | Radeon RX 6800 XT,GPU,powercolor,powercolor red devil oc,2023,699.97,43.748125,$/GB VRAM
powercolor red devil oc | Radeon RX 6800 XT,GPU,powercolor,powercolor red devil oc,2025,864.91,54.056875,$/GB VRAM
powercolor red devil oc | Radeon RX 6900 XT,GPU,powercolor,powercolor red devil oc,2023,699.0,43.6875,$/GB VRAM
powercolor red devil oc | Radeon RX 6900 XT,GPU,powercolor,powercolor red devil oc,2025,729.99,45.624375,$/GB VRAM
powercolor red devil oc | Radeon RX 7800 XT,GPU,powercolor,powercolor red devil oc,2023,559.99,34.999375,$/GB VRAM
powercolor red devil oc | Radeon RX 9070,GPU,powercolor,powercolor red devil oc,2025,779.99,48.749375,$/GB VRAM
powercolor red devil oc | Radeon RX 9070 XT,GPU,powercolor,powercolor red devil oc,2025,819.99,51.249375,$/GB VRAM
powercolor red devil ultimate | Radeon RX 6900 XT,GPU,powercolor,powercolor red devil ultimate,2023,1499.99,93.749375,$/GB VRAM
powercolor red devil ultimate | Radeon RX 6900 XT,GPU,powercolor,powercolor red devil ultimate,2025,769.99,48.124375,$/GB VRAM
powercolor red devil | Radeon RX 570,GPU,powercolor,powercolor red devil,2023,492.58,123.145,$/GB VRAM
powercolor red devil | Radeon RX 5700 XT,GPU,powercolor,powercolor red devil,2025,539.0,67.375,$/GB VRAM
powercolor red devil | Radeon RX 580,GPU,powercolor,powercolor red devil,2023,343.99,42.99875,$/GB VRAM
powercolor red devil | Radeon RX 6600 XT,GPU,powercolor,powercolor red devil,2023,475.48,59.435,$/GB VRAM
powercolor red devil | Radeon RX 6600 XT,GPU,powercolor,powercolor red devil,2025,599.0,74.875,$/GB VRAM
powercolor red devil | Radeon RX 6700 XT,GPU,powercolor,powercolor red devil,2023,599.54,49.961666666666666,$/GB VRAM
powercolor red devil | Radeon RX 6700 XT,GPU,powercolor,powercolor red devil,2025,825.0,68.75,$/GB VRAM
powercolor red devil | Radeon RX 7900 XT,GPU,powercolor,powercolor red devil,2023,1245.0,62.25,$/GB VRAM
powercolor red devil | Radeon RX 7900 XTX,GPU,powercolor,powercolor red devil,2023,1239.99,51.66625,$/GB VRAM
powercolor red devil | Radeon RX VEGA 56,GPU,powercolor,powercolor red devil,2025,599.0,74.875,$/GB VRAM
powercolor red dragon oc | Radeon RX 6800,GPU,powercolor,powercolor red dragon oc,2023,556.04,34.7525,$/GB VRAM
powercolor red dragon oc | Radeon RX 6800 XT,GPU,powercolor,powercolor red dragon oc,2023,698.0,43.625,$/GB VRAM
powercolor red dragon oc | Radeon RX 6800 XT,GPU,powercolor,powercolor red dragon oc,2025,995.0,62.1875,$/GB VRAM
powercolor red dragon | Radeon RX 550 - 512,GPU,powercolor,powercolor red dragon,2023,89.99,22.4975,$/GB VRAM
powercolor red dragon | Radeon RX 550 - 512,GPU,powercolor,powercolor red dragon,2025,164.9,41.225,$/GB VRAM
powercolor red dragon | Radeon RX 5600 XT,GPU,powercolor,powercolor red dragon,2025,569.0,94.83333333333333,$/GB VRAM
powercolor red dragon | Radeon RX 5700 XT,GPU,powercolor,powercolor red dragon,2025,529.0,66.125,$/GB VRAM
powercolor red dragon | Radeon RX VEGA 56,GPU,powercolor,powercolor red dragon,2023,479.0,59.875,$/GB VRAM
powercolor red dragon | Radeon RX VEGA 56,GPU,powercolor,powercolor red dragon,2025,479.0,59.875,$/GB VRAM
powercolor rx 7900 xt 20g | Radeon RX 7900 XT,GPU,powercolor,powercolor rx 7900 xt 20g,2025,998.59,49.929500000000004,$/GB VRAM
powercolor rx7700xt 12g-p | Radeon RX 7700 XT,GPU,powercolor,powercolor rx7700xt 12g-p,2025,551.18,45.931666666666665,$/GB VRAM
powercolor rx7800xt 16g-p | Radeon RX 7800 XT,GPU,powercolor,powercolor rx7800xt 16g-p,2025,599.99,37.499375,$/GB VRAM
powercolor turboduo | Radeon R9 280X,GPU,powercolor,powercolor turboduo,2023,497.99,165.99666666666667,$/GB VRAM
powercolor turboduo | Radeon R9 280X,GPU,powercolor,powercolor turboduo,2025,497.99,165.99666666666667,$/GB VRAM
sapphire 11197-03-40g | Radeon HD 7970,GPU,sapphire,sapphire 11197-03-40g,2023,179.99,59.99666666666667,$/GB VRAM
sapphire 21330-01-20g | Radeon RX 7800 XT,GPU,sapphire,sapphire 21330-01-20g,2023,479.99,29.999375,$/GB VRAM
sapphire nitro se | Radeon RX 6900 XT,GPU,sapphire,sapphire nitro se,2025,1199.0,74.9375,$/GB VRAM
sapphire nitro | Radeon RX 580,GPU,sapphire,sapphire nitro,2023,459.0,57.375,$/GB VRAM
sapphire nitro | Radeon RX 580,GPU,sapphire,sapphire nitro,2025,459.0,57.375,$/GB VRAM
sapphire nitro | Radeon RX 6600 XT,GPU,sapphire,sapphire nitro,2025,451.97,56.49625,$/GB VRAM
sapphire nitro | Radeon RX 6650 XT,GPU,sapphire,sapphire nitro,2023,520.0,65.0,$/GB VRAM
sapphire nitro | Radeon RX 6700 XT,GPU,sapphire,sapphire nitro,2023,599.99,49.99916666666667,$/GB VRAM
sapphire nitro | Radeon RX 6800,GPU,sapphire,sapphire nitro,2023,776.95,48.559375,$/GB VRAM
sapphire nitro | Radeon RX 6800,GPU,sapphire,sapphire nitro,2025,969.0,60.5625,$/GB VRAM
sapphire nitro | Radeon RX 6800 XT,GPU,sapphire,sapphire nitro,2025,898.0,56.125,$/GB VRAM
sapphire nitro | Radeon RX 6900 XT,GPU,sapphire,sapphire nitro,2023,1299.99,81.249375,$/GB VRAM
sapphire nitro | Radeon RX 7700 XT,GPU,sapphire,sapphire nitro,2023,550.02,45.835,$/GB VRAM
sapphire nitro | Radeon RX 7700 XT,GPU,sapphire,sapphire nitro,2025,678.68,56.556666666666665,$/GB VRAM
sapphire nitro | Radeon RX 7800 XT,GPU,sapphire,sapphire nitro,2023,539.99,33.749375,$/GB VRAM
sapphire nitro | Radeon RX 7900 GRE,GPU,sapphire,sapphire nitro,2023,599.99,37.499375,$/GB VRAM
sapphire nitro | Radeon RX 7900 XT,GPU,sapphire,sapphire nitro,2023,850.99,42.5495,$/GB VRAM
sapphire nitro | Radeon RX 7900 XTX,GPU,sapphire,sapphire nitro,2023,999.99,41.66625,$/GB VRAM
sapphire nitro | Radeon RX 9060 XT,GPU,sapphire,sapphire nitro,2025,399.99,24.999375,$/GB VRAM
sapphire nitro | Radeon RX 9070,GPU,sapphire,sapphire nitro,2025,649.99,40.624375,$/GB VRAM
sapphire nitro | Radeon RX 9070 XT,GPU,sapphire,sapphire nitro,2025,799.99,49.999375,$/GB VRAM
sapphire pulse be | Radeon RX 5700 XT,GPU,sapphire,sapphire pulse be,2025,599.0,74.875,$/GB VRAM
sapphire pulse itx pure | Radeon RX 6500 XT,GPU,sapphire,sapphire pulse itx pure,2025,220.71,55.1775,$/GB VRAM
sapphire pulse low profile | Radeon RX 6400,GPU,sapphire,sapphire pulse low profile,2023,184.91,46.2275,$/GB VRAM
sapphire pulse low profile | Radeon RX 6400,GPU,sapphire,sapphire pulse low profile,2025,216.56,54.14,$/GB VRAM
sapphire pulse | Radeon RX 550 - 512,GPU,sapphire,sapphire pulse,2023,133.44,33.36,$/GB VRAM
sapphire pulse | Radeon RX 6500 XT,GPU,sapphire,sapphire pulse,2023,139.99,34.9975,$/GB VRAM
sapphire pulse | Radeon RX 6600,GPU,sapphire,sapphire pulse,2023,199.99,24.99875,$/GB VRAM
sapphire pulse | Radeon RX 6600,GPU,sapphire,sapphire pulse,2025,327.12,40.89,$/GB VRAM
sapphire pulse | Radeon RX 6600 XT,GPU,sapphire,sapphire pulse,2025,471.92,58.99,$/GB VRAM
sapphire pulse | Radeon RX 6700,GPU,sapphire,sapphire pulse,2023,1299.67,129.967,$/GB VRAM
sapphire pulse | Radeon RX 6700 XT,GPU,sapphire,sapphire pulse,2023,529.0,44.083333333333336,$/GB VRAM
sapphire pulse | Radeon RX 6700 XT,GPU,sapphire,sapphire pulse,2025,429.0,35.75,$/GB VRAM
sapphire pulse | Radeon RX 6800,GPU,sapphire,sapphire pulse,2025,979.0,61.1875,$/GB VRAM
sapphire pulse | Radeon RX 6800 XT,GPU,sapphire,sapphire pulse,2025,989.0,61.8125,$/GB VRAM
sapphire pulse | Radeon RX 7600,GPU,sapphire,sapphire pulse,2023,269.99,33.74875,$/GB VRAM
sapphire pulse | Radeon RX 7600,GPU,sapphire,sapphire pulse,2025,337.33,42.16625,$/GB VRAM
sapphire pulse | Radeon RX 7600 XT,GPU,sapphire,sapphire pulse,2023,339.99,21.249375,$/GB VRAM
sapphire pulse | Radeon RX 7600 XT,GPU,sapphire,sapphire pulse,2025,468.0,29.25,$/GB VRAM
sapphire pulse | Radeon RX 7700 XT,GPU,sapphire,sapphire pulse,2023,389.99,32.49916666666667,$/GB VRAM
sapphire pulse | Radeon RX 7700 XT,GPU,sapphire,sapphire pulse,2025,633.37,52.780833333333334,$/GB VRAM
sapphire pulse | Radeon RX 7800 XT,GPU,sapphire,sapphire pulse,2023,509.99,31.874375,$/GB VRAM
sapphire pulse | Radeon RX 7800 XT,GPU,sapphire,sapphire pulse,2025,762.12,47.6325,$/GB VRAM
sapphire pulse | Radeon RX 7900 GRE,GPU,sapphire,sapphire pulse,2023,539.99,33.749375,$/GB VRAM
sapphire pulse | Radeon RX 7900 XT,GPU,sapphire,sapphire pulse,2023,689.99,34.4995,$/GB VRAM
sapphire pulse | Radeon RX 7900 XTX,GPU,sapphire,sapphire pulse,2023,899.99,37.499583333333334,$/GB VRAM
sapphire pulse | Radeon RX 9060 XT,GPU,sapphire,sapphire pulse,2025,339.99,21.249375,$/GB VRAM
sapphire pulse | Radeon RX 9070,GPU,sapphire,sapphire pulse,2025,642.99,40.186875,$/GB VRAM
sapphire pulse | Radeon RX 9070 XT,GPU,sapphire,sapphire pulse,2025,749.99,46.874375,$/GB VRAM
sapphire pulse | Radeon RX VEGA 56,GPU,sapphire,sapphire pulse,2023,466.89,58.36125,$/GB VRAM
sapphire pulse | Radeon RX VEGA 56,GPU,sapphire,sapphire pulse,2025,399.0,49.875,$/GB VRAM
sapphire pure | Radeon RX 7700 XT,GPU,sapphire,sapphire pure,2023,429.99,35.8325,$/GB VRAM
sapphire pure | Radeon RX 7800 XT,GPU,sapphire,sapphire pure,2023,524.99,32.811875,$/GB VRAM
sapphire pure | Radeon RX 7900 GRE,GPU,sapphire,sapphire pure,2023,549.99,34.374375,$/GB VRAM
sapphire pure | Radeon RX 9060 XT,GPU,sapphire,sapphire pure,2025,540.66,33.79125,$/GB VRAM
sapphire pure | Radeon RX 9070,GPU,sapphire,sapphire pure,2025,896.64,56.04,$/GB VRAM
sapphire pure | Radeon RX 9070 XT,GPU,sapphire,sapphire pure,2025,991.27,61.954375,$/GB VRAM
sapphire toxic extreme edition | Radeon RX 6900 XT,GPU,sapphire,sapphire toxic extreme edition,2025,1782.99,111.436875,$/GB VRAM
sapphire toxic limited edition | Radeon RX 6900 XT,GPU,sapphire,sapphire toxic limited edition,2023,1236.78,77.29875,$/GB VRAM
sparkle eco | Arc A310,GPU,sparkle,sparkle eco,2023,109.99,27.4975,$/GB VRAM
sparkle eco | Arc A310,GPU,sparkle,sparkle eco,2025,129.99,32.4975,$/GB VRAM
sparkle elf | Arc A310,GPU,sparkle,sparkle elf,2023,109.99,27.4975,$/GB VRAM
sparkle elf | Arc A380,GPU,sparkle,sparkle elf,2023,139.99,23.331666666666667,$/GB VRAM
sparkle elf | Arc A380,GPU,sparkle,sparkle elf,2025,149.99,24.998333333333335,$/GB VRAM
sparkle genie | Arc A380,GPU,sparkle,sparkle genie,2023,124.99,20.831666666666667,$/GB VRAM
sparkle guardian oc | Arc B570,GPU,sparkle,sparkle guardian oc,2025,259.99,25.999000000000002,$/GB VRAM
sparkle orc oc | Arc A580,GPU,sparkle,sparkle orc oc,2023,179.99,22.49875,$/GB VRAM
sparkle orc oc | Arc A580,GPU,sparkle,sparkle orc oc,2025,225.93,28.24125,$/GB VRAM
sparkle orc oc | Arc A750,GPU,sparkle,sparkle orc oc,2023,239.99,29.99875,$/GB VRAM
sparkle orc oc | Arc A750,GPU,sparkle,sparkle orc oc,2025,280.95,35.11875,$/GB VRAM
sparkle roc luna oc | Arc A750,GPU,sparkle,sparkle roc luna oc,2023,214.99,26.87375,$/GB VRAM
sparkle roc luna oc | Arc A750,GPU,sparkle,sparkle roc luna oc,2025,301.6,37.7,$/GB VRAM
sparkle roc luna oc | Arc A770,GPU,sparkle,sparkle roc luna oc,2023,319.99,19.999375,$/GB VRAM
sparkle roc oc | Arc A750,GPU,sparkle,sparkle roc oc,2025,229.72,28.715,$/GB VRAM
sparkle roc oc | Arc A770,GPU,sparkle,sparkle roc oc,2023,299.99,18.749375,$/GB VRAM
sparkle roc oc | Arc A770,GPU,sparkle,sparkle roc oc,2025,404.5,25.28125,$/GB VRAM
sparkle titan luna oc | Arc B580,GPU,sparkle,sparkle titan luna oc,2025,393.45,32.7875,$/GB VRAM
sparkle titan oc | Arc A750,GPU,sparkle,sparkle titan oc,2023,259.99,32.49875,$/GB VRAM
sparkle titan oc | Arc A770,GPU,sparkle,sparkle titan oc,2023,319.99,19.999375,$/GB VRAM
sparkle titan oc | Arc A770,GPU,sparkle,sparkle titan oc,2025,428.12,26.7575,$/GB VRAM
sparkle titan oc | Arc B580,GPU,sparkle,sparkle titan oc,2025,319.99,26.665833333333335,$/GB VRAM
visiontek 900270 | Radeon HD 4350,GPU,visiontek,visiontek 900270,2025,76.26,152.52,$/GB VRAM
visiontek 900356 | Radeon HD 5450,GPU,visiontek,visiontek 900356,2023,60.15,30.075,$/GB VRAM
visiontek 900356 | Radeon HD 5450,GPU,visiontek,visiontek 900356,2025,65.12,32.56,$/GB VRAM
visiontek 900574 | Radeon HD 7750,GPU,visiontek,visiontek 900574,2023,139.99,139.99,$/GB VRAM
visiontek 900574 | Radeon HD 7750,GPU,visiontek,visiontek 900574,2025,147.99,147.99,$/GB VRAM
visiontek 900614 | Radeon HD 7750,GPU,visiontek,visiontek 900614,2023,230.87,115.435,$/GB VRAM
visiontek 900614 | Radeon HD 7750,GPU,visiontek,visiontek 900614,2025,189.99,94.995,$/GB VRAM
visiontek 901491 | Radeon HD 6570,GPU,visiontek,visiontek 901491,2023,65.75,65.75,$/GB VRAM
visiontek 901491 | Radeon HD 6570,GPU,visiontek,visiontek 901491,2025,62.99,62.99,$/GB VRAM
visiontek 901507 | Radeon RX 550 - 512,GPU,visiontek,visiontek 901507,2023,219.99,54.9975,$/GB VRAM
visiontek 901507 | Radeon RX 550 - 512,GPU,visiontek,visiontek 901507,2025,189.99,47.4975,$/GB VRAM
visiontek radeon hd 7790 1gb | Radeon HD 7790,GPU,visiontek,visiontek radeon hd 7790 1gb,2025,142.85,142.85,$/GB VRAM
visiontek sff | Radeon HD 7750,GPU,visiontek,visiontek sff,2025,134.59,67.295,$/GB VRAM
xfx black edition | Radeon RX 570,GPU,xfx,xfx black edition,2023,537.0,67.125,$/GB VRAM
xfx black edition | Radeon RX 570,GPU,xfx,xfx black edition,2025,499.0,62.375,$/GB VRAM
xfx black edition | Radeon RX 580,GPU,xfx,xfx black edition,2023,249.95,31.24375,$/GB VRAM
xfx black edition | Radeon RX 580,GPU,xfx,xfx black edition,2025,272.38,34.0475,$/GB VRAM
xfx fx-795a-tdjc | Radeon HD 7950,GPU,xfx,xfx fx-795a-tdjc,2025,358.26,119.42,$/GB VRAM
xfx gts xxx | Radeon RX 580,GPU,xfx,xfx gts xxx,2023,129.99,16.24875,$/GB VRAM
xfx gts xxx | Radeon RX 580,GPU,xfx,xfx gts xxx,2025,159.99,19.99875,$/GB VRAM
xfx gts | Radeon RX 580,GPU,xfx,xfx gts,2023,219.99,27.49875,$/GB VRAM
xfx gts | Radeon RX 580,GPU,xfx,xfx gts,2025,286.3,35.7875,$/GB VRAM
xfx hd-467x-zdf2 | Radeon HD 4670,GPU,xfx,xfx hd-467x-zdf2,2025,119.99,119.99,$/GB VRAM
xfx hd-467x-zdfr | Radeon HD 4670,GPU,xfx,xfx hd-467x-zdfr,2025,74.98,74.98,$/GB VRAM
xfx hd-545x-zaf2 | Radeon HD 5450,GPU,xfx,xfx hd-545x-zaf2,2025,69.98,69.98,$/GB VRAM
xfx mercury oc magnetic air rgb v2 | Radeon RX 9070 XT,GPU,xfx,xfx mercury oc magnetic air rgb v2,2025,919.99,57.499375,$/GB VRAM
xfx mercury oc magnetic air rgb | Radeon RX 9070 XT,GPU,xfx,xfx mercury oc magnetic air rgb,2025,869.99,54.374375,$/GB VRAM
xfx mercury oc rgb v2 | Radeon RX 9070 XT,GPU,xfx,xfx mercury oc rgb v2,2025,859.99,53.749375,$/GB VRAM
xfx mercury oc rgb | Radeon RX 9070 XT,GPU,xfx,xfx mercury oc rgb,2025,854.98,53.43625,$/GB VRAM
xfx mercury oc | Radeon RX 9060 XT,GPU,xfx,xfx mercury oc,2025,420.06,26.25375,$/GB VRAM
xfx pv-t95g-znf2 | GeForce 9500 GT,GPU,xfx,xfx pv-t95g-znf2,2025,119.99,119.99,$/GB VRAM
xfx pvt95gyar2 | GeForce 9500 GT,GPU,xfx,xfx pvt95gyar2,2025,119.99,239.98,$/GB VRAM
xfx pvt95gzafg | GeForce 9500 GT,GPU,xfx,xfx pvt95gzafg,2025,161.98,161.98,$/GB VRAM
xfx pvt98gyaf3 | GeForce 9800 GT,GPU,xfx,xfx pvt98gyaf3,2025,181.98,363.96,$/GB VRAM
xfx quicksilver magnetic air | Radeon RX 7800 XT,GPU,xfx,xfx quicksilver magnetic air,2025,920.0,57.5,$/GB VRAM
xfx quicksilver magnetic air | Radeon RX 9070 XT,GPU,xfx,xfx quicksilver magnetic air,2025,959.0,59.9375,$/GB VRAM
xfx quicksilver oc | Radeon RX 9070,GPU,xfx,xfx quicksilver oc,2025,833.21,52.075625,$/GB VRAM
xfx quicksilver | Radeon RX 9070 XT,GPU,xfx,xfx quicksilver,2025,799.99,49.999375,$/GB VRAM
xfx r9-290x enfc | Radeon R9 290X,GPU,xfx,xfx r9-290x enfc,2023,214.99,53.7475,$/GB VRAM
xfx r9-290x enfc | Radeon R9 290X,GPU,xfx,xfx r9-290x enfc,2025,210.0,52.5,$/GB VRAM
xfx rs xxx | Radeon RX 570,GPU,xfx,xfx rs xxx,2025,299.0,74.75,$/GB VRAM
xfx rx-560d2sfg5 | Radeon RX 560 - 896,GPU,xfx,xfx rx-560d2sfg5,2023,109.99,54.995,$/GB VRAM
xfx rx-560d2sfg5 | Radeon RX 560 - 896,GPU,xfx,xfx rx-560d2sfg5,2025,109.99,54.995,$/GB VRAM
xfx rx-570p8dfd6 | Radeon RX 570,GPU,xfx,xfx rx-570p8dfd6,2025,399.0,49.875,$/GB VRAM
xfx rx-580p427d6 | Radeon RX 580,GPU,xfx,xfx rx-580p427d6,2023,489.0,122.25,$/GB VRAM
xfx rx-580p427d6 | Radeon RX 580,GPU,xfx,xfx rx-580p427d6,2025,359.0,89.75,$/GB VRAM
xfx rx-68xtacbd9 | Radeon RX 6800 XT,GPU,xfx,xfx rx-68xtacbd9,2023,880.99,55.061875,$/GB VRAM
xfx rx-79gmercb9 | Radeon RX 7900 GRE,GPU,xfx,xfx rx-79gmercb9,2023,540.53,33.783125,$/GB VRAM
xfx rx-79gmercb9 | Radeon RX 7900 GRE,GPU,xfx,xfx rx-79gmercb9,2025,669.99,41.874375,$/GB VRAM
xfx rx-79gmercbr | Radeon RX 7900 GRE,GPU,xfx,xfx rx-79gmercbr,2023,569.99,35.624375,$/GB VRAM
xfx rx-79tmbabf9 | Radeon RX 7900 XT,GPU,xfx,xfx rx-79tmbabf9,2025,700.26,35.013,$/GB VRAM
xfx rx-97tmaqkw9 | Radeon RX 9070 XT,GPU,xfx,xfx rx-97tmaqkw9,2025,1221.15,76.321875,$/GB VRAM
xfx rx-vegma3fd6 | Radeon VII,GPU,xfx,xfx rx-vegma3fd6,2025,945.0,59.0625,$/GB VRAM
xfx rx-vegmlbfx6 | Radeon RX VEGA 56,GPU,xfx,xfx rx-vegmlbfx6,2023,449.0,56.125,$/GB VRAM
xfx rx-vegmlbfx6 | Radeon RX VEGA 56,GPU,xfx,xfx rx-vegmlbfx6,2025,449.0,56.125,$/GB VRAM
xfx rx-vegmtbfx6 | Radeon RX VEGA 64,GPU,xfx,xfx rx-vegmtbfx6,2023,499.0,62.375,$/GB VRAM
xfx rx-vegmtsfx6 | Radeon RX VEGA 64,GPU,xfx,xfx rx-vegmtsfx6,2025,699.0,87.375,$/GB VRAM
xfx speedster merc 308 black | Radeon RX 6600 XT,GPU,xfx,xfx speedster merc 308 black,2023,425.99,53.24875,$/GB VRAM
xfx speedster merc 308 black | Radeon RX 6650 XT,GPU,xfx,xfx speedster merc 308 black,2023,399.99,49.99875,$/GB VRAM
xfx speedster merc 308 black | Radeon RX 6650 XT,GPU,xfx,xfx speedster merc 308 black,2025,595.35,74.41875,$/GB VRAM
xfx speedster merc 310 black edition | Radeon RX 7900 XT,GPU,xfx,xfx speedster merc 310 black edition,2023,729.99,36.4995,$/GB VRAM
xfx speedster merc 310 black edition | Radeon RX 7900 XTX,GPU,xfx,xfx speedster merc 310 black edition,2023,926.77,38.61541666666667,$/GB VRAM
xfx speedster merc 310 black edition | Radeon RX 7900 XTX,GPU,xfx,xfx speedster merc 310 black edition,2025,1049.99,43.749583333333334,$/GB VRAM
xfx speedster merc 310 | Radeon RX 7900 XT,GPU,xfx,xfx speedster merc 310,2023,710.54,35.527,$/GB VRAM
xfx speedster merc 310 | Radeon RX 7900 XT,GPU,xfx,xfx speedster merc 310,2025,1027.94,51.397000000000006,$/GB VRAM
xfx speedster merc 319 black | Radeon RX 6700 XT,GPU,xfx,xfx speedster merc 319 black,2023,1014.0,84.5,$/GB VRAM
xfx speedster merc 319 black | Radeon RX 6700 XT,GPU,xfx,xfx speedster merc 319 black,2025,1014.0,84.5,$/GB VRAM
xfx speedster merc 319 black | Radeon RX 6900 XT,GPU,xfx,xfx speedster merc 319 black,2023,769.99,48.124375,$/GB VRAM
xfx speedster merc 319 black | Radeon RX 7800 XT,GPU,xfx,xfx speedster merc 319 black,2023,509.99,31.874375,$/GB VRAM
xfx speedster merc 319 black | Radeon RX 7800 XT,GPU,xfx,xfx speedster merc 319 black,2025,958.99,59.936875,$/GB VRAM
xfx speedster merc 319 core | Radeon RX 6800 XT,GPU,xfx,xfx speedster merc 319 core,2023,479.99,29.999375,$/GB VRAM
xfx speedster merc 319 core | Radeon RX 6800 XT,GPU,xfx,xfx speedster merc 319 core,2025,719.0,44.9375,$/GB VRAM
xfx speedster merc 319 limited | Radeon RX 6900 XT,GPU,xfx,xfx speedster merc 319 limited,2023,769.99,48.124375,$/GB VRAM
xfx speedster merc 319 ultra | Radeon RX 6900 XT,GPU,xfx,xfx speedster merc 319 ultra,2023,1799.99,112.499375,$/GB VRAM
xfx speedster merc 319 | Radeon RX 6900 XT,GPU,xfx,xfx speedster merc 319,2023,2002.49,125.155625,$/GB VRAM
xfx speedster merc 319 | Radeon RX 6950 XT,GPU,xfx,xfx speedster merc 319,2023,569.99,35.624375,$/GB VRAM
xfx speedster qick 210 | Radeon RX 6500 XT,GPU,xfx,xfx speedster qick 210,2025,169.99,42.4975,$/GB VRAM
xfx speedster qick 308 black | Radeon RX 6600 XT,GPU,xfx,xfx speedster qick 308 black,2023,649.99,81.24875,$/GB VRAM
xfx speedster qick 308 black | Radeon RX 6600 XT,GPU,xfx,xfx speedster qick 308 black,2025,629.99,78.74875,$/GB VRAM
xfx speedster qick 308 black | Radeon RX 7600,GPU,xfx,xfx speedster qick 308 black,2023,269.99,33.74875,$/GB VRAM
xfx speedster qick 308 black | Radeon RX 7600,GPU,xfx,xfx speedster qick 308 black,2025,376.72,47.09,$/GB VRAM
xfx speedster qick 319 black | Radeon RX 6700 XT,GPU,xfx,xfx speedster qick 319 black,2023,549.99,45.8325,$/GB VRAM
xfx speedster qick 319 black | Radeon RX 6800,GPU,xfx,xfx speedster qick 319 black,2023,484.9,30.30625,$/GB VRAM
xfx speedster qick 319 black | Radeon RX 6800,GPU,xfx,xfx speedster qick 319 black,2025,1094.99,68.436875,$/GB VRAM
xfx speedster qick 319 black | Radeon RX 7700 XT,GPU,xfx,xfx speedster qick 319 black,2025,569.0,47.416666666666664,$/GB VRAM
xfx speedster qick 319 core | Radeon RX 6700 XT,GPU,xfx,xfx speedster qick 319 core,2023,1019.0,84.91666666666667,$/GB VRAM
xfx speedster qick 319 core | Radeon RX 6700 XT,GPU,xfx,xfx speedster qick 319 core,2025,1025.99,85.49916666666667,$/GB VRAM
xfx speedster qick 319 core | Radeon RX 6750 XT,GPU,xfx,xfx speedster qick 319 core,2023,302.49,25.2075,$/GB VRAM
xfx speedster qick 319 core | Radeon RX 7800 XT,GPU,xfx,xfx speedster qick 319 core,2023,499.99,31.249375,$/GB VRAM
xfx speedster qick 319 core | Radeon RX 7800 XT,GPU,xfx,xfx speedster qick 319 core,2025,858.5,53.65625,$/GB VRAM
xfx speedster swft 105 | Radeon RX 6400,GPU,xfx,xfx speedster swft 105,2023,139.99,34.9975,$/GB VRAM
xfx speedster swft 105 | Radeon RX 6400,GPU,xfx,xfx speedster swft 105,2025,149.99,37.4975,$/GB VRAM
xfx speedster swft 210 core 2 | Radeon RX 7800 XT,GPU,xfx,xfx speedster swft 210 core 2,2025,778.98,48.68625,$/GB VRAM
xfx speedster swft 210 core | Radeon RX 6650 XT,GPU,xfx,xfx speedster swft 210 core,2023,224.99,28.12375,$/GB VRAM
xfx speedster swft 210 core | Radeon RX 6650 XT,GPU,xfx,xfx speedster swft 210 core,2025,315.71,39.46375,$/GB VRAM
xfx speedster swft 210 core | Radeon RX 7600,GPU,xfx,xfx speedster swft 210 core,2023,259.99,32.49875,$/GB VRAM
xfx speedster swft 210 core | Radeon RX 7600,GPU,xfx,xfx speedster swft 210 core,2025,289.99,36.24875,$/GB VRAM
xfx speedster swft 210 core | Radeon RX 7700 XT,GPU,xfx,xfx speedster swft 210 core,2025,409.99,34.16583333333333,$/GB VRAM
xfx speedster swft 210 core | Radeon RX 7800 XT,GPU,xfx,xfx speedster swft 210 core,2025,649.0,40.5625,$/GB VRAM
xfx speedster swft 210 | Radeon RX 6600,GPU,xfx,xfx speedster swft 210,2023,199.99,24.99875,$/GB VRAM
xfx speedster swft 210 | Radeon RX 6600,GPU,xfx,xfx speedster swft 210,2025,345.0,43.125,$/GB VRAM
xfx speedster swft 210 | Radeon RX 6600 XT,GPU,xfx,xfx speedster swft 210,2023,399.99,49.99875,$/GB VRAM
xfx speedster swft 210 | Radeon RX 7600 XT,GPU,xfx,xfx speedster swft 210,2023,319.99,19.999375,$/GB VRAM
xfx speedster swft 210 | Radeon RX 7600 XT,GPU,xfx,xfx speedster swft 210,2025,459.0,28.6875,$/GB VRAM
xfx speedster swft 309 | Radeon RX 6700 XT,GPU,xfx,xfx speedster swft 309,2023,299.99,24.999166666666667,$/GB VRAM
xfx speedster swft 319 | Radeon RX 6800,GPU,xfx,xfx speedster swft 319,2023,369.99,23.124375,$/GB VRAM
xfx speedster swft 319 | Radeon RX 6800 XT,GPU,xfx,xfx speedster swft 319,2023,469.99,29.374375,$/GB VRAM
xfx speedster swft 319 | Radeon RX 6900 XT,GPU,xfx,xfx speedster swft 319,2023,769.99,48.124375,$/GB VRAM
xfx swift oc | Radeon RX 9060 XT,GPU,xfx,xfx swift oc,2025,374.98,23.43625,$/GB VRAM
xfx swift oc | Radeon RX 9070,GPU,xfx,xfx swift oc,2025,716.48,44.78,$/GB VRAM
xfx swift | Radeon RX 9070 XT,GPU,xfx,xfx swift,2025,789.99,49.374375,$/GB VRAM
xfx thicc ii | Radeon RX 5700 XT,GPU,xfx,xfx thicc ii,2025,635.0,79.375,$/GB VRAM
yeston lp | GeForce RTX 3050 6GB,GPU,yeston,yeston lp,2025,205.0,34.166666666666664,$/GB VRAM
yeston sakura atlantis | Radeon RX 9070 XT,GPU,yeston,yeston sakura atlantis,2025,879.9,54.99375,$/GB VRAM
yeston sakura | GeForce RTX 4060 Ti,GPU,yeston,yeston sakura,2025,587.16,36.6975,$/GB VRAM
yeston sakura | GeForce RTX 4070 SUPER,GPU,yeston,yeston sakura,2025,849.0,70.75,$/GB VRAM
yeston sakura | GeForce RTX 5070,GPU,yeston,yeston sakura,2025,749.0,62.416666666666664,$/GB VRAM
yeston sakura | Radeon RX 7700 XT,GPU,yeston,yeston sakura,2025,519.0,43.25,$/GB VRAM
yeston sakura | Radeon RX 9070 XT,GPU,yeston,yeston sakura,2025,899.0,56.1875,$/GB VRAM
zotac amp extreme core holo | GeForce RTX 3090 Ti,GPU,zotac,zotac amp extreme core holo,2025,1849.0,77.04166666666667,$/GB VRAM
zotac amp extreme holo | GeForce RTX 3080 Ti,GPU,zotac,zotac amp extreme holo,2023,2273.71,189.47583333333333,$/GB VRAM
zotac amp extreme holo | GeForce RTX 3080 Ti,GPU,zotac,zotac amp extreme holo,2025,1999.99,166.66583333333332,$/GB VRAM
zotac amp extreme | GeForce GTX 1070,GPU,zotac,zotac amp extreme,2025,499.0,62.375,$/GB VRAM
zotac amp extreme | GeForce GTX 1070 Ti,GPU,zotac,zotac amp extreme,2023,549.0,68.625,$/GB VRAM
zotac amp extreme | GeForce RTX 2070,GPU,zotac,zotac amp extreme,2025,659.0,82.375,$/GB VRAM
zotac amp | GeForce GTX 1060 6GB,GPU,zotac,zotac amp,2025,395.0,65.83333333333333,$/GB VRAM
zotac gaming amp airo spider-man across the spider-verse | GeForce RTX 4070 Ti,GPU,zotac,zotac gaming amp airo spider-man across the spider-verse,2025,999.99,83.3325,$/GB VRAM
zotac gaming amp core holo | GeForce RTX 3090,GPU,zotac,zotac gaming amp core holo,2023,1599.0,66.625,$/GB VRAM
zotac gaming amp extreme airo | GeForce RTX 4070 Ti,GPU,zotac,zotac gaming amp extreme airo,2023,749.99,62.49916666666667,$/GB VRAM
zotac gaming amp extreme airo | GeForce RTX 4070 Ti,GPU,zotac,zotac gaming amp extreme airo,2025,1245.0,103.75,$/GB VRAM
zotac gaming amp extreme airo | GeForce RTX 4080,GPU,zotac,zotac gaming amp extreme airo,2023,1449.9,90.61875,$/GB VRAM
zotac gaming amp extreme airo | GeForce RTX 4080 SUPER,GPU,zotac,zotac gaming amp extreme airo,2023,1199.99,74.999375,$/GB VRAM
zotac gaming amp extreme airo | GeForce RTX 4080 SUPER,GPU,zotac,zotac gaming amp extreme airo,2025,1949.99,121.874375,$/GB VRAM
zotac gaming amp extreme airo | GeForce RTX 4090,GPU,zotac,zotac gaming amp extreme airo,2023,2995.0,124.79166666666667,$/GB VRAM
zotac gaming amp extreme airo | GeForce RTX 4090,GPU,zotac,zotac gaming amp extreme airo,2025,2590.0,107.91666666666667,$/GB VRAM
zotac gaming amp extreme holo | GeForce RTX 3090,GPU,zotac,zotac gaming amp extreme holo,2025,1799.99,74.99958333333333,$/GB VRAM
zotac gaming amp extreme infinity ultra | GeForce RTX 5080,GPU,zotac,zotac gaming amp extreme infinity ultra,2025,1800.26,112.51625,$/GB VRAM
zotac gaming amp extreme infinity | GeForce RTX 5070 Ti,GPU,zotac,zotac gaming amp extreme infinity,2025,899.99,56.249375,$/GB VRAM
zotac gaming amp extreme infinity | GeForce RTX 5080,GPU,zotac,zotac gaming amp extreme infinity,2025,1460.14,91.25875,$/GB VRAM
zotac gaming amp extreme infinity | GeForce RTX 5090,GPU,zotac,zotac gaming amp extreme infinity,2025,2799.99,87.4996875,$/GB VRAM
zotac gaming amp holo | GeForce RTX 3070,GPU,zotac,zotac gaming amp holo,2023,488.58,61.0725,$/GB VRAM
zotac gaming amp holo | GeForce RTX 3070,GPU,zotac,zotac gaming amp holo,2025,698.0,87.25,$/GB VRAM
zotac gaming amp holo | GeForce RTX 3070 Ti,GPU,zotac,zotac gaming amp holo,2023,659.9,82.4875,$/GB VRAM
zotac gaming amp holo | GeForce RTX 3070 Ti,GPU,zotac,zotac gaming amp holo,2025,585.99,73.24875,$/GB VRAM
zotac gaming amp holo | GeForce RTX 3080 10GB,GPU,zotac,zotac gaming amp holo,2023,1849.0,184.9,$/GB VRAM
zotac gaming amp holo | GeForce RTX 3080 10GB LHR,GPU,zotac,zotac gaming amp holo,2025,1085.0,108.5,$/GB VRAM
zotac gaming amp holo | GeForce RTX 3080 Ti,GPU,zotac,zotac gaming amp holo,2023,1449.99,120.8325,$/GB VRAM
zotac gaming amp holo | GeForce RTX 3080 Ti,GPU,zotac,zotac gaming amp holo,2025,1007.48,83.95666666666666,$/GB VRAM
zotac gaming amp holo | GeForce RTX 4070 Ti SUPER,GPU,zotac,zotac gaming amp holo,2023,869.99,54.374375,$/GB VRAM
zotac gaming amp | GeForce GTX 1660 SUPER,GPU,zotac,zotac gaming amp,2023,229.99,38.33166666666667,$/GB VRAM
zotac gaming amp | GeForce RTX 2080 Ti,GPU,zotac,zotac gaming amp,2025,1000.0,90.9090909090909,$/GB VRAM
zotac gaming amp | GeForce RTX 4080 SUPER,GPU,zotac,zotac gaming amp,2025,1769.99,110.624375,$/GB VRAM
zotac gaming amp | GeForce RTX 5060,GPU,zotac,zotac gaming amp,2025,309.99,38.74875,$/GB VRAM
zotac gaming amp | GeForce RTX 5060 Ti,GPU,zotac,zotac gaming amp,2025,449.99,28.124375,$/GB VRAM
zotac gaming low profile | GeForce RTX 3050 6GB,GPU,zotac,zotac gaming low profile,2025,299.28,49.879999999999995,$/GB VRAM
zotac gaming oc | GeForce GTX 1650 G5,GPU,zotac,zotac gaming oc,2025,325.0,81.25,$/GB VRAM
zotac gaming solid core oc | GeForce RTX 5070 Ti,GPU,zotac,zotac gaming solid core oc,2025,1121.07,70.066875,$/GB VRAM
zotac gaming solid core oc | GeForce RTX 5080,GPU,zotac,zotac gaming solid core oc,2025,1682.12,105.1325,$/GB VRAM
zotac gaming solid core | GeForce RTX 5070 Ti,GPU,zotac,zotac gaming solid core,2025,762.98,47.68625,$/GB VRAM
zotac gaming solid core | GeForce RTX 5080,GPU,zotac,zotac gaming solid core,2025,1809.99,113.124375,$/GB VRAM
zotac gaming solid oc | GeForce RTX 5070,GPU,zotac,zotac gaming solid oc,2025,609.99,50.8325,$/GB VRAM
zotac gaming solid oc | GeForce RTX 5070 Ti,GPU,zotac,zotac gaming solid oc,2025,1099.0,68.6875,$/GB VRAM
zotac gaming solid oc | GeForce RTX 5080,GPU,zotac,zotac gaming solid oc,2025,1470.0,91.875,$/GB VRAM
zotac gaming solid oc | GeForce RTX 5090,GPU,zotac,zotac gaming solid oc,2025,2856.48,89.265,$/GB VRAM
zotac gaming solid | GeForce RTX 5070,GPU,zotac,zotac gaming solid,2025,759.9,63.324999999999996,$/GB VRAM
zotac gaming solid | GeForce RTX 5090,GPU,zotac,zotac gaming solid,2025,3495.23,109.2259375,$/GB VRAM
zotac gaming solo | GeForce RTX 3050 6GB,GPU,zotac,zotac gaming solo,2025,278.53,46.42166666666666,$/GB VRAM
zotac gaming solo | GeForce RTX 3050 8GB,GPU,zotac,zotac gaming solo,2025,332.08,41.51,$/GB VRAM
zotac gaming solo | GeForce RTX 4060,GPU,zotac,zotac gaming solo,2023,363.79,45.47375,$/GB VRAM
zotac gaming solo | GeForce RTX 5050,GPU,zotac,zotac gaming solo,2025,249.99,31.24875,$/GB VRAM
zotac gaming solo | GeForce RTX 5060,GPU,zotac,zotac gaming solo,2025,299.99,37.49875,$/GB VRAM
zotac gaming trinity oc | GeForce RTX 3070 Ti,GPU,zotac,zotac gaming trinity oc,2023,699.99,87.49875,$/GB VRAM
zotac gaming trinity oc | GeForce RTX 3070 Ti,GPU,zotac,zotac gaming trinity oc,2025,770.0,96.25,$/GB VRAM
zotac gaming trinity oc | GeForce RTX 3080 10GB,GPU,zotac,zotac gaming trinity oc,2023,1110.0,111.0,$/GB VRAM
zotac gaming trinity oc | GeForce RTX 3080 10GB,GPU,zotac,zotac gaming trinity oc,2025,1080.0,108.0,$/GB VRAM
zotac gaming trinity oc | GeForce RTX 3080 10GB LHR,GPU,zotac,zotac gaming trinity oc,2023,1349.99,134.999,$/GB VRAM
zotac gaming trinity oc | GeForce RTX 3080 12GB LHR,GPU,zotac,zotac gaming trinity oc,2023,1372.0,114.33333333333333,$/GB VRAM
zotac gaming trinity oc | GeForce RTX 3080 12GB LHR,GPU,zotac,zotac gaming trinity oc,2025,1195.95,99.66250000000001,$/GB VRAM
zotac gaming trinity oc | GeForce RTX 3080 Ti,GPU,zotac,zotac gaming trinity oc,2023,1307.48,108.95666666666666,$/GB VRAM
zotac gaming trinity oc | GeForce RTX 3080 Ti,GPU,zotac,zotac gaming trinity oc,2025,1299.99,108.3325,$/GB VRAM
zotac gaming trinity oc | GeForce RTX 3090,GPU,zotac,zotac gaming trinity oc,2023,1089.99,45.41625,$/GB VRAM
zotac gaming trinity oc | GeForce RTX 3090,GPU,zotac,zotac gaming trinity oc,2025,1699.99,70.83291666666666,$/GB VRAM
zotac gaming trinity oc | GeForce RTX 4070 Ti,GPU,zotac,zotac gaming trinity oc,2023,829.99,69.16583333333334,$/GB VRAM
zotac gaming trinity oc | GeForce RTX 4070 Ti,GPU,zotac,zotac gaming trinity oc,2025,1212.73,101.06083333333333,$/GB VRAM
zotac gaming trinity oc | GeForce RTX 4070 Ti SUPER,GPU,zotac,zotac gaming trinity oc,2023,789.99,49.374375,$/GB VRAM
zotac gaming trinity oc | GeForce RTX 4080,GPU,zotac,zotac gaming trinity oc,2023,1309.45,81.840625,$/GB VRAM
zotac gaming trinity oc | GeForce RTX 4080,GPU,zotac,zotac gaming trinity oc,2025,1854.99,115.936875,$/GB VRAM
zotac gaming trinity oc | GeForce RTX 4080 SUPER,GPU,zotac,zotac gaming trinity oc,2023,1009.99,63.124375,$/GB VRAM
zotac gaming trinity oc | GeForce RTX 4090,GPU,zotac,zotac gaming trinity oc,2023,2439.0,101.625,$/GB VRAM
zotac gaming trinity oc | GeForce RTX 4090,GPU,zotac,zotac gaming trinity oc,2025,2590.0,107.91666666666667,$/GB VRAM
zotac gaming trinity | GeForce RTX 3070 Ti,GPU,zotac,zotac gaming trinity,2023,639.99,79.99875,$/GB VRAM
zotac gaming trinity | GeForce RTX 3070 Ti,GPU,zotac,zotac gaming trinity,2025,899.99,112.49875,$/GB VRAM
zotac gaming trinity | GeForce RTX 3080 Ti,GPU,zotac,zotac gaming trinity,2023,1989.99,165.8325,$/GB VRAM
zotac gaming trinity | GeForce RTX 4070 Ti,GPU,zotac,zotac gaming trinity,2023,799.99,66.66583333333334,$/GB VRAM
zotac gaming trinity | GeForce RTX 4070 Ti SUPER,GPU,zotac,zotac gaming trinity,2023,799.99,49.999375,$/GB VRAM
zotac gaming trinity | GeForce RTX 4070 Ti SUPER,GPU,zotac,zotac gaming trinity,2025,1049.99,65.624375,$/GB VRAM
zotac gaming trinity | GeForce RTX 4080,GPU,zotac,zotac gaming trinity,2023,1349.9,84.36875,$/GB VRAM
zotac gaming trinity | GeForce RTX 4080 SUPER,GPU,zotac,zotac gaming trinity,2023,1112.44,69.5275,$/GB VRAM
zotac gaming trinity | GeForce RTX 4080 SUPER,GPU,zotac,zotac gaming trinity,2025,1750.0,109.375,$/GB VRAM
zotac gaming twin edge oc spider-man across the spider-verse | GeForce RTX 4070,GPU,zotac,zotac gaming twin edge oc spider-man across the spider-verse,2023,699.99,58.3325,$/GB VRAM
zotac gaming twin edge oc white edition | GeForce RTX 3070 LHR,GPU,zotac,zotac gaming twin edge oc white edition,2025,659.0,82.375,$/GB VRAM
zotac gaming twin edge oc | GeForce RTX 3050 8GB,GPU,zotac,zotac gaming twin edge oc,2023,399.99,49.99875,$/GB VRAM
zotac gaming twin edge oc | GeForce RTX 3050 8GB,GPU,zotac,zotac gaming twin edge oc,2025,339.99,42.49875,$/GB VRAM
zotac gaming twin edge oc | GeForce RTX 3060 12GB,GPU,zotac,zotac gaming twin edge oc,2023,314.99,26.249166666666667,$/GB VRAM
zotac gaming twin edge oc | GeForce RTX 3060 12GB,GPU,zotac,zotac gaming twin edge oc,2025,429.9,35.824999999999996,$/GB VRAM
zotac gaming twin edge oc | GeForce RTX 3070,GPU,zotac,zotac gaming twin edge oc,2023,449.0,56.125,$/GB VRAM
zotac gaming twin edge oc | GeForce RTX 3070,GPU,zotac,zotac gaming twin edge oc,2025,743.34,92.9175,$/GB VRAM
zotac gaming twin edge oc | GeForce RTX 3070 LHR,GPU,zotac,zotac gaming twin edge oc,2023,569.99,71.24875,$/GB VRAM
zotac gaming twin edge oc | GeForce RTX 4060,GPU,zotac,zotac gaming twin edge oc,2023,319.99,39.99875,$/GB VRAM
zotac gaming twin edge oc | GeForce RTX 4060,GPU,zotac,zotac gaming twin edge oc,2025,439.99,54.99875,$/GB VRAM
zotac gaming twin edge oc | GeForce RTX 4060 Ti,GPU,zotac,zotac gaming twin edge oc,2023,419.99,52.49875,$/GB VRAM
zotac gaming twin edge oc | GeForce RTX 4060 Ti,GPU,zotac,zotac gaming twin edge oc,2025,569.99,71.24875,$/GB VRAM
zotac gaming twin edge oc | GeForce RTX 4070,GPU,zotac,zotac gaming twin edge oc,2023,631.46,52.62166666666667,$/GB VRAM
zotac gaming twin edge oc | GeForce RTX 4070 SUPER,GPU,zotac,zotac gaming twin edge oc,2023,584.99,48.74916666666667,$/GB VRAM
zotac gaming twin edge oc | GeForce RTX 4070 SUPER,GPU,zotac,zotac gaming twin edge oc,2025,1094.0,91.16666666666667,$/GB VRAM
zotac gaming twin edge oc | GeForce RTX 5050,GPU,zotac,zotac gaming twin edge oc,2025,274.99,34.37375,$/GB VRAM
zotac gaming twin edge oc | GeForce RTX 5060,GPU,zotac,zotac gaming twin edge oc,2025,309.99,38.74875,$/GB VRAM
zotac gaming twin edge | GeForce RTX 3060 12GB,GPU,zotac,zotac gaming twin edge,2023,879.99,73.3325,$/GB VRAM
zotac gaming twin edge | GeForce RTX 3060 12GB,GPU,zotac,zotac gaming twin edge,2025,256.98,21.415000000000003,$/GB VRAM
zotac gaming twin edge | GeForce RTX 4060 Ti,GPU,zotac,zotac gaming twin edge,2023,511.28,63.91,$/GB VRAM
zotac gaming twin edge | GeForce RTX 4060 Ti,GPU,zotac,zotac gaming twin edge,2025,574.39,71.79875,$/GB VRAM
zotac gaming twin edge | GeForce RTX 5050,GPU,zotac,zotac gaming twin edge,2025,380.69,47.58625,$/GB VRAM
zotac gaming twin fan | GeForce GTX 1650 SUPER,GPU,zotac,zotac gaming twin fan,2023,339.99,84.9975,$/GB VRAM
zotac gaming twin fan | GeForce GTX 1660,GPU,zotac,zotac gaming twin fan,2023,227.99,37.998333333333335,$/GB VRAM
zotac gaming twin fan | GeForce GTX 1660,GPU,zotac,zotac gaming twin fan,2025,269.0,44.833333333333336,$/GB VRAM
zotac gaming twin fan | GeForce GTX 1660 SUPER,GPU,zotac,zotac gaming twin fan,2023,199.0,33.166666666666664,$/GB VRAM
zotac gaming twin fan | GeForce GTX 1660 SUPER,GPU,zotac,zotac gaming twin fan,2025,255.0,42.5,$/GB VRAM
zotac gaming | GeForce GTX 1630,GPU,zotac,zotac gaming,2023,134.99,33.7475,$/GB VRAM
zotac gaming | GeForce GTX 1660 Ti,GPU,zotac,zotac gaming,2023,281.98,46.99666666666667,$/GB VRAM
zotac gaming | GeForce GTX 1660 Ti,GPU,zotac,zotac gaming,2025,378.88,63.14666666666667,$/GB VRAM
zotac mini | GeForce GTX 1070,GPU,zotac,zotac mini,2025,459.0,57.375,$/GB VRAM
zotac mini | GeForce RTX 2070 SUPER,GPU,zotac,zotac mini,2025,698.0,87.25,$/GB VRAM
zotac solid core oc | GeForce RTX 5070 Ti,GPU,zotac,zotac solid core oc,2025,1220.25,76.265625,$/GB VRAM
zotac solid oc | GeForce RTX 5080,GPU,zotac,zotac solid oc,2025,1462.98,91.43625,$/GB VRAM
zotac solid sff oc | GeForce RTX 5070 Ti,GPU,zotac,zotac solid sff oc,2025,839.99,52.499375,$/GB VRAM
zotac trinity black edition | GeForce RTX 4070 SUPER,GPU,zotac,zotac trinity black edition,2023,649.99,54.16583333333333,$/GB VRAM
zotac twin edge oc | GeForce RTX 3060 Ti,GPU,zotac,zotac twin edge oc,2025,668.0,83.5,$/GB VRAM
zotac twin edge oc | GeForce RTX 4060,GPU,zotac,zotac twin edge oc,2023,289.99,36.24875,$/GB VRAM
zotac twin edge oc | GeForce RTX 4070,GPU,zotac,zotac twin edge oc,2023,559.99,46.66583333333333,$/GB VRAM
zotac twin edge oc | GeForce RTX 4070,GPU,zotac,zotac twin edge oc,2025,829.99,69.16583333333334,$/GB VRAM
zotac twin edge oc | GeForce RTX 5060 Ti,GPU,zotac,zotac twin edge oc,2025,434.99,27.186875,$/GB VRAM
zotac twin edge | GeForce RTX 4070,GPU,zotac,zotac twin edge,2023,708.52,59.04333333333333,$/GB VRAM
zotac twin edge | GeForce RTX 4070 SUPER,GPU,zotac,zotac twin edge,2023,589.99,49.16583333333333,$/GB VRAM
zotac twin edge | GeForce RTX 5060 Ti,GPU,zotac,zotac twin edge,2025,511.05,31.940625,$/GB VRAM
zotac zt-70601-10m | GeForce GTX 750 Ti,GPU,zotac,zotac zt-70601-10m,2023,470.0,235.0,$/GB VRAM
zotac zt-70601-10m | GeForce GTX 750 Ti,GPU,zotac,zotac zt-70601-10m,2025,395.0,197.5,$/GB VRAM
zotac zt-71113-20l | GeForce GT 730,GPU,zotac,zotac zt-71113-20l,2023,98.51,49.255,$/GB VRAM
zotac zt-71115-20l | GeForce GT 730,GPU,zotac,zotac zt-71115-20l,2023,79.99,19.9975,$/GB VRAM
zotac zt-71115-20l | GeForce GT 730,GPU,zotac,zotac zt-71115-20l,2025,59.99,14.9975,$/GB VRAM
zotac zt-71302-20l | GeForce GT 710,GPU,zotac,zotac zt-71302-20l,2023,69.98,34.99,$/GB VRAM
zotac zt-71302-20l | GeForce GT 710,GPU,zotac,zotac zt-71302-20l,2025,69.98,34.99,$/GB VRAM
zotac zt-71310-10l | GeForce GT 710,GPU,zotac,zotac zt-71310-10l,2023,67.69,33.845,$/GB VRAM
zotac zt-p10300a-10l | GeForce GT 1030,GPU,zotac,zotac zt-p10300a-10l,2023,104.99,52.495,$/GB VRAM
zotac zt-p10300a-10l | GeForce GT 1030,GPU,zotac,zotac zt-p10300a-10l,2025,124.19,62.095,$/GB VRAM
amd 2650,CPU,amd,amd 2650,2023,84.94,42.47,$/core
amd a10-5700,CPU,amd,amd a10-5700,2023,72.51,18.1275,$/core
amd a10-5700,CPU,amd,amd a10-5700,2025,72.51,18.1275,$/core
amd a10-5800k,CPU,amd,amd a10-5800k,2025,78.02,19.505,$/core
amd a10-6700,CPU,amd,amd a10-6700,2023,95.39,23.8475,$/core
amd a10-6700,CPU,amd,amd a10-6700,2025,92.99,23.2475,$/core
amd a10-6800k,CPU,amd,amd a10-6800k,2023,467.04,116.76,$/core
amd a10-7700k,CPU,amd,amd a10-7700k,2023,132.86,33.215,$/core
amd a10-7700k,CPU,amd,amd a10-7700k,2025,128.02,32.005,$/core
amd a10-7850k,CPU,amd,amd a10-7850k,2023,139.84,34.96,$/core
amd a10-7850k,CPU,amd,amd a10-7850k,2025,139.84,34.96,$/core
amd a10-7870k,CPU,amd,amd a10-7870k,2023,121.67,30.4175,$/core
amd a10-9700,CPU,amd,amd a10-9700,2025,127.71,31.9275,$/core
amd a10-9700e,CPU,amd,amd a10-9700e,2025,132.71,33.1775,$/core
amd a12-9800,CPU,amd,amd a12-9800,2023,140.0,35.0,$/core
amd a12-9800e,CPU,amd,amd a12-9800e,2023,138.02,34.505,$/core
amd a12-9800e,CPU,amd,amd a12-9800e,2025,142.82,35.705,$/core
amd a4-3300,CPU,amd,amd a4-3300,2023,89.95,44.975,$/core
amd a4-3300,CPU,amd,amd a4-3300,2025,89.95,44.975,$/core
amd a4-6300,CPU,amd,amd a4-6300,2023,46.79,23.395,$/core
amd a4-6300,CPU,amd,amd a4-6300,2025,46.79,23.395,$/core
amd a4-6300b,CPU,amd,amd a4-6300b,2023,54.44,27.22,$/core
amd a4-6300b,CPU,amd,amd a4-6300b,2025,49.95,24.975,$/core
amd a6-6400k,CPU,amd,amd a6-6400k,2023,75.0,37.5,$/core
amd a6-7400k,CPU,amd,amd a6-7400k,2023,89.98,44.99,$/core
amd a6-7400k,CPU,amd,amd a6-7400k,2025,89.98,44.99,$/core
amd a6-9500,CPU,amd,amd a6-9500,2023,76.97,38.485,$/core
amd a8-5600k,CPU,amd,amd a8-5600k,2023,249.99,62.4975,$/core
amd a8-6600k,CPU,amd,amd a8-6600k,2023,92.86,23.215,$/core
amd a8-6600k,CPU,amd,amd a8-6600k,2025,92.86,23.215,$/core
amd a8-7600,CPU,amd,amd a8-7600,2025,78.89,19.7225,$/core
amd athlon 200ge,CPU,amd,amd athlon 200ge,2023,69.98,34.99,$/core
amd athlon 200ge,CPU,amd,amd athlon 200ge,2025,69.98,34.99,$/core
amd athlon 3000g 14nm,CPU,amd,amd athlon 3000g 14nm,2025,98.79,49.395,$/core
amd athlon ii x2 240,CPU,amd,amd athlon ii x2 240,2023,29.48,14.74,$/core
amd athlon ii x2 240,CPU,amd,amd athlon ii x2 240,2025,29.48,14.74,$/core
amd athlon ii x3 435,CPU,amd,amd athlon ii x3 435,2023,159.94,53.31333333333333,$/core
amd athlon ii x4 620,CPU,amd,amd athlon ii x4 620,2023,59.49,14.8725,$/core
amd athlon ii x4 620,CPU,amd,amd athlon ii x4 620,2025,53.55,13.3875,$/core
amd athlon ii x4 630,CPU,amd,amd athlon ii x4 630,2023,52.6,13.15,$/core
amd athlon ii x4 630,CPU,amd,amd athlon ii x4 630,2025,52.6,13.15,$/core
amd athlon ii x4 635,CPU,amd,amd athlon ii x4 635,2023,58.02,14.505,$/core
amd athlon ii x4 635,CPU,amd,amd athlon ii x4 635,2025,58.02,14.505,$/core
amd athlon ii x4 640,CPU,amd,amd athlon ii x4 640,2023,65.9,16.475,$/core
amd athlon ii x4 640,CPU,amd,amd athlon ii x4 640,2025,63.9,15.975,$/core
amd athlon x4 845,CPU,amd,amd athlon x4 845,2023,50.0,12.5,$/core
amd epyc 4244p,CPU,amd,amd epyc 4244p,2025,189.33,31.555000000000003,$/core
amd epyc 4344p,CPU,amd,amd epyc 4344p,2025,345.99,43.24875,$/core
amd epyc 4364p,CPU,amd,amd epyc 4364p,2025,389.99,48.74875,$/core
amd epyc 4464p,CPU,amd,amd epyc 4464p,2025,429.99,35.8325,$/core
amd epyc 4564p,CPU,amd,amd epyc 4564p,2025,699.99,43.749375,$/core
amd fx-4350,CPU,amd,amd fx-4350,2023,118.24,29.56,$/core
amd fx-4350,CPU,amd,amd fx-4350,2025,69.0,17.25,$/core
amd fx-6100,CPU,amd,amd fx-6100,2023,72.8,12.133333333333333,$/core
amd fx-6100,CPU,amd,amd fx-6100,2025,72.8,12.133333333333333,$/core
amd fx-6120,CPU,amd,amd fx-6120,2023,58.53,9.755,$/core
amd fx-6120,CPU,amd,amd fx-6120,2025,58.53,9.755,$/core
amd fx-6300,CPU,amd,amd fx-6300,2023,78.51,13.085,$/core
amd fx-6300,CPU,amd,amd fx-6300,2025,62.51,10.418333333333333,$/core
amd fx-6350,CPU,amd,amd fx-6350,2023,100.0,16.666666666666668,$/core
amd fx-8300,CPU,amd,amd fx-8300,2023,117.33,14.66625,$/core
amd fx-8300,CPU,amd,amd fx-8300,2025,111.37,13.92125,$/core
amd fx-8320,CPU,amd,amd fx-8320,2023,106.55,13.31875,$/core
amd fx-8320,CPU,amd,amd fx-8320,2025,106.55,13.31875,$/core
amd fx-8350,CPU,amd,amd fx-8350,2023,217.5,27.1875,$/core
amd fx-8350,CPU,amd,amd fx-8350,2025,192.49,24.06125,$/core
amd fx-8370,CPU,amd,amd fx-8370,2023,234.98,29.3725,$/core
amd fx-8370,CPU,amd,amd fx-8370,2025,287.17,35.89625,$/core
amd fx-9370,CPU,amd,amd fx-9370,2023,198.5,24.8125,$/core
amd fx-9370,CPU,amd,amd fx-9370,2025,216.59,27.07375,$/core
amd fx-9590,CPU,amd,amd fx-9590,2023,302.58,37.8225,$/core
amd fx-9590,CPU,amd,amd fx-9590,2025,292.58,36.5725,$/core
amd opteron 6320,CPU,amd,amd opteron 6320,2023,244.68,30.585,$/core
amd opteron 6320,CPU,amd,amd opteron 6320,2025,255.7,31.9625,$/core
amd opteron 6328,CPU,amd,amd opteron 6328,2023,499.99,62.49875,$/core
amd phenom ii x4 820,CPU,amd,amd phenom ii x4 820,2023,56.64,14.16,$/core
amd phenom ii x4 820,CPU,amd,amd phenom ii x4 820,2025,52.64,13.16,$/core
amd phenom ii x4 830,CPU,amd,amd phenom ii x4 830,2023,55.05,13.7625,$/core
amd phenom ii x4 830,CPU,amd,amd phenom ii x4 830,2025,55.05,13.7625,$/core
amd phenom ii x4 975,CPU,amd,amd phenom ii x4 975,2025,168.02,42.005,$/core
amd phenom ii x6 1055t,CPU,amd,amd phenom ii x6 1055t,2025,199.99,33.33166666666667,$/core
amd phenom ii x6 1090t black,CPU,amd,amd phenom ii x6 1090t black,2025,291.98,48.663333333333334,$/core
amd pro a10-7850b,CPU,amd,amd pro a10-7850b,2023,148.02,37.005,$/core
amd pro a10-7850b,CPU,amd,amd pro a10-7850b,2025,148.02,37.005,$/core
amd ryzen 3 1200 12nm,CPU,amd,amd ryzen 3 1200 12nm,2023,105.0,26.25,$/core
amd ryzen 3 1200 12nm,CPU,amd,amd ryzen 3 1200 12nm,2025,70.0,17.5,$/core
amd ryzen 3 1200 14nm,CPU,amd,amd ryzen 3 1200 14nm,2023,105.0,26.25,$/core
amd ryzen 3 1200 14nm,CPU,amd,amd ryzen 3 1200 14nm,2025,70.0,17.5,$/core
amd ryzen 3 2200g,CPU,amd,amd ryzen 3 2200g,2023,130.0,32.5,$/core
amd ryzen 3 3100,CPU,amd,amd ryzen 3 3100,2023,170.0,42.5,$/core
amd ryzen 3 3100,CPU,amd,amd ryzen 3 3100,2025,96.43,24.1075,$/core
amd ryzen 3 3200g,CPU,amd,amd ryzen 3 3200g,2025,73.45,18.3625,$/core
amd ryzen 3 3300x,CPU,amd,amd ryzen 3 3300x,2023,150.0,37.5,$/core
amd ryzen 3 3300x,CPU,amd,amd ryzen 3 3300x,2025,110.99,27.7475,$/core
amd ryzen 3 4100,CPU,amd,amd ryzen 3 4100,2025,75.29,18.8225,$/core
amd ryzen 5 1400,CPU,amd,amd ryzen 5 1400,2023,110.0,27.5,$/core
amd ryzen 5 1400,CPU,amd,amd ryzen 5 1400,2025,79.98,19.995,$/core
amd ryzen 5 1500x,CPU,amd,amd ryzen 5 1500x,2023,195.0,48.75,$/core
amd ryzen 5 1500x,CPU,amd,amd ryzen 5 1500x,2025,149.99,37.4975,$/core
amd ryzen 5 1600 12nm,CPU,amd,amd ryzen 5 1600 12nm,2025,99.0,16.5,$/core
amd ryzen 5 1600 14nm,CPU,amd,amd ryzen 5 1600 14nm,2025,115.0,19.166666666666668,$/core
amd ryzen 5 1600x,CPU,amd,amd ryzen 5 1600x,2023,119.99,19.99833333333333,$/core
amd ryzen 5 1600x,CPU,amd,amd ryzen 5 1600x,2025,99.0,16.5,$/core
amd ryzen 5 2400g,CPU,amd,amd ryzen 5 2400g,2023,135.0,33.75,$/core
amd ryzen 5 2400g,CPU,amd,amd ryzen 5 2400g,2025,115.0,28.75,$/core
amd ryzen 5 2600,CPU,amd,amd ryzen 5 2600,2023,150.0,25.0,$/core
amd ryzen 5 2600,CPU,amd,amd ryzen 5 2600,2025,149.99,24.998333333333335,$/core
amd ryzen 5 2600x,CPU,amd,amd ryzen 5 2600x,2025,115.0,19.166666666666668,$/core
amd ryzen 5 3400g,CPU,amd,amd ryzen 5 3400g,2023,110.99,27.7475,$/core
amd ryzen 5 3400g,CPU,amd,amd ryzen 5 3400g,2025,85.08,21.27,$/core
amd ryzen 5 3600,CPU,amd,amd ryzen 5 3600,2023,84.0,14.0,$/core
amd ryzen 5 3600,CPU,amd,amd ryzen 5 3600,2025,79.75,13.291666666666666,$/core
amd ryzen 5 3600x,CPU,amd,amd ryzen 5 3600x,2023,210.0,35.0,$/core
amd ryzen 5 3600x,CPU,amd,amd ryzen 5 3600x,2025,171.97,28.661666666666665,$/core
amd ryzen 5 3600xt,CPU,amd,amd ryzen 5 3600xt,2025,609.9,101.64999999999999,$/core
amd ryzen 5 4500,CPU,amd,amd ryzen 5 4500,2023,77.77,12.961666666666666,$/core
amd ryzen 5 4500,CPU,amd,amd ryzen 5 4500,2025,78.38,13.063333333333333,$/core
amd ryzen 5 4600g,CPU,amd,amd ryzen 5 4600g,2023,90.0,15.0,$/core
amd ryzen 5 5500,CPU,amd,amd ryzen 5 5500,2023,92.99,15.498333333333333,$/core
amd ryzen 5 5500,CPU,amd,amd ryzen 5 5500,2025,74.22,12.37,$/core
amd ryzen 5 5500gt,CPU,amd,amd ryzen 5 5500gt,2023,115.0,19.166666666666668,$/core
amd ryzen 5 5500gt,CPU,amd,amd ryzen 5 5500gt,2025,141.92,23.653333333333332,$/core
amd ryzen 5 5600,CPU,amd,amd ryzen 5 5600,2023,139.0,23.166666666666668,$/core
amd ryzen 5 5600,CPU,amd,amd ryzen 5 5600,2025,125.61,20.935,$/core
amd ryzen 5 5600g,CPU,amd,amd ryzen 5 5600g,2023,132.99,22.165000000000003,$/core
amd ryzen 5 5600g,CPU,amd,amd ryzen 5 5600g,2025,134.99,22.498333333333335,$/core
amd ryzen 5 5600gt,CPU,amd,amd ryzen 5 5600gt,2023,130.0,21.666666666666668,$/core
amd ryzen 5 5600gt,CPU,amd,amd ryzen 5 5600gt,2025,135.0,22.5,$/core
amd ryzen 5 5600t,CPU,amd,amd ryzen 5 5600t,2025,160.19,26.698333333333334,$/core
amd ryzen 5 5600x,CPU,amd,amd ryzen 5 5600x,2023,129.99,21.665000000000003,$/core
amd ryzen 5 5600x,CPU,amd,amd ryzen 5 5600x,2025,158.99,26.498333333333335,$/core
amd ryzen 5 5600xt,CPU,amd,amd ryzen 5 5600xt,2025,144.99,24.165000000000003,$/core
amd ryzen 5 7600,CPU,amd,amd ryzen 5 7600,2023,189.0,31.5,$/core
amd ryzen 5 7600,CPU,amd,amd ryzen 5 7600,2025,196.97,32.82833333333333,$/core
amd ryzen 5 7600x,CPU,amd,amd ryzen 5 7600x,2023,159.0,26.5,$/core
amd ryzen 5 7600x,CPU,amd,amd ryzen 5 7600x,2025,170.49,28.415000000000003,$/core
amd ryzen 5 7600x3d,CPU,amd,amd ryzen 5 7600x3d,2025,433.5,72.25,$/core
amd ryzen 5 8400f,CPU,amd,amd ryzen 5 8400f,2025,137.57,22.92833333333333,$/core
amd ryzen 5 8500g,CPU,amd,amd ryzen 5 8500g,2025,152.5,25.416666666666668,$/core
amd ryzen 5 8600g,CPU,amd,amd ryzen 5 8600g,2023,228.99,38.165,$/core
amd ryzen 5 8600g,CPU,amd,amd ryzen 5 8600g,2025,224.83,37.47166666666667,$/core
amd ryzen 5 9600,CPU,amd,amd ryzen 5 9600,2025,467.55,77.925,$/core
amd ryzen 5 9600x,CPU,amd,amd ryzen 5 9600x,2025,204.99,34.165,$/core
amd ryzen 7 1700,CPU,amd,amd ryzen 7 1700,2025,165.0,20.625,$/core
amd ryzen 7 1700x,CPU,amd,amd ryzen 7 1700x,2023,225.0,28.125,$/core
amd ryzen 7 1700x,CPU,amd,amd ryzen 7 1700x,2025,428.88,53.61,$/core
amd ryzen 7 1800x,CPU,amd,amd ryzen 7 1800x,2023,235.0,29.375,$/core
amd ryzen 7 1800x,CPU,amd,amd ryzen 7 1800x,2025,135.0,16.875,$/core
amd ryzen 7 2700,CPU,amd,amd ryzen 7 2700,2023,185.0,23.125,$/core
amd ryzen 7 2700,CPU,amd,amd ryzen 7 2700,2025,161.69,20.21125,$/core
amd ryzen 7 2700x,CPU,amd,amd ryzen 7 2700x,2023,210.0,26.25,$/core
amd ryzen 7 2700x,CPU,amd,amd ryzen 7 2700x,2025,170.99,21.37375,$/core
amd ryzen 7 3700x,CPU,amd,amd ryzen 7 3700x,2023,178.89,22.36125,$/core
amd ryzen 7 3700x,CPU,amd,amd ryzen 7 3700x,2025,142.94,17.8675,$/core
amd ryzen 7 3800x,CPU,amd,amd ryzen 7 3800x,2023,285.0,35.625,$/core
amd ryzen 7 3800x,CPU,amd,amd ryzen 7 3800x,2025,269.8,33.725,$/core
amd ryzen 7 3800xt,CPU,amd,amd ryzen 7 3800xt,2023,349.99,43.74875,$/core
amd ryzen 7 5700,CPU,amd,amd ryzen 7 5700,2025,134.96,16.87,$/core
amd ryzen 7 5700g,CPU,amd,amd ryzen 7 5700g,2023,174.0,21.75,$/core
amd ryzen 7 5700g,CPU,amd,amd ryzen 7 5700g,2025,174.97,21.87125,$/core
amd ryzen 7 5700x,CPU,amd,amd ryzen 7 5700x,2023,149.0,18.625,$/core
amd ryzen 7 5700x,CPU,amd,amd ryzen 7 5700x,2025,154.99,19.37375,$/core
amd ryzen 7 5700x3d,CPU,amd,amd ryzen 7 5700x3d,2023,229.0,28.625,$/core
amd ryzen 7 5700x3d,CPU,amd,amd ryzen 7 5700x3d,2025,313.3,39.1625,$/core
amd ryzen 7 5800x,CPU,amd,amd ryzen 7 5800x,2023,159.0,19.875,$/core
amd ryzen 7 5800x,CPU,amd,amd ryzen 7 5800x,2025,179.95,22.49375,$/core
amd ryzen 7 5800x3d,CPU,amd,amd ryzen 7 5800x3d,2023,317.91,39.73875,$/core
amd ryzen 7 5800x3d,CPU,amd,amd ryzen 7 5800x3d,2025,704.86,88.1075,$/core
amd ryzen 7 5800xt,CPU,amd,amd ryzen 7 5800xt,2025,140.0,17.5,$/core
amd ryzen 7 7700,CPU,amd,amd ryzen 7 7700,2023,281.63,35.20375,$/core
amd ryzen 7 7700,CPU,amd,amd ryzen 7 7700,2025,343.52,42.94,$/core
amd ryzen 7 7700x,CPU,amd,amd ryzen 7 7700x,2023,287.0,35.875,$/core
amd ryzen 7 7700x,CPU,amd,amd ryzen 7 7700x,2025,242.98,30.3725,$/core
amd ryzen 7 7800x3d,CPU,amd,amd ryzen 7 7800x3d,2023,269.0,33.625,$/core
amd ryzen 7 7800x3d,CPU,amd,amd ryzen 7 7800x3d,2025,385.86,48.2325,$/core
amd ryzen 7 8700f,CPU,amd,amd ryzen 7 8700f,2025,239.99,29.99875,$/core
amd ryzen 7 8700g,CPU,amd,amd ryzen 7 8700g,2025,279.0,34.875,$/core
amd ryzen 7 9700x,CPU,amd,amd ryzen 7 9700x,2025,305.89,38.23625,$/core
amd ryzen 7 9800x3d,CPU,amd,amd ryzen 7 9800x3d,2025,451.5,56.4375,$/core
amd ryzen 9 3900x,CPU,amd,amd ryzen 9 3900x,2023,395.0,32.916666666666664,$/core
amd ryzen 9 3900xt,CPU,amd,amd ryzen 9 3900xt,2023,379.0,31.583333333333332,$/core
amd ryzen 9 3950x,CPU,amd,amd ryzen 9 3950x,2025,455.95,28.496875,$/core
amd ryzen 9 5900x,CPU,amd,amd ryzen 9 5900x,2023,261.99,21.8325,$/core
amd ryzen 9 5900x,CPU,amd,amd ryzen 9 5900x,2025,254.99,21.249166666666667,$/core
amd ryzen 9 5900xt,CPU,amd,amd ryzen 9 5900xt,2025,249.99,15.624375,$/core
amd ryzen 9 5950x,CPU,amd,amd ryzen 9 5950x,2023,363.44,22.715,$/core
amd ryzen 9 5950x,CPU,amd,amd ryzen 9 5950x,2025,274.99,17.186875,$/core
amd ryzen 9 7900,CPU,amd,amd ryzen 9 7900,2025,342.94,28.578333333333333,$/core
amd ryzen 9 7900x,CPU,amd,amd ryzen 9 7900x,2023,396.58,33.04833333333333,$/core
amd ryzen 9 7900x,CPU,amd,amd ryzen 9 7900x,2025,314.11,26.175833333333333,$/core
amd ryzen 9 7900x3d,CPU,amd,amd ryzen 9 7900x3d,2023,360.56,30.046666666666667,$/core
amd ryzen 9 7950x,CPU,amd,amd ryzen 9 7950x,2023,510.38,31.89875,$/core
amd ryzen 9 7950x,CPU,amd,amd ryzen 9 7950x,2025,449.96,28.1225,$/core
amd ryzen 9 7950x3d,CPU,amd,amd ryzen 9 7950x3d,2023,567.0,35.4375,$/core
amd ryzen 9 7950x3d,CPU,amd,amd ryzen 9 7950x3d,2025,769.27,48.079375,$/core
amd ryzen 9 9900x,CPU,amd,amd ryzen 9 9900x,2025,359.0,29.916666666666668,$/core
amd ryzen 9 9900x3d,CPU,amd,amd ryzen 9 9900x3d,2025,539.98,44.998333333333335,$/core
amd ryzen 9 9950x,CPU,amd,amd ryzen 9 9950x,2025,533.83,33.364375,$/core
amd ryzen 9 9950x3d,CPU,amd,amd ryzen 9 9950x3d,2025,649.99,40.624375,$/core
amd threadripper 1900x,CPU,amd,amd threadripper 1900x,2023,109.99,13.74875,$/core
amd threadripper 1900x,CPU,amd,amd threadripper 1900x,2025,240.0,30.0,$/core
amd threadripper 1920x,CPU,amd,amd threadripper 1920x,2023,270.0,22.5,$/core
amd threadripper 1920x,CPU,amd,amd threadripper 1920x,2025,195.0,16.25,$/core
amd threadripper 1950x,CPU,amd,amd threadripper 1950x,2023,917.87,57.366875,$/core
amd threadripper 1950x,CPU,amd,amd threadripper 1950x,2025,850.0,53.125,$/core
amd threadripper 2920x,CPU,amd,amd threadripper 2920x,2023,707.8,58.98333333333333,$/core
amd threadripper 2920x,CPU,amd,amd threadripper 2920x,2025,199.1,16.591666666666665,$/core
amd threadripper 2950x,CPU,amd,amd threadripper 2950x,2023,1075.0,67.1875,$/core
amd threadripper 2970wx,CPU,amd,amd threadripper 2970wx,2025,898.88,37.45333333333333,$/core
amd threadripper 3960x,CPU,amd,amd threadripper 3960x,2025,1267.0,52.791666666666664,$/core
intel 300,CPU,intel,intel 300,2023,88.1,44.05,$/core
intel 300,CPU,intel,intel 300,2025,105.36,52.68,$/core
intel celeron 420,CPU,intel,intel celeron 420,2023,75.44,75.44,$/core
intel celeron 420,CPU,intel,intel celeron 420,2025,69.95,69.95,$/core
intel celeron 430,CPU,intel,intel celeron 430,2023,59.95,59.95,$/core
intel celeron 430,CPU,intel,intel celeron 430,2025,59.95,59.95,$/core
intel celeron 440,CPU,intel,intel celeron 440,2023,39.98,39.98,$/core
intel celeron 440,CPU,intel,intel celeron 440,2025,49.99,49.99,$/core
intel celeron e3300,CPU,intel,intel celeron e3300,2023,64.79,32.395,$/core
intel celeron e3300,CPU,intel,intel celeron e3300,2025,61.79,30.895,$/core
intel celeron e3400,CPU,intel,intel celeron e3400,2023,18.98,9.49,$/core
intel celeron e3400,CPU,intel,intel celeron e3400,2025,18.98,9.49,$/core
intel celeron g1610,CPU,intel,intel celeron g1610,2023,37.0,18.5,$/core
intel celeron g1610,CPU,intel,intel celeron g1610,2025,49.0,24.5,$/core
intel celeron g3900,CPU,intel,intel celeron g3900,2023,46.7,23.35,$/core
intel celeron g3900,CPU,intel,intel celeron g3900,2025,43.78,21.89,$/core
intel celeron g3920,CPU,intel,intel celeron g3920,2023,495.09,247.545,$/core
intel celeron g3920,CPU,intel,intel celeron g3920,2025,489.95,244.975,$/core
intel celeron g3930,CPU,intel,intel celeron g3930,2023,56.99,28.495,$/core
intel celeron g3930,CPU,intel,intel celeron g3930,2025,28.75,14.375,$/core
intel celeron g3930t,CPU,intel,intel celeron g3930t,2023,46.07,23.035,$/core
intel celeron g3930t,CPU,intel,intel celeron g3930t,2025,46.07,23.035,$/core
intel celeron g3950,CPU,intel,intel celeron g3950,2025,64.97,32.485,$/core
intel celeron g4900,CPU,intel,intel celeron g4900,2023,60.57,30.285,$/core
intel celeron g4900,CPU,intel,intel celeron g4900,2025,60.8,30.4,$/core
intel celeron g4900t,CPU,intel,intel celeron g4900t,2023,59.95,29.975,$/core
intel celeron g4920,CPU,intel,intel celeron g4920,2023,50.27,25.135,$/core
intel celeron g4920,CPU,intel,intel celeron g4920,2025,73.0,36.5,$/core
intel celeron g4930,CPU,intel,intel celeron g4930,2023,48.75,24.375,$/core
intel celeron g4930,CPU,intel,intel celeron g4930,2025,129.69,64.845,$/core
intel celeron g530,CPU,intel,intel celeron g530,2023,41.86,20.93,$/core
intel celeron g530,CPU,intel,intel celeron g530,2025,35.88,17.94,$/core
intel celeron g540,CPU,intel,intel celeron g540,2025,69.98,34.99,$/core
intel celeron g5900,CPU,intel,intel celeron g5900,2025,45.2,22.6,$/core
intel celeron g5905,CPU,intel,intel celeron g5905,2025,51.79,25.895,$/core
intel celeron g5920,CPU,intel,intel celeron g5920,2023,52.99,26.495,$/core
intel celeron g5925,CPU,intel,intel celeron g5925,2023,53.99,26.995,$/core
intel celeron g5925,CPU,intel,intel celeron g5925,2025,59.99,29.995,$/core
intel celeron g6900,CPU,intel,intel celeron g6900,2023,74.79,37.395,$/core
intel celeron g6900,CPU,intel,intel celeron g6900,2025,93.71,46.855,$/core
intel core 2 duo e4300,CPU,intel,intel core 2 duo e4300,2023,70.0,35.0,$/core
intel core 2 duo e4300,CPU,intel,intel core 2 duo e4300,2025,75.0,37.5,$/core
intel core 2 duo e4400,CPU,intel,intel core 2 duo e4400,2023,108.0,54.0,$/core
intel core 2 duo e4600,CPU,intel,intel core 2 duo e4600,2023,98.95,49.475,$/core
intel core 2 duo e4600,CPU,intel,intel core 2 duo e4600,2025,98.95,49.475,$/core
intel core 2 duo e6320,CPU,intel,intel core 2 duo e6320,2023,89.95,44.975,$/core
intel core 2 duo e6320,CPU,intel,intel core 2 duo e6320,2025,89.95,44.975,$/core
intel core 2 duo e6400,CPU,intel,intel core 2 duo e6400,2023,62.48,31.24,$/core
intel core 2 duo e6400,CPU,intel,intel core 2 duo e6400,2025,82.43,41.215,$/core
intel core 2 duo e6420,CPU,intel,intel core 2 duo e6420,2023,69.95,34.975,$/core
intel core 2 duo e6420,CPU,intel,intel core 2 duo e6420,2025,69.95,34.975,$/core
intel core 2 duo e6550,CPU,intel,intel core 2 duo e6550,2023,89.95,44.975,$/core
intel core 2 duo e6550,CPU,intel,intel core 2 duo e6550,2025,95.91,47.955,$/core
intel core 2 duo e6700,CPU,intel,intel core 2 duo e6700,2025,103.95,51.975,$/core
intel core 2 duo e6750,CPU,intel,intel core 2 duo e6750,2023,89.95,44.975,$/core
intel core 2 duo e6750,CPU,intel,intel core 2 duo e6750,2025,89.95,44.975,$/core
intel core 2 duo e6850,CPU,intel,intel core 2 duo e6850,2023,89.95,44.975,$/core
intel core 2 duo e6850,CPU,intel,intel core 2 duo e6850,2025,89.95,44.975,$/core
intel core 2 duo e7200,CPU,intel,intel core 2 duo e7200,2025,169.95,84.975,$/core
intel core 2 duo e7500,CPU,intel,intel core 2 duo e7500,2023,99.63,49.815,$/core
intel core 2 duo e7500,CPU,intel,intel core 2 duo e7500,2025,149.0,74.5,$/core
intel core 2 duo e7600,CPU,intel,intel core 2 duo e7600,2025,98.95,49.475,$/core
intel core 2 duo e8300,CPU,intel,intel core 2 duo e8300,2023,99.95,49.975,$/core
intel core 2 duo e8300,CPU,intel,intel core 2 duo e8300,2025,99.95,49.975,$/core
intel core 2 duo e8400,CPU,intel,intel core 2 duo e8400,2023,27.55,13.775,$/core
intel core 2 duo e8400,CPU,intel,intel core 2 duo e8400,2025,98.95,49.475,$/core
intel core 2 extreme qx9650,CPU,intel,intel core 2 extreme qx9650,2023,152.52,38.13,$/core
intel core 2 extreme qx9775,CPU,intel,intel core 2 extreme qx9775,2023,1298.0,324.5,$/core
intel core 2 extreme qx9775,CPU,intel,intel core 2 extreme qx9775,2025,1298.0,324.5,$/core
intel core 2 quad q6600,CPU,intel,intel core 2 quad q6600,2023,94.97,23.7425,$/core
intel core 2 quad q6600,CPU,intel,intel core 2 quad q6600,2025,94.97,23.7425,$/core
intel core 2 quad q8400,CPU,intel,intel core 2 quad q8400,2023,155.97,38.9925,$/core
intel core 2 quad q8400,CPU,intel,intel core 2 quad q8400,2025,84.95,21.2375,$/core
intel core 2 quad q9300,CPU,intel,intel core 2 quad q9300,2023,107.3,26.825,$/core
intel core 2 quad q9300,CPU,intel,intel core 2 quad q9300,2025,42.6,10.65,$/core
intel core 2 quad q9550,CPU,intel,intel core 2 quad q9550,2023,109.03,27.2575,$/core
intel core 2 quad q9550,CPU,intel,intel core 2 quad q9550,2025,109.03,27.2575,$/core
intel core 2 quad q9550s,CPU,intel,intel core 2 quad q9550s,2025,259.64,64.91,$/core
intel core i3-10100,CPU,intel,intel core i3-10100,2023,93.74,23.435,$/core
intel core i3-10100,CPU,intel,intel core i3-10100,2025,99.99,24.9975,$/core
intel core i3-10100f,CPU,intel,intel core i3-10100f,2023,70.56,17.64,$/core
intel core i3-10100f,CPU,intel,intel core i3-10100f,2025,100.0,25.0,$/core
intel core i3-10105,CPU,intel,intel core i3-10105,2023,89.95,22.4875,$/core
intel core i3-10105,CPU,intel,intel core i3-10105,2025,99.0,24.75,$/core
intel core i3-10105f,CPU,intel,intel core i3-10105f,2023,79.78,19.945,$/core
intel core i3-10105f,CPU,intel,intel core i3-10105f,2025,143.53,35.8825,$/core
intel core i3-10305,CPU,intel,intel core i3-10305,2023,169.99,42.4975,$/core
intel core i3-10320,CPU,intel,intel core i3-10320,2023,120.0,30.0,$/core
intel core i3-10320,CPU,intel,intel core i3-10320,2025,120.0,30.0,$/core
intel core i3-12100,CPU,intel,intel core i3-12100,2025,113.58,28.395,$/core
intel core i3-12100f,CPU,intel,intel core i3-12100f,2023,94.98,23.745,$/core
intel core i3-12100f,CPU,intel,intel core i3-12100f,2025,79.45,19.8625,$/core
intel core i3-13100,CPU,intel,intel core i3-13100,2023,147.99,36.9975,$/core
intel core i3-13100,CPU,intel,intel core i3-13100,2025,125.25,31.3125,$/core
intel core i3-13100f,CPU,intel,intel core i3-13100f,2023,109.99,27.4975,$/core
intel core i3-13100f,CPU,intel,intel core i3-13100f,2025,85.34,21.335,$/core
intel core i3-14100,CPU,intel,intel core i3-14100,2023,149.0,37.25,$/core
intel core i3-14100,CPU,intel,intel core i3-14100,2025,119.95,29.9875,$/core
intel core i3-14100f,CPU,intel,intel core i3-14100f,2023,119.98,29.995,$/core
intel core i3-14100f,CPU,intel,intel core i3-14100f,2025,90.05,22.5125,$/core
intel core i3-2100,CPU,intel,intel core i3-2100,2023,49.0,24.5,$/core
intel core i3-2100,CPU,intel,intel core i3-2100,2025,49.0,24.5,$/core
intel core i3-2100t,CPU,intel,intel core i3-2100t,2025,64.63,32.315,$/core
intel core i3-2105,CPU,intel,intel core i3-2105,2023,60.0,30.0,$/core
intel core i3-2120,CPU,intel,intel core i3-2120,2025,170.0,85.0,$/core
intel core i3-2120t,CPU,intel,intel core i3-2120t,2023,60.0,30.0,$/core
intel core i3-2120t,CPU,intel,intel core i3-2120t,2025,40.0,20.0,$/core
intel core i3-2125,CPU,intel,intel core i3-2125,2023,152.0,76.0,$/core
intel core i3-2125,CPU,intel,intel core i3-2125,2025,152.0,76.0,$/core
intel core i3-2130,CPU,intel,intel core i3-2130,2025,92.0,46.0,$/core
intel core i3-3210,CPU,intel,intel core i3-3210,2025,159.0,79.5,$/core
intel core i3-3220t,CPU,intel,intel core i3-3220t,2023,80.0,40.0,$/core
intel core i3-3240,CPU,intel,intel core i3-3240,2023,106.51,53.255,$/core
intel core i3-3240,CPU,intel,intel core i3-3240,2025,199.0,99.5,$/core
intel core i3-3245,CPU,intel,intel core i3-3245,2023,60.0,30.0,$/core
intel core i3-3245,CPU,intel,intel core i3-3245,2025,109.0,54.5,$/core
intel core i3-3250,CPU,intel,intel core i3-3250,2025,90.0,45.0,$/core
intel core i3-4130,CPU,intel,intel core i3-4130,2023,41.13,20.565,$/core
intel core i3-4130,CPU,intel,intel core i3-4130,2025,41.0,20.5,$/core
intel core i3-4130t,CPU,intel,intel core i3-4130t,2023,60.0,30.0,$/core
intel core i3-4150,CPU,intel,intel core i3-4150,2023,41.13,20.565,$/core
intel core i3-4150,CPU,intel,intel core i3-4150,2025,35.0,17.5,$/core
intel core i3-4340,CPU,intel,intel core i3-4340,2023,60.0,30.0,$/core
intel core i3-4340,CPU,intel,intel core i3-4340,2025,92.35,46.175,$/core
intel core i3-530,CPU,intel,intel core i3-530,2025,45.0,22.5,$/core
intel core i3-540,CPU,intel,intel core i3-540,2023,60.0,30.0,$/core
intel core i3-540,CPU,intel,intel core i3-540,2025,98.95,49.475,$/core
intel core i3-550,CPU,intel,intel core i3-550,2025,129.94,64.97,$/core
intel core i3-560,CPU,intel,intel core i3-560,2023,60.0,30.0,$/core
intel core i3-560,CPU,intel,intel core i3-560,2025,89.95,44.975,$/core
intel core i3-6098p,CPU,intel,intel core i3-6098p,2023,59.0,29.5,$/core
intel core i3-6098p,CPU,intel,intel core i3-6098p,2025,59.0,29.5,$/core
intel core i3-6100,CPU,intel,intel core i3-6100,2023,99.48,49.74,$/core
intel core i3-6100,CPU,intel,intel core i3-6100,2025,64.47,32.235,$/core
intel core i3-6100t,CPU,intel,intel core i3-6100t,2023,149.94,74.97,$/core
intel core i3-6100t,CPU,intel,intel core i3-6100t,2025,149.94,74.97,$/core
intel core i3-6300,CPU,intel,intel core i3-6300,2023,92.54,46.27,$/core
intel core i3-6300,CPU,intel,intel core i3-6300,2025,99.99,49.995,$/core
intel core i3-6300t,CPU,intel,intel core i3-6300t,2025,119.99,59.995,$/core
intel core i3-7100,CPU,intel,intel core i3-7100,2023,72.45,36.225,$/core
intel core i3-7100,CPU,intel,intel core i3-7100,2025,56.88,28.44,$/core
intel core i3-7100t,CPU,intel,intel core i3-7100t,2023,44.62,22.31,$/core
intel core i3-7100t,CPU,intel,intel core i3-7100t,2025,29.0,14.5,$/core
intel core i3-7300t,CPU,intel,intel core i3-7300t,2023,128.46,64.23,$/core
intel core i3-7320,CPU,intel,intel core i3-7320,2023,51.1,25.55,$/core
intel core i3-7320,CPU,intel,intel core i3-7320,2025,59.0,29.5,$/core
intel core i3-7350k,CPU,intel,intel core i3-7350k,2023,40.0,20.0,$/core
intel core i3-7350k,CPU,intel,intel core i3-7350k,2025,115.0,57.5,$/core
intel core i3-8100,CPU,intel,intel core i3-8100,2023,117.45,29.3625,$/core
intel core i3-8100,CPU,intel,intel core i3-8100,2025,90.55,22.6375,$/core
intel core i3-8350k,CPU,intel,intel core i3-8350k,2025,135.0,33.75,$/core
intel core i3-9100,CPU,intel,intel core i3-9100,2023,145.0,36.25,$/core
intel core i3-9100,CPU,intel,intel core i3-9100,2025,108.89,27.2225,$/core
intel core i3-9100f,CPU,intel,intel core i3-9100f,2023,135.19,33.7975,$/core
intel core i3-9100f,CPU,intel,intel core i3-9100f,2025,75.0,18.75,$/core
intel core i3-9300,CPU,intel,intel core i3-9300,2023,264.13,66.0325,$/core
intel core i3-9300,CPU,intel,intel core i3-9300,2025,240.13,60.0325,$/core
intel core i3-9350kf,CPU,intel,intel core i3-9350kf,2023,206.0,51.5,$/core
intel core i3-9350kf,CPU,intel,intel core i3-9350kf,2025,136.06,34.015,$/core
intel core i5-10400,CPU,intel,intel core i5-10400,2023,130.0,21.666666666666668,$/core
intel core i5-10400,CPU,intel,intel core i5-10400,2025,139.99,23.331666666666667,$/core
intel core i5-10400f,CPU,intel,intel core i5-10400f,2023,97.25,16.208333333333332,$/core
intel core i5-10400f,CPU,intel,intel core i5-10400f,2025,137.44,22.906666666666666,$/core
intel core i5-10500,CPU,intel,intel core i5-10500,2023,238.99,39.83166666666667,$/core
intel core i5-10500,CPU,intel,intel core i5-10500,2025,229.95,38.324999999999996,$/core
intel core i5-10600,CPU,intel,intel core i5-10600,2023,349.95,58.324999999999996,$/core
intel core i5-10600,CPU,intel,intel core i5-10600,2025,529.95,88.325,$/core
intel core i5-10600k,CPU,intel,intel core i5-10600k,2023,169.65,28.275000000000002,$/core
intel core i5-10600k,CPU,intel,intel core i5-10600k,2025,174.99,29.165000000000003,$/core
intel core i5-10600kf,CPU,intel,intel core i5-10600kf,2023,123.0,20.5,$/core
intel core i5-10600kf,CPU,intel,intel core i5-10600kf,2025,236.92,39.486666666666665,$/core
intel core i5-11400,CPU,intel,intel core i5-11400,2025,159.99,26.665000000000003,$/core
intel core i5-11400f,CPU,intel,intel core i5-11400f,2023,115.98,19.330000000000002,$/core
intel core i5-11400f,CPU,intel,intel core i5-11400f,2025,192.0,32.0,$/core
intel core i5-11500,CPU,intel,intel core i5-11500,2023,146.16,24.36,$/core
intel core i5-11500,CPU,intel,intel core i5-11500,2025,160.0,26.666666666666668,$/core
intel core i5-11600,CPU,intel,intel core i5-11600,2025,140.0,23.333333333333332,$/core
intel core i5-11600k,CPU,intel,intel core i5-11600k,2023,179.99,29.998333333333335,$/core
intel core i5-11600kf,CPU,intel,intel core i5-11600kf,2025,169.89,28.314999999999998,$/core
intel core i5-12400,CPU,intel,intel core i5-12400,2023,158.03,26.338333333333335,$/core
intel core i5-12400,CPU,intel,intel core i5-12400,2025,143.55,23.925,$/core
intel core i5-12400f,CPU,intel,intel core i5-12400f,2023,128.33,21.388333333333335,$/core
intel core i5-12400f,CPU,intel,intel core i5-12400f,2025,108.99,18.165,$/core
intel core i5-12500,CPU,intel,intel core i5-12500,2023,195.98,32.663333333333334,$/core
intel core i5-12500,CPU,intel,intel core i5-12500,2025,179.92,29.986666666666665,$/core
intel core i5-12600,CPU,intel,intel core i5-12600,2023,334.17,55.695,$/core
intel core i5-12600,CPU,intel,intel core i5-12600,2025,249.99,41.665,$/core
intel core i5-12600k,CPU,intel,intel core i5-12600k,2023,175.34,17.534,$/core
intel core i5-12600k,CPU,intel,intel core i5-12600k,2025,148.19,14.818999999999999,$/core
intel core i5-12600kf,CPU,intel,intel core i5-12600kf,2023,150.0,15.0,$/core
intel core i5-12600kf,CPU,intel,intel core i5-12600kf,2025,129.99,12.999,$/core
intel core i5-13400,CPU,intel,intel core i5-13400,2025,164.05,16.405,$/core
intel core i5-13400f,CPU,intel,intel core i5-13400f,2025,151.47,15.147,$/core
intel core i5-13500,CPU,intel,intel core i5-13500,2023,244.85,17.489285714285714,$/core
intel core i5-13500,CPU,intel,intel core i5-13500,2025,234.99,16.785,$/core
intel core i5-13600k,CPU,intel,intel core i5-13600k,2023,268.98,19.212857142857143,$/core
intel core i5-13600k,CPU,intel,intel core i5-13600k,2025,299.99,21.427857142857142,$/core
intel core i5-13600kf,CPU,intel,intel core i5-13600kf,2025,195.9,13.992857142857144,$/core
intel core i5-14400,CPU,intel,intel core i5-14400,2023,229.98,22.997999999999998,$/core
intel core i5-14400,CPU,intel,intel core i5-14400,2025,175.98,17.598,$/core
intel core i5-14400f,CPU,intel,intel core i5-14400f,2025,125.99,12.599,$/core
intel core i5-14500,CPU,intel,intel core i5-14500,2025,238.09,17.00642857142857,$/core
intel core i5-14600k,CPU,intel,intel core i5-14600k,2023,305.99,21.856428571428573,$/core
intel core i5-14600k,CPU,intel,intel core i5-14600k,2025,189.99,13.570714285714287,$/core
intel core i5-14600kf,CPU,intel,intel core i5-14600kf,2023,294.0,21.0,$/core
intel core i5-14600kf,CPU,intel,intel core i5-14600kf,2025,197.98,14.141428571428571,$/core
intel core i5-2380p,CPU,intel,intel core i5-2380p,2023,70.0,17.5,$/core
intel core i5-2400,CPU,intel,intel core i5-2400,2023,253.03,63.2575,$/core
intel core i5-2400,CPU,intel,intel core i5-2400,2025,49.99,12.4975,$/core
intel core i5-2400s,CPU,intel,intel core i5-2400s,2025,214.76,53.69,$/core
intel core i5-2500k,CPU,intel,intel core i5-2500k,2025,100.0,25.0,$/core
intel core i5-3330s,CPU,intel,intel core i5-3330s,2023,149.94,37.485,$/core
intel core i5-3330s,CPU,intel,intel core i5-3330s,2025,149.94,37.485,$/core
intel core i5-3340,CPU,intel,intel core i5-3340,2023,278.02,69.505,$/core
intel core i5-3340,CPU,intel,intel core i5-3340,2025,278.02,69.505,$/core
intel core i5-3450,CPU,intel,intel core i5-3450,2025,95.0,23.75,$/core
intel core i5-3450s,CPU,intel,intel core i5-3450s,2023,95.0,23.75,$/core
intel core i5-3450s,CPU,intel,intel core i5-3450s,2025,85.0,21.25,$/core
intel core i5-3470,CPU,intel,intel core i5-3470,2023,59.0,14.75,$/core
intel core i5-3470,CPU,intel,intel core i5-3470,2025,95.46,23.865,$/core
intel core i5-3470s,CPU,intel,intel core i5-3470s,2023,50.0,12.5,$/core
intel core i5-3550,CPU,intel,intel core i5-3550,2023,335.0,83.75,$/core
intel core i5-3550,CPU,intel,intel core i5-3550,2025,299.0,74.75,$/core
intel core i5-3570k,CPU,intel,intel core i5-3570k,2023,116.49,29.1225,$/core
intel core i5-3570k,CPU,intel,intel core i5-3570k,2025,128.99,32.2475,$/core
intel core i5-4430,CPU,intel,intel core i5-4430,2025,83.0,20.75,$/core
intel core i5-4440,CPU,intel,intel core i5-4440,2023,100.0,25.0,$/core
intel core i5-4440,CPU,intel,intel core i5-4440,2025,100.0,25.0,$/core
intel core i5-4440s,CPU,intel,intel core i5-4440s,2023,117.8,29.45,$/core
intel core i5-4460,CPU,intel,intel core i5-4460,2023,68.56,17.14,$/core
intel core i5-4460,CPU,intel,intel core i5-4460,2025,68.56,17.14,$/core
intel core i5-4570,CPU,intel,intel core i5-4570,2025,98.0,24.5,$/core
intel core i5-4570t,CPU,intel,intel core i5-4570t,2023,75.89,37.945,$/core
intel core i5-4570t,CPU,intel,intel core i5-4570t,2025,49.0,24.5,$/core
intel core i5-4670,CPU,intel,intel core i5-4670,2023,51.48,12.87,$/core
intel core i5-4670,CPU,intel,intel core i5-4670,2025,119.88,29.97,$/core
intel core i5-4670k,CPU,intel,intel core i5-4670k,2023,62.0,15.5,$/core
intel core i5-4670k,CPU,intel,intel core i5-4670k,2025,105.86,26.465,$/core
intel core i5-4690,CPU,intel,intel core i5-4690,2023,51.43,12.8575,$/core
intel core i5-4690,CPU,intel,intel core i5-4690,2025,52.0,13.0,$/core
intel core i5-4690k,CPU,intel,intel core i5-4690k,2023,53.0,13.25,$/core
intel core i5-4690k,CPU,intel,intel core i5-4690k,2025,54.0,13.5,$/core
intel core i5-6402p,CPU,intel,intel core i5-6402p,2023,80.0,20.0,$/core
intel core i5-6402p,CPU,intel,intel core i5-6402p,2025,118.66,29.665,$/core
intel core i5-650,CPU,intel,intel core i5-650,2023,70.0,35.0,$/core
intel core i5-6500,CPU,intel,intel core i5-6500,2023,67.0,16.75,$/core
intel core i5-6500,CPU,intel,intel core i5-6500,2025,118.54,29.635,$/core
intel core i5-6500t,CPU,intel,intel core i5-6500t,2025,229.95,57.4875,$/core
intel core i5-660,CPU,intel,intel core i5-660,2023,149.94,74.97,$/core
intel core i5-660,CPU,intel,intel core i5-660,2025,149.94,74.97,$/core
intel core i5-6600k,CPU,intel,intel core i5-6600k,2023,130.0,32.5,$/core
intel core i5-6600k,CPU,intel,intel core i5-6600k,2025,89.99,22.4975,$/core
intel core i5-6600t,CPU,intel,intel core i5-6600t,2023,184.98,46.245,$/core
intel core i5-6600t,CPU,intel,intel core i5-6600t,2025,179.95,44.9875,$/core
intel core i5-661,CPU,intel,intel core i5-661,2025,80.0,40.0,$/core
intel core i5-670,CPU,intel,intel core i5-670,2023,119.99,59.995,$/core
intel core i5-670,CPU,intel,intel core i5-670,2025,109.08,54.54,$/core
intel core i5-7400,CPU,intel,intel core i5-7400,2023,91.26,22.815,$/core
intel core i5-7400,CPU,intel,intel core i5-7400,2025,184.6,46.15,$/core
intel core i5-7400t,CPU,intel,intel core i5-7400t,2023,75.0,18.75,$/core
intel core i5-7400t,CPU,intel,intel core i5-7400t,2025,71.29,17.8225,$/core
intel core i5-750,CPU,intel,intel core i5-750,2023,72.0,18.0,$/core
intel core i5-750,CPU,intel,intel core i5-750,2025,69.0,17.25,$/core
intel core i5-7500,CPU,intel,intel core i5-7500,2023,89.0,22.25,$/core
intel core i5-7500,CPU,intel,intel core i5-7500,2025,63.0,15.75,$/core
intel core i5-7500t,CPU,intel,intel core i5-7500t,2023,133.79,33.4475,$/core
intel core i5-7500t,CPU,intel,intel core i5-7500t,2025,127.48,31.87,$/core
intel core i5-750s,CPU,intel,intel core i5-750s,2023,125.0,31.25,$/core
intel core i5-760,CPU,intel,intel core i5-760,2023,100.0,25.0,$/core
intel core i5-7600,CPU,intel,intel core i5-7600,2023,89.0,22.25,$/core
intel core i5-7600,CPU,intel,intel core i5-7600,2025,55.8,13.95,$/core
intel core i5-7600k,CPU,intel,intel core i5-7600k,2023,190.0,47.5,$/core
intel core i5-7600k,CPU,intel,intel core i5-7600k,2025,182.89,45.7225,$/core
intel core i5-7600t,CPU,intel,intel core i5-7600t,2023,229.95,57.4875,$/core
intel core i5-7600t,CPU,intel,intel core i5-7600t,2025,229.95,57.4875,$/core
intel core i5-7640x,CPU,intel,intel core i5-7640x,2023,237.7,59.425,$/core
intel core i5-7640x,CPU,intel,intel core i5-7640x,2025,203.14,50.785,$/core
intel core i5-8400,CPU,intel,intel core i5-8400,2023,189.0,31.5,$/core
intel core i5-8400,CPU,intel,intel core i5-8400,2025,188.92,31.486666666666665,$/core
intel core i5-8400t,CPU,intel,intel core i5-8400t,2023,139.0,23.166666666666668,$/core
intel core i5-8400t,CPU,intel,intel core i5-8400t,2025,113.37,18.895,$/core
intel core i5-8500,CPU,intel,intel core i5-8500,2023,173.95,28.991666666666664,$/core
intel core i5-8500,CPU,intel,intel core i5-8500,2025,170.0,28.333333333333332,$/core
intel core i5-8500t,CPU,intel,intel core i5-8500t,2025,125.0,20.833333333333332,$/core
intel core i5-8600,CPU,intel,intel core i5-8600,2023,229.98,38.33,$/core
intel core i5-8600,CPU,intel,intel core i5-8600,2025,229.48,38.24666666666666,$/core
intel core i5-8600k,CPU,intel,intel core i5-8600k,2023,139.0,23.166666666666668,$/core
intel core i5-8600k,CPU,intel,intel core i5-8600k,2025,327.23,54.538333333333334,$/core
intel core i5-9400,CPU,intel,intel core i5-9400,2023,135.45,22.575,$/core
intel core i5-9400,CPU,intel,intel core i5-9400,2025,149.94,24.99,$/core
intel core i5-9400f,CPU,intel,intel core i5-9400f,2023,94.99,15.831666666666665,$/core
intel core i5-9400f,CPU,intel,intel core i5-9400f,2025,93.0,15.5,$/core
intel core i5-9500,CPU,intel,intel core i5-9500,2023,160.72,26.786666666666665,$/core
intel core i5-9500,CPU,intel,intel core i5-9500,2025,198.69,33.115,$/core
intel core i5-9500f,CPU,intel,intel core i5-9500f,2023,249.0,41.5,$/core
intel core i5-9500f,CPU,intel,intel core i5-9500f,2025,162.0,27.0,$/core
intel core i5-9600,CPU,intel,intel core i5-9600,2023,195.0,32.5,$/core
intel core i5-9600,CPU,intel,intel core i5-9600,2025,213.69,35.615,$/core
intel core i5-9600k,CPU,intel,intel core i5-9600k,2023,137.0,22.833333333333332,$/core
intel core i5-9600k,CPU,intel,intel core i5-9600k,2025,166.0,27.666666666666668,$/core
intel core i5-9600kf,CPU,intel,intel core i5-9600kf,2023,260.03,43.33833333333333,$/core
intel core i5-9600kf,CPU,intel,intel core i5-9600kf,2025,222.34,37.056666666666665,$/core
intel core i7-10700,CPU,intel,intel core i7-10700,2025,399.69,49.96125,$/core
intel core i7-10700f,CPU,intel,intel core i7-10700f,2023,218.99,27.37375,$/core
intel core i7-10700f,CPU,intel,intel core i7-10700f,2025,325.26,40.6575,$/core
intel core i7-10700k,CPU,intel,intel core i7-10700k,2023,247.25,30.90625,$/core
intel core i7-10700k,CPU,intel,intel core i7-10700k,2025,349.0,43.625,$/core
intel core i7-10700k avengers collector s edition,CPU,intel,intel core i7-10700k avengers collector s edition,2023,741.0,92.625,$/core
intel core i7-10700k avengers collector s edition,CPU,intel,intel core i7-10700k avengers collector s edition,2025,741.0,92.625,$/core
intel core i7-10700kf,CPU,intel,intel core i7-10700kf,2023,240.0,30.0,$/core
intel core i7-10700kf,CPU,intel,intel core i7-10700kf,2025,245.0,30.625,$/core
intel core i7-11700,CPU,intel,intel core i7-11700,2023,249.48,31.185,$/core
intel core i7-11700,CPU,intel,intel core i7-11700,2025,377.99,47.24875,$/core
intel core i7-11700f,CPU,intel,intel core i7-11700f,2023,201.99,25.24875,$/core
intel core i7-11700f,CPU,intel,intel core i7-11700f,2025,229.99,28.74875,$/core
intel core i7-11700k,CPU,intel,intel core i7-11700k,2023,233.0,29.125,$/core
intel core i7-11700k,CPU,intel,intel core i7-11700k,2025,293.99,36.74875,$/core
intel core i7-11700kf,CPU,intel,intel core i7-11700kf,2025,354.57,44.32125,$/core
intel core i7-12700,CPU,intel,intel core i7-12700,2023,265.49,22.124166666666667,$/core
intel core i7-12700,CPU,intel,intel core i7-12700,2025,289.97,24.16416666666667,$/core
intel core i7-12700f,CPU,intel,intel core i7-12700f,2023,249.99,20.8325,$/core
intel core i7-12700f,CPU,intel,intel core i7-12700f,2025,247.0,20.583333333333332,$/core
intel core i7-12700k,CPU,intel,intel core i7-12700k,2023,214.98,17.915,$/core
intel core i7-12700k,CPU,intel,intel core i7-12700k,2025,214.15,17.845833333333335,$/core
intel core i7-12700kf,CPU,intel,intel core i7-12700kf,2023,228.9,19.075,$/core
intel core i7-12700kf,CPU,intel,intel core i7-12700kf,2025,174.99,14.582500000000001,$/core
intel core i7-13700,CPU,intel,intel core i7-13700,2023,371.99,23.249375,$/core
intel core i7-13700,CPU,intel,intel core i7-13700,2025,319.93,19.995625,$/core
intel core i7-13700f,CPU,intel,intel core i7-13700f,2023,349.98,21.87375,$/core
intel core i7-13700f,CPU,intel,intel core i7-13700f,2025,255.0,15.9375,$/core
intel core i7-13700k,CPU,intel,intel core i7-13700k,2023,359.0,22.4375,$/core
intel core i7-13700k,CPU,intel,intel core i7-13700k,2025,390.33,24.395625,$/core
intel core i7-13700kf,CPU,intel,intel core i7-13700kf,2023,303.49,18.968125,$/core
intel core i7-13700kf,CPU,intel,intel core i7-13700kf,2025,299.0,18.6875,$/core
intel core i7-14700,CPU,intel,intel core i7-14700,2025,306.55,15.3275,$/core
intel core i7-14700f,CPU,intel,intel core i7-14700f,2023,369.0,18.45,$/core
intel core i7-14700f,CPU,intel,intel core i7-14700f,2025,294.58,14.729,$/core
intel core i7-14700k,CPU,intel,intel core i7-14700k,2023,389.99,19.4995,$/core
intel core i7-14700k,CPU,intel,intel core i7-14700k,2025,297.17,14.858500000000001,$/core
intel core i7-14700kf,CPU,intel,intel core i7-14700kf,2023,363.99,18.1995,$/core
intel core i7-14700kf,CPU,intel,intel core i7-14700kf,2025,313.95,15.6975,$/core
intel core i7-2600,CPU,intel,intel core i7-2600,2025,189.69,47.4225,$/core
intel core i7-2600k,CPU,intel,intel core i7-2600k,2023,85.0,21.25,$/core
intel core i7-2600k,CPU,intel,intel core i7-2600k,2025,255.55,63.8875,$/core
intel core i7-2600s,CPU,intel,intel core i7-2600s,2023,235.0,58.75,$/core
intel core i7-2600s,CPU,intel,intel core i7-2600s,2025,99.99,24.9975,$/core
intel core i7-2700k,CPU,intel,intel core i7-2700k,2023,89.0,22.25,$/core
intel core i7-2700k,CPU,intel,intel core i7-2700k,2025,195.86,48.965,$/core
intel core i7-3770,CPU,intel,intel core i7-3770,2023,95.0,23.75,$/core
intel core i7-3770,CPU,intel,intel core i7-3770,2025,98.69,24.6725,$/core
intel core i7-3770k,CPU,intel,intel core i7-3770k,2023,175.0,43.75,$/core
intel core i7-3930k,CPU,intel,intel core i7-3930k,2023,298.98,49.830000000000005,$/core
intel core i7-3930k,CPU,intel,intel core i7-3930k,2025,298.98,49.830000000000005,$/core
intel core i7-3960x extreme edition,CPU,intel,intel core i7-3960x extreme edition,2023,295.16,49.193333333333335,$/core
intel core i7-3960x extreme edition,CPU,intel,intel core i7-3960x extreme edition,2025,320.0,53.333333333333336,$/core
intel core i7-3970x extreme edition,CPU,intel,intel core i7-3970x extreme edition,2025,175.0,29.166666666666668,$/core
intel core i7-4770,CPU,intel,intel core i7-4770,2023,74.95,18.7375,$/core
intel core i7-4770,CPU,intel,intel core i7-4770,2025,177.0,44.25,$/core
intel core i7-4770k,CPU,intel,intel core i7-4770k,2023,155.86,38.965,$/core
intel core i7-4770k,CPU,intel,intel core i7-4770k,2025,199.5,49.875,$/core
intel core i7-4770s,CPU,intel,intel core i7-4770s,2025,99.0,24.75,$/core
intel core i7-4790,CPU,intel,intel core i7-4790,2025,149.94,37.485,$/core
intel core i7-4790k,CPU,intel,intel core i7-4790k,2023,185.0,46.25,$/core
intel core i7-4790k,CPU,intel,intel core i7-4790k,2025,130.51,32.6275,$/core
intel core i7-4790t,CPU,intel,intel core i7-4790t,2023,155.86,38.965,$/core
intel core i7-4790t,CPU,intel,intel core i7-4790t,2025,149.88,37.47,$/core
intel core i7-4820k,CPU,intel,intel core i7-4820k,2023,205.86,51.465,$/core
intel core i7-4820k,CPU,intel,intel core i7-4820k,2025,198.0,49.5,$/core
intel core i7-4930k,CPU,intel,intel core i7-4930k,2023,100.0,16.666666666666668,$/core
intel core i7-4930k,CPU,intel,intel core i7-4930k,2025,98.0,16.333333333333332,$/core
intel core i7-4960x extreme edition,CPU,intel,intel core i7-4960x extreme edition,2023,775.04,129.17333333333332,$/core
intel core i7-4960x extreme edition,CPU,intel,intel core i7-4960x extreme edition,2025,775.04,129.17333333333332,$/core
intel core i7-5775c,CPU,intel,intel core i7-5775c,2023,969.65,242.4125,$/core
intel core i7-5820k,CPU,intel,intel core i7-5820k,2023,429.95,71.65833333333333,$/core
intel core i7-5820k,CPU,intel,intel core i7-5820k,2025,429.95,71.65833333333333,$/core
intel core i7-5930k,CPU,intel,intel core i7-5930k,2023,529.95,88.325,$/core
intel core i7-5930k,CPU,intel,intel core i7-5930k,2025,529.95,88.325,$/core
intel core i7-6700,CPU,intel,intel core i7-6700,2023,128.0,32.0,$/core
intel core i7-6700,CPU,intel,intel core i7-6700,2025,259.02,64.755,$/core
intel core i7-6700k,CPU,intel,intel core i7-6700k,2023,180.0,45.0,$/core
intel core i7-6700k,CPU,intel,intel core i7-6700k,2025,228.96,57.24,$/core
intel core i7-6800k,CPU,intel,intel core i7-6800k,2023,216.06,36.01,$/core
intel core i7-6800k,CPU,intel,intel core i7-6800k,2025,131.46,21.91,$/core
intel core i7-6850k,CPU,intel,intel core i7-6850k,2023,115.0,19.166666666666668,$/core
intel core i7-6850k,CPU,intel,intel core i7-6850k,2025,85.0,14.166666666666666,$/core
intel core i7-6900k,CPU,intel,intel core i7-6900k,2023,207.53,25.94125,$/core
intel core i7-6900k,CPU,intel,intel core i7-6900k,2025,284.04,35.505,$/core
intel core i7-6950x,CPU,intel,intel core i7-6950x,2023,655.66,65.566,$/core
intel core i7-6950x,CPU,intel,intel core i7-6950x,2025,328.19,32.819,$/core
intel core i7-7700,CPU,intel,intel core i7-7700,2023,329.95,82.4875,$/core
intel core i7-7700,CPU,intel,intel core i7-7700,2025,121.25,30.3125,$/core
intel core i7-7700k,CPU,intel,intel core i7-7700k,2025,151.69,37.9225,$/core
intel core i7-7700t,CPU,intel,intel core i7-7700t,2023,489.95,122.4875,$/core
intel core i7-7700t,CPU,intel,intel core i7-7700t,2025,498.95,124.7375,$/core
intel core i7-7740x,CPU,intel,intel core i7-7740x,2023,234.99,58.7475,$/core
intel core i7-7740x,CPU,intel,intel core i7-7740x,2025,294.41,73.6025,$/core
intel core i7-7800x,CPU,intel,intel core i7-7800x,2023,389.97,64.995,$/core
intel core i7-7800x,CPU,intel,intel core i7-7800x,2025,444.97,74.16166666666668,$/core
intel core i7-7820x,CPU,intel,intel core i7-7820x,2023,489.05,61.13125,$/core
intel core i7-7820x,CPU,intel,intel core i7-7820x,2025,859.72,107.465,$/core
intel core i7-8086k,CPU,intel,intel core i7-8086k,2025,343.12,57.18666666666667,$/core
intel core i7-860,CPU,intel,intel core i7-860,2023,275.58,68.895,$/core
intel core i7-860,CPU,intel,intel core i7-860,2025,119.98,29.995,$/core
intel core i7-870,CPU,intel,intel core i7-870,2023,147.51,36.8775,$/core
intel core i7-870,CPU,intel,intel core i7-870,2025,195.02,48.755,$/core
intel core i7-8700,CPU,intel,intel core i7-8700,2023,405.52,67.58666666666666,$/core
intel core i7-8700,CPU,intel,intel core i7-8700,2025,188.47,31.411666666666665,$/core
intel core i7-8700k,CPU,intel,intel core i7-8700k,2023,232.75,38.791666666666664,$/core
intel core i7-8700k,CPU,intel,intel core i7-8700k,2025,217.02,36.17,$/core
intel core i7-8700t,CPU,intel,intel core i7-8700t,2023,304.38,50.73,$/core
intel core i7-8700t,CPU,intel,intel core i7-8700t,2025,279.95,46.65833333333333,$/core
intel core i7-875k,CPU,intel,intel core i7-875k,2023,180.0,45.0,$/core
intel core i7-875k,CPU,intel,intel core i7-875k,2025,180.0,45.0,$/core
intel core i7-920,CPU,intel,intel core i7-920,2023,90.0,22.5,$/core
intel core i7-920,CPU,intel,intel core i7-920,2025,80.0,20.0,$/core
intel core i7-930,CPU,intel,intel core i7-930,2023,198.73,49.6825,$/core
intel core i7-930,CPU,intel,intel core i7-930,2025,148.72,37.18,$/core
intel core i7-940,CPU,intel,intel core i7-940,2023,149.94,37.485,$/core
intel core i7-940,CPU,intel,intel core i7-940,2025,149.94,37.485,$/core
intel core i7-950,CPU,intel,intel core i7-950,2025,84.15,21.0375,$/core
intel core i7-960,CPU,intel,intel core i7-960,2023,220.0,55.0,$/core
intel core i7-960,CPU,intel,intel core i7-960,2025,150.0,37.5,$/core
intel core i7-9700,CPU,intel,intel core i7-9700,2023,299.8,37.475,$/core
intel core i7-9700,CPU,intel,intel core i7-9700,2025,316.85,39.60625,$/core
intel core i7-9700f,CPU,intel,intel core i7-9700f,2023,342.17,42.77125,$/core
intel core i7-9700f,CPU,intel,intel core i7-9700f,2025,269.0,33.625,$/core
intel core i7-9700k,CPU,intel,intel core i7-9700k,2025,239.43,29.92875,$/core
intel core i7-9700kf,CPU,intel,intel core i7-9700kf,2023,218.0,27.25,$/core
intel core i7-9700kf,CPU,intel,intel core i7-9700kf,2025,395.02,49.3775,$/core
intel core i7-980,CPU,intel,intel core i7-980,2023,356.02,59.336666666666666,$/core
intel core i7-980,CPU,intel,intel core i7-980,2025,356.02,59.336666666666666,$/core
intel core i7-980x extreme edition,CPU,intel,intel core i7-980x extreme edition,2023,153.64,25.606666666666666,$/core
intel core i9-10900,CPU,intel,intel core i9-10900,2025,390.77,39.077,$/core
intel core i9-10900f,CPU,intel,intel core i9-10900f,2023,244.99,24.499000000000002,$/core
intel core i9-10900k,CPU,intel,intel core i9-10900k,2023,440.0,44.0,$/core
intel core i9-10900k,CPU,intel,intel core i9-10900k,2025,548.99,54.899,$/core
intel core i9-10900x,CPU,intel,intel core i9-10900x,2023,615.0,61.5,$/core
intel core i9-10900x,CPU,intel,intel core i9-10900x,2025,479.99,47.999,$/core
intel core i9-10920x,CPU,intel,intel core i9-10920x,2023,799.0,66.58333333333333,$/core
intel core i9-10920x,CPU,intel,intel core i9-10920x,2025,769.87,64.15583333333333,$/core
intel core i9-10940x,CPU,intel,intel core i9-10940x,2023,780.0,55.714285714285715,$/core
intel core i9-10940x,CPU,intel,intel core i9-10940x,2025,699.99,49.99928571428571,$/core
intel core i9-10980xe,CPU,intel,intel core i9-10980xe,2023,1200.0,66.66666666666667,$/core
intel core i9-10980xe,CPU,intel,intel core i9-10980xe,2025,1004.04,55.78,$/core
intel core i9-11900,CPU,intel,intel core i9-11900,2023,269.99,33.74875,$/core
intel core i9-11900,CPU,intel,intel core i9-11900,2025,390.99,48.87375,$/core
intel core i9-11900f,CPU,intel,intel core i9-11900f,2023,210.0,26.25,$/core
intel core i9-11900f,CPU,intel,intel core i9-11900f,2025,329.0,41.125,$/core
intel core i9-11900k,CPU,intel,intel core i9-11900k,2023,257.99,32.24875,$/core
intel core i9-11900k,CPU,intel,intel core i9-11900k,2025,449.0,56.125,$/core
intel core i9-11900kf,CPU,intel,intel core i9-11900kf,2023,232.0,29.0,$/core
intel core i9-11900kf,CPU,intel,intel core i9-11900kf,2025,399.0,49.875,$/core
intel core i9-12900,CPU,intel,intel core i9-12900,2023,458.0,28.625,$/core
intel core i9-12900,CPU,intel,intel core i9-12900,2025,391.4,24.4625,$/core
intel core i9-12900f,CPU,intel,intel core i9-12900f,2023,432.99,27.061875,$/core
intel core i9-12900f,CPU,intel,intel core i9-12900f,2025,359.89,22.493125,$/core
intel core i9-12900k,CPU,intel,intel core i9-12900k,2023,334.0,20.875,$/core
intel core i9-12900k,CPU,intel,intel core i9-12900k,2025,285.99,17.874375,$/core
intel core i9-12900kf,CPU,intel,intel core i9-12900kf,2023,272.98,17.06125,$/core
intel core i9-12900kf,CPU,intel,intel core i9-12900kf,2025,265.68,16.605,$/core
intel core i9-12900ks,CPU,intel,intel core i9-12900ks,2023,319.98,19.99875,$/core
intel core i9-12900ks,CPU,intel,intel core i9-12900ks,2025,379.99,23.749375,$/core
intel core i9-13900,CPU,intel,intel core i9-13900,2023,490.0,20.416666666666668,$/core
intel core i9-13900,CPU,intel,intel core i9-13900,2025,414.99,17.29125,$/core
intel core i9-13900f,CPU,intel,intel core i9-13900f,2023,549.99,22.91625,$/core
intel core i9-13900f,CPU,intel,intel core i9-13900f,2025,516.43,21.517916666666665,$/core
intel core i9-13900k,CPU,intel,intel core i9-13900k,2023,474.98,19.790833333333335,$/core
intel core i9-13900k,CPU,intel,intel core i9-13900k,2025,434.0,18.083333333333332,$/core
intel core i9-13900kf,CPU,intel,intel core i9-13900kf,2023,464.99,19.374583333333334,$/core
intel core i9-13900kf,CPU,intel,intel core i9-13900kf,2025,435.0,18.125,$/core
intel core i9-13900ks,CPU,intel,intel core i9-13900ks,2023,589.99,24.582916666666666,$/core
intel core i9-13900ks,CPU,intel,intel core i9-13900ks,2025,429.0,17.875,$/core
intel core i9-14900,CPU,intel,intel core i9-14900,2023,554.99,23.124583333333334,$/core
intel core i9-14900,CPU,intel,intel core i9-14900,2025,571.86,23.8275,$/core
intel core i9-14900f,CPU,intel,intel core i9-14900f,2023,529.0,22.041666666666668,$/core
intel core i9-14900f,CPU,intel,intel core i9-14900f,2025,499.0,20.791666666666668,$/core
intel core i9-14900k,CPU,intel,intel core i9-14900k,2023,534.99,22.29125,$/core
intel core i9-14900k,CPU,intel,intel core i9-14900k,2025,439.0,18.291666666666668,$/core
intel core i9-14900kf,CPU,intel,intel core i9-14900kf,2023,509.14,21.214166666666667,$/core
intel core i9-14900kf,CPU,intel,intel core i9-14900kf,2025,419.97,17.49875,$/core
intel core i9-14900ks,CPU,intel,intel core i9-14900ks,2023,662.95,27.62291666666667,$/core
intel core i9-14900ks,CPU,intel,intel core i9-14900ks,2025,639.97,26.66541666666667,$/core
intel core i9-7900x,CPU,intel,intel core i9-7900x,2023,649.48,64.94800000000001,$/core
intel core i9-7900x,CPU,intel,intel core i9-7900x,2025,357.47,35.747,$/core
intel core i9-7920x,CPU,intel,intel core i9-7920x,2023,556.54,46.37833333333333,$/core
intel core i9-7920x,CPU,intel,intel core i9-7920x,2025,170.66,14.221666666666666,$/core
intel core i9-7960x,CPU,intel,intel core i9-7960x,2023,347.48,21.7175,$/core
intel core i9-7960x,CPU,intel,intel core i9-7960x,2025,462.16,28.885,$/core
intel core i9-7980xe,CPU,intel,intel core i9-7980xe,2023,1203.08,66.83777777777777,$/core
intel core i9-7980xe,CPU,intel,intel core i9-7980xe,2025,1249.95,69.44166666666666,$/core
intel core i9-9900,CPU,intel,intel core i9-9900,2023,464.15,58.01875,$/core
intel core i9-9900,CPU,intel,intel core i9-9900,2025,419.69,52.46125,$/core
intel core i9-9900k,CPU,intel,intel core i9-9900k,2023,552.5,69.0625,$/core
intel core i9-9900k,CPU,intel,intel core i9-9900k,2025,676.9,84.6125,$/core
intel core i9-9900k standard folding box,CPU,intel,intel core i9-9900k standard folding box,2023,405.0,50.625,$/core
intel core i9-9900k standard folding box,CPU,intel,intel core i9-9900k standard folding box,2025,565.0,70.625,$/core
intel core i9-9900kf,CPU,intel,intel core i9-9900kf,2025,329.0,41.125,$/core
intel core i9-9900ks,CPU,intel,intel core i9-9900ks,2025,1389.0,173.625,$/core
intel core i9-9900x,CPU,intel,intel core i9-9900x,2023,655.06,65.506,$/core
intel core i9-9900x,CPU,intel,intel core i9-9900x,2025,579.99,57.999,$/core
intel core i9-9920x,CPU,intel,intel core i9-9920x,2023,799.99,66.66583333333334,$/core
intel core i9-9940x,CPU,intel,intel core i9-9940x,2025,998.95,71.35357142857143,$/core
intel core i9-9960x,CPU,intel,intel core i9-9960x,2023,998.95,62.434375,$/core
intel core i9-9960x,CPU,intel,intel core i9-9960x,2025,999.99,62.499375,$/core
intel core ultra 5 225,CPU,intel,intel core ultra 5 225,2025,213.01,21.301,$/core
intel core ultra 5 225f,CPU,intel,intel core ultra 5 225f,2025,190.83,19.083000000000002,$/core
intel core ultra 5 235,CPU,intel,intel core ultra 5 235,2025,264.99,18.927857142857142,$/core
intel core ultra 5 245k,CPU,intel,intel core ultra 5 245k,2025,259.99,18.570714285714285,$/core
intel core ultra 5 245kf,CPU,intel,intel core ultra 5 245kf,2025,284.99,20.356428571428573,$/core
intel core ultra 7 265,CPU,intel,intel core ultra 7 265,2025,374.99,18.7495,$/core
intel core ultra 7 265f,CPU,intel,intel core ultra 7 265f,2025,269.99,13.499500000000001,$/core
intel core ultra 7 265k,CPU,intel,intel core ultra 7 265k,2025,269.99,13.499500000000001,$/core
intel core ultra 7 265kf,CPU,intel,intel core ultra 7 265kf,2025,277.44,13.872,$/core
intel core ultra 9 285,CPU,intel,intel core ultra 9 285,2025,579.99,24.16625,$/core
intel core ultra 9 285k,CPU,intel,intel core ultra 9 285k,2025,559.99,23.332916666666666,$/core
intel pentium e2140,CPU,intel,intel pentium e2140,2023,79.95,39.975,$/core
intel pentium e2140,CPU,intel,intel pentium e2140,2025,99.0,49.5,$/core
intel pentium e2160,CPU,intel,intel pentium e2160,2023,49.0,24.5,$/core
intel pentium e2160,CPU,intel,intel pentium e2160,2025,49.0,24.5,$/core
intel pentium e2220,CPU,intel,intel pentium e2220,2023,19.98,9.99,$/core
intel pentium e2220,CPU,intel,intel pentium e2220,2025,12.99,6.495,$/core
intel pentium e5300,CPU,intel,intel pentium e5300,2023,69.45,34.725,$/core
intel pentium e5300,CPU,intel,intel pentium e5300,2025,82.82,41.41,$/core
intel pentium e5700,CPU,intel,intel pentium e5700,2023,19.98,9.99,$/core
intel pentium e5700,CPU,intel,intel pentium e5700,2025,14.99,7.495,$/core
intel pentium e6500,CPU,intel,intel pentium e6500,2023,95.71,47.855,$/core
intel pentium e6500,CPU,intel,intel pentium e6500,2025,89.99,44.995,$/core
intel pentium e6600,CPU,intel,intel pentium e6600,2023,50.0,25.0,$/core
intel pentium g2020,CPU,intel,intel pentium g2020,2023,34.99,17.495,$/core
intel pentium g2020,CPU,intel,intel pentium g2020,2025,34.99,17.495,$/core
intel pentium g2120,CPU,intel,intel pentium g2120,2023,52.0,26.0,$/core
intel pentium g2120,CPU,intel,intel pentium g2120,2025,35.0,17.5,$/core
intel pentium g2140,CPU,intel,intel pentium g2140,2023,45.0,22.5,$/core
intel pentium g3250,CPU,intel,intel pentium g3250,2023,61.0,30.5,$/core
intel pentium g3258,CPU,intel,intel pentium g3258,2023,51.36,25.68,$/core
intel pentium g3258,CPU,intel,intel pentium g3258,2025,124.99,62.495,$/core
intel pentium g3420,CPU,intel,intel pentium g3420,2025,71.73,35.865,$/core
intel pentium g3430,CPU,intel,intel pentium g3430,2023,51.5,25.75,$/core
intel pentium g3460,CPU,intel,intel pentium g3460,2023,75.9,37.95,$/core
intel pentium g3460,CPU,intel,intel pentium g3460,2025,125.0,62.5,$/core
intel pentium g3470,CPU,intel,intel pentium g3470,2023,105.7,52.85,$/core
intel pentium g3470,CPU,intel,intel pentium g3470,2025,153.1,76.55,$/core
intel pentium g4400,CPU,intel,intel pentium g4400,2025,50.0,25.0,$/core
intel pentium g4560,CPU,intel,intel pentium g4560,2023,133.41,66.705,$/core
intel pentium g4560,CPU,intel,intel pentium g4560,2025,59.0,29.5,$/core
intel pentium g4600,CPU,intel,intel pentium g4600,2023,169.95,84.975,$/core
intel pentium g4600,CPU,intel,intel pentium g4600,2025,169.95,84.975,$/core
intel pentium g4620,CPU,intel,intel pentium g4620,2023,224.12,112.06,$/core
intel pentium g4620,CPU,intel,intel pentium g4620,2025,224.12,112.06,$/core
intel pentium g630,CPU,intel,intel pentium g630,2023,37.49,18.745,$/core
intel pentium g630,CPU,intel,intel pentium g630,2025,30.74,15.37,$/core
intel pentium g630t,CPU,intel,intel pentium g630t,2023,75.0,37.5,$/core
intel pentium g640,CPU,intel,intel pentium g640,2023,30.0,15.0,$/core
intel pentium g640,CPU,intel,intel pentium g640,2025,19.0,9.5,$/core
intel pentium g640t,CPU,intel,intel pentium g640t,2023,84.88,42.44,$/core
intel pentium g640t,CPU,intel,intel pentium g640t,2025,89.0,44.5,$/core
intel pentium g645,CPU,intel,intel pentium g645,2025,40.99,20.495,$/core
intel pentium g6950,CPU,intel,intel pentium g6950,2023,55.01,27.505,$/core
intel pentium g6950,CPU,intel,intel pentium g6950,2025,37.93,18.965,$/core
intel pentium g870,CPU,intel,intel pentium g870,2023,77.0,38.5,$/core
intel pentium g870,CPU,intel,intel pentium g870,2025,67.64,33.82,$/core
intel pentium gold g5400,CPU,intel,intel pentium gold g5400,2023,72.95,36.475,$/core
intel pentium gold g5400,CPU,intel,intel pentium gold g5400,2025,115.69,57.845,$/core
intel pentium gold g5400t,CPU,intel,intel pentium gold g5400t,2023,79.95,39.975,$/core
intel pentium gold g5400t,CPU,intel,intel pentium gold g5400t,2025,90.0,45.0,$/core
intel pentium gold g5420,CPU,intel,intel pentium gold g5420,2025,29.0,14.5,$/core
intel pentium gold g5500,CPU,intel,intel pentium gold g5500,2023,64.06,32.03,$/core
intel pentium gold g5600,CPU,intel,intel pentium gold g5600,2025,229.69,114.845,$/core
intel pentium gold g6400,CPU,intel,intel pentium gold g6400,2023,69.98,34.99,$/core
intel pentium gold g6400,CPU,intel,intel pentium gold g6400,2025,66.95,33.475,$/core
intel pentium gold g6405,CPU,intel,intel pentium gold g6405,2023,89.09,44.545,$/core
intel pentium gold g6405,CPU,intel,intel pentium gold g6405,2025,94.99,47.495,$/core
intel pentium gold g6500,CPU,intel,intel pentium gold g6500,2023,70.98,35.49,$/core
intel pentium gold g6600,CPU,intel,intel pentium gold g6600,2025,186.19,93.095,$/core
intel pentium gold g6605,CPU,intel,intel pentium gold g6605,2023,176.34,88.17,$/core
intel pentium gold g7400,CPU,intel,intel pentium gold g7400,2023,102.75,51.375,$/core
intel pentium gold g7400,CPU,intel,intel pentium gold g7400,2025,90.0,45.0,$/core
intel xeon e-2104g,CPU,intel,intel xeon e-2104g,2023,589.0,147.25,$/core
intel xeon e-2124,CPU,intel,intel xeon e-2124,2023,110.0,27.5,$/core
intel xeon e-2124g,CPU,intel,intel xeon e-2124g,2023,292.32,73.08,$/core
intel xeon e-2124g,CPU,intel,intel xeon e-2124g,2025,270.99,67.7475,$/core
intel xeon e-2134,CPU,intel,intel xeon e-2134,2023,697.0,174.25,$/core
intel xeon e-2136,CPU,intel,intel xeon e-2136,2023,796.0,132.66666666666666,$/core
intel xeon e-2136,CPU,intel,intel xeon e-2136,2025,732.0,122.0,$/core
intel xeon e-2144g,CPU,intel,intel xeon e-2144g,2023,867.0,216.75,$/core
intel xeon e-2146g,CPU,intel,intel xeon e-2146g,2023,906.5,151.08333333333334,$/core
intel xeon e-2174g,CPU,intel,intel xeon e-2174g,2023,655.27,163.8175,$/core
intel xeon e-2174g,CPU,intel,intel xeon e-2174g,2025,649.95,162.4875,$/core
intel xeon e-2176g,CPU,intel,intel xeon e-2176g,2023,634.5,105.75,$/core
intel xeon e-2176g,CPU,intel,intel xeon e-2176g,2025,583.29,97.21499999999999,$/core
intel xeon e-2236,CPU,intel,intel xeon e-2236,2023,441.91,73.65166666666667,$/core
intel xeon e-2236,CPU,intel,intel xeon e-2236,2025,452.02,75.33666666666666,$/core
intel xeon e-2274g,CPU,intel,intel xeon e-2274g,2025,1098.95,274.7375,$/core
intel xeon e-2286g,CPU,intel,intel xeon e-2286g,2025,627.61,104.60166666666667,$/core
intel xeon e3-1220 v3,CPU,intel,intel xeon e3-1220 v3,2023,103.6,25.9,$/core
intel xeon e3-1220 v3,CPU,intel,intel xeon e3-1220 v3,2025,149.94,37.485,$/core
intel xeon e3-1220 v5,CPU,intel,intel xeon e3-1220 v5,2023,238.03,59.5075,$/core
intel xeon e3-1220 v5,CPU,intel,intel xeon e3-1220 v5,2025,349.95,87.4875,$/core
intel xeon e3-1220 v6,CPU,intel,intel xeon e3-1220 v6,2023,394.45,98.6125,$/core
intel xeon e3-1220 v6,CPU,intel,intel xeon e3-1220 v6,2025,25.0,6.25,$/core
intel xeon e3-1225 v2,CPU,intel,intel xeon e3-1225 v2,2023,247.5,61.875,$/core
intel xeon e3-1225 v2,CPU,intel,intel xeon e3-1225 v2,2025,214.5,53.625,$/core
intel xeon e3-1225 v5,CPU,intel,intel xeon e3-1225 v5,2023,265.0,66.25,$/core
intel xeon e3-1225 v6,CPU,intel,intel xeon e3-1225 v6,2023,362.4,90.6,$/core
intel xeon e3-1225 v6,CPU,intel,intel xeon e3-1225 v6,2025,362.4,90.6,$/core
intel xeon e3-1230,CPU,intel,intel xeon e3-1230,2025,918.89,229.7225,$/core
intel xeon e3-1230 v2,CPU,intel,intel xeon e3-1230 v2,2023,260.9,65.225,$/core
intel xeon e3-1230 v2,CPU,intel,intel xeon e3-1230 v2,2025,231.98,57.995,$/core
intel xeon e3-1230 v3,CPU,intel,intel xeon e3-1230 v3,2023,315.86,78.965,$/core
intel xeon e3-1230 v3,CPU,intel,intel xeon e3-1230 v3,2025,309.0,77.25,$/core
intel xeon e3-1230 v6,CPU,intel,intel xeon e3-1230 v6,2023,449.95,112.4875,$/core
intel xeon e3-1230 v6,CPU,intel,intel xeon e3-1230 v6,2025,455.49,113.8725,$/core
intel xeon e3-1235,CPU,intel,intel xeon e3-1235,2023,219.0,54.75,$/core
intel xeon e3-1240 v2,CPU,intel,intel xeon e3-1240 v2,2023,345.0,86.25,$/core
intel xeon e3-1240 v2,CPU,intel,intel xeon e3-1240 v2,2025,400.0,100.0,$/core
intel xeon e3-1240 v6,CPU,intel,intel xeon e3-1240 v6,2023,429.95,107.4875,$/core
intel xeon e3-1240 v6,CPU,intel,intel xeon e3-1240 v6,2025,429.95,107.4875,$/core
intel xeon e3-1241 v3,CPU,intel,intel xeon e3-1241 v3,2023,298.0,74.5,$/core
intel xeon e3-1241 v3,CPU,intel,intel xeon e3-1241 v3,2025,298.0,74.5,$/core
intel xeon e3-1245,CPU,intel,intel xeon e3-1245,2023,245.0,61.25,$/core
intel xeon e3-1245 v2,CPU,intel,intel xeon e3-1245 v2,2023,367.5,91.875,$/core
intel xeon e3-1245 v2,CPU,intel,intel xeon e3-1245 v2,2025,315.0,78.75,$/core
intel xeon e3-1245 v5,CPU,intel,intel xeon e3-1245 v5,2023,436.7,109.175,$/core
intel xeon e3-1245 v6,CPU,intel,intel xeon e3-1245 v6,2023,502.72,125.68,$/core
intel xeon e3-1245 v6,CPU,intel,intel xeon e3-1245 v6,2025,277.58,69.395,$/core
intel xeon e3-1265l v3,CPU,intel,intel xeon e3-1265l v3,2023,398.95,99.7375,$/core
intel xeon e3-1265l v3,CPU,intel,intel xeon e3-1265l v3,2025,398.95,99.7375,$/core
intel xeon e3-1270 v3,CPU,intel,intel xeon e3-1270 v3,2023,420.0,105.0,$/core
intel xeon e3-1270 v3,CPU,intel,intel xeon e3-1270 v3,2025,410.0,102.5,$/core
intel xeon e3-1270 v6,CPU,intel,intel xeon e3-1270 v6,2023,725.37,181.3425,$/core
intel xeon e3-1270 v6,CPU,intel,intel xeon e3-1270 v6,2025,719.95,179.9875,$/core
intel xeon e3-1275,CPU,intel,intel xeon e3-1275,2023,376.99,94.2475,$/core
intel xeon e3-1275,CPU,intel,intel xeon e3-1275,2025,376.99,94.2475,$/core
intel xeon e3-1275 v2,CPU,intel,intel xeon e3-1275 v2,2023,374.0,93.5,$/core
intel xeon e3-1275 v2,CPU,intel,intel xeon e3-1275 v2,2025,374.0,93.5,$/core
intel xeon e3-1275 v6,CPU,intel,intel xeon e3-1275 v6,2023,361.55,90.3875,$/core
intel xeon e3-1275 v6,CPU,intel,intel xeon e3-1275 v6,2025,499.92,124.98,$/core
intel xeon e3-1280 v6,CPU,intel,intel xeon e3-1280 v6,2023,562.0,140.5,$/core
intel xeon e3-1280 v6,CPU,intel,intel xeon e3-1280 v6,2025,562.0,140.5,$/core
intel xeon e3-1285 v6,CPU,intel,intel xeon e3-1285 v6,2023,994.94,248.735,$/core
intel xeon e3-1285 v6,CPU,intel,intel xeon e3-1285 v6,2025,989.95,247.4875,$/core
intel xeon e5-1620 v3,CPU,intel,intel xeon e5-1620 v3,2023,69.02,17.255,$/core
intel xeon e5-1620 v3,CPU,intel,intel xeon e5-1620 v3,2025,111.0,27.75,$/core
intel xeon e5-1620 v4,CPU,intel,intel xeon e5-1620 v4,2023,142.78,35.695,$/core
intel xeon e5-1620 v4,CPU,intel,intel xeon e5-1620 v4,2025,232.12,58.03,$/core
intel xeon e5-1630 v4,CPU,intel,intel xeon e5-1630 v4,2025,298.95,74.7375,$/core
intel xeon e5-1650 v2,CPU,intel,intel xeon e5-1650 v2,2023,229.95,38.324999999999996,$/core
intel xeon e5-1650 v2,CPU,intel,intel xeon e5-1650 v2,2025,235.03,39.17166666666667,$/core
intel xeon e5-1650 v3,CPU,intel,intel xeon e5-1650 v3,2023,54.46,9.076666666666666,$/core
intel xeon e5-1650 v4,CPU,intel,intel xeon e5-1650 v4,2025,114.94,19.156666666666666,$/core
intel xeon e5-1660 v2,CPU,intel,intel xeon e5-1660 v2,2023,1129.0,188.16666666666666,$/core
intel xeon e5-1660 v3,CPU,intel,intel xeon e5-1660 v3,2023,204.44,25.555,$/core
intel xeon e5-1660 v3,CPU,intel,intel xeon e5-1660 v3,2025,204.44,25.555,$/core
intel xeon e5-1680 v3,CPU,intel,intel xeon e5-1680 v3,2025,404.09,50.51125,$/core
intel xeon e5-2470v2,CPU,intel,intel xeon e5-2470v2,2023,229.95,22.994999999999997,$/core
intel xeon e5-2603,CPU,intel,intel xeon e5-2603,2023,98.95,24.7375,$/core
intel xeon e5-2603,CPU,intel,intel xeon e5-2603,2025,98.95,24.7375,$/core
intel xeon e5-2603 v3,CPU,intel,intel xeon e5-2603 v3,2025,135.0,22.5,$/core
intel xeon e5-2603 v4,CPU,intel,intel xeon e5-2603 v4,2023,449.95,74.99166666666666,$/core
intel xeon e5-2603 v4,CPU,intel,intel xeon e5-2603 v4,2025,449.95,74.99166666666666,$/core
intel xeon e5-2609,CPU,intel,intel xeon e5-2609,2023,95.07,23.7675,$/core
intel xeon e5-2609,CPU,intel,intel xeon e5-2609,2025,89.95,22.4875,$/core
intel xeon e5-2609 v4,CPU,intel,intel xeon e5-2609 v4,2023,293.37,36.67125,$/core
intel xeon e5-2620,CPU,intel,intel xeon e5-2620,2023,77.0,12.833333333333334,$/core
intel xeon e5-2620,CPU,intel,intel xeon e5-2620,2025,77.0,12.833333333333334,$/core
intel xeon e5-2620 v3,CPU,intel,intel xeon e5-2620 v3,2023,87.54,14.590000000000002,$/core
intel xeon e5-2620 v3,CPU,intel,intel xeon e5-2620 v3,2025,138.96,23.16,$/core
intel xeon e5-2620 v4,CPU,intel,intel xeon e5-2620 v4,2023,429.95,53.74375,$/core
intel xeon e5-2623 v3,CPU,intel,intel xeon e5-2623 v3,2023,229.95,57.4875,$/core
intel xeon e5-2623 v3,CPU,intel,intel xeon e5-2623 v3,2025,234.94,58.735,$/core
intel xeon e5-2630,CPU,intel,intel xeon e5-2630,2023,24.32,4.053333333333334,$/core
intel xeon e5-2630,CPU,intel,intel xeon e5-2630,2025,47.66,7.9433333333333325,$/core
intel xeon e5-2630 v2,CPU,intel,intel xeon e5-2630 v2,2025,488.88,81.48,$/core
intel xeon e5-2630 v3,CPU,intel,intel xeon e5-2630 v3,2023,314.48,39.31,$/core
intel xeon e5-2630 v3,CPU,intel,intel xeon e5-2630 v3,2025,169.95,21.24375,$/core
intel xeon e5-2630 v4,CPU,intel,intel xeon e5-2630 v4,2023,335.07,33.507,$/core
intel xeon e5-2630 v4,CPU,intel,intel xeon e5-2630 v4,2025,255.06,25.506,$/core
intel xeon e5-2630l v3,CPU,intel,intel xeon e5-2630l v3,2023,410.0,51.25,$/core
intel xeon e5-2630l v3,CPU,intel,intel xeon e5-2630l v3,2025,391.94,48.9925,$/core
intel xeon e5-2637 v3,CPU,intel,intel xeon e5-2637 v3,2023,483.62,120.905,$/core
intel xeon e5-2640,CPU,intel,intel xeon e5-2640,2023,43.31,7.218333333333334,$/core
intel xeon e5-2640 v3,CPU,intel,intel xeon e5-2640 v3,2023,128.55,16.06875,$/core
intel xeon e5-2640 v3,CPU,intel,intel xeon e5-2640 v3,2025,189.95,23.74375,$/core
intel xeon e5-2643 v2,CPU,intel,intel xeon e5-2643 v2,2023,403.96,67.32666666666667,$/core
intel xeon e5-2643 v2,CPU,intel,intel xeon e5-2643 v2,2025,398.95,66.49166666666666,$/core
intel xeon e5-2643 v3,CPU,intel,intel xeon e5-2643 v3,2023,235.44,39.24,$/core
intel xeon e5-2643 v3,CPU,intel,intel xeon e5-2643 v3,2025,229.95,38.324999999999996,$/core
intel xeon e5-2643 v4,CPU,intel,intel xeon e5-2643 v4,2023,479.0,79.83333333333333,$/core
intel xeon e5-2643 v4,CPU,intel,intel xeon e5-2643 v4,2025,929.95,154.99166666666667,$/core
intel xeon e5-2650,CPU,intel,intel xeon e5-2650,2023,89.0,11.125,$/core
intel xeon e5-2650,CPU,intel,intel xeon e5-2650,2025,69.94,8.7425,$/core
intel xeon e5-2650 v2,CPU,intel,intel xeon e5-2650 v2,2023,185.0,23.125,$/core
intel xeon e5-2650l,CPU,intel,intel xeon e5-2650l,2023,129.94,16.2425,$/core
intel xeon e5-2650l,CPU,intel,intel xeon e5-2650l,2025,129.94,16.2425,$/core
intel xeon e5-2660 v3,CPU,intel,intel xeon e5-2660 v3,2023,149.94,14.994,$/core
intel xeon e5-2660 v3,CPU,intel,intel xeon e5-2660 v3,2025,149.94,14.994,$/core
intel xeon e5-2660 v4,CPU,intel,intel xeon e5-2660 v4,2025,399.0,28.5,$/core
intel xeon e5-2665,CPU,intel,intel xeon e5-2665,2023,149.94,18.7425,$/core
intel xeon e5-2665,CPU,intel,intel xeon e5-2665,2025,149.94,18.7425,$/core
intel xeon e5-2667 v3,CPU,intel,intel xeon e5-2667 v3,2023,1008.93,126.11625,$/core
intel xeon e5-2667 v3,CPU,intel,intel xeon e5-2667 v3,2025,298.95,37.36875,$/core
intel xeon e5-2680,CPU,intel,intel xeon e5-2680,2025,110.0,13.75,$/core
intel xeon e5-2683 v4,CPU,intel,intel xeon e5-2683 v4,2023,189.95,11.871875,$/core
intel xeon e5-2683 v4,CPU,intel,intel xeon e5-2683 v4,2025,329.95,20.621875,$/core
intel xeon e5-2690 v4,CPU,intel,intel xeon e5-2690 v4,2023,1025.58,73.25571428571428,$/core
intel xeon e5-2695 v2,CPU,intel,intel xeon e5-2695 v2,2023,189.0,15.75,$/core
intel xeon e5-2695 v3,CPU,intel,intel xeon e5-2695 v3,2023,498.95,35.63928571428571,$/core
intel xeon e5-2695 v3,CPU,intel,intel xeon e5-2695 v3,2025,498.95,35.63928571428571,$/core
intel xeon e5-2699 v4,CPU,intel,intel xeon e5-2699 v4,2023,220.0,10.0,$/core
intel xeon e5-2699 v4,CPU,intel,intel xeon e5-2699 v4,2025,332.72,15.123636363636365,$/core
intel xeon e5-4620,CPU,intel,intel xeon e5-4620,2023,58.67,7.33375,$/core
intel xeon e5-4620,CPU,intel,intel xeon e5-4620,2025,58.77,7.34625,$/core
acer predator vesta ii rgb 32 gb | DDR5 | 6000MHz | 2x16GB,RAM,acer,acer predator vesta ii rgb 32 gb,2025,143.8,4.49375,$/GB
adata ad2s800b2g5-r 2 gb | DDR2 | 800MHz | 1x2GB,RAM,adata,adata ad2s800b2g5-r 2 gb,2025,16.45,8.225,$/GB
adata ad3s1333b2g9-r 2 gb | DDR3 | 1333MHz | 1x2GB,RAM,adata,adata ad3s1333b2g9-r 2 gb,2025,35.36,17.68,$/GB
adata ad5u480016g-dt 32 gb | DDR5 | 4800MHz | 2x16GB,RAM,adata,adata ad5u480016g-dt 32 gb,2025,139.87,4.3709375,$/GB
adata adds1600w4g11-s 4 gb | DDR3 | 1600MHz | 1x4GB,RAM,adata,adata adds1600w4g11-s 4 gb,2025,21.82,5.455,$/GB
adata premier 16 gb | DDR5 | 4800MHz | 1x16GB,RAM,adata,adata premier 16 gb,2023,52.12,3.2575,$/GB
adata premier 16 gb | DDR5 | 4800MHz | 1x16GB,RAM,adata,adata premier 16 gb,2025,57.45,3.590625,$/GB
adata xpg caster rgb 16 gb | DDR5 | 6400MHz | 1x16GB,RAM,adata,adata xpg caster rgb 16 gb,2025,83.47,5.216875,$/GB
adata xpg caster rgb 32 gb | DDR5 | 6000MHz | 2x16GB,RAM,adata,adata xpg caster rgb 32 gb,2025,385.07,12.0334375,$/GB
adata xpg caster rgb 32 gb | DDR5 | 6400MHz | 2x16GB,RAM,adata,adata xpg caster rgb 32 gb,2023,438.93,13.7165625,$/GB
adata xpg caster rgb 32 gb | DDR5 | 6400MHz | 2x16GB,RAM,adata,adata xpg caster rgb 32 gb,2025,474.95,14.8421875,$/GB
adata xpg gammix d10 16 gb | DDR4 | 3200MHz | 2x8GB,RAM,adata,adata xpg gammix d10 16 gb,2025,95.17,5.948125,$/GB
adata xpg gammix d10 16 gb | DDR4 | 3600MHz | 2x8GB,RAM,adata,adata xpg gammix d10 16 gb,2025,138.57,8.660625,$/GB
adata xpg gammix d10 32 gb | DDR4 | 3200MHz | 2x16GB,RAM,adata,adata xpg gammix d10 32 gb,2023,99.66,3.114375,$/GB
adata xpg gammix d10 8 gb | DDR4 | 3200MHz | 1x8GB,RAM,adata,adata xpg gammix d10 8 gb,2025,49.15,6.14375,$/GB
adata xpg gammix d20 16 gb | DDR4 | 3200MHz | 2x8GB,RAM,adata,adata xpg gammix d20 16 gb,2025,37.99,2.374375,$/GB
adata xpg gammix d20 32 gb | DDR4 | 3200MHz | 2x16GB,RAM,adata,adata xpg gammix d20 32 gb,2023,130.08,4.065,$/GB
adata xpg gammix d20 32 gb | DDR4 | 3200MHz | 2x16GB,RAM,adata,adata xpg gammix d20 32 gb,2025,140.94,4.404375,$/GB
adata xpg lancer blade 16 gb | DDR5 | 5600MHz | 1x16GB,RAM,adata,adata xpg lancer blade 16 gb,2025,69.41,4.338125,$/GB
adata xpg lancer blade 16 gb | DDR5 | 6000MHz | 1x16GB,RAM,adata,adata xpg lancer blade 16 gb,2025,73.26,4.57875,$/GB
adata xpg lancer blade 32 gb | DDR5 | 6000MHz | 2x16GB,RAM,adata,adata xpg lancer blade 32 gb,2023,109.48,3.42125,$/GB
adata xpg lancer blade 32 gb | DDR5 | 6000MHz | 2x16GB,RAM,adata,adata xpg lancer blade 32 gb,2025,157.57,4.9240625,$/GB
adata xpg lancer blade 32 gb | DDR5 | 6400MHz | 2x16GB,RAM,adata,adata xpg lancer blade 32 gb,2025,149.28,4.665,$/GB
adata xpg lancer blade 64 gb | DDR5 | 6000MHz | 2x32GB,RAM,adata,adata xpg lancer blade 64 gb,2025,339.75,5.30859375,$/GB
adata xpg lancer blade rgb 32 gb | DDR5 | 6000MHz | 1x32GB,RAM,adata,adata xpg lancer blade rgb 32 gb,2025,237.67,7.4271875,$/GB
adata xpg lancer blade rgb 32 gb | DDR5 | 6000MHz | 2x16GB,RAM,adata,adata xpg lancer blade rgb 32 gb,2023,119.99,3.7496875,$/GB
adata xpg lancer blade rgb 32 gb | DDR5 | 6000MHz | 2x16GB,RAM,adata,adata xpg lancer blade rgb 32 gb,2025,134.99,4.2184375,$/GB
adata xpg lancer blade rgb 32 gb | DDR5 | 6400MHz | 2x16GB,RAM,adata,adata xpg lancer blade rgb 32 gb,2023,139.99,4.3746875,$/GB
adata xpg lancer blade rgb 32 gb | DDR5 | 6400MHz | 2x16GB,RAM,adata,adata xpg lancer blade rgb 32 gb,2025,189.98,5.936875,$/GB
adata xpg lancer blade rgb 64 gb | DDR5 | 6000MHz | 2x32GB,RAM,adata,adata xpg lancer blade rgb 64 gb,2025,327.47,5.11671875,$/GB
adata xpg lancer neon rgb 32 gb | DDR5 | 6400MHz | 2x16GB,RAM,adata,adata xpg lancer neon rgb 32 gb,2025,157.21,4.9128125,$/GB
adata xpg lancer neon rgb 32 gb | DDR5 | 8000MHz | 2x16GB,RAM,adata,adata xpg lancer neon rgb 32 gb,2025,260.67,8.1459375,$/GB
adata xpg lancer rgb 32 gb | DDR5 | 5200MHz | 2x16GB,RAM,adata,adata xpg lancer rgb 32 gb,2023,109.99,3.4371875,$/GB
adata xpg lancer rgb 32 gb | DDR5 | 5200MHz | 2x16GB,RAM,adata,adata xpg lancer rgb 32 gb,2025,208.91,6.5284375,$/GB
adata xpg lancer rgb 32 gb | DDR5 | 5600MHz | 2x16GB,RAM,adata,adata xpg lancer rgb 32 gb,2025,124.99,3.9059375,$/GB
adata xpg lancer rgb 32 gb | DDR5 | 6000MHz | 2x16GB,RAM,adata,adata xpg lancer rgb 32 gb,2023,128.72,4.0225,$/GB
adata xpg lancer rgb 32 gb | DDR5 | 6000MHz | 2x16GB,RAM,adata,adata xpg lancer rgb 32 gb,2025,194.99,6.0934375,$/GB
adata xpg lancer rgb 32 gb | DDR5 | 6400MHz | 2x16GB,RAM,adata,adata xpg lancer rgb 32 gb,2025,161.64,5.05125,$/GB
adata xpg lancer rgb 32 gb | DDR5 | 7200MHz | 2x16GB,RAM,adata,adata xpg lancer rgb 32 gb,2023,109.42,3.419375,$/GB
adata xpg lancer rgb 48 gb | DDR5 | 7200MHz | 2x24GB,RAM,adata,adata xpg lancer rgb 48 gb,2025,223.58,4.657916666666667,$/GB
adata xpg lancer rgb 64 gb | DDR5 | 6400MHz | 2x32GB,RAM,adata,adata xpg lancer rgb 64 gb,2023,337.5,5.2734375,$/GB
adata xpg lancer rgb 64 gb | DDR5 | 6400MHz | 2x32GB,RAM,adata,adata xpg lancer rgb 64 gb,2025,313.96,4.905625,$/GB
adata xpg spectrix d35g rgb 16 gb | DDR4 | 3200MHz | 1x16GB,RAM,adata,adata xpg spectrix d35g rgb 16 gb,2025,97.01,6.063125,$/GB
adata xpg spectrix d35g rgb 16 gb | DDR4 | 3200MHz | 2x8GB,RAM,adata,adata xpg spectrix d35g rgb 16 gb,2025,54.99,3.436875,$/GB
adata xpg spectrix d35g rgb 16 gb | DDR4 | 3600MHz | 1x16GB,RAM,adata,adata xpg spectrix d35g rgb 16 gb,2025,73.22,4.57625,$/GB
adata xpg spectrix d35g rgb 16 gb | DDR4 | 3600MHz | 2x8GB,RAM,adata,adata xpg spectrix d35g rgb 16 gb,2025,88.26,5.51625,$/GB
adata xpg spectrix d35g rgb 32 gb | DDR4 | 3200MHz | 2x16GB,RAM,adata,adata xpg spectrix d35g rgb 32 gb,2025,99.99,3.1246875,$/GB
adata xpg spectrix d35g rgb 32 gb | DDR4 | 3600MHz | 1x32GB,RAM,adata,adata xpg spectrix d35g rgb 32 gb,2025,91.29,2.8528125,$/GB
adata xpg spectrix d35g rgb 32 gb | DDR4 | 3600MHz | 2x16GB,RAM,adata,adata xpg spectrix d35g rgb 32 gb,2025,131.58,4.111875,$/GB
adata xpg spectrix d35g rgb 64 gb | DDR4 | 3200MHz | 2x32GB,RAM,adata,adata xpg spectrix d35g rgb 64 gb,2025,189.99,2.96859375,$/GB
adata xpg spectrix d50 16 gb | DDR4 | 3200MHz | 2x8GB,RAM,adata,adata xpg spectrix d50 16 gb,2025,93.0,5.8125,$/GB
adata xpg spectrix d50 16 gb | DDR4 | 3600MHz | 2x8GB,RAM,adata,adata xpg spectrix d50 16 gb,2023,66.49,4.155625,$/GB
adata xpg spectrix d50 32 gb | DDR4 | 3200MHz | 2x16GB,RAM,adata,adata xpg spectrix d50 32 gb,2025,156.16,4.88,$/GB
adata xpg spectrix d50 32 gb | DDR4 | 3600MHz | 1x32GB,RAM,adata,adata xpg spectrix d50 32 gb,2023,163.27,5.1021875,$/GB
adata xpg spectrix d50 32 gb | DDR4 | 3600MHz | 1x32GB,RAM,adata,adata xpg spectrix d50 32 gb,2025,108.52,3.39125,$/GB
adata xpg spectrix d60g 16 gb | DDR4 | 3200MHz | 2x8GB,RAM,adata,adata xpg spectrix d60g 16 gb,2025,39.99,2.499375,$/GB
addlink spider x4 32 gb | DDR4 | 3200MHz | 2x16GB,RAM,addlink,addlink spider x4 32 gb,2023,86.44,2.70125,$/GB
amd rg2133 gamer 16 gb | DDR3 | 2133MHz | 4x4GB,RAM,amd,amd rg2133 gamer 16 gb,2025,206.58,12.91125,$/GB
antec katana rgb 16 gb | DDR4 | 3200MHz | 2x8GB,RAM,antec,antec katana rgb 16 gb,2025,100.07,6.254375,$/GB
corsair cmso16gx3m2a1333c9 16 gb | DDR3 | 1333MHz | 2x8GB,RAM,corsair,corsair cmso16gx3m2a1333c9 16 gb,2025,84.98,5.31125,$/GB
corsair cmso16gx3m2c1600c11 16 gb | DDR3 | 1600MHz | 2x8GB,RAM,corsair,corsair cmso16gx3m2c1600c11 16 gb,2025,84.98,5.31125,$/GB
corsair cmso4gx3m1a1333c9 4 gb | DDR3 | 1333MHz | 1x4GB,RAM,corsair,corsair cmso4gx3m1a1333c9 4 gb,2025,22.99,5.7475,$/GB
corsair cmso4gx3m1a1600c11 4 gb | DDR3 | 1600MHz | 1x4GB,RAM,corsair,corsair cmso4gx3m1a1600c11 4 gb,2025,22.99,5.7475,$/GB
corsair cmso4gx3m1c1333c9 4 gb | DDR3 | 1333MHz | 1x4GB,RAM,corsair,corsair cmso4gx3m1c1333c9 4 gb,2025,19.6,4.9,$/GB
corsair cmso4gx3m1c1600c11 4 gb | DDR3 | 1600MHz | 1x4GB,RAM,corsair,corsair cmso4gx3m1c1600c11 4 gb,2025,32.98,8.245,$/GB
corsair cmso8gx3m1c1333c9 8 gb | DDR3 | 1333MHz | 1x8GB,RAM,corsair,corsair cmso8gx3m1c1333c9 8 gb,2025,47.98,5.9975,$/GB
corsair cmso8gx3m1c1600c11 8 gb | DDR3 | 1600MHz | 1x8GB,RAM,corsair,corsair cmso8gx3m1c1600c11 8 gb,2025,37.99,4.74875,$/GB
corsair cmso8gx3m2c1600c11 8 gb | DDR3 | 1600MHz | 2x4GB,RAM,corsair,corsair cmso8gx3m2c1600c11 8 gb,2025,29.3,3.6625,$/GB
corsair cmsx4gx4m1a2400c16 4 gb | DDR4 | 2400MHz | 1x4GB,RAM,corsair,corsair cmsx4gx4m1a2400c16 4 gb,2025,21.45,5.3625,$/GB
corsair cmv16gx3m2a1333c9 16 gb | DDR3 | 1333MHz | 2x8GB,RAM,corsair,corsair cmv16gx3m2a1333c9 16 gb,2025,49.79,3.111875,$/GB
corsair cmv16gx3m2a1600c11 16 gb | DDR3 | 1600MHz | 2x8GB,RAM,corsair,corsair cmv16gx3m2a1600c11 16 gb,2025,79.54,4.97125,$/GB
corsair cmv4gx3m1a1333c9 4 gb | DDR3 | 1333MHz | 1x4GB,RAM,corsair,corsair cmv4gx3m1a1333c9 4 gb,2025,31.98,7.995,$/GB
corsair cmv4gx3m1a1600c11 4 gb | DDR3 | 1600MHz | 1x4GB,RAM,corsair,corsair cmv4gx3m1a1600c11 4 gb,2025,21.99,5.4975,$/GB
corsair cmv4gx4m1a2133c15 4 gb | DDR4 | 2133MHz | 1x4GB,RAM,corsair,corsair cmv4gx4m1a2133c15 4 gb,2025,18.78,4.695,$/GB
corsair cmv8gx3m1a1333c9 8 gb | DDR3 | 1333MHz | 1x8GB,RAM,corsair,corsair cmv8gx3m1a1333c9 8 gb,2025,46.98,5.8725,$/GB
corsair cmv8gx3m1a1600c11 8 gb | DDR3 | 1600MHz | 1x8GB,RAM,corsair,corsair cmv8gx3m1a1600c11 8 gb,2025,37.99,4.74875,$/GB
corsair cmv8gx3m2a1333c9 8 gb | DDR3 | 1333MHz | 2x4GB,RAM,corsair,corsair cmv8gx3m2a1333c9 8 gb,2025,39.11,4.88875,$/GB
corsair cmv8gx3m2a1600c11 8 gb | DDR3 | 1600MHz | 2x4GB,RAM,corsair,corsair cmv8gx3m2a1600c11 8 gb,2025,52.98,6.6225,$/GB
corsair cmv8gx4m1a2133c15 8 gb | DDR4 | 2133MHz | 1x8GB,RAM,corsair,corsair cmv8gx4m1a2133c15 8 gb,2025,34.99,4.37375,$/GB
corsair dominator 8 gb | DDR3 | 1600MHz | 4x2GB,RAM,corsair,corsair dominator 8 gb,2025,185.0,23.125,$/GB
corsair dominator platinum 16 gb | DDR3 | 2400MHz | 4x4GB,RAM,corsair,corsair dominator platinum 16 gb,2025,423.1,26.44375,$/GB
corsair dominator platinum 16 gb | DDR3 | 2666MHz | 4x4GB,RAM,corsair,corsair dominator platinum 16 gb,2025,288.39,18.024375,$/GB
corsair dominator platinum 32 gb | DDR3 | 1600MHz | 4x8GB,RAM,corsair,corsair dominator platinum 32 gb,2025,375.54,11.735625,$/GB
corsair dominator platinum 8 gb | DDR3 | 2666MHz | 2x4GB,RAM,corsair,corsair dominator platinum 8 gb,2025,152.04,19.005,$/GB
corsair dominator platinum 8 gb | DDR3 | 2800MHz | 2x4GB,RAM,corsair,corsair dominator platinum 8 gb,2025,270.86,33.8575,$/GB
corsair dominator platinum 8 gb | DDR4 | 2800MHz | 2x4GB,RAM,corsair,corsair dominator platinum 8 gb,2025,168.34,21.0425,$/GB
corsair dominator platinum rgb 128 gb | DDR4 | 3200MHz | 4x32GB,RAM,corsair,corsair dominator platinum rgb 128 gb,2023,534.52,4.1759375,$/GB
corsair dominator platinum rgb 16 gb | DDR4 | 3200MHz | 2x8GB,RAM,corsair,corsair dominator platinum rgb 16 gb,2023,79.98,4.99875,$/GB
corsair dominator platinum rgb 16 gb | DDR4 | 3200MHz | 2x8GB,RAM,corsair,corsair dominator platinum rgb 16 gb,2025,94.87,5.929375,$/GB
corsair dominator platinum rgb 16 gb | DDR4 | 3600MHz | 2x8GB,RAM,corsair,corsair dominator platinum rgb 16 gb,2023,89.99,5.624375,$/GB
corsair dominator platinum rgb 16 gb | DDR4 | 3600MHz | 2x8GB,RAM,corsair,corsair dominator platinum rgb 16 gb,2025,92.37,5.773125,$/GB
corsair dominator platinum rgb 16 gb | DDR4 | 4000MHz | 2x8GB,RAM,corsair,corsair dominator platinum rgb 16 gb,2025,132.44,8.2775,$/GB
corsair dominator platinum rgb 32 gb | DDR4 | 3200MHz | 2x16GB,RAM,corsair,corsair dominator platinum rgb 32 gb,2025,124.94,3.904375,$/GB
corsair dominator platinum rgb 32 gb | DDR4 | 3200MHz | 4x8GB,RAM,corsair,corsair dominator platinum rgb 32 gb,2025,176.46,5.514375,$/GB
corsair dominator platinum rgb 32 gb | DDR4 | 3466MHz | 2x16GB,RAM,corsair,corsair dominator platinum rgb 32 gb,2025,131.52,4.11,$/GB
corsair dominator platinum rgb 32 gb | DDR4 | 3600MHz | 2x16GB,RAM,corsair,corsair dominator platinum rgb 32 gb,2023,129.99,4.0621875,$/GB
corsair dominator platinum rgb 32 gb | DDR4 | 3600MHz | 2x16GB,RAM,corsair,corsair dominator platinum rgb 32 gb,2025,142.55,4.4546875,$/GB
corsair dominator platinum rgb 32 gb | DDR4 | 3600MHz | 4x8GB,RAM,corsair,corsair dominator platinum rgb 32 gb,2023,179.99,5.6246875,$/GB
corsair dominator platinum rgb 32 gb | DDR4 | 3600MHz | 4x8GB,RAM,corsair,corsair dominator platinum rgb 32 gb,2025,186.42,5.825625,$/GB
corsair dominator platinum rgb 32 gb | DDR4 | 4000MHz | 2x16GB,RAM,corsair,corsair dominator platinum rgb 32 gb,2023,276.2,8.63125,$/GB
corsair dominator platinum rgb 32 gb | DDR4 | 4000MHz | 2x16GB,RAM,corsair,corsair dominator platinum rgb 32 gb,2025,157.85,4.9328125,$/GB
corsair dominator platinum rgb 32 gb | DDR5 | 5200MHz | 2x16GB,RAM,corsair,corsair dominator platinum rgb 32 gb,2023,139.99,4.3746875,$/GB
corsair dominator platinum rgb 32 gb | DDR5 | 5200MHz | 2x16GB,RAM,corsair,corsair dominator platinum rgb 32 gb,2025,135.49,4.2340625,$/GB
corsair dominator platinum rgb 32 gb | DDR5 | 5600MHz | 2x16GB,RAM,corsair,corsair dominator platinum rgb 32 gb,2025,148.99,4.6559375,$/GB
corsair dominator platinum rgb 32 gb | DDR5 | 6000MHz | 2x16GB,RAM,corsair,corsair dominator platinum rgb 32 gb,2023,164.99,5.1559375,$/GB
corsair dominator platinum rgb 32 gb | DDR5 | 6000MHz | 2x16GB,RAM,corsair,corsair dominator platinum rgb 32 gb,2025,172.99,5.4059375,$/GB
corsair dominator platinum rgb 32 gb | DDR5 | 6200MHz | 2x16GB,RAM,corsair,corsair dominator platinum rgb 32 gb,2023,174.99,5.4684375,$/GB
corsair dominator platinum rgb 32 gb | DDR5 | 6200MHz | 2x16GB,RAM,corsair,corsair dominator platinum rgb 32 gb,2025,167.99,5.2496875,$/GB
corsair dominator platinum rgb 32 gb | DDR5 | 6400MHz | 2x16GB,RAM,corsair,corsair dominator platinum rgb 32 gb,2023,175.0,5.46875,$/GB
corsair dominator platinum rgb 32 gb | DDR5 | 6400MHz | 2x16GB,RAM,corsair,corsair dominator platinum rgb 32 gb,2025,176.44,5.51375,$/GB
corsair dominator platinum rgb 32 gb | DDR5 | 6600MHz | 2x16GB,RAM,corsair,corsair dominator platinum rgb 32 gb,2025,184.99,5.7809375,$/GB
corsair dominator platinum rgb 32 gb | DDR5 | 7000MHz | 2x16GB,RAM,corsair,corsair dominator platinum rgb 32 gb,2025,200.99,6.2809375,$/GB
corsair dominator platinum rgb 32 gb | DDR5 | 7200MHz | 2x16GB,RAM,corsair,corsair dominator platinum rgb 32 gb,2025,199.99,6.2496875,$/GB
corsair dominator platinum rgb 32 gb | DDR5 | 7600MHz | 2x16GB,RAM,corsair,corsair dominator platinum rgb 32 gb,2023,214.99,6.7184375,$/GB
corsair dominator platinum rgb 32 gb | DDR5 | 7600MHz | 2x16GB,RAM,corsair,corsair dominator platinum rgb 32 gb,2025,210.99,6.5934375,$/GB
corsair dominator platinum rgb 64 gb | DDR4 | 3200MHz | 4x16GB,RAM,corsair,corsair dominator platinum rgb 64 gb,2025,243.99,3.81234375,$/GB
corsair dominator platinum rgb 64 gb | DDR4 | 3600MHz | 2x32GB,RAM,corsair,corsair dominator platinum rgb 64 gb,2023,224.99,3.51546875,$/GB
corsair dominator platinum rgb 64 gb | DDR4 | 3600MHz | 4x16GB,RAM,corsair,corsair dominator platinum rgb 64 gb,2023,252.49,3.94515625,$/GB
corsair dominator platinum rgb 64 gb | DDR5 | 5200MHz | 2x32GB,RAM,corsair,corsair dominator platinum rgb 64 gb,2023,219.99,3.43734375,$/GB
corsair dominator platinum rgb 64 gb | DDR5 | 5200MHz | 2x32GB,RAM,corsair,corsair dominator platinum rgb 64 gb,2025,210.99,3.29671875,$/GB
corsair dominator platinum rgb 64 gb | DDR5 | 5600MHz | 2x32GB,RAM,corsair,corsair dominator platinum rgb 64 gb,2023,232.49,3.63265625,$/GB
corsair dominator platinum rgb 64 gb | DDR5 | 5600MHz | 2x32GB,RAM,corsair,corsair dominator platinum rgb 64 gb,2025,229.99,3.59359375,$/GB
corsair dominator platinum rgb 64 gb | DDR5 | 5600MHz | 4x16GB,RAM,corsair,corsair dominator platinum rgb 64 gb,2023,289.99,4.53109375,$/GB
corsair dominator platinum rgb 64 gb | DDR5 | 5600MHz | 4x16GB,RAM,corsair,corsair dominator platinum rgb 64 gb,2025,286.99,4.48421875,$/GB
corsair dominator platinum rgb 64 gb | DDR5 | 6000MHz | 2x32GB,RAM,corsair,corsair dominator platinum rgb 64 gb,2023,249.99,3.90609375,$/GB
corsair dominator platinum rgb 64 gb | DDR5 | 6000MHz | 2x32GB,RAM,corsair,corsair dominator platinum rgb 64 gb,2025,270.49,4.22640625,$/GB
corsair dominator platinum rgb 64 gb | DDR5 | 6200MHz | 4x16GB,RAM,corsair,corsair dominator platinum rgb 64 gb,2023,315.0,4.921875,$/GB
corsair dominator platinum rgb 64 gb | DDR5 | 6200MHz | 4x16GB,RAM,corsair,corsair dominator platinum rgb 64 gb,2025,351.99,5.49984375,$/GB
corsair dominator platinum rgb 64 gb | DDR5 | 6400MHz | 2x32GB,RAM,corsair,corsair dominator platinum rgb 64 gb,2023,284.99,4.45296875,$/GB
corsair dominator platinum rgb 64 gb | DDR5 | 6400MHz | 2x32GB,RAM,corsair,corsair dominator platinum rgb 64 gb,2025,319.99,4.99984375,$/GB
corsair dominator platinum rgb 64 gb | DDR5 | 6400MHz | 4x16GB,RAM,corsair,corsair dominator platinum rgb 64 gb,2025,379.99,5.93734375,$/GB
corsair dominator platinum rgb 64 gb | DDR5 | 6600MHz | 2x32GB,RAM,corsair,corsair dominator platinum rgb 64 gb,2023,294.99,4.60921875,$/GB
corsair dominator platinum rgb 64 gb | DDR5 | 6600MHz | 2x32GB,RAM,corsair,corsair dominator platinum rgb 64 gb,2025,299.99,4.68734375,$/GB
corsair dominator platinum rgb 64 gb | DDR5 | 6600MHz | 4x16GB,RAM,corsair,corsair dominator platinum rgb 64 gb,2025,377.99,5.90609375,$/GB
corsair dominator platinum rgb 64 gb | DDR5 | 6800MHz | 2x32GB,RAM,corsair,corsair dominator platinum rgb 64 gb,2025,319.99,4.99984375,$/GB
corsair dominator platinum rog edition 32 gb | DDR4 | 3200MHz | 4x8GB,RAM,corsair,corsair dominator platinum rog edition 32 gb,2025,351.49,10.9840625,$/GB
corsair dominator titanium 32 gb | DDR5 | 6000MHz | 2x16GB,RAM,corsair,corsair dominator titanium 32 gb,2023,174.99,5.4684375,$/GB
corsair dominator titanium 32 gb | DDR5 | 6000MHz | 2x16GB,RAM,corsair,corsair dominator titanium 32 gb,2025,180.49,5.6403125,$/GB
corsair dominator titanium 32 gb | DDR5 | 6400MHz | 2x16GB,RAM,corsair,corsair dominator titanium 32 gb,2023,151.27,4.7271875,$/GB
corsair dominator titanium 32 gb | DDR5 | 6400MHz | 2x16GB,RAM,corsair,corsair dominator titanium 32 gb,2025,188.99,5.9059375,$/GB
corsair dominator titanium 32 gb | DDR5 | 6600MHz | 2x16GB,RAM,corsair,corsair dominator titanium 32 gb,2023,175.99,5.4996875,$/GB
corsair dominator titanium 32 gb | DDR5 | 6600MHz | 2x16GB,RAM,corsair,corsair dominator titanium 32 gb,2025,189.99,5.9371875,$/GB
corsair dominator titanium 32 gb | DDR5 | 7000MHz | 2x16GB,RAM,corsair,corsair dominator titanium 32 gb,2025,209.99,6.5621875,$/GB
corsair dominator titanium 32 gb | DDR5 | 7200MHz | 2x16GB,RAM,corsair,corsair dominator titanium 32 gb,2023,199.99,6.2496875,$/GB
corsair dominator titanium 32 gb | DDR5 | 7200MHz | 2x16GB,RAM,corsair,corsair dominator titanium 32 gb,2025,197.99,6.1871875,$/GB
corsair dominator titanium 48 gb | DDR5 | 6000MHz | 2x24GB,RAM,corsair,corsair dominator titanium 48 gb,2023,229.99,4.791458333333334,$/GB
corsair dominator titanium 48 gb | DDR5 | 6000MHz | 2x24GB,RAM,corsair,corsair dominator titanium 48 gb,2025,221.99,4.624791666666667,$/GB
corsair dominator titanium 48 gb | DDR5 | 7000MHz | 2x24GB,RAM,corsair,corsair dominator titanium 48 gb,2023,239.99,4.999791666666667,$/GB
corsair dominator titanium 48 gb | DDR5 | 7000MHz | 2x24GB,RAM,corsair,corsair dominator titanium 48 gb,2025,239.99,4.999791666666667,$/GB
corsair dominator titanium 48 gb | DDR5 | 7200MHz | 2x24GB,RAM,corsair,corsair dominator titanium 48 gb,2025,250.99,5.228958333333334,$/GB
corsair dominator titanium 48 gb | DDR5 | 7600MHz | 2x24GB,RAM,corsair,corsair dominator titanium 48 gb,2023,279.99,5.833125,$/GB
corsair dominator titanium 48 gb | DDR5 | 7600MHz | 2x24GB,RAM,corsair,corsair dominator titanium 48 gb,2025,258.99,5.395625,$/GB
corsair dominator titanium 64 gb | DDR5 | 6000MHz | 2x32GB,RAM,corsair,corsair dominator titanium 64 gb,2023,282.0,4.40625,$/GB
corsair dominator titanium 64 gb | DDR5 | 6000MHz | 2x32GB,RAM,corsair,corsair dominator titanium 64 gb,2025,309.99,4.84359375,$/GB
corsair dominator titanium 64 gb | DDR5 | 6000MHz | 4x16GB,RAM,corsair,corsair dominator titanium 64 gb,2023,339.99,5.31234375,$/GB
corsair dominator titanium 64 gb | DDR5 | 6000MHz | 4x16GB,RAM,corsair,corsair dominator titanium 64 gb,2025,334.99,5.23421875,$/GB
corsair dominator titanium 64 gb | DDR5 | 6400MHz | 2x32GB,RAM,corsair,corsair dominator titanium 64 gb,2025,329.99,5.15609375,$/GB
corsair dominator titanium 64 gb | DDR5 | 6400MHz | 4x16GB,RAM,corsair,corsair dominator titanium 64 gb,2023,359.99,5.62484375,$/GB
corsair dominator titanium 64 gb | DDR5 | 6400MHz | 4x16GB,RAM,corsair,corsair dominator titanium 64 gb,2025,377.99,5.90609375,$/GB
corsair dominator titanium 64 gb | DDR5 | 6600MHz | 2x32GB,RAM,corsair,corsair dominator titanium 64 gb,2023,309.99,4.84359375,$/GB
corsair dominator titanium 64 gb | DDR5 | 6600MHz | 2x32GB,RAM,corsair,corsair dominator titanium 64 gb,2025,296.34,4.6303125,$/GB
corsair dominator titanium 96 gb | DDR5 | 6000MHz | 4x24GB,RAM,corsair,corsair dominator titanium 96 gb,2023,474.99,4.9478125,$/GB
corsair dominator titanium 96 gb | DDR5 | 6000MHz | 4x24GB,RAM,corsair,corsair dominator titanium 96 gb,2025,465.99,4.8540625,$/GB
corsair dominator titanium 96 gb | DDR5 | 6400MHz | 2x48GB,RAM,corsair,corsair dominator titanium 96 gb,2025,419.99,4.374895833333333,$/GB
corsair dominator titanium 96 gb | DDR5 | 6400MHz | 4x24GB,RAM,corsair,corsair dominator titanium 96 gb,2025,470.99,4.906145833333333,$/GB
corsair dominator titanium 96 gb | DDR5 | 6600MHz | 2x48GB,RAM,corsair,corsair dominator titanium 96 gb,2025,422.49,4.4009375,$/GB
corsair dominator titanium 96 gb | DDR5 | 7000MHz | 2x48GB,RAM,corsair,corsair dominator titanium 96 gb,2025,427.99,4.4582291666666665,$/GB
corsair dominator titanium first edition 32 gb | DDR5 | 7200MHz | 2x16GB,RAM,corsair,corsair dominator titanium first edition 32 gb,2023,234.99,7.3434375,$/GB
corsair dominator titanium first edition 32 gb | DDR5 | 7200MHz | 2x16GB,RAM,corsair,corsair dominator titanium first edition 32 gb,2025,233.99,7.3121875,$/GB
corsair dominator titanium first edition 48 gb | DDR5 | 7200MHz | 2x24GB,RAM,corsair,corsair dominator titanium first edition 48 gb,2023,289.99,6.041458333333334,$/GB
corsair dominator titanium first edition 48 gb | DDR5 | 7200MHz | 2x24GB,RAM,corsair,corsair dominator titanium first edition 48 gb,2025,273.99,5.708125,$/GB
corsair dominator titanium first edition 64 gb | DDR5 | 6600MHz | 2x32GB,RAM,corsair,corsair dominator titanium first edition 64 gb,2025,328.99,5.14046875,$/GB
corsair mac memory 16 gb | DDR3 | 1333MHz | 2x8GB,RAM,corsair,corsair mac memory 16 gb,2025,83.99,5.249375,$/GB
corsair mac memory 16 gb | DDR3 | 1600MHz | 2x8GB,RAM,corsair,corsair mac memory 16 gb,2025,77.98,4.87375,$/GB
corsair mac memory 4 gb | DDR3 | 1066MHz | 1x4GB,RAM,corsair,corsair mac memory 4 gb,2025,21.99,5.4975,$/GB
corsair mac memory 4 gb | DDR3 | 1333MHz | 1x4GB,RAM,corsair,corsair mac memory 4 gb,2023,9.99,2.4975,$/GB
corsair mac memory 4 gb | DDR3 | 1333MHz | 1x4GB,RAM,corsair,corsair mac memory 4 gb,2025,15.87,3.9675,$/GB
corsair mac memory 8 gb | DDR3 | 1066MHz | 2x4GB,RAM,corsair,corsair mac memory 8 gb,2025,52.98,6.6225,$/GB
corsair mac memory 8 gb | DDR3 | 1333MHz | 1x8GB,RAM,corsair,corsair mac memory 8 gb,2025,49.98,6.2475,$/GB
corsair mac memory 8 gb | DDR3 | 1333MHz | 2x4GB,RAM,corsair,corsair mac memory 8 gb,2025,42.99,5.37375,$/GB
corsair mac memory 8 gb | DDR3 | 1600MHz | 1x8GB,RAM,corsair,corsair mac memory 8 gb,2025,39.99,4.99875,$/GB
corsair valueselect 16 gb | DDR4 | 2133MHz | 1x16GB,RAM,corsair,corsair valueselect 16 gb,2025,66.48,4.155,$/GB
corsair valueselect 16 gb | DDR4 | 2133MHz | 2x8GB,RAM,corsair,corsair valueselect 16 gb,2025,68.98,4.31125,$/GB
corsair valueselect 16 gb | DDR4 | 2666MHz | 1x16GB,RAM,corsair,corsair valueselect 16 gb,2023,49.98,3.12375,$/GB
corsair valueselect 16 gb | DDR4 | 2666MHz | 1x16GB,RAM,corsair,corsair valueselect 16 gb,2025,69.98,4.37375,$/GB
corsair valueselect 32 gb | DDR4 | 2666MHz | 1x32GB,RAM,corsair,corsair valueselect 32 gb,2025,67.42,2.106875,$/GB
corsair valueselect 4 gb | DDR3 | 1600MHz | 1x4GB,RAM,corsair,corsair valueselect 4 gb,2025,36.2,9.05,$/GB
corsair valueselect 4 gb | DDR4 | 2133MHz | 1x4GB,RAM,corsair,corsair valueselect 4 gb,2025,19.86,4.965,$/GB
corsair valueselect 4 gb | DDR4 | 2400MHz | 1x4GB,RAM,corsair,corsair valueselect 4 gb,2023,17.76,4.44,$/GB
corsair valueselect 4 gb | DDR4 | 2400MHz | 1x4GB,RAM,corsair,corsair valueselect 4 gb,2025,14.99,3.7475,$/GB
corsair valueselect 8 gb | DDR4 | 2133MHz | 1x8GB,RAM,corsair,corsair valueselect 8 gb,2025,36.67,4.58375,$/GB
corsair valueselect 8 gb | DDR4 | 2133MHz | 2x4GB,RAM,corsair,corsair valueselect 8 gb,2025,56.32,7.04,$/GB
corsair valueselect 8 gb | DDR4 | 2666MHz | 1x8GB,RAM,corsair,corsair valueselect 8 gb,2023,24.99,3.12375,$/GB
corsair valueselect 8 gb | DDR4 | 2666MHz | 1x8GB,RAM,corsair,corsair valueselect 8 gb,2025,45.98,5.7475,$/GB
corsair vengeance 12 gb | DDR3 | 1600MHz | 3x4GB,RAM,corsair,corsair vengeance 12 gb,2025,84.98,7.081666666666667,$/GB
corsair vengeance 128 gb | DDR5 | 5600MHz | 4x32GB,RAM,corsair,corsair vengeance 128 gb,2023,429.99,3.359296875,$/GB
corsair vengeance 128 gb | DDR5 | 5600MHz | 4x32GB,RAM,corsair,corsair vengeance 128 gb,2025,540.99,4.226484375,$/GB
corsair vengeance 128 gb | DDR5 | 6400MHz | 2x64GB,RAM,corsair,corsair vengeance 128 gb,2025,372.99,2.913984375,$/GB
corsair vengeance 16 gb | DDR3 | 1600MHz | 2x8GB,RAM,corsair,corsair vengeance 16 gb,2025,82.48,5.155,$/GB
corsair vengeance 16 gb | DDR3 | 1600MHz | 4x4GB,RAM,corsair,corsair vengeance 16 gb,2023,217.5,13.59375,$/GB
corsair vengeance 16 gb | DDR3 | 1600MHz | 4x4GB,RAM,corsair,corsair vengeance 16 gb,2025,149.06,9.31625,$/GB
corsair vengeance 16 gb | DDR3 | 1866MHz | 4x4GB,RAM,corsair,corsair vengeance 16 gb,2025,147.44,9.215,$/GB
corsair vengeance 16 gb | DDR3 | 2133MHz | 4x4GB,RAM,corsair,corsair vengeance 16 gb,2025,181.36,11.335,$/GB
corsair vengeance 16 gb | DDR5 | 4800MHz | 2x8GB,RAM,corsair,corsair vengeance 16 gb,2025,56.99,3.561875,$/GB
corsair vengeance 16 gb | DDR5 | 5200MHz | 1x16GB,RAM,corsair,corsair vengeance 16 gb,2025,58.98,3.68625,$/GB
corsair vengeance 16 gb | DDR5 | 5200MHz | 2x8GB,RAM,corsair,corsair vengeance 16 gb,2023,74.98,4.68625,$/GB
corsair vengeance 16 gb | DDR5 | 5200MHz | 2x8GB,RAM,corsair,corsair vengeance 16 gb,2025,64.98,4.06125,$/GB
corsair vengeance 192 gb | DDR5 | 5200MHz | 4x48GB,RAM,corsair,corsair vengeance 192 gb,2025,614.99,3.2030729166666667,$/GB
corsair vengeance 32 gb | DDR5 | 4800MHz | 2x16GB,RAM,corsair,corsair vengeance 32 gb,2023,91.99,2.8746875,$/GB
corsair vengeance 32 gb | DDR5 | 4800MHz | 2x16GB,RAM,corsair,corsair vengeance 32 gb,2025,89.99,2.8121875,$/GB
corsair vengeance 32 gb | DDR5 | 5200MHz | 1x32GB,RAM,corsair,corsair vengeance 32 gb,2025,82.99,2.5934375,$/GB
corsair vengeance 32 gb | DDR5 | 5200MHz | 2x16GB,RAM,corsair,corsair vengeance 32 gb,2023,106.49,3.3278125,$/GB
corsair vengeance 32 gb | DDR5 | 5200MHz | 2x16GB,RAM,corsair,corsair vengeance 32 gb,2025,96.99,3.0309375,$/GB
corsair vengeance 32 gb | DDR5 | 5600MHz | 1x32GB,RAM,corsair,corsair vengeance 32 gb,2023,104.99,3.2809375,$/GB
corsair vengeance 32 gb | DDR5 | 5600MHz | 1x32GB,RAM,corsair,corsair vengeance 32 gb,2025,98.99,3.0934375,$/GB
corsair vengeance 32 gb | DDR5 | 5600MHz | 2x16GB,RAM,corsair,corsair vengeance 32 gb,2023,110.99,3.4684375,$/GB
corsair vengeance 32 gb | DDR5 | 5600MHz | 2x16GB,RAM,corsair,corsair vengeance 32 gb,2025,108.58,3.393125,$/GB
corsair vengeance 32 gb | DDR5 | 6000MHz | 2x16GB,RAM,corsair,corsair vengeance 32 gb,2023,117.49,3.6715625,$/GB
corsair vengeance 32 gb | DDR5 | 6000MHz | 2x16GB,RAM,corsair,corsair vengeance 32 gb,2025,117.49,3.6715625,$/GB
corsair vengeance 32 gb | DDR5 | 6200MHz | 2x16GB,RAM,corsair,corsair vengeance 32 gb,2023,124.99,3.9059375,$/GB
corsair vengeance 32 gb | DDR5 | 6200MHz | 2x16GB,RAM,corsair,corsair vengeance 32 gb,2025,131.99,4.1246875,$/GB
corsair vengeance 32 gb | DDR5 | 6400MHz | 2x16GB,RAM,corsair,corsair vengeance 32 gb,2023,119.99,3.7496875,$/GB
corsair vengeance 32 gb | DDR5 | 6400MHz | 2x16GB,RAM,corsair,corsair vengeance 32 gb,2025,127.04,3.97,$/GB
corsair vengeance 32 gb | DDR5 | 6600MHz | 2x16GB,RAM,corsair,corsair vengeance 32 gb,2025,128.99,4.0309375,$/GB
corsair vengeance 32 gb | DDR5 | 6800MHz | 2x16GB,RAM,corsair,corsair vengeance 32 gb,2023,139.99,4.3746875,$/GB
corsair vengeance 32 gb | DDR5 | 6800MHz | 2x16GB,RAM,corsair,corsair vengeance 32 gb,2025,124.9,3.903125,$/GB
corsair vengeance 32 gb | DDR5 | 7000MHz | 2x16GB,RAM,corsair,corsair vengeance 32 gb,2025,151.44,4.7325,$/GB
corsair vengeance 32 gb | DDR5 | 7200MHz | 2x16GB,RAM,corsair,corsair vengeance 32 gb,2025,164.99,5.1559375,$/GB
corsair vengeance 4 gb | DDR3 | 1600MHz | 1x4GB,RAM,corsair,corsair vengeance 4 gb,2025,30.98,7.745,$/GB
corsair vengeance 48 gb | DDR5 | 5200MHz | 2x24GB,RAM,corsair,corsair vengeance 48 gb,2023,149.99,3.124791666666667,$/GB
corsair vengeance 48 gb | DDR5 | 5200MHz | 2x24GB,RAM,corsair,corsair vengeance 48 gb,2025,133.99,2.7914583333333334,$/GB
corsair vengeance 48 gb | DDR5 | 5600MHz | 2x24GB,RAM,corsair,corsair vengeance 48 gb,2023,159.99,3.3331250000000003,$/GB
corsair vengeance 48 gb | DDR5 | 5600MHz | 2x24GB,RAM,corsair,corsair vengeance 48 gb,2025,140.99,2.937291666666667,$/GB
corsair vengeance 48 gb | DDR5 | 6000MHz | 2x24GB,RAM,corsair,corsair vengeance 48 gb,2025,179.99,3.749791666666667,$/GB
corsair vengeance 48 gb | DDR5 | 6400MHz | 2x24GB,RAM,corsair,corsair vengeance 48 gb,2025,173.92,3.623333333333333,$/GB
corsair vengeance 48 gb | DDR5 | 7000MHz | 2x24GB,RAM,corsair,corsair vengeance 48 gb,2023,189.99,3.9581250000000003,$/GB
corsair vengeance 48 gb | DDR5 | 7000MHz | 2x24GB,RAM,corsair,corsair vengeance 48 gb,2025,179.99,3.749791666666667,$/GB
corsair vengeance 64 gb | DDR5 | 4400MHz | 2x32GB,RAM,corsair,corsair vengeance 64 gb,2023,179.99,2.81234375,$/GB
corsair vengeance 64 gb | DDR5 | 4400MHz | 2x32GB,RAM,corsair,corsair vengeance 64 gb,2025,160.99,2.51546875,$/GB
corsair vengeance 64 gb | DDR5 | 4800MHz | 2x32GB,RAM,corsair,corsair vengeance 64 gb,2023,168.99,2.64046875,$/GB
corsair vengeance 64 gb | DDR5 | 4800MHz | 2x32GB,RAM,corsair,corsair vengeance 64 gb,2025,157.99,2.46859375,$/GB
corsair vengeance 64 gb | DDR5 | 5200MHz | 2x32GB,RAM,corsair,corsair vengeance 64 gb,2023,169.99,2.65609375,$/GB
corsair vengeance 64 gb | DDR5 | 5200MHz | 2x32GB,RAM,corsair,corsair vengeance 64 gb,2025,156.28,2.441875,$/GB
corsair vengeance 64 gb | DDR5 | 5600MHz | 2x32GB,RAM,corsair,corsair vengeance 64 gb,2023,214.99,3.35921875,$/GB
corsair vengeance 64 gb | DDR5 | 5600MHz | 2x32GB,RAM,corsair,corsair vengeance 64 gb,2025,187.99,2.93734375,$/GB
corsair vengeance 64 gb | DDR5 | 5600MHz | 4x16GB,RAM,corsair,corsair vengeance 64 gb,2023,239.99,3.74984375,$/GB
corsair vengeance 64 gb | DDR5 | 5600MHz | 4x16GB,RAM,corsair,corsair vengeance 64 gb,2025,230.13,3.59578125,$/GB
corsair vengeance 64 gb | DDR5 | 6000MHz | 2x32GB,RAM,corsair,corsair vengeance 64 gb,2023,221.49,3.46078125,$/GB
corsair vengeance 64 gb | DDR5 | 6000MHz | 2x32GB,RAM,corsair,corsair vengeance 64 gb,2025,195.99,3.06234375,$/GB
corsair vengeance 64 gb | DDR5 | 6000MHz | 4x16GB,RAM,corsair,corsair vengeance 64 gb,2025,275.49,4.30453125,$/GB
corsair vengeance 64 gb | DDR5 | 6200MHz | 2x32GB,RAM,corsair,corsair vengeance 64 gb,2023,229.9,3.5921875,$/GB
corsair vengeance 64 gb | DDR5 | 6200MHz | 2x32GB,RAM,corsair,corsair vengeance 64 gb,2025,275.99,4.31234375,$/GB
corsair vengeance 64 gb | DDR5 | 6200MHz | 4x16GB,RAM,corsair,corsair vengeance 64 gb,2023,259.99,4.06234375,$/GB
corsair vengeance 64 gb | DDR5 | 6200MHz | 4x16GB,RAM,corsair,corsair vengeance 64 gb,2025,275.99,4.31234375,$/GB
corsair vengeance 64 gb | DDR5 | 6400MHz | 2x32GB,RAM,corsair,corsair vengeance 64 gb,2023,219.99,3.43734375,$/GB
corsair vengeance 64 gb | DDR5 | 6400MHz | 2x32GB,RAM,corsair,corsair vengeance 64 gb,2025,229.99,3.59359375,$/GB
corsair vengeance 64 gb | DDR5 | 6400MHz | 4x16GB,RAM,corsair,corsair vengeance 64 gb,2025,308.99,4.82796875,$/GB
corsair vengeance 64 gb | DDR5 | 6600MHz | 2x32GB,RAM,corsair,corsair vengeance 64 gb,2025,285.0,4.453125,$/GB
corsair vengeance 64 gb | DDR5 | 6600MHz | 4x16GB,RAM,corsair,corsair vengeance 64 gb,2023,279.99,4.37484375,$/GB
corsair vengeance 64 gb | DDR5 | 6600MHz | 4x16GB,RAM,corsair,corsair vengeance 64 gb,2025,299.99,4.68734375,$/GB
corsair vengeance 8 gb | DDR3 | 1600MHz | 1x8GB,RAM,corsair,corsair vengeance 8 gb,2025,40.49,5.06125,$/GB
corsair vengeance 8 gb | DDR3 | 1600MHz | 2x4GB,RAM,corsair,corsair vengeance 8 gb,2023,84.75,10.59375,$/GB
corsair vengeance 8 gb | DDR3 | 1600MHz | 2x4GB,RAM,corsair,corsair vengeance 8 gb,2025,60.98,7.6225,$/GB
corsair vengeance 8 gb | DDR3 | 2133MHz | 2x4GB,RAM,corsair,corsair vengeance 8 gb,2025,89.26,11.1575,$/GB
corsair vengeance 8 gb | DDR4 | 2666MHz | 2x4GB,RAM,corsair,corsair vengeance 8 gb,2025,35.15,4.39375,$/GB
corsair vengeance 96 gb | DDR5 | 5200MHz | 2x48GB,RAM,corsair,corsair vengeance 96 gb,2025,229.99,2.395729166666667,$/GB
corsair vengeance 96 gb | DDR5 | 5600MHz | 2x48GB,RAM,corsair,corsair vengeance 96 gb,2023,279.99,2.9165625,$/GB
corsair vengeance 96 gb | DDR5 | 5600MHz | 2x48GB,RAM,corsair,corsair vengeance 96 gb,2025,245.99,2.5623958333333334,$/GB
corsair vengeance 96 gb | DDR5 | 5600MHz | 4x24GB,RAM,corsair,corsair vengeance 96 gb,2025,285.99,2.9790625,$/GB
corsair vengeance 96 gb | DDR5 | 6000MHz | 2x48GB,RAM,corsair,corsair vengeance 96 gb,2025,339.99,3.5415625,$/GB
corsair vengeance 96 gb | DDR5 | 6000MHz | 4x24GB,RAM,corsair,corsair vengeance 96 gb,2025,379.9,3.9572916666666664,$/GB
corsair vengeance 96 gb | DDR5 | 6400MHz | 2x48GB,RAM,corsair,corsair vengeance 96 gb,2025,329.99,3.4373958333333334,$/GB
corsair vengeance 96 gb | DDR5 | 6600MHz | 2x48GB,RAM,corsair,corsair vengeance 96 gb,2025,349.99,3.645729166666667,$/GB
corsair vengeance 96 gb | DDR5 | 6800MHz | 2x48GB,RAM,corsair,corsair vengeance 96 gb,2025,339.99,3.5415625,$/GB
corsair vengeance led 16 gb | DDR4 | 2400MHz | 2x8GB,RAM,corsair,corsair vengeance led 16 gb,2025,170.0,10.625,$/GB
corsair vengeance led 32 gb | DDR4 | 3333MHz | 2x16GB,RAM,corsair,corsair vengeance led 32 gb,2025,259.36,8.105,$/GB
corsair vengeance led 64 gb | DDR4 | 2666MHz | 4x16GB,RAM,corsair,corsair vengeance led 64 gb,2025,499.61,7.80640625,$/GB
corsair vengeance lp 16 gb | DDR3 | 1600MHz | 2x8GB,RAM,corsair,corsair vengeance lp 16 gb,2023,79.98,4.99875,$/GB
corsair vengeance lp 16 gb | DDR3 | 1600MHz | 2x8GB,RAM,corsair,corsair vengeance lp 16 gb,2025,78.98,4.93625,$/GB
corsair vengeance lpx 128 gb | DDR4 | 3200MHz | 4x32GB,RAM,corsair,corsair vengeance lpx 128 gb,2023,264.99,2.070234375,$/GB
corsair vengeance lpx 128 gb | DDR4 | 3200MHz | 4x32GB,RAM,corsair,corsair vengeance lpx 128 gb,2025,315.9,2.46796875,$/GB
corsair vengeance lpx 16 gb | DDR4 | 2133MHz | 2x8GB,RAM,corsair,corsair vengeance lpx 16 gb,2025,70.4,4.4,$/GB
corsair vengeance lpx 16 gb | DDR4 | 2400MHz | 1x16GB,RAM,corsair,corsair vengeance lpx 16 gb,2025,37.79,2.361875,$/GB
corsair vengeance lpx 16 gb | DDR4 | 2400MHz | 2x8GB,RAM,corsair,corsair vengeance lpx 16 gb,2025,73.98,4.62375,$/GB
corsair vengeance lpx 16 gb | DDR4 | 2666MHz | 1x16GB,RAM,corsair,corsair vengeance lpx 16 gb,2025,62.99,3.936875,$/GB
corsair vengeance lpx 16 gb | DDR4 | 2666MHz | 2x8GB,RAM,corsair,corsair vengeance lpx 16 gb,2025,60.98,3.81125,$/GB
corsair vengeance lpx 16 gb | DDR4 | 2666MHz | 4x4GB,RAM,corsair,corsair vengeance lpx 16 gb,2023,74.98,4.68625,$/GB
corsair vengeance lpx 16 gb | DDR4 | 2933MHz | 2x8GB,RAM,corsair,corsair vengeance lpx 16 gb,2023,49.99,3.124375,$/GB
corsair vengeance lpx 16 gb | DDR4 | 2933MHz | 2x8GB,RAM,corsair,corsair vengeance lpx 16 gb,2025,51.99,3.249375,$/GB
corsair vengeance lpx 16 gb | DDR4 | 3000MHz | 1x16GB,RAM,corsair,corsair vengeance lpx 16 gb,2023,39.99,2.499375,$/GB
corsair vengeance lpx 16 gb | DDR4 | 3000MHz | 1x16GB,RAM,corsair,corsair vengeance lpx 16 gb,2025,64.98,4.06125,$/GB
corsair vengeance lpx 16 gb | DDR4 | 3000MHz | 2x8GB,RAM,corsair,corsair vengeance lpx 16 gb,2023,44.99,2.811875,$/GB
corsair vengeance lpx 16 gb | DDR4 | 3000MHz | 2x8GB,RAM,corsair,corsair vengeance lpx 16 gb,2025,73.98,4.62375,$/GB
corsair vengeance lpx 16 gb | DDR4 | 3000MHz | 4x4GB,RAM,corsair,corsair vengeance lpx 16 gb,2025,123.5,7.71875,$/GB
corsair vengeance lpx 16 gb | DDR4 | 3200MHz | 1x16GB,RAM,corsair,corsair vengeance lpx 16 gb,2025,72.98,4.56125,$/GB
corsair vengeance lpx 16 gb | DDR4 | 3200MHz | 2x8GB,RAM,corsair,corsair vengeance lpx 16 gb,2023,42.48,2.655,$/GB
corsair vengeance lpx 16 gb | DDR4 | 3200MHz | 2x8GB,RAM,corsair,corsair vengeance lpx 16 gb,2025,89.99,5.624375,$/GB
corsair vengeance lpx 16 gb | DDR4 | 3600MHz | 1x16GB,RAM,corsair,corsair vengeance lpx 16 gb,2025,80.98,5.06125,$/GB
corsair vengeance lpx 16 gb | DDR4 | 3600MHz | 2x8GB,RAM,corsair,corsair vengeance lpx 16 gb,2023,44.49,2.780625,$/GB
corsair vengeance lpx 16 gb | DDR4 | 3600MHz | 2x8GB,RAM,corsair,corsair vengeance lpx 16 gb,2025,90.78,5.67375,$/GB
corsair vengeance lpx 16 gb | DDR4 | 4000MHz | 2x8GB,RAM,corsair,corsair vengeance lpx 16 gb,2023,79.99,4.999375,$/GB
corsair vengeance lpx 16 gb | DDR4 | 4000MHz | 2x8GB,RAM,corsair,corsair vengeance lpx 16 gb,2025,81.85,5.115625,$/GB
corsair vengeance lpx 256 gb | DDR4 | 3200MHz | 8x32GB,RAM,corsair,corsair vengeance lpx 256 gb,2025,703.75,2.7490234375,$/GB
corsair vengeance lpx 256 gb | DDR4 | 3600MHz | 8x32GB,RAM,corsair,corsair vengeance lpx 256 gb,2023,689.99,2.6952734375,$/GB
corsair vengeance lpx 256 gb | DDR4 | 3600MHz | 8x32GB,RAM,corsair,corsair vengeance lpx 256 gb,2025,670.31,2.6183984375,$/GB
corsair vengeance lpx 32 gb | DDR4 | 2133MHz | 2x16GB,RAM,corsair,corsair vengeance lpx 32 gb,2023,69.98,2.186875,$/GB
corsair vengeance lpx 32 gb | DDR4 | 2133MHz | 2x16GB,RAM,corsair,corsair vengeance lpx 32 gb,2025,119.99,3.7496875,$/GB
corsair vengeance lpx 32 gb | DDR4 | 2400MHz | 2x16GB,RAM,corsair,corsair vengeance lpx 32 gb,2023,69.98,2.186875,$/GB
corsair vengeance lpx 32 gb | DDR4 | 2400MHz | 2x16GB,RAM,corsair,corsair vengeance lpx 32 gb,2025,103.94,3.248125,$/GB
corsair vengeance lpx 32 gb | DDR4 | 2666MHz | 1x32GB,RAM,corsair,corsair vengeance lpx 32 gb,2025,81.76,2.555,$/GB
corsair vengeance lpx 32 gb | DDR4 | 2666MHz | 2x16GB,RAM,corsair,corsair vengeance lpx 32 gb,2023,73.98,2.311875,$/GB
corsair vengeance lpx 32 gb | DDR4 | 2666MHz | 2x16GB,RAM,corsair,corsair vengeance lpx 32 gb,2025,124.99,3.9059375,$/GB
corsair vengeance lpx 32 gb | DDR4 | 2666MHz | 4x8GB,RAM,corsair,corsair vengeance lpx 32 gb,2025,147.99,4.6246875,$/GB
corsair vengeance lpx 32 gb | DDR4 | 3000MHz | 1x32GB,RAM,corsair,corsair vengeance lpx 32 gb,2023,74.98,2.343125,$/GB
corsair vengeance lpx 32 gb | DDR4 | 3000MHz | 1x32GB,RAM,corsair,corsair vengeance lpx 32 gb,2025,82.56,2.58,$/GB
corsair vengeance lpx 32 gb | DDR4 | 3000MHz | 2x16GB,RAM,corsair,corsair vengeance lpx 32 gb,2025,128.99,4.0309375,$/GB
corsair vengeance lpx 32 gb | DDR4 | 3200MHz | 2x16GB,RAM,corsair,corsair vengeance lpx 32 gb,2023,84.72,2.6475,$/GB
corsair vengeance lpx 32 gb | DDR4 | 3200MHz | 2x16GB,RAM,corsair,corsair vengeance lpx 32 gb,2025,80.95,2.5296875,$/GB
corsair vengeance lpx 32 gb | DDR4 | 3200MHz | 4x8GB,RAM,corsair,corsair vengeance lpx 32 gb,2023,92.49,2.8903125,$/GB
corsair vengeance lpx 32 gb | DDR4 | 3200MHz | 4x8GB,RAM,corsair,corsair vengeance lpx 32 gb,2025,136.68,4.27125,$/GB
corsair vengeance lpx 32 gb | DDR4 | 3333MHz | 4x8GB,RAM,corsair,corsair vengeance lpx 32 gb,2025,187.35,5.8546875,$/GB
corsair vengeance lpx 32 gb | DDR4 | 3600MHz | 2x16GB,RAM,corsair,corsair vengeance lpx 32 gb,2023,83.49,2.6090625,$/GB
corsair vengeance lpx 32 gb | DDR4 | 3600MHz | 2x16GB,RAM,corsair,corsair vengeance lpx 32 gb,2025,85.88,2.68375,$/GB
corsair vengeance lpx 32 gb | DDR4 | 3600MHz | 4x8GB,RAM,corsair,corsair vengeance lpx 32 gb,2023,93.99,2.9371875,$/GB
corsair vengeance lpx 32 gb | DDR4 | 3600MHz | 4x8GB,RAM,corsair,corsair vengeance lpx 32 gb,2025,109.99,3.4371875,$/GB
corsair vengeance lpx 32 gb | DDR4 | 4000MHz | 2x16GB,RAM,corsair,corsair vengeance lpx 32 gb,2023,104.99,3.2809375,$/GB
corsair vengeance lpx 32 gb | DDR4 | 4000MHz | 2x16GB,RAM,corsair,corsair vengeance lpx 32 gb,2025,129.99,4.0621875,$/GB
corsair vengeance lpx 32 gb | DDR4 | 4000MHz | 4x8GB,RAM,corsair,corsair vengeance lpx 32 gb,2025,157.99,4.9371875,$/GB
corsair vengeance lpx 4 gb | DDR4 | 2400MHz | 1x4GB,RAM,corsair,corsair vengeance lpx 4 gb,2023,19.98,4.995,$/GB
corsair vengeance lpx 4 gb | DDR4 | 2400MHz | 1x4GB,RAM,corsair,corsair vengeance lpx 4 gb,2025,26.27,6.5675,$/GB
corsair vengeance lpx 64 gb | DDR4 | 2400MHz | 2x32GB,RAM,corsair,corsair vengeance lpx 64 gb,2025,161.87,2.52921875,$/GB
corsair vengeance lpx 64 gb | DDR4 | 2400MHz | 4x16GB,RAM,corsair,corsair vengeance lpx 64 gb,2023,144.99,2.26546875,$/GB
corsair vengeance lpx 64 gb | DDR4 | 2400MHz | 4x16GB,RAM,corsair,corsair vengeance lpx 64 gb,2025,248.99,3.89046875,$/GB
corsair vengeance lpx 64 gb | DDR4 | 2666MHz | 2x32GB,RAM,corsair,corsair vengeance lpx 64 gb,2023,129.99,2.03109375,$/GB
corsair vengeance lpx 64 gb | DDR4 | 2666MHz | 4x16GB,RAM,corsair,corsair vengeance lpx 64 gb,2023,154.99,2.42171875,$/GB
corsair vengeance lpx 64 gb | DDR4 | 2666MHz | 4x16GB,RAM,corsair,corsair vengeance lpx 64 gb,2025,144.99,2.26546875,$/GB
corsair vengeance lpx 64 gb | DDR4 | 3000MHz | 2x32GB,RAM,corsair,corsair vengeance lpx 64 gb,2023,139.99,2.18734375,$/GB
corsair vengeance lpx 64 gb | DDR4 | 3000MHz | 2x32GB,RAM,corsair,corsair vengeance lpx 64 gb,2025,158.36,2.474375,$/GB
corsair vengeance lpx 64 gb | DDR4 | 3000MHz | 4x16GB,RAM,corsair,corsair vengeance lpx 64 gb,2025,164.64,2.5725,$/GB
corsair vengeance lpx 64 gb | DDR4 | 3200MHz | 2x32GB,RAM,corsair,corsair vengeance lpx 64 gb,2023,127.99,1.99984375,$/GB
corsair vengeance lpx 64 gb | DDR4 | 3200MHz | 2x32GB,RAM,corsair,corsair vengeance lpx 64 gb,2025,154.99,2.42171875,$/GB
corsair vengeance lpx 64 gb | DDR4 | 3200MHz | 4x16GB,RAM,corsair,corsair vengeance lpx 64 gb,2023,147.99,2.31234375,$/GB
corsair vengeance lpx 64 gb | DDR4 | 3200MHz | 4x16GB,RAM,corsair,corsair vengeance lpx 64 gb,2025,179.99,2.81234375,$/GB
corsair vengeance lpx 64 gb | DDR4 | 3600MHz | 2x32GB,RAM,corsair,corsair vengeance lpx 64 gb,2025,128.99,2.01546875,$/GB
corsair vengeance lpx 64 gb | DDR4 | 3600MHz | 4x16GB,RAM,corsair,corsair vengeance lpx 64 gb,2023,165.0,2.578125,$/GB
corsair vengeance lpx 64 gb | DDR4 | 4000MHz | 4x16GB,RAM,corsair,corsair vengeance lpx 64 gb,2023,219.99,3.43734375,$/GB
corsair vengeance lpx 8 gb | DDR4 | 2400MHz | 1x8GB,RAM,corsair,corsair vengeance lpx 8 gb,2025,42.3,5.2875,$/GB
corsair vengeance lpx 8 gb | DDR4 | 2400MHz | 2x4GB,RAM,corsair,corsair vengeance lpx 8 gb,2025,34.99,4.37375,$/GB
corsair vengeance lpx 8 gb | DDR4 | 2666MHz | 1x8GB,RAM,corsair,corsair vengeance lpx 8 gb,2023,24.99,3.12375,$/GB
corsair vengeance lpx 8 gb | DDR4 | 2666MHz | 1x8GB,RAM,corsair,corsair vengeance lpx 8 gb,2025,36.99,4.62375,$/GB
corsair vengeance lpx 8 gb | DDR4 | 2666MHz | 2x4GB,RAM,corsair,corsair vengeance lpx 8 gb,2025,34.4,4.3,$/GB
corsair vengeance lpx 8 gb | DDR4 | 3000MHz | 1x8GB,RAM,corsair,corsair vengeance lpx 8 gb,2025,36.99,4.62375,$/GB
corsair vengeance lpx 8 gb | DDR4 | 3200MHz | 1x8GB,RAM,corsair,corsair vengeance lpx 8 gb,2023,24.99,3.12375,$/GB
corsair vengeance lpx 8 gb | DDR4 | 3200MHz | 1x8GB,RAM,corsair,corsair vengeance lpx 8 gb,2025,45.98,5.7475,$/GB
corsair vengeance lpx 8 gb | DDR4 | 3600MHz | 1x8GB,RAM,corsair,corsair vengeance lpx 8 gb,2023,24.99,3.12375,$/GB
corsair vengeance lpx 8 gb | DDR4 | 3600MHz | 1x8GB,RAM,corsair,corsair vengeance lpx 8 gb,2025,45.99,5.74875,$/GB
corsair vengeance performance 16 gb | DDR4 | 2400MHz | 1x16GB,RAM,corsair,corsair vengeance performance 16 gb,2025,62.99,3.936875,$/GB
corsair vengeance performance 16 gb | DDR4 | 2400MHz | 2x8GB,RAM,corsair,corsair vengeance performance 16 gb,2025,66.98,4.18625,$/GB
corsair vengeance performance 16 gb | DDR4 | 2666MHz | 1x16GB,RAM,corsair,corsair vengeance performance 16 gb,2025,62.99,3.936875,$/GB
corsair vengeance performance 16 gb | DDR4 | 2666MHz | 2x8GB,RAM,corsair,corsair vengeance performance 16 gb,2025,66.98,4.18625,$/GB
corsair vengeance performance 32 gb | DDR4 | 2666MHz | 2x16GB,RAM,corsair,corsair vengeance performance 32 gb,2023,73.98,2.311875,$/GB
corsair vengeance performance 32 gb | DDR4 | 2666MHz | 2x16GB,RAM,corsair,corsair vengeance performance 32 gb,2025,124.0,3.875,$/GB
corsair vengeance performance 64 gb | DDR4 | 2666MHz | 4x16GB,RAM,corsair,corsair vengeance performance 64 gb,2025,262.18,4.0965625,$/GB
corsair vengeance performance 8 gb | DDR4 | 2400MHz | 1x8GB,RAM,corsair,corsair vengeance performance 8 gb,2025,33.99,4.24875,$/GB
corsair vengeance performance 8 gb | DDR4 | 2666MHz | 1x8GB,RAM,corsair,corsair vengeance performance 8 gb,2025,43.98,5.4975,$/GB
corsair vengeance pro 16 gb | DDR3 | 1600MHz | 2x8GB,RAM,corsair,corsair vengeance pro 16 gb,2023,105.74,6.60875,$/GB
corsair vengeance pro 8 gb | DDR3 | 2133MHz | 2x4GB,RAM,corsair,corsair vengeance pro 8 gb,2025,119.2,14.9,$/GB
corsair vengeance rgb 128 gb | DDR5 | 5600MHz | 4x32GB,RAM,corsair,corsair vengeance rgb 128 gb,2023,459.99,3.593671875,$/GB
corsair vengeance rgb 128 gb | DDR5 | 5600MHz | 4x32GB,RAM,corsair,corsair vengeance rgb 128 gb,2025,551.99,4.312421875,$/GB
corsair vengeance rgb 128 gb | DDR5 | 6400MHz | 2x64GB,RAM,corsair,corsair vengeance rgb 128 gb,2025,389.99,3.046796875,$/GB
corsair vengeance rgb 16 gb | DDR4 | 3200MHz | 2x8GB,RAM,corsair,corsair vengeance rgb 16 gb,2025,95.61,5.975625,$/GB
corsair vengeance rgb 16 gb | DDR5 | 5200MHz | 2x8GB,RAM,corsair,corsair vengeance rgb 16 gb,2025,67.98,4.24875,$/GB
corsair vengeance rgb 192 gb | DDR5 | 5200MHz | 4x48GB,RAM,corsair,corsair vengeance rgb 192 gb,2023,649.99,3.3853645833333332,$/GB
corsair vengeance rgb 192 gb | DDR5 | 5200MHz | 4x48GB,RAM,corsair,corsair vengeance rgb 192 gb,2025,614.99,3.2030729166666667,$/GB
corsair vengeance rgb 32 gb | DDR4 | 3000MHz | 4x8GB,RAM,corsair,corsair vengeance rgb 32 gb,2025,301.26,9.414375,$/GB
corsair vengeance rgb 32 gb | DDR4 | 3600MHz | 2x16GB,RAM,corsair,corsair vengeance rgb 32 gb,2025,419.43,13.1071875,$/GB
corsair vengeance rgb 32 gb | DDR5 | 5200MHz | 2x16GB,RAM,corsair,corsair vengeance rgb 32 gb,2023,109.99,3.4371875,$/GB
corsair vengeance rgb 32 gb | DDR5 | 5200MHz | 2x16GB,RAM,corsair,corsair vengeance rgb 32 gb,2025,99.99,3.1246875,$/GB
corsair vengeance rgb 32 gb | DDR5 | 5600MHz | 2x16GB,RAM,corsair,corsair vengeance rgb 32 gb,2023,114.99,3.5934375,$/GB
corsair vengeance rgb 32 gb | DDR5 | 5600MHz | 2x16GB,RAM,corsair,corsair vengeance rgb 32 gb,2025,118.99,3.7184375,$/GB
corsair vengeance rgb 32 gb | DDR5 | 6000MHz | 2x16GB,RAM,corsair,corsair vengeance rgb 32 gb,2023,127.99,3.9996875,$/GB
corsair vengeance rgb 32 gb | DDR5 | 6000MHz | 2x16GB,RAM,corsair,corsair vengeance rgb 32 gb,2025,124.0,3.875,$/GB
corsair vengeance rgb 32 gb | DDR5 | 6200MHz | 2x16GB,RAM,corsair,corsair vengeance rgb 32 gb,2023,135.99,4.2496875,$/GB
corsair vengeance rgb 32 gb | DDR5 | 6200MHz | 2x16GB,RAM,corsair,corsair vengeance rgb 32 gb,2025,129.49,4.0465625,$/GB
corsair vengeance rgb 32 gb | DDR5 | 6400MHz | 2x16GB,RAM,corsair,corsair vengeance rgb 32 gb,2023,137.99,4.3121875,$/GB
corsair vengeance rgb 32 gb | DDR5 | 6400MHz | 2x16GB,RAM,corsair,corsair vengeance rgb 32 gb,2025,118.99,3.7184375,$/GB
corsair vengeance rgb 32 gb | DDR5 | 6600MHz | 2x16GB,RAM,corsair,corsair vengeance rgb 32 gb,2023,129.99,4.0621875,$/GB
corsair vengeance rgb 32 gb | DDR5 | 6600MHz | 2x16GB,RAM,corsair,corsair vengeance rgb 32 gb,2025,147.99,4.6246875,$/GB
corsair vengeance rgb 32 gb | DDR5 | 6800MHz | 2x16GB,RAM,corsair,corsair vengeance rgb 32 gb,2023,149.99,4.6871875,$/GB
corsair vengeance rgb 32 gb | DDR5 | 6800MHz | 2x16GB,RAM,corsair,corsair vengeance rgb 32 gb,2025,134.99,4.2184375,$/GB
corsair vengeance rgb 32 gb | DDR5 | 7000MHz | 2x16GB,RAM,corsair,corsair vengeance rgb 32 gb,2023,141.49,4.4215625,$/GB
corsair vengeance rgb 32 gb | DDR5 | 7000MHz | 2x16GB,RAM,corsair,corsair vengeance rgb 32 gb,2025,150.99,4.7184375,$/GB
corsair vengeance rgb 32 gb | DDR5 | 7200MHz | 2x16GB,RAM,corsair,corsair vengeance rgb 32 gb,2025,126.71,3.9596875,$/GB
corsair vengeance rgb 32 gb | DDR5 | 8000MHz | 2x16GB,RAM,corsair,corsair vengeance rgb 32 gb,2025,194.99,6.0934375,$/GB
corsair vengeance rgb 48 gb | DDR5 | 5200MHz | 2x24GB,RAM,corsair,corsair vengeance rgb 48 gb,2025,140.99,2.937291666666667,$/GB
corsair vengeance rgb 48 gb | DDR5 | 5600MHz | 2x24GB,RAM,corsair,corsair vengeance rgb 48 gb,2025,147.99,3.0831250000000003,$/GB
corsair vengeance rgb 48 gb | DDR5 | 6000MHz | 2x24GB,RAM,corsair,corsair vengeance rgb 48 gb,2023,164.99,3.437291666666667,$/GB
corsair vengeance rgb 48 gb | DDR5 | 6000MHz | 2x24GB,RAM,corsair,corsair vengeance rgb 48 gb,2025,173.49,3.6143750000000003,$/GB
corsair vengeance rgb 48 gb | DDR5 | 6400MHz | 2x24GB,RAM,corsair,corsair vengeance rgb 48 gb,2025,188.99,3.937291666666667,$/GB
corsair vengeance rgb 48 gb | DDR5 | 7000MHz | 2x24GB,RAM,corsair,corsair vengeance rgb 48 gb,2023,195.99,4.083125,$/GB
corsair vengeance rgb 48 gb | DDR5 | 7000MHz | 2x24GB,RAM,corsair,corsair vengeance rgb 48 gb,2025,173.59,3.6164583333333336,$/GB
corsair vengeance rgb 48 gb | DDR5 | 7200MHz | 2x24GB,RAM,corsair,corsair vengeance rgb 48 gb,2025,194.99,4.062291666666667,$/GB
corsair vengeance rgb 48 gb | DDR5 | 7600MHz | 2x24GB,RAM,corsair,corsair vengeance rgb 48 gb,2023,229.99,4.791458333333334,$/GB
corsair vengeance rgb 48 gb | DDR5 | 7600MHz | 2x24GB,RAM,corsair,corsair vengeance rgb 48 gb,2025,213.99,4.458125,$/GB
corsair vengeance rgb 64 gb | DDR5 | 5200MHz | 2x32GB,RAM,corsair,corsair vengeance rgb 64 gb,2025,169.99,2.65609375,$/GB
corsair vengeance rgb 64 gb | DDR5 | 5600MHz | 2x32GB,RAM,corsair,corsair vengeance rgb 64 gb,2023,212.49,3.32015625,$/GB
corsair vengeance rgb 64 gb | DDR5 | 5600MHz | 2x32GB,RAM,corsair,corsair vengeance rgb 64 gb,2025,189.99,2.96859375,$/GB
corsair vengeance rgb 64 gb | DDR5 | 5600MHz | 4x16GB,RAM,corsair,corsair vengeance rgb 64 gb,2023,249.99,3.90609375,$/GB
corsair vengeance rgb 64 gb | DDR5 | 5600MHz | 4x16GB,RAM,corsair,corsair vengeance rgb 64 gb,2025,236.99,3.70296875,$/GB
corsair vengeance rgb 64 gb | DDR5 | 6000MHz | 2x32GB,RAM,corsair,corsair vengeance rgb 64 gb,2023,229.99,3.59359375,$/GB
corsair vengeance rgb 64 gb | DDR5 | 6000MHz | 2x32GB,RAM,corsair,corsair vengeance rgb 64 gb,2025,213.99,3.34359375,$/GB
corsair vengeance rgb 64 gb | DDR5 | 6000MHz | 4x16GB,RAM,corsair,corsair vengeance rgb 64 gb,2023,279.99,4.37484375,$/GB
corsair vengeance rgb 64 gb | DDR5 | 6000MHz | 4x16GB,RAM,corsair,corsair vengeance rgb 64 gb,2025,275.99,4.31234375,$/GB
corsair vengeance rgb 64 gb | DDR5 | 6200MHz | 2x32GB,RAM,corsair,corsair vengeance rgb 64 gb,2025,275.99,4.31234375,$/GB
corsair vengeance rgb 64 gb | DDR5 | 6200MHz | 4x16GB,RAM,corsair,corsair vengeance rgb 64 gb,2023,294.99,4.60921875,$/GB
corsair vengeance rgb 64 gb | DDR5 | 6200MHz | 4x16GB,RAM,corsair,corsair vengeance rgb 64 gb,2025,272.0,4.25,$/GB
corsair vengeance rgb 64 gb | DDR5 | 6400MHz | 2x32GB,RAM,corsair,corsair vengeance rgb 64 gb,2025,261.49,4.08578125,$/GB
corsair vengeance rgb 64 gb | DDR5 | 6400MHz | 4x16GB,RAM,corsair,corsair vengeance rgb 64 gb,2025,319.99,4.99984375,$/GB
corsair vengeance rgb 64 gb | DDR5 | 6600MHz | 2x32GB,RAM,corsair,corsair vengeance rgb 64 gb,2023,242.99,3.79671875,$/GB
corsair vengeance rgb 64 gb | DDR5 | 6600MHz | 2x32GB,RAM,corsair,corsair vengeance rgb 64 gb,2025,269.99,4.21859375,$/GB
corsair vengeance rgb 64 gb | DDR5 | 6600MHz | 4x16GB,RAM,corsair,corsair vengeance rgb 64 gb,2025,317.99,4.96859375,$/GB
corsair vengeance rgb 96 gb | DDR5 | 5200MHz | 2x48GB,RAM,corsair,corsair vengeance rgb 96 gb,2025,262.99,2.739479166666667,$/GB
corsair vengeance rgb 96 gb | DDR5 | 5600MHz | 2x48GB,RAM,corsair,corsair vengeance rgb 96 gb,2025,254.99,2.6561458333333334,$/GB
corsair vengeance rgb 96 gb | DDR5 | 6000MHz | 2x48GB,RAM,corsair,corsair vengeance rgb 96 gb,2025,349.99,3.645729166666667,$/GB
corsair vengeance rgb 96 gb | DDR5 | 6000MHz | 4x24GB,RAM,corsair,corsair vengeance rgb 96 gb,2023,379.99,3.958229166666667,$/GB
corsair vengeance rgb 96 gb | DDR5 | 6000MHz | 4x24GB,RAM,corsair,corsair vengeance rgb 96 gb,2025,347.84,3.623333333333333,$/GB
corsair vengeance rgb 96 gb | DDR5 | 6400MHz | 2x48GB,RAM,corsair,corsair vengeance rgb 96 gb,2023,362.99,3.7811458333333334,$/GB
corsair vengeance rgb 96 gb | DDR5 | 6400MHz | 2x48GB,RAM,corsair,corsair vengeance rgb 96 gb,2025,349.85,3.6442708333333336,$/GB
corsair vengeance rgb 96 gb | DDR5 | 6400MHz | 4x24GB,RAM,corsair,corsair vengeance rgb 96 gb,2025,397.99,4.1457291666666665,$/GB
corsair vengeance rgb 96 gb | DDR5 | 6600MHz | 2x48GB,RAM,corsair,corsair vengeance rgb 96 gb,2025,358.99,3.739479166666667,$/GB
corsair vengeance rgb 96 gb | DDR5 | 6800MHz | 2x48GB,RAM,corsair,corsair vengeance rgb 96 gb,2023,367.99,3.833229166666667,$/GB
corsair vengeance rgb 96 gb | DDR5 | 6800MHz | 2x48GB,RAM,corsair,corsair vengeance rgb 96 gb,2025,378.99,3.9478125,$/GB
corsair vengeance rgb pro 128 gb | DDR4 | 3000MHz | 4x32GB,RAM,corsair,corsair vengeance rgb pro 128 gb,2025,345.54,2.69953125,$/GB
corsair vengeance rgb pro 128 gb | DDR4 | 3200MHz | 4x32GB,RAM,corsair,corsair vengeance rgb pro 128 gb,2025,381.81,2.982890625,$/GB
corsair vengeance rgb pro 128 gb | DDR4 | 3600MHz | 4x32GB,RAM,corsair,corsair vengeance rgb pro 128 gb,2023,334.99,2.617109375,$/GB
corsair vengeance rgb pro 128 gb | DDR4 | 3600MHz | 4x32GB,RAM,corsair,corsair vengeance rgb pro 128 gb,2025,356.54,2.78546875,$/GB
corsair vengeance rgb pro 16 gb | DDR4 | 2666MHz | 2x8GB,RAM,corsair,corsair vengeance rgb pro 16 gb,2023,62.03,3.876875,$/GB
corsair vengeance rgb pro 16 gb | DDR4 | 2666MHz | 2x8GB,RAM,corsair,corsair vengeance rgb pro 16 gb,2025,82.99,5.186875,$/GB
corsair vengeance rgb pro 16 gb | DDR4 | 2933MHz | 2x8GB,RAM,corsair,corsair vengeance rgb pro 16 gb,2025,58.99,3.686875,$/GB
corsair vengeance rgb pro 16 gb | DDR4 | 3000MHz | 2x8GB,RAM,corsair,corsair vengeance rgb pro 16 gb,2023,61.36,3.835,$/GB
corsair vengeance rgb pro 16 gb | DDR4 | 3000MHz | 2x8GB,RAM,corsair,corsair vengeance rgb pro 16 gb,2025,91.49,5.718125,$/GB
corsair vengeance rgb pro 16 gb | DDR4 | 3200MHz | 1x16GB,RAM,corsair,corsair vengeance rgb pro 16 gb,2023,86.2,5.3875,$/GB
corsair vengeance rgb pro 16 gb | DDR4 | 3200MHz | 2x8GB,RAM,corsair,corsair vengeance rgb pro 16 gb,2023,62.99,3.936875,$/GB
corsair vengeance rgb pro 16 gb | DDR4 | 3200MHz | 2x8GB,RAM,corsair,corsair vengeance rgb pro 16 gb,2025,62.14,3.88375,$/GB
corsair vengeance rgb pro 16 gb | DDR4 | 3600MHz | 1x16GB,RAM,corsair,corsair vengeance rgb pro 16 gb,2025,87.99,5.499375,$/GB
corsair vengeance rgb pro 16 gb | DDR4 | 3600MHz | 2x8GB,RAM,corsair,corsair vengeance rgb pro 16 gb,2023,64.98,4.06125,$/GB
corsair vengeance rgb pro 16 gb | DDR4 | 3600MHz | 2x8GB,RAM,corsair,corsair vengeance rgb pro 16 gb,2025,77.82,4.86375,$/GB
corsair vengeance rgb pro 16 gb | DDR4 | 4000MHz | 2x8GB,RAM,corsair,corsair vengeance rgb pro 16 gb,2023,91.44,5.715,$/GB
corsair vengeance rgb pro 16 gb | DDR4 | 4000MHz | 2x8GB,RAM,corsair,corsair vengeance rgb pro 16 gb,2025,205.08,12.8175,$/GB
corsair vengeance rgb pro 256 gb | DDR4 | 3200MHz | 8x32GB,RAM,corsair,corsair vengeance rgb pro 256 gb,2023,714.99,2.7929296875,$/GB
corsair vengeance rgb pro 256 gb | DDR4 | 3200MHz | 8x32GB,RAM,corsair,corsair vengeance rgb pro 256 gb,2025,660.29,2.5792578125,$/GB
corsair vengeance rgb pro 32 gb | DDR4 | 2666MHz | 2x16GB,RAM,corsair,corsair vengeance rgb pro 32 gb,2023,87.99,2.7496875,$/GB
corsair vengeance rgb pro 32 gb | DDR4 | 2666MHz | 2x16GB,RAM,corsair,corsair vengeance rgb pro 32 gb,2025,140.99,4.4059375,$/GB
corsair vengeance rgb pro 32 gb | DDR4 | 2933MHz | 2x16GB,RAM,corsair,corsair vengeance rgb pro 32 gb,2023,91.99,2.8746875,$/GB
corsair vengeance rgb pro 32 gb | DDR4 | 2933MHz | 2x16GB,RAM,corsair,corsair vengeance rgb pro 32 gb,2025,105.32,3.29125,$/GB
corsair vengeance rgb pro 32 gb | DDR4 | 3000MHz | 2x16GB,RAM,corsair,corsair vengeance rgb pro 32 gb,2023,232.24,7.2575,$/GB
corsair vengeance rgb pro 32 gb | DDR4 | 3000MHz | 2x16GB,RAM,corsair,corsair vengeance rgb pro 32 gb,2025,149.84,4.6825,$/GB
corsair vengeance rgb pro 32 gb | DDR4 | 3200MHz | 2x16GB,RAM,corsair,corsair vengeance rgb pro 32 gb,2023,79.98,2.499375,$/GB
corsair vengeance rgb pro 32 gb | DDR4 | 3200MHz | 2x16GB,RAM,corsair,corsair vengeance rgb pro 32 gb,2025,126.0,3.9375,$/GB
corsair vengeance rgb pro 32 gb | DDR4 | 3200MHz | 4x8GB,RAM,corsair,corsair vengeance rgb pro 32 gb,2025,128.99,4.0309375,$/GB
corsair vengeance rgb pro 32 gb | DDR4 | 3600MHz | 2x16GB,RAM,corsair,corsair vengeance rgb pro 32 gb,2023,94.99,2.9684375,$/GB
corsair vengeance rgb pro 32 gb | DDR4 | 3600MHz | 2x16GB,RAM,corsair,corsair vengeance rgb pro 32 gb,2025,109.5,3.421875,$/GB
corsair vengeance rgb pro 32 gb | DDR4 | 3600MHz | 4x8GB,RAM,corsair,corsair vengeance rgb pro 32 gb,2023,132.49,4.1403125,$/GB
corsair vengeance rgb pro 32 gb | DDR4 | 3600MHz | 4x8GB,RAM,corsair,corsair vengeance rgb pro 32 gb,2025,144.99,4.5309375,$/GB
corsair vengeance rgb pro 64 gb | DDR4 | 3000MHz | 4x16GB,RAM,corsair,corsair vengeance rgb pro 64 gb,2025,415.45,6.49140625,$/GB
corsair vengeance rgb pro 64 gb | DDR4 | 3200MHz | 2x32GB,RAM,corsair,corsair vengeance rgb pro 64 gb,2023,149.99,2.34359375,$/GB
corsair vengeance rgb pro 64 gb | DDR4 | 3200MHz | 2x32GB,RAM,corsair,corsair vengeance rgb pro 64 gb,2025,511.0,7.984375,$/GB
corsair vengeance rgb pro 64 gb | DDR4 | 3200MHz | 4x16GB,RAM,corsair,corsair vengeance rgb pro 64 gb,2023,194.99,3.04671875,$/GB
corsair vengeance rgb pro 64 gb | DDR4 | 3200MHz | 4x16GB,RAM,corsair,corsair vengeance rgb pro 64 gb,2025,285.99,4.46859375,$/GB
corsair vengeance rgb pro 64 gb | DDR4 | 3466MHz | 4x16GB,RAM,corsair,corsair vengeance rgb pro 64 gb,2025,589.1,9.2046875,$/GB
corsair vengeance rgb pro 64 gb | DDR4 | 3600MHz | 2x32GB,RAM,corsair,corsair vengeance rgb pro 64 gb,2023,159.99,2.49984375,$/GB
corsair vengeance rgb pro 64 gb | DDR4 | 3600MHz | 4x16GB,RAM,corsair,corsair vengeance rgb pro 64 gb,2025,309.0,4.828125,$/GB
corsair vengeance rgb pro 8 gb | DDR4 | 3200MHz | 1x8GB,RAM,corsair,corsair vengeance rgb pro 8 gb,2023,34.99,4.37375,$/GB
corsair vengeance rgb pro 8 gb | DDR4 | 3200MHz | 1x8GB,RAM,corsair,corsair vengeance rgb pro 8 gb,2025,52.98,6.6225,$/GB
corsair vengeance rgb pro sl 128 gb | DDR4 | 3200MHz | 4x32GB,RAM,corsair,corsair vengeance rgb pro sl 128 gb,2023,314.99,2.460859375,$/GB
corsair vengeance rgb pro sl 128 gb | DDR4 | 3200MHz | 4x32GB,RAM,corsair,corsair vengeance rgb pro sl 128 gb,2025,368.04,2.8753125,$/GB
corsair vengeance rgb pro sl 16 gb | DDR4 | 3200MHz | 2x8GB,RAM,corsair,corsair vengeance rgb pro sl 16 gb,2023,55.0,3.4375,$/GB
corsair vengeance rgb pro sl 16 gb | DDR4 | 3200MHz | 2x8GB,RAM,corsair,corsair vengeance rgb pro sl 16 gb,2025,71.99,4.499375,$/GB
corsair vengeance rgb pro sl 16 gb | DDR4 | 3600MHz | 2x8GB,RAM,corsair,corsair vengeance rgb pro sl 16 gb,2023,74.98,4.68625,$/GB
corsair vengeance rgb pro sl 16 gb | DDR4 | 3600MHz | 2x8GB,RAM,corsair,corsair vengeance rgb pro sl 16 gb,2025,79.08,4.9425,$/GB
corsair vengeance rgb pro sl 16 gb | DDR4 | 4000MHz | 2x8GB,RAM,corsair,corsair vengeance rgb pro sl 16 gb,2025,97.99,6.124375,$/GB
corsair vengeance rgb pro sl 32 gb | DDR4 | 3200MHz | 2x16GB,RAM,corsair,corsair vengeance rgb pro sl 32 gb,2023,92.49,2.8903125,$/GB
corsair vengeance rgb pro sl 32 gb | DDR4 | 3200MHz | 2x16GB,RAM,corsair,corsair vengeance rgb pro sl 32 gb,2025,137.7,4.303125,$/GB
corsair vengeance rgb pro sl 32 gb | DDR4 | 3200MHz | 4x8GB,RAM,corsair,corsair vengeance rgb pro sl 32 gb,2023,102.49,3.2028125,$/GB
corsair vengeance rgb pro sl 32 gb | DDR4 | 3200MHz | 4x8GB,RAM,corsair,corsair vengeance rgb pro sl 32 gb,2025,167.99,5.2496875,$/GB
corsair vengeance rgb pro sl 32 gb | DDR4 | 3600MHz | 2x16GB,RAM,corsair,corsair vengeance rgb pro sl 32 gb,2023,99.99,3.1246875,$/GB
corsair vengeance rgb pro sl 32 gb | DDR4 | 3600MHz | 2x16GB,RAM,corsair,corsair vengeance rgb pro sl 32 gb,2025,109.99,3.4371875,$/GB
corsair vengeance rgb pro sl 32 gb | DDR4 | 3600MHz | 4x8GB,RAM,corsair,corsair vengeance rgb pro sl 32 gb,2023,129.99,4.0621875,$/GB
corsair vengeance rgb pro sl 32 gb | DDR4 | 3600MHz | 4x8GB,RAM,corsair,corsair vengeance rgb pro sl 32 gb,2025,132.44,4.13875,$/GB
corsair vengeance rgb pro sl 32 gb | DDR4 | 4000MHz | 2x16GB,RAM,corsair,corsair vengeance rgb pro sl 32 gb,2023,124.99,3.9059375,$/GB
corsair vengeance rgb pro sl 32 gb | DDR4 | 4000MHz | 2x16GB,RAM,corsair,corsair vengeance rgb pro sl 32 gb,2025,143.26,4.476875,$/GB
corsair vengeance rgb pro sl 64 gb | DDR4 | 3200MHz | 2x32GB,RAM,corsair,corsair vengeance rgb pro sl 64 gb,2025,181.65,2.83828125,$/GB
corsair vengeance rgb pro sl 64 gb | DDR4 | 3200MHz | 4x16GB,RAM,corsair,corsair vengeance rgb pro sl 64 gb,2023,185.3,2.8953125,$/GB
corsair vengeance rgb pro sl 64 gb | DDR4 | 3200MHz | 4x16GB,RAM,corsair,corsair vengeance rgb pro sl 64 gb,2025,218.56,3.415,$/GB
corsair vengeance rgb pro sl 64 gb | DDR4 | 3600MHz | 2x32GB,RAM,corsair,corsair vengeance rgb pro sl 64 gb,2023,149.99,2.34359375,$/GB
corsair vengeance rgb pro sl 64 gb | DDR4 | 3600MHz | 2x32GB,RAM,corsair,corsair vengeance rgb pro sl 64 gb,2025,269.99,4.21859375,$/GB
corsair vengeance rgb pro sl 64 gb | DDR4 | 3600MHz | 4x16GB,RAM,corsair,corsair vengeance rgb pro sl 64 gb,2023,179.99,2.81234375,$/GB
corsair vengeance rgb pro sl 64 gb | DDR4 | 3600MHz | 4x16GB,RAM,corsair,corsair vengeance rgb pro sl 64 gb,2025,214.99,3.35921875,$/GB
corsair vengeance rgb rs 16 gb | DDR4 | 3200MHz | 1x16GB,RAM,corsair,corsair vengeance rgb rs 16 gb,2025,68.98,4.31125,$/GB
corsair vengeance rgb rs 16 gb | DDR4 | 3200MHz | 2x8GB,RAM,corsair,corsair vengeance rgb rs 16 gb,2023,59.99,3.749375,$/GB
corsair vengeance rgb rs 16 gb | DDR4 | 3200MHz | 2x8GB,RAM,corsair,corsair vengeance rgb rs 16 gb,2025,82.99,5.186875,$/GB
corsair vengeance rgb rs 16 gb | DDR4 | 3600MHz | 1x16GB,RAM,corsair,corsair vengeance rgb rs 16 gb,2025,85.99,5.374375,$/GB
corsair vengeance rgb rs 16 gb | DDR4 | 3600MHz | 2x8GB,RAM,corsair,corsair vengeance rgb rs 16 gb,2023,62.99,3.936875,$/GB
corsair vengeance rgb rs 16 gb | DDR4 | 3600MHz | 2x8GB,RAM,corsair,corsair vengeance rgb rs 16 gb,2025,64.23,4.014375,$/GB
corsair vengeance rgb rs 32 gb | DDR4 | 3200MHz | 2x16GB,RAM,corsair,corsair vengeance rgb rs 32 gb,2023,79.98,2.499375,$/GB
corsair vengeance rgb rs 32 gb | DDR4 | 3200MHz | 2x16GB,RAM,corsair,corsair vengeance rgb rs 32 gb,2025,137.99,4.3121875,$/GB
corsair vengeance rgb rs 32 gb | DDR4 | 3600MHz | 2x16GB,RAM,corsair,corsair vengeance rgb rs 32 gb,2023,92.99,2.9059375,$/GB
corsair vengeance rgb rs 32 gb | DDR4 | 3600MHz | 2x16GB,RAM,corsair,corsair vengeance rgb rs 32 gb,2025,94.99,2.9684375,$/GB
corsair vengeance rgb rs 64 gb | DDR4 | 3200MHz | 2x32GB,RAM,corsair,corsair vengeance rgb rs 64 gb,2025,184.12,2.876875,$/GB
corsair vengeance rgb rs 64 gb | DDR4 | 3600MHz | 2x32GB,RAM,corsair,corsair vengeance rgb rs 64 gb,2023,154.99,2.42171875,$/GB
corsair vengeance rgb rs 8 gb | DDR4 | 3200MHz | 1x8GB,RAM,corsair,corsair vengeance rgb rs 8 gb,2023,29.99,3.74875,$/GB
corsair vengeance rgb rs 8 gb | DDR4 | 3200MHz | 1x8GB,RAM,corsair,corsair vengeance rgb rs 8 gb,2025,41.99,5.24875,$/GB
corsair vengeance rgb rs 8 gb | DDR4 | 3600MHz | 1x8GB,RAM,corsair,corsair vengeance rgb rs 8 gb,2023,34.99,4.37375,$/GB
corsair vengeance rgb rs 8 gb | DDR4 | 3600MHz | 1x8GB,RAM,corsair,corsair vengeance rgb rs 8 gb,2025,50.99,6.37375,$/GB
corsair vengeance rgb rt 16 gb | DDR4 | 3600MHz | 2x8GB,RAM,corsair,corsair vengeance rgb rt 16 gb,2023,72.98,4.56125,$/GB
corsair vengeance rgb rt 16 gb | DDR4 | 3600MHz | 2x8GB,RAM,corsair,corsair vengeance rgb rt 16 gb,2025,66.48,4.155,$/GB
corsair vengeance rgb rt 16 gb | DDR4 | 4000MHz | 2x8GB,RAM,corsair,corsair vengeance rgb rt 16 gb,2025,73.67,4.604375,$/GB
corsair vengeance rgb rt 32 gb | DDR4 | 3200MHz | 2x16GB,RAM,corsair,corsair vengeance rgb rt 32 gb,2025,89.99,2.8121875,$/GB
corsair vengeance rgb rt 32 gb | DDR4 | 3600MHz | 2x16GB,RAM,corsair,corsair vengeance rgb rt 32 gb,2023,102.49,3.2028125,$/GB
corsair vengeance rgb rt 32 gb | DDR4 | 3600MHz | 2x16GB,RAM,corsair,corsair vengeance rgb rt 32 gb,2025,107.49,3.3590625,$/GB
corsair vengeance rgb rt 32 gb | DDR4 | 4600MHz | 2x16GB,RAM,corsair,corsair vengeance rgb rt 32 gb,2023,139.99,4.3746875,$/GB
corsair vengeance rgb rt 64 gb | DDR4 | 3200MHz | 2x32GB,RAM,corsair,corsair vengeance rgb rt 64 gb,2025,167.12,2.61125,$/GB
corsair vengeance rgb rt 64 gb | DDR4 | 3200MHz | 4x16GB,RAM,corsair,corsair vengeance rgb rt 64 gb,2025,204.99,3.20296875,$/GB
corsair vs1gsds533d2 1 gb | DDR2 | 533MHz | 1x1GB,RAM,corsair,corsair vs1gsds533d2 1 gb,2025,19.98,19.98,$/GB
corsair ws 64 gb | DDR5 | 5600MHz | 4x16GB,RAM,corsair,corsair ws 64 gb,2025,503.99,7.87484375,$/GB
corsair ws 64 gb | DDR5 | 6400MHz | 4x16GB,RAM,corsair,corsair ws 64 gb,2025,561.99,8.78109375,$/GB
corsair xms 64 gb | DDR3 | 1333MHz | 8x8GB,RAM,corsair,corsair xms 64 gb,2025,340.84,5.325625,$/GB
corsair xms2 2 gb | DDR2 | 800MHz | 2x1GB,RAM,corsair,corsair xms2 2 gb,2025,74.95,37.475,$/GB
corsair xms2 4 gb | DDR2 | 800MHz | 2x2GB,RAM,corsair,corsair xms2 4 gb,2025,77.89,19.4725,$/GB
corsair xms3 4 gb | DDR3 | 1333MHz | 1x4GB,RAM,corsair,corsair xms3 4 gb,2025,35.79,8.9475,$/GB
corsair xms3 4 gb | DDR3 | 1600MHz | 1x4GB,RAM,corsair,corsair xms3 4 gb,2025,36.35,9.0875,$/GB
crucial ballistix elite 16 gb | DDR4 | 2666MHz | 2x8GB,RAM,crucial,crucial ballistix elite 16 gb,2025,159.96,9.9975,$/GB
crucial ballistix max rgb 16 gb | DDR4 | 4000MHz | 2x8GB,RAM,crucial,crucial ballistix max rgb 16 gb,2023,299.0,18.6875,$/GB
crucial ballistix sport 16 gb | DDR3 | 1600MHz | 2x8GB,RAM,crucial,crucial ballistix sport 16 gb,2023,100.0,6.25,$/GB
crucial ballistix sport 16 gb | DDR3 | 1600MHz | 2x8GB,RAM,crucial,crucial ballistix sport 16 gb,2025,99.97,6.248125,$/GB
crucial ballistix sport 32 gb | DDR3 | 1600MHz | 4x8GB,RAM,crucial,crucial ballistix sport 32 gb,2025,164.99,5.1559375,$/GB
crucial ballistix sport 4 gb | DDR3 | 1600MHz | 1x4GB,RAM,crucial,crucial ballistix sport 4 gb,2023,29.01,7.2525,$/GB
crucial ballistix sport 4 gb | DDR3 | 1600MHz | 1x4GB,RAM,crucial,crucial ballistix sport 4 gb,2025,30.22,7.555,$/GB
crucial ballistix sport 4 gb | DDR3 | 1866MHz | 1x4GB,RAM,crucial,crucial ballistix sport 4 gb,2025,39.99,9.9975,$/GB
crucial ballistix sport 8 gb | DDR3 | 1333MHz | 1x8GB,RAM,crucial,crucial ballistix sport 8 gb,2025,69.89,8.73625,$/GB
crucial ballistix sport 8 gb | DDR3 | 1600MHz | 1x8GB,RAM,crucial,crucial ballistix sport 8 gb,2025,59.71,7.46375,$/GB
crucial ballistix sport 8 gb | DDR3 | 1600MHz | 2x4GB,RAM,crucial,crucial ballistix sport 8 gb,2025,48.9,6.1125,$/GB
crucial ballistix sport 8 gb | DDR4 | 2400MHz | 1x8GB,RAM,crucial,crucial ballistix sport 8 gb,2025,39.0,4.875,$/GB
crucial ballistix sport at 16 gb | DDR4 | 2666MHz | 1x16GB,RAM,crucial,crucial ballistix sport at 16 gb,2025,89.99,5.624375,$/GB
crucial ballistix sport lt 8 gb | DDR4 | 2400MHz | 1x8GB,RAM,crucial,crucial ballistix sport lt 8 gb,2023,159.0,19.875,$/GB
crucial ballistix sport lt 8 gb | DDR4 | 2400MHz | 2x4GB,RAM,crucial,crucial ballistix sport lt 8 gb,2023,39.0,4.875,$/GB
crucial classic 16 gb | DDR5 | 5600MHz | 2x8GB,RAM,crucial,crucial classic 16 gb,2025,43.99,2.749375,$/GB
crucial classic 64 gb | DDR5 | 5600MHz | 2x32GB,RAM,crucial,crucial classic 64 gb,2025,130.99,2.04671875,$/GB
crucial classic 8 gb | DDR5 | 5200MHz | 1x8GB,RAM,crucial,crucial classic 8 gb,2025,27.98,3.4975,$/GB
crucial classic 8 gb | DDR5 | 5600MHz | 1x8GB,RAM,crucial,crucial classic 8 gb,2023,26.99,3.37375,$/GB
crucial classic 8 gb | DDR5 | 5600MHz | 1x8GB,RAM,crucial,crucial classic 8 gb,2025,21.99,2.74875,$/GB
crucial cp2k64g56c46u5 128 gb | DDR5 | 5600MHz | 2x64GB,RAM,crucial,crucial cp2k64g56c46u5 128 gb,2025,299.99,2.343671875,$/GB
crucial ct102464ba160b 8 gb | DDR3 | 1600MHz | 1x8GB,RAM,crucial,crucial ct102464ba160b 8 gb,2025,18.0,2.25,$/GB
crucial ct102464bd160b 8 gb | DDR3 | 1600MHz | 1x8GB,RAM,crucial,crucial ct102464bd160b 8 gb,2025,16.98,2.1225,$/GB
crucial ct102464bf186d 8 gb | DDR3 | 1866MHz | 1x8GB,RAM,crucial,crucial ct102464bf186d 8 gb,2025,26.49,3.31125,$/GB
crucial ct102472ba186d 8 gb | DDR3 | 1866MHz | 1x8GB,RAM,crucial,crucial ct102472ba186d 8 gb,2023,21.99,2.74875,$/GB
crucial ct102472ba186d 8 gb | DDR3 | 1866MHz | 1x8GB,RAM,crucial,crucial ct102472ba186d 8 gb,2025,39.97,4.99625,$/GB
crucial ct102472bd1339 8 gb | DDR3 | 1333MHz | 1x8GB,RAM,crucial,crucial ct102472bd1339 8 gb,2025,34.99,4.37375,$/GB
crucial ct102472bd160b 8 gb | DDR3 | 1600MHz | 1x8GB,RAM,crucial,crucial ct102472bd160b 8 gb,2025,42.13,5.26625,$/GB
crucial ct102472bf160b 8 gb | DDR3 | 1600MHz | 1x8GB,RAM,crucial,crucial ct102472bf160b 8 gb,2025,44.99,5.62375,$/GB
crucial ct12864aa667 1 gb | DDR2 | 667MHz | 1x1GB,RAM,crucial,crucial ct12864aa667 1 gb,2023,19.5,19.5,$/GB
crucial ct12864aa667 1 gb | DDR2 | 667MHz | 1x1GB,RAM,crucial,crucial ct12864aa667 1 gb,2025,19.0,19.0,$/GB
crucial ct16g3ersld41339 16 gb | DDR3 | 1333MHz | 1x16GB,RAM,crucial,crucial ct16g3ersld41339 16 gb,2025,28.99,1.811875,$/GB
crucial ct16g3ersld4160b 16 gb | DDR3 | 1600MHz | 1x16GB,RAM,crucial,crucial ct16g3ersld4160b 16 gb,2025,22.49,1.405625,$/GB
crucial ct16g3ervld4160b 16 gb | DDR3 | 1333MHz | 1x16GB,RAM,crucial,crucial ct16g3ervld4160b 16 gb,2025,38.99,2.436875,$/GB
crucial ct16g3r186dm 16 gb | DDR3 | 1866MHz | 1x16GB,RAM,crucial,crucial ct16g3r186dm 16 gb,2025,42.99,2.686875,$/GB
crucial ct16g48c40s5 16 gb | DDR5 | 4800MHz | 1x16GB,RAM,crucial,crucial ct16g48c40s5 16 gb,2025,37.78,2.36125,$/GB
crucial ct16g48c40u5 16 gb | DDR5 | 4800MHz | 1x16GB,RAM,crucial,crucial ct16g48c40u5 16 gb,2025,38.86,2.42875,$/GB
crucial ct16g4dfd824a 16 gb | DDR4 | 2400MHz | 1x16GB,RAM,crucial,crucial ct16g4dfd824a 16 gb,2023,34.99,2.186875,$/GB
crucial ct16g4dfd824a 16 gb | DDR4 | 2400MHz | 1x16GB,RAM,crucial,crucial ct16g4dfd824a 16 gb,2025,35.0,2.1875,$/GB
crucial ct16g4dfd8266 16 gb | DDR4 | 2666MHz | 1x16GB,RAM,crucial,crucial ct16g4dfd8266 16 gb,2025,47.0,2.9375,$/GB
crucial ct16g4dfd832a 16 gb | DDR4 | 3200MHz | 1x16GB,RAM,crucial,crucial ct16g4dfd832a 16 gb,2025,54.99,3.436875,$/GB
crucial ct16g4dfra266 16 gb | DDR4 | 2666MHz | 1x16GB,RAM,crucial,crucial ct16g4dfra266 16 gb,2023,35.99,2.249375,$/GB
crucial ct16g4dfra266 16 gb | DDR4 | 2666MHz | 1x16GB,RAM,crucial,crucial ct16g4dfra266 16 gb,2025,36.47,2.279375,$/GB
crucial ct16g4dfra32a 16 gb | DDR4 | 3200MHz | 1x16GB,RAM,crucial,crucial ct16g4dfra32a 16 gb,2025,51.73,3.233125,$/GB
crucial ct16g4rfd4213 16 gb | DDR4 | 2133MHz | 1x16GB,RAM,crucial,crucial ct16g4rfd4213 16 gb,2025,32.97,2.060625,$/GB
crucial ct16g4rfd424a 16 gb | DDR4 | 2400MHz | 1x16GB,RAM,crucial,crucial ct16g4rfd424a 16 gb,2025,38.99,2.436875,$/GB
crucial ct16g4rfd4266 16 gb | DDR4 | 2666MHz | 1x16GB,RAM,crucial,crucial ct16g4rfd4266 16 gb,2025,34.99,2.186875,$/GB
crucial ct16g4rfd8266 16 gb | DDR4 | 2666MHz | 1x16GB,RAM,crucial,crucial ct16g4rfd8266 16 gb,2025,41.95,2.621875,$/GB
crucial ct16g4rfd8293 16 gb | DDR4 | 2933MHz | 1x16GB,RAM,crucial,crucial ct16g4rfd8293 16 gb,2025,54.97,3.435625,$/GB
crucial ct16g4rfs4293 16 gb | DDR4 | 2933MHz | 1x16GB,RAM,crucial,crucial ct16g4rfs4293 16 gb,2025,43.75,2.734375,$/GB
crucial ct16g4sfd824a 16 gb | DDR4 | 2400MHz | 1x16GB,RAM,crucial,crucial ct16g4sfd824a 16 gb,2025,33.97,2.123125,$/GB
crucial ct16g4sfd8266 16 gb | DDR4 | 2666MHz | 1x16GB,RAM,crucial,crucial ct16g4sfd8266 16 gb,2025,35.49,2.218125,$/GB
crucial ct16g4tfd8266 16 gb | DDR4 | 2666MHz | 1x16GB,RAM,crucial,crucial ct16g4tfd8266 16 gb,2025,89.99,5.624375,$/GB
crucial ct16g4vfd4213 16 gb | DDR4 | 2133MHz | 1x16GB,RAM,crucial,crucial ct16g4vfd4213 16 gb,2025,64.95,4.059375,$/GB
crucial ct16g4wfd8213 16 gb | DDR4 | 2133MHz | 1x16GB,RAM,crucial,crucial ct16g4wfd8213 16 gb,2025,54.09,3.380625,$/GB
crucial ct16g4wfd824a 16 gb | DDR4 | 2400MHz | 1x16GB,RAM,crucial,crucial ct16g4wfd824a 16 gb,2025,72.98,4.56125,$/GB
crucial ct16g4wfd8266 16 gb | DDR4 | 2666MHz | 1x16GB,RAM,crucial,crucial ct16g4wfd8266 16 gb,2025,87.77,5.485625,$/GB
crucial ct16g4xfd8266 16 gb | DDR4 | 2666MHz | 1x16GB,RAM,crucial,crucial ct16g4xfd8266 16 gb,2025,69.89,4.368125,$/GB
crucial ct16g52c42u5 16 gb | DDR5 | 5200MHz | 1x16GB,RAM,crucial,crucial ct16g52c42u5 16 gb,2023,57.99,3.624375,$/GB
crucial ct16g52c42u5 16 gb | DDR5 | 5200MHz | 1x16GB,RAM,crucial,crucial ct16g52c42u5 16 gb,2025,59.75,3.734375,$/GB
crucial ct16g56c46s5 16 gb | DDR5 | 5600MHz | 1x16GB,RAM,crucial,crucial ct16g56c46s5 16 gb,2025,40.99,2.561875,$/GB
crucial ct16g56c46u5 16 gb | DDR5 | 5600MHz | 1x16GB,RAM,crucial,crucial ct16g56c46u5 16 gb,2023,55.9,3.49375,$/GB
crucial ct16g56c46u5 16 gb | DDR5 | 5600MHz | 1x16GB,RAM,crucial,crucial ct16g56c46u5 16 gb,2025,40.99,2.561875,$/GB
crucial ct204864bf160b 16 gb | DDR3 | 1600MHz | 1x16GB,RAM,crucial,crucial ct204864bf160b 16 gb,2025,138.97,8.685625,$/GB
crucial ct24g56c46s5 24 gb | DDR5 | 5600MHz | 1x24GB,RAM,crucial,crucial ct24g56c46s5 24 gb,2025,53.99,2.2495833333333333,$/GB
crucial ct25664aa667 2 gb | DDR2 | 667MHz | 1x2GB,RAM,crucial,crucial ct25664aa667 2 gb,2023,11.0,5.5,$/GB
crucial ct25664aa667 2 gb | DDR2 | 667MHz | 1x2GB,RAM,crucial,crucial ct25664aa667 2 gb,2025,11.0,5.5,$/GB
crucial ct25664ac667 2 gb | DDR2 | 667MHz | 1x2GB,RAM,crucial,crucial ct25664ac667 2 gb,2025,19.94,9.97,$/GB
crucial ct25664ac800 2 gb | DDR2 | 800MHz | 1x2GB,RAM,crucial,crucial ct25664ac800 2 gb,2025,18.98,9.49,$/GB
crucial ct25664ba1067 2 gb | DDR3 | 1066MHz | 1x2GB,RAM,crucial,crucial ct25664ba1067 2 gb,2025,19.98,9.99,$/GB
crucial ct25664ba1339 2 gb | DDR3 | 1333MHz | 1x2GB,RAM,crucial,crucial ct25664ba1339 2 gb,2025,14.99,7.495,$/GB
crucial ct25664ba160b 2 gb | DDR3 | 1600MHz | 1x2GB,RAM,crucial,crucial ct25664ba160b 2 gb,2025,12.97,6.485,$/GB
crucial ct25664bd160bj 2 gb | DDR3 | 1600MHz | 1x2GB,RAM,crucial,crucial ct25664bd160bj 2 gb,2025,19.98,9.99,$/GB
crucial ct25664bf1339 2 gb | DDR3 | 1333MHz | 1x2GB,RAM,crucial,crucial ct25664bf1339 2 gb,2025,14.99,7.495,$/GB
crucial ct2cp25672af667 4 gb | DDR2 | 667MHz | 2x2GB,RAM,crucial,crucial ct2cp25672af667 4 gb,2025,23.99,5.9975,$/GB
crucial ct2g3s1067m 2 gb | DDR3 | 1066MHz | 1x2GB,RAM,crucial,crucial ct2g3s1067m 2 gb,2025,19.98,9.99,$/GB
crucial ct2k102464bd186d 16 gb | DDR3 | 1866MHz | 2x8GB,RAM,crucial,crucial ct2k102464bd186d 16 gb,2023,79.98,4.99875,$/GB
crucial ct2k102464bd186d 16 gb | DDR3 | 1866MHz | 2x8GB,RAM,crucial,crucial ct2k102464bd186d 16 gb,2025,29.29,1.830625,$/GB
crucial ct2k102464bf186d 16 gb | DDR3 | 1866MHz | 2x8GB,RAM,crucial,crucial ct2k102464bf186d 16 gb,2025,28.68,1.7925,$/GB
crucial ct2k16g3ersld4160b 32 gb | DDR3 | 1600MHz | 2x16GB,RAM,crucial,crucial ct2k16g3ersld4160b 32 gb,2025,109.97,3.4365625,$/GB
crucial ct2k16g48c40s5 32 gb | DDR5 | 4800MHz | 2x16GB,RAM,crucial,crucial ct2k16g48c40s5 32 gb,2023,86.99,2.7184375,$/GB
crucial ct2k16g48c40s5 32 gb | DDR5 | 4800MHz | 2x16GB,RAM,crucial,crucial ct2k16g48c40s5 32 gb,2025,71.06,2.220625,$/GB
crucial ct2k16g48c40u5 32 gb | DDR5 | 4800MHz | 2x16GB,RAM,crucial,crucial ct2k16g48c40u5 32 gb,2023,87.66,2.739375,$/GB
crucial ct2k16g48c40u5 32 gb | DDR5 | 4800MHz | 2x16GB,RAM,crucial,crucial ct2k16g48c40u5 32 gb,2025,73.98,2.311875,$/GB
crucial ct2k16g4dfd8213 32 gb | DDR4 | 2133MHz | 2x16GB,RAM,crucial,crucial ct2k16g4dfd8213 32 gb,2025,83.0,2.59375,$/GB
crucial ct2k16g4dfd8266 32 gb | DDR4 | 2666MHz | 2x16GB,RAM,crucial,crucial ct2k16g4dfd8266 32 gb,2025,72.0,2.25,$/GB
crucial ct2k16g4dfd832a 32 gb | DDR4 | 3200MHz | 2x16GB,RAM,crucial,crucial ct2k16g4dfd832a 32 gb,2025,104.99,3.2809375,$/GB
crucial ct2k16g4dfra266 32 gb | DDR4 | 2666MHz | 2x16GB,RAM,crucial,crucial ct2k16g4dfra266 32 gb,2023,69.98,2.186875,$/GB
crucial ct2k16g4dfra266 32 gb | DDR4 | 2666MHz | 2x16GB,RAM,crucial,crucial ct2k16g4dfra266 32 gb,2025,86.99,2.7184375,$/GB
crucial ct2k16g4dfra32a 32 gb | DDR4 | 3200MHz | 2x16GB,RAM,crucial,crucial ct2k16g4dfra32a 32 gb,2023,69.69,2.1778125,$/GB
crucial ct2k16g4dfra32a 32 gb | DDR4 | 3200MHz | 2x16GB,RAM,crucial,crucial ct2k16g4dfra32a 32 gb,2025,99.99,3.1246875,$/GB
crucial ct2k16g4rfd4213 32 gb | DDR4 | 2133MHz | 2x16GB,RAM,crucial,crucial ct2k16g4rfd4213 32 gb,2025,56.25,1.7578125,$/GB
crucial ct2k16g4rfs4266 32 gb | DDR4 | 2666MHz | 2x16GB,RAM,crucial,crucial ct2k16g4rfs4266 32 gb,2025,94.99,2.9684375,$/GB
crucial ct2k16g4sfd8213 32 gb | DDR4 | 2133MHz | 2x16GB,RAM,crucial,crucial ct2k16g4sfd8213 32 gb,2025,70.0,2.1875,$/GB
crucial ct2k16g4sfd8266 32 gb | DDR4 | 2666MHz | 2x16GB,RAM,crucial,crucial ct2k16g4sfd8266 32 gb,2025,85.0,2.65625,$/GB
crucial ct2k16g4sfra32a 32 gb | DDR4 | 3200MHz | 2x16GB,RAM,crucial,crucial ct2k16g4sfra32a 32 gb,2025,99.99,3.1246875,$/GB
crucial ct2k16g52c42u5 32 gb | DDR5 | 5200MHz | 2x16GB,RAM,crucial,crucial ct2k16g52c42u5 32 gb,2023,109.7,3.428125,$/GB
crucial ct2k16g52c42u5 32 gb | DDR5 | 5200MHz | 2x16GB,RAM,crucial,crucial ct2k16g52c42u5 32 gb,2025,95.99,2.9996875,$/GB
crucial ct2k16g56c46s5 32 gb | DDR5 | 5600MHz | 2x16GB,RAM,crucial,crucial ct2k16g56c46s5 32 gb,2023,97.35,3.0421875,$/GB
crucial ct2k16g56c46s5 32 gb | DDR5 | 5600MHz | 2x16GB,RAM,crucial,crucial ct2k16g56c46s5 32 gb,2025,77.99,2.4371875,$/GB
crucial ct2k16g56c46u5 32 gb | DDR5 | 5600MHz | 2x16GB,RAM,crucial,crucial ct2k16g56c46u5 32 gb,2025,77.98,2.436875,$/GB
crucial ct2k16g64c52cu5 32 gb | DDR5 | 6400MHz | 2x16GB,RAM,crucial,crucial ct2k16g64c52cu5 32 gb,2025,159.0,4.96875,$/GB
crucial ct2k24g56c46s5 48 gb | DDR5 | 5600MHz | 2x24GB,RAM,crucial,crucial ct2k24g56c46s5 48 gb,2025,106.99,2.2289583333333334,$/GB
crucial ct2k2g3s1067m 4 gb | DDR3 | 1066MHz | 2x2GB,RAM,crucial,crucial ct2k2g3s1067m 4 gb,2025,35.99,8.9975,$/GB
crucial ct2k32g48c40s5 64 gb | DDR5 | 4800MHz | 2x32GB,RAM,crucial,crucial ct2k32g48c40s5 64 gb,2025,164.96,2.5775,$/GB
crucial ct2k32g48c40u5 64 gb | DDR5 | 4800MHz | 2x32GB,RAM,crucial,crucial ct2k32g48c40u5 64 gb,2025,168.99,2.64046875,$/GB
crucial ct2k32g4dfd8266 64 gb | DDR4 | 2666MHz | 2x32GB,RAM,crucial,crucial ct2k32g4dfd8266 64 gb,2025,179.0,2.796875,$/GB
crucial ct2k32g4dfd832a 64 gb | DDR4 | 3200MHz | 2x32GB,RAM,crucial,crucial ct2k32g4dfd832a 64 gb,2023,137.05,2.14140625,$/GB
crucial ct2k32g4dfd832a 64 gb | DDR4 | 3200MHz | 2x32GB,RAM,crucial,crucial ct2k32g4dfd832a 64 gb,2025,189.99,2.96859375,$/GB
crucial ct2k32g4sfd8266 64 gb | DDR4 | 2666MHz | 2x32GB,RAM,crucial,crucial ct2k32g4sfd8266 64 gb,2025,216.38,3.3809375,$/GB
crucial ct2k32g52c42u5 64 gb | DDR5 | 5200MHz | 2x32GB,RAM,crucial,crucial ct2k32g52c42u5 64 gb,2025,189.95,2.96796875,$/GB
crucial ct2k32g56c46s5 64 gb | DDR5 | 5600MHz | 2x32GB,RAM,crucial,crucial ct2k32g56c46s5 64 gb,2025,246.33,3.84890625,$/GB
crucial ct2k48g56c46s5 96 gb | DDR5 | 5600MHz | 2x48GB,RAM,crucial,crucial ct2k48g56c46s5 96 gb,2025,194.89,2.0301041666666664,$/GB
crucial ct2k4g3s1067m 8 gb | DDR3 | 1066MHz | 2x4GB,RAM,crucial,crucial ct2k4g3s1067m 8 gb,2025,39.99,4.99875,$/GB
crucial ct2k4g3s1339m 8 gb | DDR3 | 1333MHz | 2x4GB,RAM,crucial,crucial ct2k4g3s1339m 8 gb,2025,45.1,5.6375,$/GB
crucial ct2k4g3s160bm 8 gb | DDR3 | 1600MHz | 2x4GB,RAM,crucial,crucial ct2k4g3s160bm 8 gb,2025,30.95,3.86875,$/GB
crucial ct2k4g4dfs8213 8 gb | DDR4 | 2133MHz | 2x4GB,RAM,crucial,crucial ct2k4g4dfs8213 8 gb,2025,69.98,8.7475,$/GB
crucial ct2k4g4dfs824a 8 gb | DDR4 | 2400MHz | 2x4GB,RAM,crucial,crucial ct2k4g4dfs824a 8 gb,2023,25.99,3.24875,$/GB
crucial ct2k4g4dfs824a 8 gb | DDR4 | 2400MHz | 2x4GB,RAM,crucial,crucial ct2k4g4dfs824a 8 gb,2025,29.99,3.74875,$/GB
crucial ct2k4g4dfs8266 8 gb | DDR4 | 2666MHz | 2x4GB,RAM,crucial,crucial ct2k4g4dfs8266 8 gb,2025,73.48,9.185,$/GB
crucial ct2k4g4sfs624a 8 gb | DDR4 | 2400MHz | 2x4GB,RAM,crucial,crucial ct2k4g4sfs624a 8 gb,2025,34.95,4.36875,$/GB
crucial ct2k51264bd160bj 8 gb | DDR3 | 1600MHz | 2x4GB,RAM,crucial,crucial ct2k51264bd160bj 8 gb,2025,33.0,4.125,$/GB
crucial ct2k51264bf186dj 8 gb | DDR3 | 1866MHz | 2x4GB,RAM,crucial,crucial ct2k51264bf186dj 8 gb,2025,39.99,4.99875,$/GB
crucial ct2k64g56c46s5 128 gb | DDR5 | 5600MHz | 2x64GB,RAM,crucial,crucial ct2k64g56c46s5 128 gb,2025,279.99,2.187421875,$/GB
crucial ct2k64g56c46u5 128 gb | DDR5 | 5600MHz | 2x64GB,RAM,crucial,crucial ct2k64g56c46u5 128 gb,2025,279.99,2.187421875,$/GB
crucial ct2k8g3ersls4160b 16 gb | DDR3 | 1600MHz | 2x8GB,RAM,crucial,crucial ct2k8g3ersls4160b 16 gb,2025,188.73,11.795625,$/GB
crucial ct2k8g3s1339m 16 gb | DDR3 | 1333MHz | 2x8GB,RAM,crucial,crucial ct2k8g3s1339m 16 gb,2025,79.98,4.99875,$/GB
crucial ct2k8g3s160bm 16 gb | DDR3 | 1600MHz | 2x8GB,RAM,crucial,crucial ct2k8g3s160bm 16 gb,2025,28.45,1.778125,$/GB
crucial ct2k8g48c40s5 16 gb | DDR5 | 4800MHz | 2x8GB,RAM,crucial,crucial ct2k8g48c40s5 16 gb,2025,41.99,2.624375,$/GB
crucial ct2k8g48c40u5 16 gb | DDR5 | 4800MHz | 2x8GB,RAM,crucial,crucial ct2k8g48c40u5 16 gb,2023,54.55,3.409375,$/GB
crucial ct2k8g48c40u5 16 gb | DDR5 | 4800MHz | 2x8GB,RAM,crucial,crucial ct2k8g48c40u5 16 gb,2025,41.99,2.624375,$/GB
crucial ct2k8g4dfd824a 16 gb | DDR4 | 2400MHz | 2x8GB,RAM,crucial,crucial ct2k8g4dfd824a 16 gb,2025,39.0,2.4375,$/GB
crucial ct2k8g4dfra266 16 gb | DDR4 | 2666MHz | 2x8GB,RAM,crucial,crucial ct2k8g4dfra266 16 gb,2025,41.0,2.5625,$/GB
crucial ct2k8g4dfra32a 16 gb | DDR4 | 3200MHz | 2x8GB,RAM,crucial,crucial ct2k8g4dfra32a 16 gb,2023,39.99,2.499375,$/GB
crucial ct2k8g4dfra32a 16 gb | DDR4 | 3200MHz | 2x8GB,RAM,crucial,crucial ct2k8g4dfra32a 16 gb,2025,56.54,3.53375,$/GB
crucial ct2k8g4dfs8213 16 gb | DDR4 | 2133MHz | 2x8GB,RAM,crucial,crucial ct2k8g4dfs8213 16 gb,2023,99.99,6.249375,$/GB
crucial ct2k8g4dfs8213 16 gb | DDR4 | 2133MHz | 2x8GB,RAM,crucial,crucial ct2k8g4dfs8213 16 gb,2025,99.98,6.24875,$/GB
crucial ct2k8g4dfs824a 16 gb | DDR4 | 2400MHz | 2x8GB,RAM,crucial,crucial ct2k8g4dfs824a 16 gb,2025,31.35,1.959375,$/GB
crucial ct2k8g4dfs8266 16 gb | DDR4 | 2666MHz | 2x8GB,RAM,crucial,crucial ct2k8g4dfs8266 16 gb,2023,53.99,3.374375,$/GB
crucial ct2k8g4dfs8266 16 gb | DDR4 | 2666MHz | 2x8GB,RAM,crucial,crucial ct2k8g4dfs8266 16 gb,2025,36.5,2.28125,$/GB
crucial ct2k8g4dfs832a 16 gb | DDR4 | 3200MHz | 2x8GB,RAM,crucial,crucial ct2k8g4dfs832a 16 gb,2025,64.48,4.03,$/GB
crucial ct2k8g4rfs424a 16 gb | DDR4 | 2400MHz | 2x8GB,RAM,crucial,crucial ct2k8g4rfs424a 16 gb,2025,119.99,7.499375,$/GB
crucial ct2k8g4sfs8266 16 gb | DDR4 | 2666MHz | 2x8GB,RAM,crucial,crucial ct2k8g4sfs8266 16 gb,2025,37.49,2.343125,$/GB
crucial ct2k8g4sfs832a 16 gb | DDR4 | 3200MHz | 2x8GB,RAM,crucial,crucial ct2k8g4sfs832a 16 gb,2025,54.99,3.436875,$/GB
crucial ct2k8g56c46s5 16 gb | DDR5 | 5600MHz | 2x8GB,RAM,crucial,crucial ct2k8g56c46s5 16 gb,2025,43.99,2.749375,$/GB
crucial ct2kit102464bf1339 16 gb | DDR3 | 1333MHz | 2x8GB,RAM,crucial,crucial ct2kit102464bf1339 16 gb,2025,69.98,4.37375,$/GB
crucial ct2kit102464bf160b 16 gb | DDR3 | 1600MHz | 2x8GB,RAM,crucial,crucial ct2kit102464bf160b 16 gb,2025,25.0,1.5625,$/GB
crucial ct2kit102464bf186d 16 gb | DDR3 | 1866MHz | 2x8GB,RAM,crucial,crucial ct2kit102464bf186d 16 gb,2025,28.68,1.7925,$/GB
crucial ct2kit102472bd160b 16 gb | DDR3 | 1600MHz | 2x8GB,RAM,crucial,crucial ct2kit102472bd160b 16 gb,2023,99.45,6.215625,$/GB
crucial ct2kit102472bd160b 16 gb | DDR3 | 1600MHz | 2x8GB,RAM,crucial,crucial ct2kit102472bd160b 16 gb,2025,99.49,6.218125,$/GB
crucial ct2kit12864aa800 2 gb | DDR2 | 800MHz | 2x1GB,RAM,crucial,crucial ct2kit12864aa800 2 gb,2025,24.99,12.495,$/GB
crucial ct2kit12864ac800 2 gb | DDR2 | 800MHz | 2x1GB,RAM,crucial,crucial ct2kit12864ac800 2 gb,2025,38.99,19.495,$/GB
crucial ct2kit204864bf160b 32 gb | DDR3 | 1600MHz | 2x16GB,RAM,crucial,crucial ct2kit204864bf160b 32 gb,2025,299.79,9.3684375,$/GB
crucial ct2kit25664aa667 4 gb | DDR2 | 667MHz | 2x2GB,RAM,crucial,crucial ct2kit25664aa667 4 gb,2025,48.99,12.2475,$/GB
crucial ct2kit25664aa800 4 gb | DDR2 | 800MHz | 2x2GB,RAM,crucial,crucial ct2kit25664aa800 4 gb,2023,31.49,7.8725,$/GB
crucial ct2kit25664aa800 4 gb | DDR2 | 800MHz | 2x2GB,RAM,crucial,crucial ct2kit25664aa800 4 gb,2025,31.49,7.8725,$/GB
crucial ct2kit25664ac667 4 gb | DDR2 | 667MHz | 2x2GB,RAM,crucial,crucial ct2kit25664ac667 4 gb,2025,34.99,8.7475,$/GB
crucial ct2kit25664ac800 4 gb | DDR2 | 800MHz | 2x2GB,RAM,crucial,crucial ct2kit25664ac800 4 gb,2025,37.28,9.32,$/GB
crucial ct2kit25664ba1339 4 gb | DDR3 | 1333MHz | 2x2GB,RAM,crucial,crucial ct2kit25664ba1339 4 gb,2025,24.99,6.2475,$/GB
crucial ct2kit25664ba160bj 4 gb | DDR3 | 1600MHz | 2x2GB,RAM,crucial,crucial ct2kit25664ba160bj 4 gb,2025,34.99,8.7475,$/GB
crucial ct2kit25664bf1339 4 gb | DDR3 | 1333MHz | 2x2GB,RAM,crucial,crucial ct2kit25664bf1339 4 gb,2025,34.99,8.7475,$/GB
crucial ct2kit51264ba160b 8 gb | DDR3 | 1600MHz | 2x4GB,RAM,crucial,crucial ct2kit51264ba160b 8 gb,2025,31.2,3.9,$/GB
crucial ct2kit51264bd160b 8 gb | DDR3 | 1600MHz | 2x4GB,RAM,crucial,crucial ct2kit51264bd160b 8 gb,2023,19.89,2.48625,$/GB
crucial ct2kit51264bd160b 8 gb | DDR3 | 1600MHz | 2x4GB,RAM,crucial,crucial ct2kit51264bd160b 8 gb,2025,20.89,2.61125,$/GB
crucial ct2kit51264bf1339 8 gb | DDR3 | 1333MHz | 2x4GB,RAM,crucial,crucial ct2kit51264bf1339 8 gb,2025,32.59,4.07375,$/GB
crucial ct2kit51264bf160bj 8 gb | DDR3 | 1600MHz | 2x4GB,RAM,crucial,crucial ct2kit51264bf160bj 8 gb,2025,53.99,6.74875,$/GB
crucial ct2kit51272af667 8 gb | DDR2 | 667MHz | 2x4GB,RAM,crucial,crucial ct2kit51272af667 8 gb,2025,58.99,7.37375,$/GB
crucial ct32g3elsdq4186d 32 gb | DDR3 | 1866MHz | 1x32GB,RAM,crucial,crucial ct32g3elsdq4186d 32 gb,2025,58.99,1.8434375,$/GB
crucial ct32g48c40s5 32 gb | DDR5 | 4800MHz | 1x32GB,RAM,crucial,crucial ct32g48c40s5 32 gb,2025,74.99,2.3434375,$/GB
crucial ct32g48c40u5 32 gb | DDR5 | 4800MHz | 1x32GB,RAM,crucial,crucial ct32g48c40u5 32 gb,2023,89.08,2.78375,$/GB
crucial ct32g48c40u5 32 gb | DDR5 | 4800MHz | 1x32GB,RAM,crucial,crucial ct32g48c40u5 32 gb,2025,69.98,2.186875,$/GB
crucial ct32g4dfd8266 32 gb | DDR4 | 2666MHz | 1x32GB,RAM,crucial,crucial ct32g4dfd8266 32 gb,2025,127.65,3.9890625,$/GB
crucial ct32g4dfd832a 32 gb | DDR4 | 3200MHz | 1x32GB,RAM,crucial,crucial ct32g4dfd832a 32 gb,2023,61.45,1.9203125,$/GB
crucial ct32g4dfd832a 32 gb | DDR4 | 3200MHz | 1x32GB,RAM,crucial,crucial ct32g4dfd832a 32 gb,2025,97.98,3.061875,$/GB
crucial ct32g4lfd424a 32 gb | DDR4 | 2400MHz | 1x32GB,RAM,crucial,crucial ct32g4lfd424a 32 gb,2025,71.98,2.249375,$/GB
crucial ct32g4lfd4266 32 gb | DDR4 | 2666MHz | 1x32GB,RAM,crucial,crucial ct32g4lfd4266 32 gb,2025,74.09,2.3153125,$/GB
crucial ct32g4lfq4213 32 gb | DDR4 | 2133MHz | 1x32GB,RAM,crucial,crucial ct32g4lfq4213 32 gb,2025,82.5,2.578125,$/GB
crucial ct32g4rfd4213 32 gb | DDR4 | 2133MHz | 1x32GB,RAM,crucial,crucial ct32g4rfd4213 32 gb,2025,58.98,1.843125,$/GB
crucial ct32g4rfd424a 32 gb | DDR4 | 2400MHz | 1x32GB,RAM,crucial,crucial ct32g4rfd424a 32 gb,2025,58.65,1.8328125,$/GB
crucial ct32g4rfd4266 32 gb | DDR4 | 2666MHz | 1x32GB,RAM,crucial,crucial ct32g4rfd4266 32 gb,2025,64.98,2.030625,$/GB
crucial ct32g4rfd4293 32 gb | DDR4 | 2933MHz | 1x32GB,RAM,crucial,crucial ct32g4rfd4293 32 gb,2025,63.23,1.9759375,$/GB
crucial ct32g4rfd432a 32 gb | DDR4 | 3200MHz | 1x32GB,RAM,crucial,crucial ct32g4rfd432a 32 gb,2025,64.98,2.030625,$/GB
crucial ct32g4sfd8266 32 gb | DDR4 | 2666MHz | 1x32GB,RAM,crucial,crucial ct32g4sfd8266 32 gb,2025,99.29,3.1028125,$/GB
crucial ct32g52c42s5 32 gb | DDR5 | 5200MHz | 1x32GB,RAM,crucial,crucial ct32g52c42s5 32 gb,2025,99.99,3.1246875,$/GB
crucial ct32g52c42u5 32 gb | DDR5 | 5200MHz | 1x32GB,RAM,crucial,crucial ct32g52c42u5 32 gb,2023,89.99,2.8121875,$/GB
crucial ct32g52c42u5 32 gb | DDR5 | 5200MHz | 1x32GB,RAM,crucial,crucial ct32g52c42u5 32 gb,2025,85.45,2.6703125,$/GB
crucial ct32g56c46s5 32 gb | DDR5 | 5600MHz | 1x32GB,RAM,crucial,crucial ct32g56c46s5 32 gb,2025,114.25,3.5703125,$/GB
crucial ct32g56c46u5 32 gb | DDR5 | 5600MHz | 1x32GB,RAM,crucial,crucial ct32g56c46u5 32 gb,2025,70.29,2.1965625,$/GB
crucial ct3kit51264ba160b 12 gb | DDR3 | 1600MHz | 3x4GB,RAM,crucial,crucial ct3kit51264ba160b 12 gb,2025,36.97,3.080833333333333,$/GB
crucial ct3kit51272bd160b 12 gb | DDR3 | 1600MHz | 3x4GB,RAM,crucial,crucial ct3kit51272bd160b 12 gb,2025,130.22,10.851666666666667,$/GB
crucial ct48g56c46s5 48 gb | DDR5 | 5600MHz | 1x48GB,RAM,crucial,crucial ct48g56c46s5 48 gb,2023,164.98,3.4370833333333333,$/GB
crucial ct48g56c46s5 48 gb | DDR5 | 5600MHz | 1x48GB,RAM,crucial,crucial ct48g56c46s5 48 gb,2025,101.99,2.1247916666666664,$/GB
crucial ct4g3s1067m 4 gb | DDR3 | 1066MHz | 1x4GB,RAM,crucial,crucial ct4g3s1067m 4 gb,2025,28.27,7.0675,$/GB
crucial ct4g3s1339m 4 gb | DDR3 | 1333MHz | 1x4GB,RAM,crucial,crucial ct4g3s1339m 4 gb,2025,18.95,4.7375,$/GB
crucial ct4g4dfs8213 4 gb | DDR4 | 2133MHz | 1x4GB,RAM,crucial,crucial ct4g4dfs8213 4 gb,2025,17.55,4.3875,$/GB
crucial ct4g4dfs824a 4 gb | DDR4 | 2400MHz | 1x4GB,RAM,crucial,crucial ct4g4dfs824a 4 gb,2023,15.0,3.75,$/GB
crucial ct4g4dfs824a 4 gb | DDR4 | 2400MHz | 1x4GB,RAM,crucial,crucial ct4g4dfs824a 4 gb,2025,13.99,3.4975,$/GB
crucial ct4g4rfs8213 4 gb | DDR4 | 2133MHz | 1x4GB,RAM,crucial,crucial ct4g4rfs8213 4 gb,2025,49.99,12.4975,$/GB
crucial ct4g4rfs8266 4 gb | DDR4 | 2666MHz | 1x4GB,RAM,crucial,crucial ct4g4rfs8266 4 gb,2025,25.4,6.35,$/GB
crucial ct4k16g4dfd8213 64 gb | DDR4 | 2133MHz | 4x16GB,RAM,crucial,crucial ct4k16g4dfd8213 64 gb,2025,359.96,5.624375,$/GB
crucial ct4k16g4dfd824a 64 gb | DDR4 | 2400MHz | 4x16GB,RAM,crucial,crucial ct4k16g4dfd824a 64 gb,2025,199.99,3.12484375,$/GB
crucial ct4k16g4dfd8266 64 gb | DDR4 | 2666MHz | 4x16GB,RAM,crucial,crucial ct4k16g4dfd8266 64 gb,2025,263.55,4.11796875,$/GB
crucial ct4k8g4dfd824a 32 gb | DDR4 | 2400MHz | 4x8GB,RAM,crucial,crucial ct4k8g4dfd824a 32 gb,2025,128.88,4.0275,$/GB
crucial ct4k8g4dfs8213 32 gb | DDR4 | 2133MHz | 4x8GB,RAM,crucial,crucial ct4k8g4dfs8213 32 gb,2025,159.0,4.96875,$/GB
crucial ct4k8g4dfs8266 32 gb | DDR4 | 2666MHz | 4x8GB,RAM,crucial,crucial ct4k8g4dfs8266 32 gb,2025,129.99,4.0621875,$/GB
crucial ct51264ac667 4 gb | DDR2 | 667MHz | 1x4GB,RAM,crucial,crucial ct51264ac667 4 gb,2025,79.48,19.87,$/GB
crucial ct51264ac800 4 gb | DDR2 | 800MHz | 1x4GB,RAM,crucial,crucial ct51264ac800 4 gb,2025,64.89,16.2225,$/GB
crucial ct51264ba1339 4 gb | DDR3 | 1333MHz | 1x4GB,RAM,crucial,crucial ct51264ba1339 4 gb,2025,17.0,4.25,$/GB
crucial ct51264ba1339j 4 gb | DDR3 | 1333MHz | 1x4GB,RAM,crucial,crucial ct51264ba1339j 4 gb,2025,24.37,6.0925,$/GB
crucial ct51264ba160b 4 gb | DDR3 | 1600MHz | 1x4GB,RAM,crucial,crucial ct51264ba160b 4 gb,2025,10.29,2.5725,$/GB
crucial ct51264bc1067 4 gb | DDR3 | 1066MHz | 1x4GB,RAM,crucial,crucial ct51264bc1067 4 gb,2025,19.95,4.9875,$/GB
crucial ct51264bd1339 4 gb | DDR3 | 1333MHz | 1x4GB,RAM,crucial,crucial ct51264bd1339 4 gb,2025,26.11,6.5275,$/GB
crucial ct51264bd160b 4 gb | DDR3 | 1600MHz | 1x4GB,RAM,crucial,crucial ct51264bd160b 4 gb,2025,12.99,3.2475,$/GB
crucial ct51264bd160bj 4 gb | DDR3 | 1600MHz | 1x4GB,RAM,crucial,crucial ct51264bd160bj 4 gb,2025,11.5,2.875,$/GB
crucial ct51264bf1339 4 gb | DDR3 | 1333MHz | 1x4GB,RAM,crucial,crucial ct51264bf1339 4 gb,2025,17.0,4.25,$/GB
crucial ct51264bf160b 4 gb | DDR3 | 1600MHz | 1x4GB,RAM,crucial,crucial ct51264bf160b 4 gb,2025,10.99,2.7475,$/GB
crucial ct51264bf160bj 4 gb | DDR3 | 1600MHz | 1x4GB,RAM,crucial,crucial ct51264bf160bj 4 gb,2025,17.07,4.2675,$/GB
crucial ct51264bf186dj 4 gb | DDR3 | 1866MHz | 1x4GB,RAM,crucial,crucial ct51264bf186dj 4 gb,2025,16.48,4.12,$/GB
crucial ct51272ba186dj 4 gb | DDR3 | 1866MHz | 1x4GB,RAM,crucial,crucial ct51272ba186dj 4 gb,2025,39.99,9.9975,$/GB
crucial ct64g4lfq424a 64 gb | DDR4 | 2400MHz | 1x64GB,RAM,crucial,crucial ct64g4lfq424a 64 gb,2025,159.99,2.49984375,$/GB
crucial ct64g4yfq426s 64 gb | DDR4 | 2666MHz | 1x64GB,RAM,crucial,crucial ct64g4yfq426s 64 gb,2023,649.95,10.15546875,$/GB
crucial ct64g4yfq426s 64 gb | DDR4 | 2666MHz | 1x64GB,RAM,crucial,crucial ct64g4yfq426s 64 gb,2025,649.95,10.15546875,$/GB
crucial ct64g56c46s5 64 gb | DDR5 | 5600MHz | 1x64GB,RAM,crucial,crucial ct64g56c46s5 64 gb,2025,156.99,2.45296875,$/GB
crucial ct64g56c46u5 64 gb | DDR5 | 5600MHz | 1x64GB,RAM,crucial,crucial ct64g56c46u5 64 gb,2025,156.99,2.45296875,$/GB
crucial ct8g3ersdd8186d 8 gb | DDR3 | 1866MHz | 1x8GB,RAM,crucial,crucial ct8g3ersdd8186d 8 gb,2025,38.99,4.87375,$/GB
crucial ct8g3ersld41339 8 gb | DDR3 | 1333MHz | 1x8GB,RAM,crucial,crucial ct8g3ersld41339 8 gb,2025,23.24,2.905,$/GB
crucial ct8g3ersld4160b 8 gb | DDR3 | 1600MHz | 1x8GB,RAM,crucial,crucial ct8g3ersld4160b 8 gb,2025,16.98,2.1225,$/GB
crucial ct8g3ersld8160b 8 gb | DDR3 | 1600MHz | 1x8GB,RAM,crucial,crucial ct8g3ersld8160b 8 gb,2025,54.99,6.87375,$/GB
crucial ct8g3erslq81067 8 gb | DDR3 | 1066MHz | 1x8GB,RAM,crucial,crucial ct8g3erslq81067 8 gb,2025,48.99,6.12375,$/GB
crucial ct8g3ersls4160b 8 gb | DDR3 | 1600MHz | 1x8GB,RAM,crucial,crucial ct8g3ersls4160b 8 gb,2025,24.99,3.12375,$/GB
crucial ct8g3s1339m 8 gb | DDR3 | 1333MHz | 1x8GB,RAM,crucial,crucial ct8g3s1339m 8 gb,2025,31.38,3.9225,$/GB
crucial ct8g3s160bm 8 gb | DDR3 | 1600MHz | 1x8GB,RAM,crucial,crucial ct8g3s160bm 8 gb,2025,17.39,2.17375,$/GB
crucial ct8g48c40s5 8 gb | DDR5 | 4800MHz | 1x8GB,RAM,crucial,crucial ct8g48c40s5 8 gb,2025,20.99,2.62375,$/GB
crucial ct8g48c40u5 8 gb | DDR5 | 4800MHz | 1x8GB,RAM,crucial,crucial ct8g48c40u5 8 gb,2025,24.98,3.1225,$/GB
crucial ct8g4dfd8213 8 gb | DDR4 | 2133MHz | 1x8GB,RAM,crucial,crucial ct8g4dfd8213 8 gb,2025,24.99,3.12375,$/GB
crucial ct8g4dfd824a 8 gb | DDR4 | 2400MHz | 1x8GB,RAM,crucial,crucial ct8g4dfd824a 8 gb,2023,22.0,2.75,$/GB
crucial ct8g4dfd824a 8 gb | DDR4 | 2400MHz | 1x8GB,RAM,crucial,crucial ct8g4dfd824a 8 gb,2025,20.04,2.505,$/GB
crucial ct8g4dfra266 8 gb | DDR4 | 2666MHz | 1x8GB,RAM,crucial,crucial ct8g4dfra266 8 gb,2023,16.98,2.1225,$/GB
crucial ct8g4dfra266 8 gb | DDR4 | 2666MHz | 1x8GB,RAM,crucial,crucial ct8g4dfra266 8 gb,2025,18.98,2.3725,$/GB
crucial ct8g4dfra32a 8 gb | DDR4 | 3200MHz | 1x8GB,RAM,crucial,crucial ct8g4dfra32a 8 gb,2025,25.72,3.215,$/GB
crucial ct8g4dfs8213 8 gb | DDR4 | 2133MHz | 1x8GB,RAM,crucial,crucial ct8g4dfs8213 8 gb,2023,21.0,2.625,$/GB
crucial ct8g4dfs8213 8 gb | DDR4 | 2133MHz | 1x8GB,RAM,crucial,crucial ct8g4dfs8213 8 gb,2025,19.0,2.375,$/GB
crucial ct8g4dfs824a 8 gb | DDR4 | 2400MHz | 1x8GB,RAM,crucial,crucial ct8g4dfs824a 8 gb,2025,19.98,2.4975,$/GB
crucial ct8g4dfs8266 8 gb | DDR4 | 2666MHz | 1x8GB,RAM,crucial,crucial ct8g4dfs8266 8 gb,2023,18.89,2.36125,$/GB
crucial ct8g4dfs8266 8 gb | DDR4 | 2666MHz | 1x8GB,RAM,crucial,crucial ct8g4dfs8266 8 gb,2025,19.5,2.4375,$/GB
crucial ct8g4dfs832a 8 gb | DDR4 | 3200MHz | 1x8GB,RAM,crucial,crucial ct8g4dfs832a 8 gb,2023,22.0,2.75,$/GB
crucial ct8g4dfs832a 8 gb | DDR4 | 3200MHz | 1x8GB,RAM,crucial,crucial ct8g4dfs832a 8 gb,2025,28.76,3.595,$/GB
crucial ct8g4rfd8213 8 gb | DDR4 | 2133MHz | 1x8GB,RAM,crucial,crucial ct8g4rfd8213 8 gb,2025,26.99,3.37375,$/GB
crucial ct8g4rfd824a 8 gb | DDR4 | 2400MHz | 1x8GB,RAM,crucial,crucial ct8g4rfd824a 8 gb,2025,127.51,15.93875,$/GB
crucial ct8g4rfs4213 8 gb | DDR4 | 2133MHz | 1x8GB,RAM,crucial,crucial ct8g4rfs4213 8 gb,2025,34.99,4.37375,$/GB
crucial ct8g4rfs424a 8 gb | DDR4 | 2400MHz | 1x8GB,RAM,crucial,crucial ct8g4rfs424a 8 gb,2025,28.99,3.62375,$/GB
crucial ct8g4rfs824a 8 gb | DDR4 | 2400MHz | 1x8GB,RAM,crucial,crucial ct8g4rfs824a 8 gb,2025,28.99,3.62375,$/GB
crucial ct8g4sfs824a 8 gb | DDR4 | 2400MHz | 1x8GB,RAM,crucial,crucial ct8g4sfs824a 8 gb,2025,28.25,3.53125,$/GB
crucial ct8g4sfs8266 8 gb | DDR4 | 2666MHz | 1x8GB,RAM,crucial,crucial ct8g4sfs8266 8 gb,2025,19.89,2.48625,$/GB
crucial ct8g4vfs4213 8 gb | DDR4 | 2133MHz | 1x8GB,RAM,crucial,crucial ct8g4vfs4213 8 gb,2025,28.99,3.62375,$/GB
crucial ct8g4wfs824a 8 gb | DDR4 | 2400MHz | 1x8GB,RAM,crucial,crucial ct8g4wfs824a 8 gb,2025,106.42,13.3025,$/GB
crucial ct8g56c46s5 8 gb | DDR5 | 5600MHz | 1x8GB,RAM,crucial,crucial ct8g56c46s5 8 gb,2025,25.98,3.2475,$/GB
crucial mta18asf4g72az-3g2b1 32 gb | DDR4 | 3200MHz | 1x32GB,RAM,crucial,crucial mta18asf4g72az-3g2b1 32 gb,2023,89.96,2.81125,$/GB
crucial mta18asf4g72az-3g2b1 32 gb | DDR4 | 3200MHz | 1x32GB,RAM,crucial,crucial mta18asf4g72az-3g2b1 32 gb,2025,179.93,5.6228125,$/GB
crucial pro 32 gb | DDR4 | 3200MHz | 2x16GB,RAM,crucial,crucial pro 32 gb,2023,71.31,2.2284375,$/GB
crucial pro 32 gb | DDR4 | 3200MHz | 2x16GB,RAM,crucial,crucial pro 32 gb,2025,78.98,2.468125,$/GB
crucial pro 32 gb | DDR5 | 5600MHz | 2x16GB,RAM,crucial,crucial pro 32 gb,2023,103.74,3.241875,$/GB
crucial pro 32 gb | DDR5 | 5600MHz | 2x16GB,RAM,crucial,crucial pro 32 gb,2025,82.99,2.5934375,$/GB
crucial pro 32 gb | DDR5 | 6400MHz | 2x16GB,RAM,crucial,crucial pro 32 gb,2025,88.49,2.7653125,$/GB
crucial pro 48 gb | DDR5 | 5600MHz | 2x24GB,RAM,crucial,crucial pro 48 gb,2023,169.99,3.5414583333333334,$/GB
crucial pro 48 gb | DDR5 | 5600MHz | 2x24GB,RAM,crucial,crucial pro 48 gb,2025,105.08,2.1891666666666665,$/GB
crucial pro 48 gb | DDR5 | 6000MHz | 2x24GB,RAM,crucial,crucial pro 48 gb,2023,154.99,3.2289583333333334,$/GB
crucial pro 48 gb | DDR5 | 6000MHz | 2x24GB,RAM,crucial,crucial pro 48 gb,2025,123.99,2.583125,$/GB
crucial pro 64 gb | DDR4 | 3200MHz | 2x32GB,RAM,crucial,crucial pro 64 gb,2023,123.99,1.93734375,$/GB
crucial pro 64 gb | DDR4 | 3200MHz | 2x32GB,RAM,crucial,crucial pro 64 gb,2025,125.99,1.96859375,$/GB
crucial pro 64 gb | DDR5 | 5600MHz | 2x32GB,RAM,crucial,crucial pro 64 gb,2023,141.99,2.21859375,$/GB
crucial pro 64 gb | DDR5 | 5600MHz | 2x32GB,RAM,crucial,crucial pro 64 gb,2025,139.99,2.18734375,$/GB
crucial pro 64 gb | DDR5 | 6000MHz | 2x32GB,RAM,crucial,crucial pro 64 gb,2025,171.34,2.6771875,$/GB
crucial pro 96 gb | DDR5 | 5600MHz | 2x48GB,RAM,crucial,crucial pro 96 gb,2025,209.99,2.1873958333333334,$/GB
crucial pro overclocking 16 gb | DDR5 | 6000MHz | 1x16GB,RAM,crucial,crucial pro overclocking 16 gb,2023,77.59,4.849375,$/GB
crucial pro overclocking 16 gb | DDR5 | 6000MHz | 1x16GB,RAM,crucial,crucial pro overclocking 16 gb,2025,68.84,4.3025,$/GB
crucial pro overclocking 32 gb | DDR5 | 6000MHz | 2x16GB,RAM,crucial,crucial pro overclocking 32 gb,2023,117.99,3.6871875,$/GB
crucial pro overclocking 32 gb | DDR5 | 6000MHz | 2x16GB,RAM,crucial,crucial pro overclocking 32 gb,2025,87.49,2.7340625,$/GB
crucial pro overclocking 64 gb | DDR5 | 6400MHz | 2x32GB,RAM,crucial,crucial pro overclocking 64 gb,2025,199.99,3.12484375,$/GB
g skill aegis 16 gb | DDR3 | 1333MHz | 2x8GB,RAM,g.skill,g skill aegis 16 gb,2025,69.0,4.3125,$/GB
g skill aegis 16 gb | DDR4 | 2133MHz | 2x8GB,RAM,g.skill,g skill aegis 16 gb,2025,64.5,4.03125,$/GB
g skill aegis 16 gb | DDR4 | 2133MHz | 4x4GB,RAM,g.skill,g skill aegis 16 gb,2025,68.39,4.274375,$/GB
g skill aegis 16 gb | DDR4 | 2400MHz | 1x16GB,RAM,g.skill,g skill aegis 16 gb,2023,38.24,2.39,$/GB
g skill aegis 16 gb | DDR4 | 2400MHz | 1x16GB,RAM,g.skill,g skill aegis 16 gb,2025,59.72,3.7325,$/GB
g skill aegis 16 gb | DDR4 | 2400MHz | 2x8GB,RAM,g.skill,g skill aegis 16 gb,2023,37.68,2.355,$/GB
g skill aegis 16 gb | DDR4 | 2400MHz | 2x8GB,RAM,g.skill,g skill aegis 16 gb,2025,34.72,2.17,$/GB
g skill aegis 16 gb | DDR4 | 2666MHz | 1x16GB,RAM,g.skill,g skill aegis 16 gb,2023,33.99,2.124375,$/GB
g skill aegis 16 gb | DDR4 | 2666MHz | 1x16GB,RAM,g.skill,g skill aegis 16 gb,2025,35.99,2.249375,$/GB
g skill aegis 16 gb | DDR4 | 3000MHz | 1x16GB,RAM,g.skill,g skill aegis 16 gb,2023,33.99,2.124375,$/GB
g skill aegis 16 gb | DDR4 | 3000MHz | 1x16GB,RAM,g.skill,g skill aegis 16 gb,2025,60.3,3.76875,$/GB
g skill aegis 16 gb | DDR4 | 3000MHz | 2x8GB,RAM,g.skill,g skill aegis 16 gb,2023,35.99,2.249375,$/GB
g skill aegis 16 gb | DDR4 | 3000MHz | 2x8GB,RAM,g.skill,g skill aegis 16 gb,2025,36.99,2.311875,$/GB
g skill aegis 16 gb | DDR4 | 3200MHz | 1x16GB,RAM,g.skill,g skill aegis 16 gb,2025,33.99,2.124375,$/GB
g skill aegis 16 gb | DDR4 | 3200MHz | 2x8GB,RAM,g.skill,g skill aegis 16 gb,2025,44.99,2.811875,$/GB
g skill aegis 32 gb | DDR4 | 2133MHz | 4x8GB,RAM,g.skill,g skill aegis 32 gb,2025,111.01,3.4690625,$/GB
g skill aegis 32 gb | DDR4 | 2666MHz | 2x16GB,RAM,g.skill,g skill aegis 32 gb,2025,74.99,2.3434375,$/GB
g skill aegis 32 gb | DDR4 | 3000MHz | 2x16GB,RAM,g.skill,g skill aegis 32 gb,2023,61.99,1.9371875,$/GB
g skill aegis 32 gb | DDR4 | 3000MHz | 2x16GB,RAM,g.skill,g skill aegis 32 gb,2025,68.98,2.155625,$/GB
g skill aegis 32 gb | DDR4 | 3200MHz | 2x16GB,RAM,g.skill,g skill aegis 32 gb,2025,69.98,2.186875,$/GB
g skill aegis 32 gb | DDR4 | 3200MHz | 4x8GB,RAM,g.skill,g skill aegis 32 gb,2023,72.98,2.280625,$/GB
g skill aegis 32 gb | DDR4 | 3200MHz | 4x8GB,RAM,g.skill,g skill aegis 32 gb,2025,73.16,2.28625,$/GB
g skill aegis 4 gb | DDR3 | 1333MHz | 1x4GB,RAM,g.skill,g skill aegis 4 gb,2025,27.99,6.9975,$/GB
g skill aegis 4 gb | DDR4 | 2400MHz | 1x4GB,RAM,g.skill,g skill aegis 4 gb,2023,15.29,3.8225,$/GB
g skill aegis 4 gb | DDR4 | 2400MHz | 1x4GB,RAM,g.skill,g skill aegis 4 gb,2025,19.0,4.75,$/GB
g skill aegis 4gb 4 gb | DDR3 | 1600MHz | 1x4GB,RAM,g.skill,g skill aegis 4gb 4 gb,2025,20.42,5.105,$/GB
g skill aegis 8 gb | DDR3 | 1333MHz | 1x8GB,RAM,g.skill,g skill aegis 8 gb,2025,37.02,4.6275,$/GB
g skill aegis 8 gb | DDR3 | 1600MHz | 1x8GB,RAM,g.skill,g skill aegis 8 gb,2025,35.85,4.48125,$/GB
g skill aegis 8 gb | DDR3 | 1600MHz | 2x4GB,RAM,g.skill,g skill aegis 8 gb,2025,25.18,3.1475,$/GB
g skill aegis 8 gb | DDR4 | 2133MHz | 1x8GB,RAM,g.skill,g skill aegis 8 gb,2025,39.0,4.875,$/GB
g skill aegis 8 gb | DDR4 | 2400MHz | 1x8GB,RAM,g.skill,g skill aegis 8 gb,2025,22.55,2.81875,$/GB
g skill aegis 8 gb | DDR4 | 2400MHz | 2x4GB,RAM,g.skill,g skill aegis 8 gb,2025,32.4,4.05,$/GB
g skill aegis 8 gb | DDR4 | 3000MHz | 1x8GB,RAM,g.skill,g skill aegis 8 gb,2025,27.38,3.4225,$/GB
g skill aegis 8 gb | DDR4 | 3200MHz | 1x8GB,RAM,g.skill,g skill aegis 8 gb,2025,27.64,3.455,$/GB
g skill ares 16 gb | DDR3 | 1600MHz | 2x8GB,RAM,g.skill,g skill ares 16 gb,2025,42.99,2.686875,$/GB
g skill ares 16 gb | DDR3 | 1600MHz | 4x4GB,RAM,g.skill,g skill ares 16 gb,2025,64.84,4.0525,$/GB
g skill ares 16 gb | DDR3 | 2133MHz | 2x8GB,RAM,g.skill,g skill ares 16 gb,2025,99.02,6.18875,$/GB
g skill ares 16 gb | DDR3 | 2400MHz | 2x8GB,RAM,g.skill,g skill ares 16 gb,2025,94.06,5.87875,$/GB
g skill ares 32 gb | DDR3 | 1600MHz | 4x8GB,RAM,g.skill,g skill ares 32 gb,2025,204.0,6.375,$/GB
g skill ares 32 gb | DDR3 | 2133MHz | 4x8GB,RAM,g.skill,g skill ares 32 gb,2025,126.75,3.9609375,$/GB
g skill ares 32 gb | DDR3 | 2400MHz | 4x8GB,RAM,g.skill,g skill ares 32 gb,2023,110.89,3.4653125,$/GB
g skill ares 32 gb | DDR3 | 2400MHz | 4x8GB,RAM,g.skill,g skill ares 32 gb,2025,106.85,3.3390625,$/GB
g skill ares 8 gb | DDR3 | 1600MHz | 2x4GB,RAM,g.skill,g skill ares 8 gb,2025,47.58,5.9475,$/GB
g skill ares 8 gb | DDR3 | 1866MHz | 2x4GB,RAM,g.skill,g skill ares 8 gb,2025,59.99,7.49875,$/GB
g skill ares 8 gb | DDR3 | 2133MHz | 2x4GB,RAM,g.skill,g skill ares 8 gb,2025,51.94,6.4925,$/GB
g skill ares 8 gb | DDR3 | 2400MHz | 2x4GB,RAM,g.skill,g skill ares 8 gb,2023,33.64,4.205,$/GB
g skill ares 8 gb | DDR3 | 2400MHz | 2x4GB,RAM,g.skill,g skill ares 8 gb,2025,39.29,4.91125,$/GB
g skill f3-10600cl9d-8gbsq 8 gb | DDR3 | 1333MHz | 2x4GB,RAM,g.skill,g skill f3-10600cl9d-8gbsq 8 gb,2025,99.0,12.375,$/GB
g skill f3-10666cl9d-16gbsq 16 gb | DDR3 | 1333MHz | 2x8GB,RAM,g.skill,g skill f3-10666cl9d-16gbsq 16 gb,2025,36.4,2.275,$/GB
g skill f3-10666cl9d-8gbsq 8 gb | DDR3 | 1333MHz | 2x4GB,RAM,g.skill,g skill f3-10666cl9d-8gbsq 8 gb,2025,25.84,3.23,$/GB
g skill f3-10666cl9s-4gbsq 4 gb | DDR3 | 1333MHz | 1x4GB,RAM,g.skill,g skill f3-10666cl9s-4gbsq 4 gb,2025,15.12,3.78,$/GB
g skill f3-10666cl9s-8gbsq 8 gb | DDR3 | 1333MHz | 1x8GB,RAM,g.skill,g skill f3-10666cl9s-8gbsq 8 gb,2025,21.1,2.6375,$/GB
g skill f3-12800cl11d-8gbsq 8 gb | DDR3 | 1600MHz | 2x4GB,RAM,g.skill,g skill f3-12800cl11d-8gbsq 8 gb,2025,23.47,2.93375,$/GB
g skill f3-12800cl11s-4gbsq 4 gb | DDR3 | 1600MHz | 1x4GB,RAM,g.skill,g skill f3-12800cl11s-4gbsq 4 gb,2025,49.0,12.25,$/GB
g skill f3-12800cl9d-4gbnq 4 gb | DDR3 | 1600MHz | 2x2GB,RAM,g.skill,g skill f3-12800cl9d-4gbnq 4 gb,2025,62.0,15.5,$/GB
g skill f3-12800cl9d-4gbsq 4 gb | DDR3 | 1600MHz | 2x2GB,RAM,g.skill,g skill f3-12800cl9d-4gbsq 4 gb,2025,21.64,5.41,$/GB
g skill f3-12800cl9d-8gbsq 8 gb | DDR3 | 1600MHz | 2x4GB,RAM,g.skill,g skill f3-12800cl9d-8gbsq 8 gb,2025,24.27,3.03375,$/GB
g skill f3-12800cl9s-2gbsq 2 gb | DDR3 | 1600MHz | 1x2GB,RAM,g.skill,g skill f3-12800cl9s-2gbsq 2 gb,2025,13.68,6.84,$/GB
g skill f3-12800cl9s-4gbsq 4 gb | DDR3 | 1600MHz | 1x4GB,RAM,g.skill,g skill f3-12800cl9s-4gbsq 4 gb,2025,14.8,3.7,$/GB
g skill f3-1600c10d-16gsq 16 gb | DDR3 | 1600MHz | 2x8GB,RAM,g.skill,g skill f3-1600c10d-16gsq 16 gb,2025,37.93,2.370625,$/GB
g skill f3-1600c11d-16gsl 16 gb | DDR3 | 1600MHz | 2x8GB,RAM,g.skill,g skill f3-1600c11d-16gsl 16 gb,2025,36.72,2.295,$/GB
g skill f3-1600c9d-8gsl 8 gb | DDR3 | 1600MHz | 2x4GB,RAM,g.skill,g skill f3-1600c9d-8gsl 8 gb,2025,25.04,3.13,$/GB
g skill f3-1600c9s-4gsl 4 gb | DDR3 | 1600MHz | 1x4GB,RAM,g.skill,g skill f3-1600c9s-4gsl 4 gb,2025,20.0,5.0,$/GB
g skill f3-8500cl7d-8gbsq 8 gb | DDR3 | 1066MHz | 2x4GB,RAM,g.skill,g skill f3-8500cl7d-8gbsq 8 gb,2025,181.99,22.74875,$/GB
g skill f4-3200c16d-32gtz 32 gb | DDR4 | 3200MHz | 2x16GB,RAM,g.skill,g skill f4-3200c16d-32gtz 32 gb,2025,90.33,2.8228125,$/GB
g skill f4-3200c16q-64gtzsk 64 gb | DDR4 | 3200MHz | 4x16GB,RAM,g.skill,g skill f4-3200c16q-64gtzsk 64 gb,2025,329.0,5.140625,$/GB
g skill f4-3600c16q2-64gtzkk 64 gb | DDR4 | 3600MHz | 8x8GB,RAM,g.skill,g skill f4-3600c16q2-64gtzkk 64 gb,2025,425.81,6.65328125,$/GB
g skill f4-3600c16q2-64gtzsw 64 gb | DDR4 | 3600MHz | 8x8GB,RAM,g.skill,g skill f4-3600c16q2-64gtzsw 64 gb,2025,437.08,6.829375,$/GB
g skill f4-3600c17q2-128gtzkk 128 gb | DDR4 | 3600MHz | 8x16GB,RAM,g.skill,g skill f4-3600c17q2-128gtzkk 128 gb,2023,516.74,4.03703125,$/GB
g skill f4-3600c17q2-128gtzsw 128 gb | DDR4 | 3600MHz | 8x16GB,RAM,g.skill,g skill f4-3600c17q2-128gtzsw 128 gb,2025,496.64,3.88,$/GB
g skill f5-5600j2834f32gx2-tz5rk 64 gb | DDR5 | 5600MHz | 2x32GB,RAM,g.skill,g skill f5-5600j2834f32gx2-tz5rk 64 gb,2025,199.99,3.12484375,$/GB
g skill f5-6000j3636f32gx2-fx5 64 gb | DDR5 | 6000MHz | 2x32GB,RAM,g.skill,g skill f5-6000j3636f32gx2-fx5 64 gb,2025,154.99,2.42171875,$/GB
g skill fa-1333c9q-32gsq 32 gb | DDR3 | 1333MHz | 4x8GB,RAM,g.skill,g skill fa-1333c9q-32gsq 32 gb,2025,80.91,2.5284375,$/GB
g skill fa-1333c9s-8gsq 8 gb | DDR3 | 1333MHz | 1x8GB,RAM,g.skill,g skill fa-1333c9s-8gsq 8 gb,2025,67.0,8.375,$/GB
g skill fa-1600c11d-8gsq 8 gb | DDR3 | 1600MHz | 2x4GB,RAM,g.skill,g skill fa-1600c11d-8gsq 8 gb,2025,64.0,8.0,$/GB
g skill fa-1600c11s-8gsq 8 gb | DDR3 | 1600MHz | 1x8GB,RAM,g.skill,g skill fa-1600c11s-8gsq 8 gb,2025,46.32,5.79,$/GB
g skill fa-8500cl7d-8gbsq 8 gb | DDR3 | 1066MHz | 2x4GB,RAM,g.skill,g skill fa-8500cl7d-8gbsq 8 gb,2025,27.38,3.4225,$/GB
g skill fa-8500cl7s-4gbsq 4 gb | DDR3 | 1066MHz | 1x4GB,RAM,g.skill,g skill fa-8500cl7s-4gbsq 4 gb,2025,28.48,7.12,$/GB
g skill flare x 16 gb | DDR4 | 2400MHz | 2x8GB,RAM,g.skill,g skill flare x 16 gb,2025,42.9,2.68125,$/GB
g skill flare x 16 gb | DDR4 | 3200MHz | 2x8GB,RAM,g.skill,g skill flare x 16 gb,2023,42.99,2.686875,$/GB
g skill flare x 32 gb | DDR4 | 3200MHz | 2x16GB,RAM,g.skill,g skill flare x 32 gb,2025,95.52,2.985,$/GB
g skill flare x 32 gb | DDR4 | 3200MHz | 4x8GB,RAM,g.skill,g skill flare x 32 gb,2023,182.27,5.6959375,$/GB
g skill flare x 64 gb | DDR4 | 3200MHz | 4x16GB,RAM,g.skill,g skill flare x 64 gb,2025,241.48,3.773125,$/GB
g skill flare x5 128 gb | DDR5 | 6000MHz | 2x64GB,RAM,g.skill,g skill flare x5 128 gb,2025,394.99,3.085859375,$/GB
g skill flare x5 256 gb | DDR5 | 6000MHz | 4x64GB,RAM,g.skill,g skill flare x5 256 gb,2025,779.99,3.0468359375,$/GB
g skill flare x5 32 gb | DDR5 | 5200MHz | 2x16GB,RAM,g.skill,g skill flare x5 32 gb,2023,101.99,3.1871875,$/GB
g skill flare x5 32 gb | DDR5 | 5200MHz | 2x16GB,RAM,g.skill,g skill flare x5 32 gb,2025,84.99,2.6559375,$/GB
g skill flare x5 32 gb | DDR5 | 5600MHz | 2x16GB,RAM,g.skill,g skill flare x5 32 gb,2023,105.49,3.2965625,$/GB
g skill flare x5 32 gb | DDR5 | 5600MHz | 2x16GB,RAM,g.skill,g skill flare x5 32 gb,2025,109.4,3.41875,$/GB
g skill flare x5 32 gb | DDR5 | 6000MHz | 2x16GB,RAM,g.skill,g skill flare x5 32 gb,2023,102.99,3.2184375,$/GB
g skill flare x5 32 gb | DDR5 | 6000MHz | 2x16GB,RAM,g.skill,g skill flare x5 32 gb,2025,109.99,3.4371875,$/GB
g skill flare x5 32 gb | DDR5 | 6400MHz | 2x16GB,RAM,g.skill,g skill flare x5 32 gb,2025,113.99,3.5621875,$/GB
g skill flare x5 48 gb | DDR5 | 5200MHz | 2x24GB,RAM,g.skill,g skill flare x5 48 gb,2025,104.99,2.1872916666666664,$/GB
g skill flare x5 48 gb | DDR5 | 6000MHz | 2x24GB,RAM,g.skill,g skill flare x5 48 gb,2023,154.99,3.2289583333333334,$/GB
g skill flare x5 48 gb | DDR5 | 6000MHz | 2x24GB,RAM,g.skill,g skill flare x5 48 gb,2025,295.03,6.1464583333333325,$/GB
g skill flare x5 64 gb | DDR5 | 5200MHz | 2x32GB,RAM,g.skill,g skill flare x5 64 gb,2023,179.99,2.81234375,$/GB
g skill flare x5 64 gb | DDR5 | 5200MHz | 2x32GB,RAM,g.skill,g skill flare x5 64 gb,2025,142.99,2.23421875,$/GB
g skill flare x5 64 gb | DDR5 | 5600MHz | 2x32GB,RAM,g.skill,g skill flare x5 64 gb,2023,189.99,2.96859375,$/GB
g skill flare x5 64 gb | DDR5 | 5600MHz | 2x32GB,RAM,g.skill,g skill flare x5 64 gb,2025,159.99,2.49984375,$/GB
g skill flare x5 64 gb | DDR5 | 6000MHz | 2x32GB,RAM,g.skill,g skill flare x5 64 gb,2023,199.99,3.12484375,$/GB
g skill flare x5 64 gb | DDR5 | 6000MHz | 2x32GB,RAM,g.skill,g skill flare x5 64 gb,2025,214.48,3.35125,$/GB
g skill flare x5 96 gb | DDR5 | 5200MHz | 2x48GB,RAM,g.skill,g skill flare x5 96 gb,2025,184.99,1.9269791666666667,$/GB
g skill flare x5 96 gb | DDR5 | 5600MHz | 2x48GB,RAM,g.skill,g skill flare x5 96 gb,2023,284.99,2.9686458333333334,$/GB
g skill flare x5 96 gb | DDR5 | 5600MHz | 2x48GB,RAM,g.skill,g skill flare x5 96 gb,2025,239.99,2.4998958333333334,$/GB
g skill flare x5 96 gb | DDR5 | 6000MHz | 2x48GB,RAM,g.skill,g skill flare x5 96 gb,2025,329.99,3.4373958333333334,$/GB
g skill fortis 32 gb | DDR4 | 2400MHz | 4x8GB,RAM,g.skill,g skill fortis 32 gb,2025,115.0,3.59375,$/GB
g skill fortis 64 gb | DDR4 | 2400MHz | 4x16GB,RAM,g.skill,g skill fortis 64 gb,2023,137.11,2.14234375,$/GB
g skill ns 2 gb | DDR3 | 1333MHz | 1x2GB,RAM,g.skill,g skill ns 2 gb,2025,12.7,6.35,$/GB
g skill ns 4 gb | DDR3 | 1333MHz | 1x4GB,RAM,g.skill,g skill ns 4 gb,2025,19.39,4.8475,$/GB
g skill ns 4 gb | DDR3 | 1333MHz | 2x2GB,RAM,g.skill,g skill ns 4 gb,2025,20.44,5.11,$/GB
g skill ns 4 gb | DDR3 | 1600MHz | 1x4GB,RAM,g.skill,g skill ns 4 gb,2025,19.05,4.7625,$/GB
g skill ns 8 gb | DDR3 | 1333MHz | 2x4GB,RAM,g.skill,g skill ns 8 gb,2025,40.88,5.11,$/GB
g skill nt 16 gb | DDR4 | 2400MHz | 2x8GB,RAM,g.skill,g skill nt 16 gb,2025,80.72,5.045,$/GB
g skill nt 4 gb | DDR4 | 2133MHz | 1x4GB,RAM,g.skill,g skill nt 4 gb,2025,30.03,7.5075,$/GB
g skill nt 8 gb | DDR4 | 2133MHz | 1x8GB,RAM,g.skill,g skill nt 8 gb,2023,97.33,12.16625,$/GB
g skill nt 8 gb | DDR4 | 2133MHz | 1x8GB,RAM,g.skill,g skill nt 8 gb,2025,59.0,7.375,$/GB
g skill nt 8 gb | DDR4 | 2133MHz | 2x4GB,RAM,g.skill,g skill nt 8 gb,2025,53.5,6.6875,$/GB
g skill nt 8 gb | DDR4 | 2400MHz | 1x8GB,RAM,g.skill,g skill nt 8 gb,2025,92.4,11.55,$/GB
g skill nt 8 gb | DDR4 | 2400MHz | 2x4GB,RAM,g.skill,g skill nt 8 gb,2025,59.0,7.375,$/GB
g skill ripjaws 16 gb | DDR3 | 1066MHz | 4x4GB,RAM,g.skill,g skill ripjaws 16 gb,2025,59.68,3.73,$/GB
g skill ripjaws 16 gb | DDR3 | 1600MHz | 2x8GB,RAM,g.skill,g skill ripjaws 16 gb,2025,35.02,2.18875,$/GB
g skill ripjaws 16 gb | DDR3 | 1600MHz | 4x4GB,RAM,g.skill,g skill ripjaws 16 gb,2025,179.95,11.246875,$/GB
g skill ripjaws 16 gb | DDR3 | 1866MHz | 2x8GB,RAM,g.skill,g skill ripjaws 16 gb,2025,39.0,2.4375,$/GB
g skill ripjaws 16 gb | DDR4 | 2400MHz | 1x16GB,RAM,g.skill,g skill ripjaws 16 gb,2025,34.0,2.125,$/GB
g skill ripjaws 16 gb | DDR4 | 2400MHz | 2x8GB,RAM,g.skill,g skill ripjaws 16 gb,2025,42.2,2.6375,$/GB
g skill ripjaws 16 gb | DDR4 | 2666MHz | 1x16GB,RAM,g.skill,g skill ripjaws 16 gb,2025,78.0,4.875,$/GB
g skill ripjaws 16 gb | DDR4 | 2666MHz | 2x8GB,RAM,g.skill,g skill ripjaws 16 gb,2025,39.99,2.499375,$/GB
g skill ripjaws 16 gb | DDR4 | 2666MHz | 4x4GB,RAM,g.skill,g skill ripjaws 16 gb,2025,68.7,4.29375,$/GB
g skill ripjaws 16 gb | DDR4 | 3000MHz | 2x8GB,RAM,g.skill,g skill ripjaws 16 gb,2025,154.07,9.629375,$/GB
g skill ripjaws 32 gb | DDR4 | 2400MHz | 2x16GB,RAM,g.skill,g skill ripjaws 32 gb,2025,76.98,2.405625,$/GB
g skill ripjaws 32 gb | DDR4 | 2400MHz | 4x8GB,RAM,g.skill,g skill ripjaws 32 gb,2025,80.31,2.5096875,$/GB
g skill ripjaws 32 gb | DDR4 | 2666MHz | 2x16GB,RAM,g.skill,g skill ripjaws 32 gb,2025,64.98,2.030625,$/GB
g skill ripjaws 32 gb | DDR4 | 3200MHz | 2x16GB,RAM,g.skill,g skill ripjaws 32 gb,2023,63.99,1.9996875,$/GB
g skill ripjaws 32 gb | DDR4 | 3200MHz | 2x16GB,RAM,g.skill,g skill ripjaws 32 gb,2025,77.98,2.436875,$/GB
g skill ripjaws 32 gb | DDR5 | 4800MHz | 2x16GB,RAM,g.skill,g skill ripjaws 32 gb,2025,82.99,2.5934375,$/GB
g skill ripjaws 32 gb | DDR5 | 5600MHz | 2x16GB,RAM,g.skill,g skill ripjaws 32 gb,2023,119.99,3.7496875,$/GB
g skill ripjaws 32 gb | DDR5 | 5600MHz | 2x16GB,RAM,g.skill,g skill ripjaws 32 gb,2025,94.99,2.9684375,$/GB
g skill ripjaws 4 8 gb | DDR4 | 2400MHz | 2x4GB,RAM,g.skill,g skill ripjaws 4 8 gb,2025,37.75,4.71875,$/GB
g skill ripjaws 4 8 gb | DDR4 | 2666MHz | 2x4GB,RAM,g.skill,g skill ripjaws 4 8 gb,2025,38.53,4.81625,$/GB
g skill ripjaws 4 gb | DDR3 | 1333MHz | 1x4GB,RAM,g.skill,g skill ripjaws 4 gb,2025,17.16,4.29,$/GB
g skill ripjaws 4 gb | DDR3 | 1333MHz | 2x2GB,RAM,g.skill,g skill ripjaws 4 gb,2025,59.95,14.9875,$/GB
g skill ripjaws 4 gb | DDR3 | 1600MHz | 1x4GB,RAM,g.skill,g skill ripjaws 4 gb,2025,17.61,4.4025,$/GB
g skill ripjaws 4 gb | DDR3 | 1600MHz | 2x2GB,RAM,g.skill,g skill ripjaws 4 gb,2025,25.09,6.2725,$/GB
g skill ripjaws 4 gb | DDR4 | 2133MHz | 1x4GB,RAM,g.skill,g skill ripjaws 4 gb,2025,17.8,4.45,$/GB
g skill ripjaws 4 gb | DDR4 | 2400MHz | 1x4GB,RAM,g.skill,g skill ripjaws 4 gb,2025,17.24,4.31,$/GB
g skill ripjaws 4 gb | DDR4 | 2666MHz | 1x4GB,RAM,g.skill,g skill ripjaws 4 gb,2025,21.18,5.295,$/GB
g skill ripjaws 64 gb | DDR4 | 3200MHz | 2x32GB,RAM,g.skill,g skill ripjaws 64 gb,2025,148.99,2.32796875,$/GB
g skill ripjaws 64 gb | DDR5 | 5600MHz | 2x32GB,RAM,g.skill,g skill ripjaws 64 gb,2025,204.99,3.20296875,$/GB
g skill ripjaws 8 gb | DDR3 | 1066MHz | 2x4GB,RAM,g.skill,g skill ripjaws 8 gb,2025,31.94,3.9925,$/GB
g skill ripjaws 8 gb | DDR3 | 1333MHz | 2x4GB,RAM,g.skill,g skill ripjaws 8 gb,2025,29.06,3.6325,$/GB
g skill ripjaws 8 gb | DDR3 | 1600MHz | 1x8GB,RAM,g.skill,g skill ripjaws 8 gb,2025,20.9,2.6125,$/GB
g skill ripjaws 8 gb | DDR3 | 1600MHz | 2x4GB,RAM,g.skill,g skill ripjaws 8 gb,2025,25.18,3.1475,$/GB
g skill ripjaws 8 gb | DDR3 | 1866MHz | 1x8GB,RAM,g.skill,g skill ripjaws 8 gb,2025,22.55,2.81875,$/GB
g skill ripjaws 8 gb | DDR4 | 2133MHz | 1x8GB,RAM,g.skill,g skill ripjaws 8 gb,2025,38.27,4.78375,$/GB
g skill ripjaws 8 gb | DDR4 | 2400MHz | 1x8GB,RAM,g.skill,g skill ripjaws 8 gb,2025,26.74,3.3425,$/GB
g skill ripjaws 8 gb | DDR4 | 2400MHz | 2x4GB,RAM,g.skill,g skill ripjaws 8 gb,2025,30.6,3.825,$/GB
g skill ripjaws 8 gb | DDR4 | 2666MHz | 1x8GB,RAM,g.skill,g skill ripjaws 8 gb,2025,28.02,3.5025,$/GB
g skill ripjaws m5 neo rgb 32 gb | DDR5 | 6000MHz | 2x16GB,RAM,g.skill,g skill ripjaws m5 neo rgb 32 gb,2025,91.99,2.8746875,$/GB
g skill ripjaws m5 neo rgb 96 gb | DDR5 | 6000MHz | 2x48GB,RAM,g.skill,g skill ripjaws m5 neo rgb 96 gb,2025,309.99,3.2290625,$/GB
g skill ripjaws m5 rgb 32 gb | DDR5 | 5200MHz | 2x16GB,RAM,g.skill,g skill ripjaws m5 rgb 32 gb,2025,89.99,2.8121875,$/GB
g skill ripjaws m5 rgb 32 gb | DDR5 | 6000MHz | 2x16GB,RAM,g.skill,g skill ripjaws m5 rgb 32 gb,2025,107.49,3.3590625,$/GB
g skill ripjaws m5 rgb 32 gb | DDR5 | 6400MHz | 2x16GB,RAM,g.skill,g skill ripjaws m5 rgb 32 gb,2025,106.49,3.3278125,$/GB
g skill ripjaws m5 rgb 48 gb | DDR5 | 5200MHz | 2x24GB,RAM,g.skill,g skill ripjaws m5 rgb 48 gb,2025,109.99,2.2914583333333334,$/GB
g skill ripjaws m5 rgb 64 gb | DDR5 | 5200MHz | 2x32GB,RAM,g.skill,g skill ripjaws m5 rgb 64 gb,2025,154.99,2.42171875,$/GB
g skill ripjaws m5 rgb 64 gb | DDR5 | 6000MHz | 2x32GB,RAM,g.skill,g skill ripjaws m5 rgb 64 gb,2025,212.49,3.32015625,$/GB
g skill ripjaws m5 rgb 64 gb | DDR5 | 6400MHz | 2x32GB,RAM,g.skill,g skill ripjaws m5 rgb 64 gb,2025,229.99,3.59359375,$/GB
g skill ripjaws m5 rgb 96 gb | DDR5 | 5200MHz | 2x48GB,RAM,g.skill,g skill ripjaws m5 rgb 96 gb,2025,183.99,1.9165625000000002,$/GB
g skill ripjaws m5 rgb 96 gb | DDR5 | 5600MHz | 2x48GB,RAM,g.skill,g skill ripjaws m5 rgb 96 gb,2025,234.99,2.4478125,$/GB
g skill ripjaws m5 rgb 96 gb | DDR5 | 6400MHz | 2x48GB,RAM,g.skill,g skill ripjaws m5 rgb 96 gb,2025,319.99,3.333229166666667,$/GB
g skill ripjaws s5 32 gb | DDR5 | 5200MHz | 2x16GB,RAM,g.skill,g skill ripjaws s5 32 gb,2023,102.99,3.2184375,$/GB
g skill ripjaws s5 32 gb | DDR5 | 5200MHz | 2x16GB,RAM,g.skill,g skill ripjaws s5 32 gb,2025,196.09,6.1278125,$/GB
g skill ripjaws s5 32 gb | DDR5 | 5600MHz | 2x16GB,RAM,g.skill,g skill ripjaws s5 32 gb,2023,104.49,3.2653125,$/GB
g skill ripjaws s5 32 gb | DDR5 | 5600MHz | 2x16GB,RAM,g.skill,g skill ripjaws s5 32 gb,2025,93.99,2.9371875,$/GB
g skill ripjaws s5 32 gb | DDR5 | 6000MHz | 2x16GB,RAM,g.skill,g skill ripjaws s5 32 gb,2023,105.49,3.2965625,$/GB
g skill ripjaws s5 32 gb | DDR5 | 6000MHz | 2x16GB,RAM,g.skill,g skill ripjaws s5 32 gb,2025,102.49,3.2028125,$/GB
g skill ripjaws s5 32 gb | DDR5 | 6400MHz | 2x16GB,RAM,g.skill,g skill ripjaws s5 32 gb,2025,109.99,3.4371875,$/GB
g skill ripjaws s5 32 gb | DDR5 | 6600MHz | 2x16GB,RAM,g.skill,g skill ripjaws s5 32 gb,2023,114.99,3.5934375,$/GB
g skill ripjaws s5 32 gb | DDR5 | 6600MHz | 2x16GB,RAM,g.skill,g skill ripjaws s5 32 gb,2025,109.99,3.4371875,$/GB
g skill ripjaws s5 32 gb | DDR5 | 6800MHz | 2x16GB,RAM,g.skill,g skill ripjaws s5 32 gb,2025,119.99,3.7496875,$/GB
g skill ripjaws s5 48 gb | DDR5 | 5200MHz | 2x24GB,RAM,g.skill,g skill ripjaws s5 48 gb,2025,104.99,2.1872916666666664,$/GB
g skill ripjaws s5 48 gb | DDR5 | 5600MHz | 2x24GB,RAM,g.skill,g skill ripjaws s5 48 gb,2023,139.99,2.9164583333333334,$/GB
g skill ripjaws s5 48 gb | DDR5 | 5600MHz | 2x24GB,RAM,g.skill,g skill ripjaws s5 48 gb,2025,223.68,4.66,$/GB
g skill ripjaws s5 48 gb | DDR5 | 6000MHz | 2x24GB,RAM,g.skill,g skill ripjaws s5 48 gb,2025,203.28,4.235,$/GB
g skill ripjaws s5 48 gb | DDR5 | 6400MHz | 2x24GB,RAM,g.skill,g skill ripjaws s5 48 gb,2025,129.99,2.7081250000000003,$/GB
g skill ripjaws s5 48 gb | DDR5 | 6800MHz | 2x24GB,RAM,g.skill,g skill ripjaws s5 48 gb,2023,174.99,3.6456250000000003,$/GB
g skill ripjaws s5 48 gb | DDR5 | 6800MHz | 2x24GB,RAM,g.skill,g skill ripjaws s5 48 gb,2025,174.99,3.6456250000000003,$/GB
g skill ripjaws s5 64 gb | DDR5 | 5200MHz | 2x32GB,RAM,g.skill,g skill ripjaws s5 64 gb,2025,208.2,3.253125,$/GB
g skill ripjaws s5 64 gb | DDR5 | 5600MHz | 2x32GB,RAM,g.skill,g skill ripjaws s5 64 gb,2023,196.99,3.07796875,$/GB
g skill ripjaws s5 64 gb | DDR5 | 5600MHz | 2x32GB,RAM,g.skill,g skill ripjaws s5 64 gb,2025,179.99,2.81234375,$/GB
g skill ripjaws s5 64 gb | DDR5 | 6000MHz | 2x32GB,RAM,g.skill,g skill ripjaws s5 64 gb,2023,198.99,3.10921875,$/GB
g skill ripjaws s5 64 gb | DDR5 | 6000MHz | 2x32GB,RAM,g.skill,g skill ripjaws s5 64 gb,2025,192.99,3.01546875,$/GB
g skill ripjaws s5 64 gb | DDR5 | 6400MHz | 2x32GB,RAM,g.skill,g skill ripjaws s5 64 gb,2025,229.99,3.59359375,$/GB
g skill ripjaws s5 64 gb | DDR5 | 6800MHz | 2x32GB,RAM,g.skill,g skill ripjaws s5 64 gb,2023,239.99,3.74984375,$/GB
g skill ripjaws s5 64 gb | DDR5 | 6800MHz | 2x32GB,RAM,g.skill,g skill ripjaws s5 64 gb,2025,242.99,3.79671875,$/GB
g skill ripjaws s5 96 gb | DDR5 | 5200MHz | 2x48GB,RAM,g.skill,g skill ripjaws s5 96 gb,2025,184.99,1.9269791666666667,$/GB
g skill ripjaws s5 96 gb | DDR5 | 5600MHz | 2x48GB,RAM,g.skill,g skill ripjaws s5 96 gb,2023,284.99,2.9686458333333334,$/GB
g skill ripjaws s5 96 gb | DDR5 | 5600MHz | 2x48GB,RAM,g.skill,g skill ripjaws s5 96 gb,2025,239.99,2.4998958333333334,$/GB
g skill ripjaws s5 96 gb | DDR5 | 6400MHz | 2x48GB,RAM,g.skill,g skill ripjaws s5 96 gb,2025,284.99,2.9686458333333334,$/GB
g skill ripjaws s5 96 gb | DDR5 | 6800MHz | 2x48GB,RAM,g.skill,g skill ripjaws s5 96 gb,2023,389.99,4.062395833333333,$/GB
g skill ripjaws s5 96 gb | DDR5 | 6800MHz | 2x48GB,RAM,g.skill,g skill ripjaws s5 96 gb,2025,309.99,3.2290625,$/GB
g skill ripjaws v 128 gb | DDR4 | 2666MHz | 4x32GB,RAM,g.skill,g skill ripjaws v 128 gb,2025,259.99,2.031171875,$/GB
g skill ripjaws v 128 gb | DDR4 | 3200MHz | 4x32GB,RAM,g.skill,g skill ripjaws v 128 gb,2023,259.99,2.031171875,$/GB
g skill ripjaws v 128 gb | DDR4 | 3200MHz | 4x32GB,RAM,g.skill,g skill ripjaws v 128 gb,2025,268.99,2.101484375,$/GB
g skill ripjaws v 128 gb | DDR4 | 3600MHz | 4x32GB,RAM,g.skill,g skill ripjaws v 128 gb,2025,309.99,2.421796875,$/GB
g skill ripjaws v 128 gb | DDR4 | 4000MHz | 4x32GB,RAM,g.skill,g skill ripjaws v 128 gb,2023,521.0,4.0703125,$/GB
g skill ripjaws v 128 gb | DDR4 | 4000MHz | 4x32GB,RAM,g.skill,g skill ripjaws v 128 gb,2025,504.37,3.940390625,$/GB
g skill ripjaws v 16 gb | DDR4 | 2133MHz | 2x8GB,RAM,g.skill,g skill ripjaws v 16 gb,2023,41.83,2.614375,$/GB
g skill ripjaws v 16 gb | DDR4 | 2400MHz | 2x8GB,RAM,g.skill,g skill ripjaws v 16 gb,2023,37.99,2.374375,$/GB
g skill ripjaws v 16 gb | DDR4 | 2400MHz | 2x8GB,RAM,g.skill,g skill ripjaws v 16 gb,2025,38.49,2.405625,$/GB
g skill ripjaws v 16 gb | DDR4 | 2666MHz | 2x8GB,RAM,g.skill,g skill ripjaws v 16 gb,2023,43.99,2.749375,$/GB
g skill ripjaws v 16 gb | DDR4 | 2666MHz | 2x8GB,RAM,g.skill,g skill ripjaws v 16 gb,2025,102.47,6.404375,$/GB
g skill ripjaws v 16 gb | DDR4 | 3000MHz | 2x8GB,RAM,g.skill,g skill ripjaws v 16 gb,2025,39.99,2.499375,$/GB
g skill ripjaws v 16 gb | DDR4 | 3200MHz | 1x16GB,RAM,g.skill,g skill ripjaws v 16 gb,2023,37.99,2.374375,$/GB
g skill ripjaws v 16 gb | DDR4 | 3200MHz | 1x16GB,RAM,g.skill,g skill ripjaws v 16 gb,2025,42.99,2.686875,$/GB
g skill ripjaws v 16 gb | DDR4 | 3200MHz | 2x8GB,RAM,g.skill,g skill ripjaws v 16 gb,2023,41.49,2.593125,$/GB
g skill ripjaws v 16 gb | DDR4 | 3200MHz | 2x8GB,RAM,g.skill,g skill ripjaws v 16 gb,2025,77.96,4.8725,$/GB
g skill ripjaws v 16 gb | DDR4 | 3600MHz | 2x8GB,RAM,g.skill,g skill ripjaws v 16 gb,2023,43.99,2.749375,$/GB
g skill ripjaws v 16 gb | DDR4 | 3600MHz | 2x8GB,RAM,g.skill,g skill ripjaws v 16 gb,2025,49.99,3.124375,$/GB
g skill ripjaws v 16 gb | DDR4 | 4000MHz | 2x8GB,RAM,g.skill,g skill ripjaws v 16 gb,2023,89.99,5.624375,$/GB
g skill ripjaws v 16 gb | DDR4 | 4000MHz | 2x8GB,RAM,g.skill,g skill ripjaws v 16 gb,2025,52.99,3.311875,$/GB
g skill ripjaws v 16 gb | DDR4 | 4400MHz | 2x8GB,RAM,g.skill,g skill ripjaws v 16 gb,2023,74.99,4.686875,$/GB
g skill ripjaws v 256 gb | DDR4 | 2666MHz | 8x32GB,RAM,g.skill,g skill ripjaws v 256 gb,2023,572.92,2.23796875,$/GB
g skill ripjaws v 256 gb | DDR4 | 2666MHz | 8x32GB,RAM,g.skill,g skill ripjaws v 256 gb,2025,768.19,3.0007421875,$/GB
g skill ripjaws v 256 gb | DDR4 | 3200MHz | 8x32GB,RAM,g.skill,g skill ripjaws v 256 gb,2025,754.74,2.948203125,$/GB
g skill ripjaws v 32 gb | DDR4 | 2400MHz | 2x16GB,RAM,g.skill,g skill ripjaws v 32 gb,2023,67.98,2.124375,$/GB
g skill ripjaws v 32 gb | DDR4 | 2400MHz | 2x16GB,RAM,g.skill,g skill ripjaws v 32 gb,2025,69.98,2.186875,$/GB
g skill ripjaws v 32 gb | DDR4 | 2666MHz | 1x32GB,RAM,g.skill,g skill ripjaws v 32 gb,2025,144.59,4.5184375,$/GB
g skill ripjaws v 32 gb | DDR4 | 2666MHz | 2x16GB,RAM,g.skill,g skill ripjaws v 32 gb,2025,69.98,2.186875,$/GB
g skill ripjaws v 32 gb | DDR4 | 2666MHz | 4x8GB,RAM,g.skill,g skill ripjaws v 32 gb,2025,75.81,2.3690625,$/GB
g skill ripjaws v 32 gb | DDR4 | 3200MHz | 1x32GB,RAM,g.skill,g skill ripjaws v 32 gb,2023,66.98,2.093125,$/GB
g skill ripjaws v 32 gb | DDR4 | 3200MHz | 1x32GB,RAM,g.skill,g skill ripjaws v 32 gb,2025,69.98,2.186875,$/GB
g skill ripjaws v 32 gb | DDR4 | 3200MHz | 2x16GB,RAM,g.skill,g skill ripjaws v 32 gb,2023,117.46,3.670625,$/GB
g skill ripjaws v 32 gb | DDR4 | 3200MHz | 2x16GB,RAM,g.skill,g skill ripjaws v 32 gb,2025,71.98,2.249375,$/GB
g skill ripjaws v 32 gb | DDR4 | 3600MHz | 2x16GB,RAM,g.skill,g skill ripjaws v 32 gb,2023,77.48,2.42125,$/GB
g skill ripjaws v 32 gb | DDR4 | 3600MHz | 2x16GB,RAM,g.skill,g skill ripjaws v 32 gb,2025,79.98,2.499375,$/GB
g skill ripjaws v 32 gb | DDR4 | 3600MHz | 4x8GB,RAM,g.skill,g skill ripjaws v 32 gb,2023,136.49,4.2653125,$/GB
g skill ripjaws v 32 gb | DDR4 | 3600MHz | 4x8GB,RAM,g.skill,g skill ripjaws v 32 gb,2025,229.99,7.1871875,$/GB
g skill ripjaws v 32 gb | DDR4 | 4000MHz | 2x16GB,RAM,g.skill,g skill ripjaws v 32 gb,2025,99.99,3.1246875,$/GB
g skill ripjaws v 32 gb | DDR4 | 4000MHz | 4x8GB,RAM,g.skill,g skill ripjaws v 32 gb,2023,104.46,3.264375,$/GB
g skill ripjaws v 32 gb | DDR4 | 4000MHz | 4x8GB,RAM,g.skill,g skill ripjaws v 32 gb,2025,210.59,6.5809375,$/GB
g skill ripjaws v 32 gb | DDR4 | 4400MHz | 2x16GB,RAM,g.skill,g skill ripjaws v 32 gb,2023,84.99,2.6559375,$/GB
g skill ripjaws v 32 gb | DDR4 | 4600MHz | 2x16GB,RAM,g.skill,g skill ripjaws v 32 gb,2023,139.99,4.3746875,$/GB
g skill ripjaws v 64 gb | DDR4 | 2666MHz | 2x32GB,RAM,g.skill,g skill ripjaws v 64 gb,2023,124.99,1.95296875,$/GB
g skill ripjaws v 64 gb | DDR4 | 2666MHz | 2x32GB,RAM,g.skill,g skill ripjaws v 64 gb,2025,139.99,2.18734375,$/GB
g skill ripjaws v 64 gb | DDR4 | 3200MHz | 2x32GB,RAM,g.skill,g skill ripjaws v 64 gb,2025,154.99,2.42171875,$/GB
g skill ripjaws v 64 gb | DDR4 | 3200MHz | 4x16GB,RAM,g.skill,g skill ripjaws v 64 gb,2025,159.99,2.49984375,$/GB
g skill ripjaws v 64 gb | DDR4 | 3600MHz | 2x32GB,RAM,g.skill,g skill ripjaws v 64 gb,2023,128.99,2.01546875,$/GB
g skill ripjaws v 64 gb | DDR4 | 3600MHz | 2x32GB,RAM,g.skill,g skill ripjaws v 64 gb,2025,187.3,2.9265625,$/GB
g skill ripjaws v 64 gb | DDR4 | 3600MHz | 4x16GB,RAM,g.skill,g skill ripjaws v 64 gb,2023,142.99,2.23421875,$/GB
g skill ripjaws v 64 gb | DDR4 | 3600MHz | 4x16GB,RAM,g.skill,g skill ripjaws v 64 gb,2025,246.28,3.848125,$/GB
g skill ripjaws v 64 gb | DDR4 | 4000MHz | 2x32GB,RAM,g.skill,g skill ripjaws v 64 gb,2025,159.99,2.49984375,$/GB
g skill ripjaws v 64 gb | DDR4 | 4000MHz | 8x8GB,RAM,g.skill,g skill ripjaws v 64 gb,2025,569.0,8.890625,$/GB
g skill ripjaws v 8 gb | DDR4 | 2400MHz | 1x8GB,RAM,g.skill,g skill ripjaws v 8 gb,2023,69.98,8.7475,$/GB
g skill ripjaws v 8 gb | DDR4 | 2400MHz | 1x8GB,RAM,g.skill,g skill ripjaws v 8 gb,2025,69.98,8.7475,$/GB
g skill ripjaws v 8 gb | DDR4 | 2400MHz | 2x4GB,RAM,g.skill,g skill ripjaws v 8 gb,2023,28.99,3.62375,$/GB
g skill ripjaws v 8 gb | DDR4 | 2666MHz | 1x8GB,RAM,g.skill,g skill ripjaws v 8 gb,2025,23.99,2.99875,$/GB
g skill ripjaws v 8 gb | DDR4 | 3200MHz | 2x4GB,RAM,g.skill,g skill ripjaws v 8 gb,2025,68.0,8.5,$/GB
g skill ripjaws x 16 gb | DDR3 | 1600MHz | 2x8GB,RAM,g.skill,g skill ripjaws x 16 gb,2023,40.99,2.561875,$/GB
g skill ripjaws x 16 gb | DDR3 | 1600MHz | 2x8GB,RAM,g.skill,g skill ripjaws x 16 gb,2025,43.3,2.70625,$/GB
g skill ripjaws x 16 gb | DDR3 | 1600MHz | 4x4GB,RAM,g.skill,g skill ripjaws x 16 gb,2025,106.36,6.6475,$/GB
g skill ripjaws x 16 gb | DDR3 | 1866MHz | 2x8GB,RAM,g.skill,g skill ripjaws x 16 gb,2025,56.56,3.535,$/GB
g skill ripjaws x 16 gb | DDR3 | 1866MHz | 4x4GB,RAM,g.skill,g skill ripjaws x 16 gb,2025,122.02,7.62625,$/GB
g skill ripjaws x 16 gb | DDR3 | 2133MHz | 2x8GB,RAM,g.skill,g skill ripjaws x 16 gb,2025,99.18,6.19875,$/GB
g skill ripjaws x 16 gb | DDR3 | 2400MHz | 2x8GB,RAM,g.skill,g skill ripjaws x 16 gb,2023,59.94,3.74625,$/GB
g skill ripjaws x 16 gb | DDR3 | 2400MHz | 2x8GB,RAM,g.skill,g skill ripjaws x 16 gb,2025,64.19,4.011875,$/GB
g skill ripjaws x 32 gb | DDR3 | 1600MHz | 4x8GB,RAM,g.skill,g skill ripjaws x 32 gb,2025,98.37,3.0740625,$/GB
g skill ripjaws x 32 gb | DDR3 | 2133MHz | 4x8GB,RAM,g.skill,g skill ripjaws x 32 gb,2025,120.3,3.759375,$/GB
g skill ripjaws x 32 gb | DDR3 | 2400MHz | 4x8GB,RAM,g.skill,g skill ripjaws x 32 gb,2025,252.0,7.875,$/GB
g skill ripjaws x 4 gb | DDR3 | 1333MHz | 2x2GB,RAM,g.skill,g skill ripjaws x 4 gb,2025,49.98,12.495,$/GB
g skill ripjaws x 4 gb | DDR3 | 1600MHz | 1x4GB,RAM,g.skill,g skill ripjaws x 4 gb,2025,17.78,4.445,$/GB
g skill ripjaws x 4 gb | DDR3 | 1600MHz | 2x2GB,RAM,g.skill,g skill ripjaws x 4 gb,2025,25.23,6.3075,$/GB
g skill ripjaws x 8 gb | DDR3 | 1333MHz | 1x8GB,RAM,g.skill,g skill ripjaws x 8 gb,2025,25.23,3.15375,$/GB
g skill ripjaws x 8 gb | DDR3 | 1333MHz | 2x4GB,RAM,g.skill,g skill ripjaws x 8 gb,2025,27.26,3.4075,$/GB
g skill ripjaws x 8 gb | DDR3 | 1600MHz | 1x8GB,RAM,g.skill,g skill ripjaws x 8 gb,2025,26.28,3.285,$/GB
g skill ripjaws x 8 gb | DDR3 | 1600MHz | 2x4GB,RAM,g.skill,g skill ripjaws x 8 gb,2023,30.86,3.8575,$/GB
g skill ripjaws x 8 gb | DDR3 | 1600MHz | 2x4GB,RAM,g.skill,g skill ripjaws x 8 gb,2025,35.76,4.47,$/GB
g skill ripjaws x 8 gb | DDR3 | 1866MHz | 1x8GB,RAM,g.skill,g skill ripjaws x 8 gb,2025,32.6,4.075,$/GB
g skill ripjaws x 8 gb | DDR3 | 1866MHz | 2x4GB,RAM,g.skill,g skill ripjaws x 8 gb,2025,45.35,5.66875,$/GB
g skill ripjaws x 8 gb | DDR3 | 2133MHz | 2x4GB,RAM,g.skill,g skill ripjaws x 8 gb,2025,51.94,6.4925,$/GB
g skill ripjaws x 8 gb | DDR3 | 2400MHz | 2x4GB,RAM,g.skill,g skill ripjaws x 8 gb,2025,107.0,13.375,$/GB
g skill ripjaws z 16 gb | DDR3 | 2133MHz | 4x4GB,RAM,g.skill,g skill ripjaws z 16 gb,2025,73.22,4.57625,$/GB
g skill ripjaws z 32 gb | DDR3 | 1600MHz | 4x8GB,RAM,g.skill,g skill ripjaws z 32 gb,2023,75.05,2.3453125,$/GB
g skill ripjaws z 32 gb | DDR3 | 1600MHz | 8x4GB,RAM,g.skill,g skill ripjaws z 32 gb,2025,129.57,4.0490625,$/GB
g skill ripjaws z 32 gb | DDR3 | 1866MHz | 4x8GB,RAM,g.skill,g skill ripjaws z 32 gb,2023,103.94,3.248125,$/GB
g skill ripjaws z 32 gb | DDR3 | 1866MHz | 4x8GB,RAM,g.skill,g skill ripjaws z 32 gb,2025,117.07,3.6584375,$/GB
g skill ripjaws z 32 gb | DDR3 | 2133MHz | 8x4GB,RAM,g.skill,g skill ripjaws z 32 gb,2025,196.01,6.1253125,$/GB
g skill ripjaws z 32 gb | DDR3 | 2400MHz | 4x8GB,RAM,g.skill,g skill ripjaws z 32 gb,2025,137.07,4.2834375,$/GB
g skill ripjaws z 8 gb | DDR3 | 2400MHz | 2x4GB,RAM,g.skill,g skill ripjaws z 8 gb,2025,54.52,6.815,$/GB
g skill sniper 16 gb | DDR3 | 1866MHz | 2x8GB,RAM,g.skill,g skill sniper 16 gb,2025,199.0,12.4375,$/GB
g skill sniper 16 gb | DDR3 | 2400MHz | 2x8GB,RAM,g.skill,g skill sniper 16 gb,2025,60.71,3.794375,$/GB
g skill sniper 16 gb | DDR3 | 2400MHz | 4x4GB,RAM,g.skill,g skill sniper 16 gb,2025,71.29,4.455625,$/GB
g skill sniper 32 gb | DDR3 | 2133MHz | 4x8GB,RAM,g.skill,g skill sniper 32 gb,2025,122.87,3.8396875,$/GB
g skill sniper 8 gb | DDR3 | 1600MHz | 2x4GB,RAM,g.skill,g skill sniper 8 gb,2025,35.17,4.39625,$/GB
g skill sniper 8 gb | DDR3 | 2400MHz | 2x4GB,RAM,g.skill,g skill sniper 8 gb,2025,38.72,4.84,$/GB
g skill sniper gaming 16 gb | DDR3 | 1866MHz | 2x8GB,RAM,g.skill,g skill sniper gaming 16 gb,2025,53.96,3.3725,$/GB
g skill sniper gaming 16 gb | DDR3 | 2133MHz | 4x4GB,RAM,g.skill,g skill sniper gaming 16 gb,2025,99.66,6.22875,$/GB
g skill sniper x 16 gb | DDR4 | 3200MHz | 2x8GB,RAM,g.skill,g skill sniper x 16 gb,2025,53.22,3.32625,$/GB
g skill sniper x 16 gb | DDR4 | 3400MHz | 2x8GB,RAM,g.skill,g skill sniper x 16 gb,2025,393.17,24.573125,$/GB
g skill sniper x 32 gb | DDR4 | 2400MHz | 2x16GB,RAM,g.skill,g skill sniper x 32 gb,2025,101.49,3.1715625,$/GB
g skill sniper x 32 gb | DDR4 | 2400MHz | 4x8GB,RAM,g.skill,g skill sniper x 32 gb,2025,75.15,2.3484375,$/GB
g skill sniper x 32 gb | DDR4 | 3200MHz | 2x16GB,RAM,g.skill,g skill sniper x 32 gb,2025,105.75,3.3046875,$/GB
g skill sniper x 32 gb | DDR4 | 3200MHz | 4x8GB,RAM,g.skill,g skill sniper x 32 gb,2025,177.52,5.5475,$/GB
g skill sniper x 32 gb | DDR4 | 3600MHz | 2x16GB,RAM,g.skill,g skill sniper x 32 gb,2025,120.74,3.773125,$/GB
g skill sniper x 32 gb | DDR4 | 3600MHz | 4x8GB,RAM,g.skill,g skill sniper x 32 gb,2025,198.0,6.1875,$/GB
g skill trident x 16 gb | DDR3 | 2400MHz | 2x8GB,RAM,g.skill,g skill trident x 16 gb,2025,136.16,8.51,$/GB
g skill trident x 16 gb | DDR3 | 2400MHz | 4x4GB,RAM,g.skill,g skill trident x 16 gb,2025,107.31,6.706875,$/GB
g skill trident x 32 gb | DDR3 | 2400MHz | 4x8GB,RAM,g.skill,g skill trident x 32 gb,2023,169.96,5.31125,$/GB
g skill trident x 32 gb | DDR3 | 2400MHz | 4x8GB,RAM,g.skill,g skill trident x 32 gb,2025,184.7,5.771875,$/GB
g skill trident x 8 gb | DDR3 | 2400MHz | 2x4GB,RAM,g.skill,g skill trident x 8 gb,2025,59.58,7.4475,$/GB
g skill trident z 16 gb | DDR4 | 3200MHz | 2x8GB,RAM,g.skill,g skill trident z 16 gb,2023,49.99,3.124375,$/GB
g skill trident z 16 gb | DDR4 | 3200MHz | 2x8GB,RAM,g.skill,g skill trident z 16 gb,2025,89.17,5.573125,$/GB
g skill trident z 16 gb | DDR4 | 3466MHz | 2x8GB,RAM,g.skill,g skill trident z 16 gb,2025,189.0,11.8125,$/GB
g skill trident z 16 gb | DDR4 | 4000MHz | 2x8GB,RAM,g.skill,g skill trident z 16 gb,2025,119.0,7.4375,$/GB
g skill trident z 16 gb | DDR4 | 4133MHz | 2x8GB,RAM,g.skill,g skill trident z 16 gb,2025,149.0,9.3125,$/GB
g skill trident z 16 gb | DDR4 | 4266MHz | 2x8GB,RAM,g.skill,g skill trident z 16 gb,2025,149.0,9.3125,$/GB
g skill trident z 16 gb | DDR4 | 4400MHz | 2x8GB,RAM,g.skill,g skill trident z 16 gb,2025,179.0,11.1875,$/GB
g skill trident z 32 gb | DDR4 | 3200MHz | 2x16GB,RAM,g.skill,g skill trident z 32 gb,2023,186.5,5.828125,$/GB
g skill trident z 32 gb | DDR4 | 3200MHz | 2x16GB,RAM,g.skill,g skill trident z 32 gb,2025,149.0,4.65625,$/GB
g skill trident z 32 gb | DDR4 | 3200MHz | 4x8GB,RAM,g.skill,g skill trident z 32 gb,2025,129.22,4.038125,$/GB
g skill trident z 32 gb | DDR5 | 6000MHz | 2x16GB,RAM,g.skill,g skill trident z 32 gb,2025,249.99,7.8121875,$/GB
g skill trident z 32 gb | DDR5 | 6400MHz | 2x16GB,RAM,g.skill,g skill trident z 32 gb,2023,117.99,3.6871875,$/GB
g skill trident z 32 gb | DDR5 | 6400MHz | 2x16GB,RAM,g.skill,g skill trident z 32 gb,2025,114.99,3.5934375,$/GB
g skill trident z 64 gb | DDR4 | 3200MHz | 8x8GB,RAM,g.skill,g skill trident z 64 gb,2025,478.0,7.46875,$/GB
g skill trident z neo 128 gb | DDR4 | 3200MHz | 4x32GB,RAM,g.skill,g skill trident z neo 128 gb,2025,329.99,2.578046875,$/GB
g skill trident z neo 128 gb | DDR4 | 3600MHz | 4x32GB,RAM,g.skill,g skill trident z neo 128 gb,2025,403.6,3.153125,$/GB
g skill trident z neo 16 gb | DDR4 | 3200MHz | 2x8GB,RAM,g.skill,g skill trident z neo 16 gb,2025,89.5,5.59375,$/GB
g skill trident z neo 16 gb | DDR4 | 3600MHz | 2x8GB,RAM,g.skill,g skill trident z neo 16 gb,2023,59.99,3.749375,$/GB
g skill trident z neo 16 gb | DDR4 | 3600MHz | 2x8GB,RAM,g.skill,g skill trident z neo 16 gb,2025,64.98,4.06125,$/GB
g skill trident z neo 16 gb | DDR4 | 3800MHz | 2x8GB,RAM,g.skill,g skill trident z neo 16 gb,2023,699.99,43.749375,$/GB
g skill trident z neo 16 gb | DDR4 | 3800MHz | 2x8GB,RAM,g.skill,g skill trident z neo 16 gb,2025,599.87,37.491875,$/GB
g skill trident z neo 256 gb | DDR4 | 3200MHz | 8x32GB,RAM,g.skill,g skill trident z neo 256 gb,2025,817.87,3.1948046875,$/GB
g skill trident z neo 256 gb | DDR4 | 3600MHz | 8x32GB,RAM,g.skill,g skill trident z neo 256 gb,2023,589.99,2.3046484375,$/GB
g skill trident z neo 256 gb | DDR4 | 3600MHz | 8x32GB,RAM,g.skill,g skill trident z neo 256 gb,2025,629.99,2.4608984375,$/GB
g skill trident z neo 32 gb | DDR4 | 3000MHz | 2x16GB,RAM,g.skill,g skill trident z neo 32 gb,2025,92.64,2.895,$/GB
g skill trident z neo 32 gb | DDR4 | 3200MHz | 2x16GB,RAM,g.skill,g skill trident z neo 32 gb,2023,89.99,2.8121875,$/GB
g skill trident z neo 32 gb | DDR4 | 3200MHz | 2x16GB,RAM,g.skill,g skill trident z neo 32 gb,2025,89.99,2.8121875,$/GB
g skill trident z neo 32 gb | DDR4 | 3200MHz | 4x8GB,RAM,g.skill,g skill trident z neo 32 gb,2025,299.0,9.34375,$/GB
g skill trident z neo 32 gb | DDR4 | 3600MHz | 2x16GB,RAM,g.skill,g skill trident z neo 32 gb,2023,84.99,2.6559375,$/GB
g skill trident z neo 32 gb | DDR4 | 3600MHz | 2x16GB,RAM,g.skill,g skill trident z neo 32 gb,2025,99.99,3.1246875,$/GB
g skill trident z neo 32 gb | DDR4 | 3600MHz | 4x8GB,RAM,g.skill,g skill trident z neo 32 gb,2025,116.99,3.6559375,$/GB
g skill trident z neo 32 gb | DDR4 | 4000MHz | 2x16GB,RAM,g.skill,g skill trident z neo 32 gb,2025,95.99,2.9996875,$/GB
g skill trident z neo 64 gb | DDR4 | 3200MHz | 2x32GB,RAM,g.skill,g skill trident z neo 64 gb,2023,149.99,2.34359375,$/GB
g skill trident z neo 64 gb | DDR4 | 3200MHz | 2x32GB,RAM,g.skill,g skill trident z neo 64 gb,2025,164.99,2.57796875,$/GB
g skill trident z neo 64 gb | DDR4 | 3200MHz | 4x16GB,RAM,g.skill,g skill trident z neo 64 gb,2025,173.58,2.7121875,$/GB
g skill trident z neo 64 gb | DDR4 | 3600MHz | 2x32GB,RAM,g.skill,g skill trident z neo 64 gb,2023,168.49,2.63265625,$/GB
g skill trident z neo 64 gb | DDR4 | 3600MHz | 2x32GB,RAM,g.skill,g skill trident z neo 64 gb,2025,174.99,2.73421875,$/GB
g skill trident z neo 64 gb | DDR4 | 3600MHz | 4x16GB,RAM,g.skill,g skill trident z neo 64 gb,2023,204.99,3.20296875,$/GB
g skill trident z neo 64 gb | DDR4 | 3600MHz | 4x16GB,RAM,g.skill,g skill trident z neo 64 gb,2025,318.0,4.96875,$/GB
g skill trident z rgb 128 gb | DDR4 | 3200MHz | 4x32GB,RAM,g.skill,g skill trident z rgb 128 gb,2025,324.99,2.538984375,$/GB
g skill trident z rgb 128 gb | DDR4 | 3600MHz | 4x32GB,RAM,g.skill,g skill trident z rgb 128 gb,2023,294.99,2.304609375,$/GB
g skill trident z rgb 128 gb | DDR4 | 3600MHz | 4x32GB,RAM,g.skill,g skill trident z rgb 128 gb,2025,394.41,3.081328125,$/GB
g skill trident z rgb 128 gb | DDR4 | 4000MHz | 4x32GB,RAM,g.skill,g skill trident z rgb 128 gb,2025,464.43,3.628359375,$/GB
g skill trident z rgb 16 gb | DDR4 | 3000MHz | 2x8GB,RAM,g.skill,g skill trident z rgb 16 gb,2023,55.99,3.499375,$/GB
g skill trident z rgb 16 gb | DDR4 | 3000MHz | 2x8GB,RAM,g.skill,g skill trident z rgb 16 gb,2025,56.99,3.561875,$/GB
g skill trident z rgb 16 gb | DDR4 | 3200MHz | 2x8GB,RAM,g.skill,g skill trident z rgb 16 gb,2023,89.99,5.624375,$/GB
g skill trident z rgb 16 gb | DDR4 | 3200MHz | 2x8GB,RAM,g.skill,g skill trident z rgb 16 gb,2025,54.99,3.436875,$/GB
g skill trident z rgb 16 gb | DDR4 | 3600MHz | 2x8GB,RAM,g.skill,g skill trident z rgb 16 gb,2023,58.99,3.686875,$/GB
g skill trident z rgb 16 gb | DDR4 | 3600MHz | 2x8GB,RAM,g.skill,g skill trident z rgb 16 gb,2025,124.92,7.8075,$/GB
g skill trident z rgb 16 gb | DDR4 | 4000MHz | 2x8GB,RAM,g.skill,g skill trident z rgb 16 gb,2023,63.99,3.999375,$/GB
g skill trident z rgb 16 gb | DDR4 | 4000MHz | 2x8GB,RAM,g.skill,g skill trident z rgb 16 gb,2025,58.99,3.686875,$/GB
g skill trident z rgb 16 gb | DDR4 | 4400MHz | 2x8GB,RAM,g.skill,g skill trident z rgb 16 gb,2023,131.37,8.210625,$/GB
g skill trident z rgb 16 gb | DDR4 | 4400MHz | 2x8GB,RAM,g.skill,g skill trident z rgb 16 gb,2025,199.0,12.4375,$/GB
g skill trident z rgb 256 gb | DDR4 | 3200MHz | 8x32GB,RAM,g.skill,g skill trident z rgb 256 gb,2023,569.99,2.2265234375,$/GB
g skill trident z rgb 256 gb | DDR4 | 3200MHz | 8x32GB,RAM,g.skill,g skill trident z rgb 256 gb,2025,579.99,2.2655859375,$/GB
g skill trident z rgb 256 gb | DDR4 | 3600MHz | 8x32GB,RAM,g.skill,g skill trident z rgb 256 gb,2025,693.05,2.7072265625,$/GB
g skill trident z rgb 32 gb | DDR4 | 3000MHz | 2x16GB,RAM,g.skill,g skill trident z rgb 32 gb,2023,95.92,2.9975,$/GB
g skill trident z rgb 32 gb | DDR4 | 3200MHz | 2x16GB,RAM,g.skill,g skill trident z rgb 32 gb,2023,118.99,3.7184375,$/GB
g skill trident z rgb 32 gb | DDR4 | 3200MHz | 2x16GB,RAM,g.skill,g skill trident z rgb 32 gb,2025,94.26,2.945625,$/GB
g skill trident z rgb 32 gb | DDR4 | 3200MHz | 4x8GB,RAM,g.skill,g skill trident z rgb 32 gb,2023,109.99,3.4371875,$/GB
g skill trident z rgb 32 gb | DDR4 | 3200MHz | 4x8GB,RAM,g.skill,g skill trident z rgb 32 gb,2025,79.0,2.46875,$/GB
g skill trident z rgb 32 gb | DDR4 | 3600MHz | 2x16GB,RAM,g.skill,g skill trident z rgb 32 gb,2023,231.96,7.24875,$/GB
g skill trident z rgb 32 gb | DDR4 | 3600MHz | 2x16GB,RAM,g.skill,g skill trident z rgb 32 gb,2025,97.99,3.0621875,$/GB
g skill trident z rgb 32 gb | DDR4 | 3733MHz | 2x16GB,RAM,g.skill,g skill trident z rgb 32 gb,2025,249.0,7.78125,$/GB
g skill trident z rgb 32 gb | DDR4 | 4000MHz | 2x16GB,RAM,g.skill,g skill trident z rgb 32 gb,2025,89.99,2.8121875,$/GB
g skill trident z rgb 32 gb | DDR4 | 4000MHz | 4x8GB,RAM,g.skill,g skill trident z rgb 32 gb,2025,349.0,10.90625,$/GB
g skill trident z rgb 32 gb | DDR4 | 4133MHz | 4x8GB,RAM,g.skill,g skill trident z rgb 32 gb,2025,449.0,14.03125,$/GB
g skill trident z rgb 64 gb | DDR4 | 2400MHz | 8x8GB,RAM,g.skill,g skill trident z rgb 64 gb,2025,232.57,3.63390625,$/GB
g skill trident z rgb 64 gb | DDR4 | 3200MHz | 2x32GB,RAM,g.skill,g skill trident z rgb 64 gb,2023,142.99,2.23421875,$/GB
g skill trident z rgb 64 gb | DDR4 | 3200MHz | 2x32GB,RAM,g.skill,g skill trident z rgb 64 gb,2025,159.99,2.49984375,$/GB
g skill trident z rgb 64 gb | DDR4 | 3200MHz | 4x16GB,RAM,g.skill,g skill trident z rgb 64 gb,2023,516.85,8.07578125,$/GB
g skill trident z rgb 64 gb | DDR4 | 3200MHz | 4x16GB,RAM,g.skill,g skill trident z rgb 64 gb,2025,455.03,7.10984375,$/GB
g skill trident z rgb 64 gb | DDR4 | 3600MHz | 2x32GB,RAM,g.skill,g skill trident z rgb 64 gb,2025,225.46,3.5228125,$/GB
g skill trident z rgb 64 gb | DDR4 | 3600MHz | 8x8GB,RAM,g.skill,g skill trident z rgb 64 gb,2025,679.0,10.609375,$/GB
g skill trident z rgb 64 gb | DDR4 | 4000MHz | 2x32GB,RAM,g.skill,g skill trident z rgb 64 gb,2025,169.99,2.65609375,$/GB
g skill trident z rgb 64 gb | DDR4 | 4400MHz | 2x32GB,RAM,g.skill,g skill trident z rgb 64 gb,2023,238.76,3.730625,$/GB
g skill trident z rgb 96 gb | DDR5 | 6400MHz | 2x48GB,RAM,g.skill,g skill trident z rgb 96 gb,2023,339.99,3.5415625,$/GB
g skill trident z rgb 96 gb | DDR5 | 6400MHz | 2x48GB,RAM,g.skill,g skill trident z rgb 96 gb,2025,396.37,4.128854166666667,$/GB
g skill trident z royal 128 gb | DDR4 | 3200MHz | 4x32GB,RAM,g.skill,g skill trident z royal 128 gb,2025,388.05,3.031640625,$/GB
g skill trident z royal 128 gb | DDR4 | 3600MHz | 4x32GB,RAM,g.skill,g skill trident z royal 128 gb,2025,584.5,4.56640625,$/GB
g skill trident z royal 128 gb | DDR4 | 4000MHz | 4x32GB,RAM,g.skill,g skill trident z royal 128 gb,2025,464.59,3.629609375,$/GB
g skill trident z royal 16 gb | DDR4 | 3200MHz | 2x8GB,RAM,g.skill,g skill trident z royal 16 gb,2025,79.98,4.99875,$/GB
g skill trident z royal 16 gb | DDR4 | 3600MHz | 2x8GB,RAM,g.skill,g skill trident z royal 16 gb,2023,91.8,5.7375,$/GB
g skill trident z royal 16 gb | DDR4 | 3600MHz | 2x8GB,RAM,g.skill,g skill trident z royal 16 gb,2025,209.0,13.0625,$/GB
g skill trident z royal 16 gb | DDR4 | 4000MHz | 2x8GB,RAM,g.skill,g skill trident z royal 16 gb,2025,198.94,12.43375,$/GB
g skill trident z royal 16 gb | DDR4 | 4400MHz | 2x8GB,RAM,g.skill,g skill trident z royal 16 gb,2025,244.0,15.25,$/GB
g skill trident z royal 16 gb | DDR4 | 4600MHz | 2x8GB,RAM,g.skill,g skill trident z royal 16 gb,2025,279.0,17.4375,$/GB
g skill trident z royal 256 gb | DDR4 | 3600MHz | 8x32GB,RAM,g.skill,g skill trident z royal 256 gb,2023,659.99,2.5780859375,$/GB
g skill trident z royal 32 gb | DDR4 | 3200MHz | 2x16GB,RAM,g.skill,g skill trident z royal 32 gb,2023,104.99,3.2809375,$/GB
g skill trident z royal 32 gb | DDR4 | 3200MHz | 2x16GB,RAM,g.skill,g skill trident z royal 32 gb,2025,99.99,3.1246875,$/GB
g skill trident z royal 32 gb | DDR4 | 3200MHz | 4x8GB,RAM,g.skill,g skill trident z royal 32 gb,2023,185.33,5.7915625,$/GB
g skill trident z royal 32 gb | DDR4 | 3200MHz | 4x8GB,RAM,g.skill,g skill trident z royal 32 gb,2025,219.76,6.8675,$/GB
g skill trident z royal 32 gb | DDR4 | 3600MHz | 2x16GB,RAM,g.skill,g skill trident z royal 32 gb,2023,138.93,4.3415625,$/GB
g skill trident z royal 32 gb | DDR4 | 3600MHz | 2x16GB,RAM,g.skill,g skill trident z royal 32 gb,2025,162.78,5.086875,$/GB
g skill trident z royal 32 gb | DDR4 | 4000MHz | 2x16GB,RAM,g.skill,g skill trident z royal 32 gb,2025,119.99,3.7496875,$/GB
g skill trident z royal 32 gb | DDR4 | 4000MHz | 4x8GB,RAM,g.skill,g skill trident z royal 32 gb,2025,349.0,10.90625,$/GB
g skill trident z royal 64 gb | DDR4 | 2666MHz | 2x32GB,RAM,g.skill,g skill trident z royal 64 gb,2025,249.0,3.890625,$/GB
g skill trident z royal 64 gb | DDR4 | 3200MHz | 4x16GB,RAM,g.skill,g skill trident z royal 64 gb,2025,478.1,7.4703125,$/GB
g skill trident z royal 64 gb | DDR4 | 3600MHz | 2x32GB,RAM,g.skill,g skill trident z royal 64 gb,2023,166.99,2.60921875,$/GB
g skill trident z royal 64 gb | DDR4 | 3600MHz | 2x32GB,RAM,g.skill,g skill trident z royal 64 gb,2025,231.68,3.62,$/GB
g skill trident z royal 64 gb | DDR4 | 3600MHz | 4x16GB,RAM,g.skill,g skill trident z royal 64 gb,2025,266.04,4.156875,$/GB
g skill trident z royal 64 gb | DDR4 | 3600MHz | 8x8GB,RAM,g.skill,g skill trident z royal 64 gb,2025,719.52,11.2425,$/GB
g skill trident z royal 64 gb | DDR4 | 4000MHz | 2x32GB,RAM,g.skill,g skill trident z royal 64 gb,2025,259.1,4.0484375,$/GB
g skill trident z royal elite 64 gb | DDR4 | 3600MHz | 4x16GB,RAM,g.skill,g skill trident z royal elite 64 gb,2025,352.43,5.50671875,$/GB
g skill trident z royal elite 64 gb | DDR4 | 4266MHz | 2x32GB,RAM,g.skill,g skill trident z royal elite 64 gb,2023,277.28,4.3325,$/GB
g skill trident z5 32 gb | DDR5 | 5600MHz | 2x16GB,RAM,g.skill,g skill trident z5 32 gb,2025,107.57,3.3615625,$/GB
g skill trident z5 32 gb | DDR5 | 6000MHz | 2x16GB,RAM,g.skill,g skill trident z5 32 gb,2023,114.99,3.5934375,$/GB
g skill trident z5 32 gb | DDR5 | 6000MHz | 2x16GB,RAM,g.skill,g skill trident z5 32 gb,2025,106.49,3.3278125,$/GB
g skill trident z5 32 gb | DDR5 | 6400MHz | 2x16GB,RAM,g.skill,g skill trident z5 32 gb,2025,114.99,3.5934375,$/GB
g skill trident z5 64 gb | DDR5 | 6000MHz | 2x32GB,RAM,g.skill,g skill trident z5 64 gb,2023,208.49,3.25765625,$/GB
g skill trident z5 64 gb | DDR5 | 6000MHz | 2x32GB,RAM,g.skill,g skill trident z5 64 gb,2025,202.49,3.16390625,$/GB
g skill trident z5 neo 128 gb | DDR5 | 6000MHz | 2x64GB,RAM,g.skill,g skill trident z5 neo 128 gb,2025,412.49,3.222578125,$/GB
g skill trident z5 neo 32 gb | DDR5 | 5600MHz | 2x16GB,RAM,g.skill,g skill trident z5 neo 32 gb,2023,109.99,3.4371875,$/GB
g skill trident z5 neo 32 gb | DDR5 | 5600MHz | 2x16GB,RAM,g.skill,g skill trident z5 neo 32 gb,2025,146.26,4.570625,$/GB
g skill trident z5 neo 32 gb | DDR5 | 6000MHz | 2x16GB,RAM,g.skill,g skill trident z5 neo 32 gb,2023,112.99,3.5309375,$/GB
g skill trident z5 neo 32 gb | DDR5 | 6000MHz | 2x16GB,RAM,g.skill,g skill trident z5 neo 32 gb,2025,116.99,3.6559375,$/GB
g skill trident z5 neo 48 gb | DDR5 | 8000MHz | 2x24GB,RAM,g.skill,g skill trident z5 neo 48 gb,2025,219.99,4.583125,$/GB
g skill trident z5 neo 64 gb | DDR5 | 6000MHz | 2x32GB,RAM,g.skill,g skill trident z5 neo 64 gb,2023,209.99,3.28109375,$/GB
g skill trident z5 neo 64 gb | DDR5 | 6000MHz | 2x32GB,RAM,g.skill,g skill trident z5 neo 64 gb,2025,204.99,3.20296875,$/GB
g skill trident z5 neo rgb 256 gb | DDR5 | 6000MHz | 4x64GB,RAM,g.skill,g skill trident z5 neo rgb 256 gb,2025,809.99,3.1640234375,$/GB
g skill trident z5 neo rgb 32 gb | DDR5 | 5600MHz | 2x16GB,RAM,g.skill,g skill trident z5 neo rgb 32 gb,2025,149.52,4.6725,$/GB
g skill trident z5 neo rgb 32 gb | DDR5 | 6000MHz | 2x16GB,RAM,g.skill,g skill trident z5 neo rgb 32 gb,2023,115.49,3.6090625,$/GB
g skill trident z5 neo rgb 32 gb | DDR5 | 6000MHz | 2x16GB,RAM,g.skill,g skill trident z5 neo rgb 32 gb,2025,122.49,3.8278125,$/GB
g skill trident z5 neo rgb 32 gb | DDR5 | 6400MHz | 2x16GB,RAM,g.skill,g skill trident z5 neo rgb 32 gb,2025,136.99,4.2809375,$/GB
g skill trident z5 neo rgb 32 gb | DDR5 | 7200MHz | 2x16GB,RAM,g.skill,g skill trident z5 neo rgb 32 gb,2025,134.99,4.2184375,$/GB
g skill trident z5 neo rgb 32 gb | DDR5 | 8000MHz | 2x16GB,RAM,g.skill,g skill trident z5 neo rgb 32 gb,2025,164.99,5.1559375,$/GB
g skill trident z5 neo rgb 48 gb | DDR5 | 5600MHz | 2x24GB,RAM,g.skill,g skill trident z5 neo rgb 48 gb,2025,109.99,2.2914583333333334,$/GB
g skill trident z5 neo rgb 48 gb | DDR5 | 6000MHz | 2x24GB,RAM,g.skill,g skill trident z5 neo rgb 48 gb,2025,274.72,5.723333333333334,$/GB
g skill trident z5 neo rgb 48 gb | DDR5 | 6400MHz | 2x24GB,RAM,g.skill,g skill trident z5 neo rgb 48 gb,2023,174.99,3.6456250000000003,$/GB
g skill trident z5 neo rgb 48 gb | DDR5 | 6400MHz | 2x24GB,RAM,g.skill,g skill trident z5 neo rgb 48 gb,2025,174.99,3.6456250000000003,$/GB
g skill trident z5 neo rgb 48 gb | DDR5 | 8000MHz | 2x24GB,RAM,g.skill,g skill trident z5 neo rgb 48 gb,2025,219.99,4.583125,$/GB
g skill trident z5 neo rgb 64 gb | DDR5 | 6000MHz | 2x32GB,RAM,g.skill,g skill trident z5 neo rgb 64 gb,2023,214.99,3.35921875,$/GB
g skill trident z5 neo rgb 64 gb | DDR5 | 6000MHz | 2x32GB,RAM,g.skill,g skill trident z5 neo rgb 64 gb,2025,234.99,3.67171875,$/GB
g skill trident z5 neo rgb 96 gb | DDR5 | 5600MHz | 2x48GB,RAM,g.skill,g skill trident z5 neo rgb 96 gb,2023,299.99,3.1248958333333334,$/GB
g skill trident z5 neo rgb 96 gb | DDR5 | 5600MHz | 2x48GB,RAM,g.skill,g skill trident z5 neo rgb 96 gb,2025,229.99,2.395729166666667,$/GB
g skill trident z5 neo rgb 96 gb | DDR5 | 6000MHz | 2x48GB,RAM,g.skill,g skill trident z5 neo rgb 96 gb,2025,419.99,4.374895833333333,$/GB
g skill trident z5 rgb 32 gb | DDR5 | 5200MHz | 2x16GB,RAM,g.skill,g skill trident z5 rgb 32 gb,2023,113.99,3.5621875,$/GB
g skill trident z5 rgb 32 gb | DDR5 | 5200MHz | 2x16GB,RAM,g.skill,g skill trident z5 rgb 32 gb,2025,135.61,4.2378125,$/GB
g skill trident z5 rgb 32 gb | DDR5 | 5600MHz | 2x16GB,RAM,g.skill,g skill trident z5 rgb 32 gb,2023,116.99,3.6559375,$/GB
g skill trident z5 rgb 32 gb | DDR5 | 5600MHz | 2x16GB,RAM,g.skill,g skill trident z5 rgb 32 gb,2025,122.88,3.84,$/GB
g skill trident z5 rgb 32 gb | DDR5 | 6000MHz | 2x16GB,RAM,g.skill,g skill trident z5 rgb 32 gb,2023,117.99,3.6871875,$/GB
g skill trident z5 rgb 32 gb | DDR5 | 6000MHz | 2x16GB,RAM,g.skill,g skill trident z5 rgb 32 gb,2025,107.49,3.3590625,$/GB
g skill trident z5 rgb 32 gb | DDR5 | 6400MHz | 2x16GB,RAM,g.skill,g skill trident z5 rgb 32 gb,2023,112.99,3.5309375,$/GB
g skill trident z5 rgb 32 gb | DDR5 | 6400MHz | 2x16GB,RAM,g.skill,g skill trident z5 rgb 32 gb,2025,120.48,3.765,$/GB
g skill trident z5 rgb 32 gb | DDR5 | 6600MHz | 2x16GB,RAM,g.skill,g skill trident z5 rgb 32 gb,2023,127.99,3.9996875,$/GB
g skill trident z5 rgb 32 gb | DDR5 | 6600MHz | 2x16GB,RAM,g.skill,g skill trident z5 rgb 32 gb,2025,165.44,5.17,$/GB
g skill trident z5 rgb 32 gb | DDR5 | 6800MHz | 2x16GB,RAM,g.skill,g skill trident z5 rgb 32 gb,2023,124.99,3.9059375,$/GB
g skill trident z5 rgb 32 gb | DDR5 | 6800MHz | 2x16GB,RAM,g.skill,g skill trident z5 rgb 32 gb,2025,133.99,4.1871875,$/GB
g skill trident z5 rgb 32 gb | DDR5 | 7200MHz | 2x16GB,RAM,g.skill,g skill trident z5 rgb 32 gb,2023,132.99,4.1559375,$/GB
g skill trident z5 rgb 32 gb | DDR5 | 7200MHz | 2x16GB,RAM,g.skill,g skill trident z5 rgb 32 gb,2025,139.99,4.3746875,$/GB
g skill trident z5 rgb 32 gb | DDR5 | 7600MHz | 2x16GB,RAM,g.skill,g skill trident z5 rgb 32 gb,2023,164.99,5.1559375,$/GB
g skill trident z5 rgb 32 gb | DDR5 | 7600MHz | 2x16GB,RAM,g.skill,g skill trident z5 rgb 32 gb,2025,143.99,4.4996875,$/GB
g skill trident z5 rgb 32 gb | DDR5 | 7800MHz | 2x16GB,RAM,g.skill,g skill trident z5 rgb 32 gb,2023,189.99,5.9371875,$/GB
g skill trident z5 rgb 32 gb | DDR5 | 7800MHz | 2x16GB,RAM,g.skill,g skill trident z5 rgb 32 gb,2025,174.4,5.45,$/GB
g skill trident z5 rgb 32 gb | DDR5 | 8000MHz | 2x16GB,RAM,g.skill,g skill trident z5 rgb 32 gb,2023,239.99,7.4996875,$/GB
g skill trident z5 rgb 32 gb | DDR5 | 8000MHz | 2x16GB,RAM,g.skill,g skill trident z5 rgb 32 gb,2025,164.99,5.1559375,$/GB
g skill trident z5 rgb 48 gb | DDR5 | 5600MHz | 2x24GB,RAM,g.skill,g skill trident z5 rgb 48 gb,2023,149.99,3.124791666666667,$/GB
g skill trident z5 rgb 48 gb | DDR5 | 5600MHz | 2x24GB,RAM,g.skill,g skill trident z5 rgb 48 gb,2025,109.99,2.2914583333333334,$/GB
g skill trident z5 rgb 48 gb | DDR5 | 6000MHz | 2x24GB,RAM,g.skill,g skill trident z5 rgb 48 gb,2025,229.03,4.771458333333333,$/GB
g skill trident z5 rgb 48 gb | DDR5 | 6400MHz | 2x24GB,RAM,g.skill,g skill trident z5 rgb 48 gb,2023,184.99,3.8539583333333334,$/GB
g skill trident z5 rgb 48 gb | DDR5 | 6400MHz | 2x24GB,RAM,g.skill,g skill trident z5 rgb 48 gb,2025,152.49,3.1768750000000003,$/GB
g skill trident z5 rgb 48 gb | DDR5 | 6800MHz | 2x24GB,RAM,g.skill,g skill trident z5 rgb 48 gb,2023,184.99,3.8539583333333334,$/GB
g skill trident z5 rgb 48 gb | DDR5 | 6800MHz | 2x24GB,RAM,g.skill,g skill trident z5 rgb 48 gb,2025,169.99,3.5414583333333334,$/GB
g skill trident z5 rgb 48 gb | DDR5 | 7200MHz | 2x24GB,RAM,g.skill,g skill trident z5 rgb 48 gb,2023,214.99,4.478958333333334,$/GB
g skill trident z5 rgb 48 gb | DDR5 | 7200MHz | 2x24GB,RAM,g.skill,g skill trident z5 rgb 48 gb,2025,189.99,3.9581250000000003,$/GB
g skill trident z5 rgb 48 gb | DDR5 | 7600MHz | 2x24GB,RAM,g.skill,g skill trident z5 rgb 48 gb,2023,229.99,4.791458333333334,$/GB
g skill trident z5 rgb 48 gb | DDR5 | 7600MHz | 2x24GB,RAM,g.skill,g skill trident z5 rgb 48 gb,2025,189.99,3.9581250000000003,$/GB
g skill trident z5 rgb 48 gb | DDR5 | 8000MHz | 2x24GB,RAM,g.skill,g skill trident z5 rgb 48 gb,2023,249.99,5.208125,$/GB
g skill trident z5 rgb 48 gb | DDR5 | 8000MHz | 2x24GB,RAM,g.skill,g skill trident z5 rgb 48 gb,2025,214.99,4.478958333333334,$/GB
g skill trident z5 rgb 48 gb | DDR5 | 8200MHz | 2x24GB,RAM,g.skill,g skill trident z5 rgb 48 gb,2023,279.99,5.833125,$/GB
g skill trident z5 rgb 48 gb | DDR5 | 8200MHz | 2x24GB,RAM,g.skill,g skill trident z5 rgb 48 gb,2025,239.99,4.999791666666667,$/GB
g skill trident z5 rgb 48 gb | DDR5 | 8400MHz | 2x24GB,RAM,g.skill,g skill trident z5 rgb 48 gb,2023,399.99,8.333125,$/GB
g skill trident z5 rgb 48 gb | DDR5 | 8400MHz | 2x24GB,RAM,g.skill,g skill trident z5 rgb 48 gb,2025,259.99,5.416458333333334,$/GB
g skill trident z5 rgb 64 gb | DDR5 | 5600MHz | 2x32GB,RAM,g.skill,g skill trident z5 rgb 64 gb,2023,204.99,3.20296875,$/GB
g skill trident z5 rgb 64 gb | DDR5 | 5600MHz | 2x32GB,RAM,g.skill,g skill trident z5 rgb 64 gb,2025,290.85,4.54453125,$/GB
g skill trident z5 rgb 64 gb | DDR5 | 6000MHz | 2x32GB,RAM,g.skill,g skill trident z5 rgb 64 gb,2023,208.99,3.26546875,$/GB
g skill trident z5 rgb 64 gb | DDR5 | 6000MHz | 2x32GB,RAM,g.skill,g skill trident z5 rgb 64 gb,2025,204.99,3.20296875,$/GB
g skill trident z5 rgb 64 gb | DDR5 | 6400MHz | 2x32GB,RAM,g.skill,g skill trident z5 rgb 64 gb,2023,217.99,3.40609375,$/GB
g skill trident z5 rgb 64 gb | DDR5 | 6400MHz | 2x32GB,RAM,g.skill,g skill trident z5 rgb 64 gb,2025,237.49,3.71078125,$/GB
g skill trident z5 rgb 64 gb | DDR5 | 6800MHz | 2x32GB,RAM,g.skill,g skill trident z5 rgb 64 gb,2025,254.99,3.98421875,$/GB
g skill trident z5 rgb 96 gb | DDR5 | 5600MHz | 2x48GB,RAM,g.skill,g skill trident z5 rgb 96 gb,2023,299.99,3.1248958333333334,$/GB
g skill trident z5 rgb 96 gb | DDR5 | 5600MHz | 2x48GB,RAM,g.skill,g skill trident z5 rgb 96 gb,2025,239.99,2.4998958333333334,$/GB
g skill trident z5 rgb 96 gb | DDR5 | 6400MHz | 2x48GB,RAM,g.skill,g skill trident z5 rgb 96 gb,2023,339.99,3.5415625,$/GB
g skill trident z5 rgb 96 gb | DDR5 | 6400MHz | 2x48GB,RAM,g.skill,g skill trident z5 rgb 96 gb,2025,349.99,3.645729166666667,$/GB
g skill trident z5 rgb 96 gb | DDR5 | 6800MHz | 2x48GB,RAM,g.skill,g skill trident z5 rgb 96 gb,2023,399.99,4.1665625,$/GB
g skill trident z5 rgb 96 gb | DDR5 | 6800MHz | 2x48GB,RAM,g.skill,g skill trident z5 rgb 96 gb,2025,339.99,3.5415625,$/GB
g skill trident z5 royal 32 gb | DDR5 | 6400MHz | 2x16GB,RAM,g.skill,g skill trident z5 royal 32 gb,2025,147.49,4.6090625,$/GB
g skill trident z5 royal 32 gb | DDR5 | 7200MHz | 2x16GB,RAM,g.skill,g skill trident z5 royal 32 gb,2025,170.99,5.3434375,$/GB
g skill trident z5 royal 32 gb | DDR5 | 7600MHz | 2x16GB,RAM,g.skill,g skill trident z5 royal 32 gb,2025,159.99,4.9996875,$/GB
g skill trident z5 royal 48 gb | DDR5 | 7200MHz | 2x24GB,RAM,g.skill,g skill trident z5 royal 48 gb,2025,214.99,4.478958333333334,$/GB
g skill trident z5 royal 48 gb | DDR5 | 8000MHz | 2x24GB,RAM,g.skill,g skill trident z5 royal 48 gb,2025,239.99,4.999791666666667,$/GB
g skill trident z5 royal 48 gb | DDR5 | 8400MHz | 2x24GB,RAM,g.skill,g skill trident z5 royal 48 gb,2025,288.99,6.020625,$/GB
g skill trident z5 royal 64 gb | DDR5 | 6400MHz | 2x32GB,RAM,g.skill,g skill trident z5 royal 64 gb,2025,259.99,4.06234375,$/GB
g skill trident z5 royal 96 gb | DDR5 | 6400MHz | 2x48GB,RAM,g.skill,g skill trident z5 royal 96 gb,2025,319.99,3.333229166666667,$/GB
g skill trident z5 royal neo rgb 32 gb | DDR5 | 6000MHz | 2x16GB,RAM,g.skill,g skill trident z5 royal neo rgb 32 gb,2025,164.99,5.1559375,$/GB
g skill trident z5 royal neo rgb 32 gb | DDR5 | 6400MHz | 2x16GB,RAM,g.skill,g skill trident z5 royal neo rgb 32 gb,2025,164.99,5.1559375,$/GB
g skill trident z5 royal neo rgb 32 gb | DDR5 | 8000MHz | 2x16GB,RAM,g.skill,g skill trident z5 royal neo rgb 32 gb,2025,189.99,5.9371875,$/GB
g skill trident z5 royal neo rgb 48 gb | DDR5 | 8000MHz | 2x24GB,RAM,g.skill,g skill trident z5 royal neo rgb 48 gb,2025,239.99,4.999791666666667,$/GB
g skill trident z5 royal neo rgb 64 gb | DDR5 | 6000MHz | 2x32GB,RAM,g.skill,g skill trident z5 royal neo rgb 64 gb,2025,259.99,4.06234375,$/GB
g skill trident z5 royal neo rgb 96 gb | DDR5 | 6000MHz | 2x48GB,RAM,g.skill,g skill trident z5 royal neo rgb 96 gb,2025,449.99,4.687395833333333,$/GB
g skill tridentz rgb 16 gb | DDR4 | 4000MHz | 2x8GB,RAM,g.skill,g skill tridentz rgb 16 gb,2023,189.0,11.8125,$/GB
g skill tridentz rgb 16 gb | DDR4 | 4000MHz | 2x8GB,RAM,g.skill,g skill tridentz rgb 16 gb,2025,189.0,11.8125,$/GB
g skill tridentz rgb 32 gb | DDR4 | 4000MHz | 2x16GB,RAM,g.skill,g skill tridentz rgb 32 gb,2023,459.34,14.354375,$/GB
g skill tridentz rgb 32 gb | DDR4 | 4000MHz | 2x16GB,RAM,g.skill,g skill tridentz rgb 32 gb,2025,677.52,21.1725,$/GB
g skill tridentz rgb 32 gb | DDR4 | 4600MHz | 2x16GB,RAM,g.skill,g skill tridentz rgb 32 gb,2023,149.99,4.6871875,$/GB
g skill tridentz rgb 32 gb | DDR4 | 4800MHz | 2x16GB,RAM,g.skill,g skill tridentz rgb 32 gb,2025,418.0,13.0625,$/GB
g skill value 16 gb | DDR3 | 1333MHz | 2x8GB,RAM,g.skill,g skill value 16 gb,2025,35.18,2.19875,$/GB
g skill value 16 gb | DDR3 | 1600MHz | 2x8GB,RAM,g.skill,g skill value 16 gb,2025,36.33,2.270625,$/GB
g skill value 16 gb | DDR4 | 2133MHz | 4x4GB,RAM,g.skill,g skill value 16 gb,2025,68.22,4.26375,$/GB
g skill value 32 gb | DDR4 | 2400MHz | 4x8GB,RAM,g.skill,g skill value 32 gb,2025,73.22,2.288125,$/GB
g skill value 4 gb | DDR3 | 1333MHz | 1x4GB,RAM,g.skill,g skill value 4 gb,2025,14.41,3.6025,$/GB
g skill value 4 gb | DDR3 | 1600MHz | 1x4GB,RAM,g.skill,g skill value 4 gb,2025,14.72,3.68,$/GB
g skill value 8 gb | DDR3 | 1333MHz | 1x8GB,RAM,g.skill,g skill value 8 gb,2025,20.38,2.5475,$/GB
g skill value 8 gb | DDR3 | 1600MHz | 1x8GB,RAM,g.skill,g skill value 8 gb,2025,21.24,2.655,$/GB
g skill value 8 gb | DDR3 | 1600MHz | 2x4GB,RAM,g.skill,g skill value 8 gb,2025,23.8,2.975,$/GB
g skill value 8 gb | DDR4 | 2400MHz | 1x8GB,RAM,g.skill,g skill value 8 gb,2025,38.92,4.865,$/GB
g skill value 8 gb | DDR4 | 2400MHz | 2x4GB,RAM,g.skill,g skill value 8 gb,2025,25.84,3.23,$/GB
g skill value 8 gb | DDR4 | 2666MHz | 1x8GB,RAM,g.skill,g skill value 8 gb,2023,21.12,2.64,$/GB
g skill zeta r5 64 gb | DDR5 | 6400MHz | 4x16GB,RAM,g.skill,g skill zeta r5 64 gb,2025,621.21,9.70640625,$/GB
g skill zeta r5 neo 128 gb | DDR5 | 6000MHz | 4x32GB,RAM,g.skill,g skill zeta r5 neo 128 gb,2025,759.99,5.937421875,$/GB
g skill zeta r5 neo 64 gb | DDR5 | 6000MHz | 4x16GB,RAM,g.skill,g skill zeta r5 neo 64 gb,2025,763.39,11.92796875,$/GB
g skill zeta r5 neo 64 gb | DDR5 | 6400MHz | 4x16GB,RAM,g.skill,g skill zeta r5 neo 64 gb,2025,794.99,12.42171875,$/GB
geil evo v rgb 32 gb | DDR5 | 8000MHz | 2x16GB,RAM,geil,geil evo v rgb 32 gb,2025,220.99,6.9059375,$/GB
geil green 8 gb | DDR3 | 1333MHz | 2x4GB,RAM,geil,geil green 8 gb,2025,71.9,8.9875,$/GB
geil gs34gb1066c7sc 4 gb | DDR3 | 1066MHz | 1x4GB,RAM,geil,geil gs34gb1066c7sc 4 gb,2025,15.22,3.805,$/GB
geil orion amd edition 16 gb | DDR4 | 3600MHz | 2x8GB,RAM,geil,geil orion amd edition 16 gb,2023,34.99,2.186875,$/GB
gigabyte aorus rgb 16 gb | DDR4 | 3333MHz | 2x8GB,RAM,gigabyte,gigabyte aorus rgb 16 gb,2023,127.92,7.995,$/GB
gigabyte aorus rgb 16 gb | DDR4 | 3600MHz | 2x8GB,RAM,gigabyte,gigabyte aorus rgb 16 gb,2023,279.0,17.4375,$/GB
goodram irdm pro 16 gb | DDR4 | 3600MHz | 1x16GB,RAM,goodram,goodram irdm pro 16 gb,2025,91.7,5.73125,$/GB
goodram irdm pro 16 gb | DDR4 | 3600MHz | 2x8GB,RAM,goodram,goodram irdm pro 16 gb,2023,80.65,5.040625,$/GB
goodram irdm pro 32 gb | DDR4 | 3600MHz | 2x16GB,RAM,goodram,goodram irdm pro 32 gb,2023,121.28,3.79,$/GB
goodram irdm pro 32 gb | DDR4 | 3600MHz | 2x16GB,RAM,goodram,goodram irdm pro 32 gb,2025,146.72,4.585,$/GB
goodram irdm pro 8 gb | DDR4 | 3600MHz | 1x8GB,RAM,goodram,goodram irdm pro 8 gb,2023,80.86,10.1075,$/GB
hp 647901-b21 16 gb | DDR3 | 1333MHz | 1x16GB,RAM,hp,hp 647901-b21 16 gb,2025,28.0,1.75,$/GB
hp 647909-b21 8 gb | DDR3 | 1333MHz | 1x8GB,RAM,hp,hp 647909-b21 8 gb,2025,47.7,5.9625,$/GB
ibm 00d4955 4 gb | DDR3 | 1600MHz | 1x4GB,RAM,ibm,ibm 00d4955 4 gb,2025,169.99,42.4975,$/GB
ibm 00d4968 16 gb | DDR3 | 1600MHz | 1x16GB,RAM,ibm,ibm 00d4968 16 gb,2025,74.98,4.68625,$/GB
kingbank sharpblade rgb 32 gb | DDR5 | 6400MHz | 2x16GB,RAM,kingbank,kingbank sharpblade rgb 32 gb,2023,97.99,3.0621875,$/GB
kingston blu red 4 gb | DDR3 | 1600MHz | 1x4GB,RAM,kingston,kingston blu red 4 gb,2025,46.98,11.745,$/GB
kingston d2g72m151 16 gb | DDR4 | 2133MHz | 1x16GB,RAM,kingston,kingston d2g72m151 16 gb,2025,199.59,12.474375,$/GB
kingston fury 128 gb | DDR5 | 5200MHz | 4x32GB,RAM,kingston,kingston fury 128 gb,2025,334.0,2.609375,$/GB
kingston fury 128 gb | DDR5 | 5600MHz | 4x32GB,RAM,kingston,kingston fury 128 gb,2025,427.99,3.343671875,$/GB
kingston fury 16 gb | DDR5 | 5200MHz | 1x16GB,RAM,kingston,kingston fury 16 gb,2025,64.37,4.023125,$/GB
kingston fury 16 gb | DDR5 | 5600MHz | 1x16GB,RAM,kingston,kingston fury 16 gb,2025,87.66,5.47875,$/GB
kingston fury 32 gb | DDR5 | 5200MHz | 1x32GB,RAM,kingston,kingston fury 32 gb,2023,117.68,3.6775,$/GB
kingston fury 32 gb | DDR5 | 5200MHz | 1x32GB,RAM,kingston,kingston fury 32 gb,2025,121.01,3.7815625,$/GB
kingston fury 32 gb | DDR5 | 5200MHz | 2x16GB,RAM,kingston,kingston fury 32 gb,2025,120.77,3.7740625,$/GB
kingston fury 32 gb | DDR5 | 5600MHz | 1x32GB,RAM,kingston,kingston fury 32 gb,2025,120.71,3.7721875,$/GB
kingston fury 32 gb | DDR5 | 5600MHz | 2x16GB,RAM,kingston,kingston fury 32 gb,2023,138.51,4.3284375,$/GB
kingston fury 32 gb | DDR5 | 5600MHz | 2x16GB,RAM,kingston,kingston fury 32 gb,2025,121.99,3.8121875,$/GB
kingston fury 32 gb | DDR5 | 6000MHz | 2x16GB,RAM,kingston,kingston fury 32 gb,2023,146.3,4.571875,$/GB
kingston fury 64 gb | DDR5 | 5200MHz | 2x32GB,RAM,kingston,kingston fury 64 gb,2025,201.71,3.15171875,$/GB
kingston fury 64 gb | DDR5 | 5200MHz | 4x16GB,RAM,kingston,kingston fury 64 gb,2023,269.56,4.211875,$/GB
kingston fury 64 gb | DDR5 | 5200MHz | 4x16GB,RAM,kingston,kingston fury 64 gb,2025,280.31,4.37984375,$/GB
kingston fury 64 gb | DDR5 | 5600MHz | 2x32GB,RAM,kingston,kingston fury 64 gb,2025,211.0,3.296875,$/GB
kingston fury 64 gb | DDR5 | 5600MHz | 4x16GB,RAM,kingston,kingston fury 64 gb,2023,301.83,4.71609375,$/GB
kingston fury 64 gb | DDR5 | 5600MHz | 4x16GB,RAM,kingston,kingston fury 64 gb,2025,279.56,4.368125,$/GB
kingston fury 64 gb | DDR5 | 6000MHz | 2x32GB,RAM,kingston,kingston fury 64 gb,2025,229.59,3.58734375,$/GB
kingston fury beast 128 gb | DDR4 | 3200MHz | 4x32GB,RAM,kingston,kingston fury beast 128 gb,2023,311.75,2.435546875,$/GB
kingston fury beast 128 gb | DDR4 | 3200MHz | 4x32GB,RAM,kingston,kingston fury beast 128 gb,2025,525.32,4.1040625,$/GB
kingston fury beast 128 gb | DDR4 | 3600MHz | 4x32GB,RAM,kingston,kingston fury beast 128 gb,2025,429.99,3.359296875,$/GB
kingston fury beast 128 gb | DDR5 | 5600MHz | 2x64GB,RAM,kingston,kingston fury beast 128 gb,2025,335.32,2.6196875,$/GB
kingston fury beast 128 gb | DDR5 | 5600MHz | 4x32GB,RAM,kingston,kingston fury beast 128 gb,2025,402.99,3.148359375,$/GB
kingston fury beast 16 gb | DDR4 | 2666MHz | 1x16GB,RAM,kingston,kingston fury beast 16 gb,2023,47.0,2.9375,$/GB
kingston fury beast 16 gb | DDR4 | 2666MHz | 2x8GB,RAM,kingston,kingston fury beast 16 gb,2023,52.1,3.25625,$/GB
kingston fury beast 16 gb | DDR4 | 3200MHz | 1x16GB,RAM,kingston,kingston fury beast 16 gb,2023,46.38,2.89875,$/GB
kingston fury beast 16 gb | DDR4 | 3200MHz | 1x16GB,RAM,kingston,kingston fury beast 16 gb,2025,74.54,4.65875,$/GB
kingston fury beast 16 gb | DDR4 | 3200MHz | 2x8GB,RAM,kingston,kingston fury beast 16 gb,2023,49.25,3.078125,$/GB
kingston fury beast 16 gb | DDR4 | 3200MHz | 2x8GB,RAM,kingston,kingston fury beast 16 gb,2025,78.61,4.913125,$/GB
kingston fury beast 16 gb | DDR4 | 3600MHz | 1x16GB,RAM,kingston,kingston fury beast 16 gb,2025,56.99,3.561875,$/GB
kingston fury beast 16 gb | DDR4 | 3600MHz | 2x8GB,RAM,kingston,kingston fury beast 16 gb,2023,49.0,3.0625,$/GB
kingston fury beast 16 gb | DDR4 | 3600MHz | 2x8GB,RAM,kingston,kingston fury beast 16 gb,2025,49.0,3.0625,$/GB
kingston fury beast 16 gb | DDR4 | 3733MHz | 1x16GB,RAM,kingston,kingston fury beast 16 gb,2025,76.22,4.76375,$/GB
kingston fury beast 16 gb | DDR5 | 4800MHz | 1x16GB,RAM,kingston,kingston fury beast 16 gb,2023,64.05,4.003125,$/GB
kingston fury beast 16 gb | DDR5 | 4800MHz | 1x16GB,RAM,kingston,kingston fury beast 16 gb,2025,130.51,8.156875,$/GB
kingston fury beast 16 gb | DDR5 | 4800MHz | 2x8GB,RAM,kingston,kingston fury beast 16 gb,2023,71.0,4.4375,$/GB
kingston fury beast 16 gb | DDR5 | 4800MHz | 2x8GB,RAM,kingston,kingston fury beast 16 gb,2025,65.0,4.0625,$/GB
kingston fury beast 16 gb | DDR5 | 5200MHz | 1x16GB,RAM,kingston,kingston fury beast 16 gb,2023,65.17,4.073125,$/GB
kingston fury beast 16 gb | DDR5 | 5200MHz | 1x16GB,RAM,kingston,kingston fury beast 16 gb,2025,65.3,4.08125,$/GB
kingston fury beast 16 gb | DDR5 | 5200MHz | 2x8GB,RAM,kingston,kingston fury beast 16 gb,2023,76.16,4.76,$/GB
kingston fury beast 16 gb | DDR5 | 5200MHz | 2x8GB,RAM,kingston,kingston fury beast 16 gb,2025,59.36,3.71,$/GB
kingston fury beast 16 gb | DDR5 | 5600MHz | 1x16GB,RAM,kingston,kingston fury beast 16 gb,2023,64.23,4.014375,$/GB
kingston fury beast 16 gb | DDR5 | 5600MHz | 1x16GB,RAM,kingston,kingston fury beast 16 gb,2025,55.8,3.4875,$/GB
kingston fury beast 16 gb | DDR5 | 5600MHz | 2x8GB,RAM,kingston,kingston fury beast 16 gb,2025,65.48,4.0925,$/GB
kingston fury beast 16 gb | DDR5 | 6000MHz | 1x16GB,RAM,kingston,kingston fury beast 16 gb,2023,67.98,4.24875,$/GB
kingston fury beast 16 gb | DDR5 | 6000MHz | 1x16GB,RAM,kingston,kingston fury beast 16 gb,2025,73.68,4.605,$/GB
kingston fury beast 16 gb | DDR5 | 6000MHz | 2x8GB,RAM,kingston,kingston fury beast 16 gb,2023,71.98,4.49875,$/GB
kingston fury beast 16 gb | DDR5 | 6000MHz | 2x8GB,RAM,kingston,kingston fury beast 16 gb,2025,73.36,4.585,$/GB
kingston fury beast 16 gb | DDR5 | 6400MHz | 1x16GB,RAM,kingston,kingston fury beast 16 gb,2025,100.65,6.290625,$/GB
kingston fury beast 32 gb | DDR4 | 2666MHz | 2x16GB,RAM,kingston,kingston fury beast 32 gb,2023,87.74,2.741875,$/GB
kingston fury beast 32 gb | DDR4 | 3200MHz | 1x32GB,RAM,kingston,kingston fury beast 32 gb,2025,137.0,4.28125,$/GB
kingston fury beast 32 gb | DDR4 | 3200MHz | 2x16GB,RAM,kingston,kingston fury beast 32 gb,2023,79.98,2.499375,$/GB
kingston fury beast 32 gb | DDR4 | 3200MHz | 2x16GB,RAM,kingston,kingston fury beast 32 gb,2025,124.0,3.875,$/GB
kingston fury beast 32 gb | DDR4 | 3200MHz | 4x8GB,RAM,kingston,kingston fury beast 32 gb,2025,150.74,4.710625,$/GB
kingston fury beast 32 gb | DDR4 | 3600MHz | 1x32GB,RAM,kingston,kingston fury beast 32 gb,2025,143.27,4.4771875,$/GB
kingston fury beast 32 gb | DDR4 | 3600MHz | 2x16GB,RAM,kingston,kingston fury beast 32 gb,2023,84.99,2.6559375,$/GB
kingston fury beast 32 gb | DDR4 | 3600MHz | 2x16GB,RAM,kingston,kingston fury beast 32 gb,2025,149.0,4.65625,$/GB
kingston fury beast 32 gb | DDR4 | 3600MHz | 4x8GB,RAM,kingston,kingston fury beast 32 gb,2025,166.75,5.2109375,$/GB
kingston fury beast 32 gb | DDR5 | 4800MHz | 1x32GB,RAM,kingston,kingston fury beast 32 gb,2025,212.49,6.6403125,$/GB
kingston fury beast 32 gb | DDR5 | 4800MHz | 2x16GB,RAM,kingston,kingston fury beast 32 gb,2023,105.99,3.3121875,$/GB
kingston fury beast 32 gb | DDR5 | 4800MHz | 2x16GB,RAM,kingston,kingston fury beast 32 gb,2025,266.54,8.329375,$/GB
kingston fury beast 32 gb | DDR5 | 5200MHz | 1x32GB,RAM,kingston,kingston fury beast 32 gb,2025,97.94,3.060625,$/GB
kingston fury beast 32 gb | DDR5 | 5200MHz | 2x16GB,RAM,kingston,kingston fury beast 32 gb,2023,118.49,3.7028125,$/GB
kingston fury beast 32 gb | DDR5 | 5200MHz | 2x16GB,RAM,kingston,kingston fury beast 32 gb,2025,103.99,3.2496875,$/GB
kingston fury beast 32 gb | DDR5 | 5600MHz | 1x32GB,RAM,kingston,kingston fury beast 32 gb,2023,117.34,3.666875,$/GB
kingston fury beast 32 gb | DDR5 | 5600MHz | 1x32GB,RAM,kingston,kingston fury beast 32 gb,2025,100.0,3.125,$/GB
kingston fury beast 32 gb | DDR5 | 5600MHz | 2x16GB,RAM,kingston,kingston fury beast 32 gb,2025,104.31,3.2596875,$/GB
kingston fury beast 32 gb | DDR5 | 6000MHz | 1x32GB,RAM,kingston,kingston fury beast 32 gb,2025,127.18,3.974375,$/GB
kingston fury beast 32 gb | DDR5 | 6000MHz | 2x16GB,RAM,kingston,kingston fury beast 32 gb,2023,122.72,3.835,$/GB
kingston fury beast 32 gb | DDR5 | 6000MHz | 2x16GB,RAM,kingston,kingston fury beast 32 gb,2025,130.38,4.074375,$/GB
kingston fury beast 32 gb | DDR5 | 6400MHz | 1x32GB,RAM,kingston,kingston fury beast 32 gb,2025,147.99,4.6246875,$/GB
kingston fury beast 32 gb | DDR5 | 6400MHz | 2x16GB,RAM,kingston,kingston fury beast 32 gb,2025,169.42,5.294375,$/GB
kingston fury beast 4 gb | DDR4 | 3200MHz | 1x4GB,RAM,kingston,kingston fury beast 4 gb,2025,42.91,10.7275,$/GB
kingston fury beast 64 gb | DDR4 | 3200MHz | 2x32GB,RAM,kingston,kingston fury beast 64 gb,2025,149.99,2.34359375,$/GB
kingston fury beast 64 gb | DDR4 | 3200MHz | 4x16GB,RAM,kingston,kingston fury beast 64 gb,2023,169.95,2.65546875,$/GB
kingston fury beast 64 gb | DDR4 | 3200MHz | 4x16GB,RAM,kingston,kingston fury beast 64 gb,2025,260.76,4.074375,$/GB
kingston fury beast 64 gb | DDR4 | 3600MHz | 2x32GB,RAM,kingston,kingston fury beast 64 gb,2023,159.97,2.49953125,$/GB
kingston fury beast 64 gb | DDR4 | 3600MHz | 2x32GB,RAM,kingston,kingston fury beast 64 gb,2025,280.0,4.375,$/GB
kingston fury beast 64 gb | DDR4 | 3600MHz | 4x16GB,RAM,kingston,kingston fury beast 64 gb,2025,291.92,4.56125,$/GB
kingston fury beast 64 gb | DDR5 | 5200MHz | 2x32GB,RAM,kingston,kingston fury beast 64 gb,2025,174.99,2.73421875,$/GB
kingston fury beast 64 gb | DDR5 | 5600MHz | 2x32GB,RAM,kingston,kingston fury beast 64 gb,2023,224.88,3.51375,$/GB
kingston fury beast 64 gb | DDR5 | 5600MHz | 2x32GB,RAM,kingston,kingston fury beast 64 gb,2025,196.0,3.0625,$/GB
kingston fury beast 64 gb | DDR5 | 6000MHz | 2x32GB,RAM,kingston,kingston fury beast 64 gb,2023,219.99,3.43734375,$/GB
kingston fury beast 64 gb | DDR5 | 6000MHz | 2x32GB,RAM,kingston,kingston fury beast 64 gb,2025,237.46,3.7103125,$/GB
kingston fury beast 64 gb | DDR5 | 6400MHz | 2x32GB,RAM,kingston,kingston fury beast 64 gb,2025,262.7,4.1046875,$/GB
kingston fury beast 8 gb | DDR4 | 2666MHz | 1x8GB,RAM,kingston,kingston fury beast 8 gb,2023,28.61,3.57625,$/GB
kingston fury beast 8 gb | DDR4 | 3200MHz | 1x8GB,RAM,kingston,kingston fury beast 8 gb,2025,29.89,3.73625,$/GB
kingston fury beast 8 gb | DDR4 | 3200MHz | 2x4GB,RAM,kingston,kingston fury beast 8 gb,2025,67.56,8.445,$/GB
kingston fury beast 8 gb | DDR4 | 3600MHz | 1x8GB,RAM,kingston,kingston fury beast 8 gb,2023,24.76,3.095,$/GB
kingston fury beast 8 gb | DDR4 | 3600MHz | 1x8GB,RAM,kingston,kingston fury beast 8 gb,2025,44.94,5.6175,$/GB
kingston fury beast 8 gb | DDR5 | 4800MHz | 1x8GB,RAM,kingston,kingston fury beast 8 gb,2025,59.94,7.4925,$/GB
kingston fury beast 8 gb | DDR5 | 5200MHz | 1x8GB,RAM,kingston,kingston fury beast 8 gb,2023,40.29,5.03625,$/GB
kingston fury beast 8 gb | DDR5 | 5200MHz | 1x8GB,RAM,kingston,kingston fury beast 8 gb,2025,34.9,4.3625,$/GB
kingston fury beast 8 gb | DDR5 | 5600MHz | 1x8GB,RAM,kingston,kingston fury beast 8 gb,2023,39.99,4.99875,$/GB
kingston fury beast 8 gb | DDR5 | 5600MHz | 1x8GB,RAM,kingston,kingston fury beast 8 gb,2025,33.99,4.24875,$/GB
kingston fury beast 8 gb | DDR5 | 6000MHz | 1x8GB,RAM,kingston,kingston fury beast 8 gb,2025,45.33,5.66625,$/GB
kingston fury beast rgb 128 gb | DDR5 | 5200MHz | 4x32GB,RAM,kingston,kingston fury beast rgb 128 gb,2023,447.15,3.493359375,$/GB
kingston fury beast rgb 128 gb | DDR5 | 5200MHz | 4x32GB,RAM,kingston,kingston fury beast rgb 128 gb,2025,399.99,3.124921875,$/GB
kingston fury beast rgb 128 gb | DDR5 | 5600MHz | 2x64GB,RAM,kingston,kingston fury beast rgb 128 gb,2025,349.99,2.734296875,$/GB
kingston fury beast rgb 16 gb | DDR4 | 3200MHz | 2x8GB,RAM,kingston,kingston fury beast rgb 16 gb,2025,134.27,8.391875,$/GB
kingston fury beast rgb 16 gb | DDR4 | 3600MHz | 1x16GB,RAM,kingston,kingston fury beast rgb 16 gb,2023,59.99,3.749375,$/GB
kingston fury beast rgb 16 gb | DDR4 | 3600MHz | 2x8GB,RAM,kingston,kingston fury beast rgb 16 gb,2023,55.0,3.4375,$/GB
kingston fury beast rgb 16 gb | DDR4 | 3600MHz | 2x8GB,RAM,kingston,kingston fury beast rgb 16 gb,2025,56.0,3.5,$/GB
kingston fury beast rgb 16 gb | DDR5 | 4800MHz | 1x16GB,RAM,kingston,kingston fury beast rgb 16 gb,2023,69.61,4.350625,$/GB
kingston fury beast rgb 16 gb | DDR5 | 4800MHz | 1x16GB,RAM,kingston,kingston fury beast rgb 16 gb,2025,98.09,6.130625,$/GB
kingston fury beast rgb 16 gb | DDR5 | 5200MHz | 1x16GB,RAM,kingston,kingston fury beast rgb 16 gb,2025,57.28,3.58,$/GB
kingston fury beast rgb 16 gb | DDR5 | 5200MHz | 2x8GB,RAM,kingston,kingston fury beast rgb 16 gb,2023,79.98,4.99875,$/GB
kingston fury beast rgb 16 gb | DDR5 | 5200MHz | 2x8GB,RAM,kingston,kingston fury beast rgb 16 gb,2025,68.05,4.253125,$/GB
kingston fury beast rgb 16 gb | DDR5 | 5600MHz | 1x16GB,RAM,kingston,kingston fury beast rgb 16 gb,2023,71.51,4.469375,$/GB
kingston fury beast rgb 16 gb | DDR5 | 5600MHz | 1x16GB,RAM,kingston,kingston fury beast rgb 16 gb,2025,60.78,3.79875,$/GB
kingston fury beast rgb 16 gb | DDR5 | 5600MHz | 2x8GB,RAM,kingston,kingston fury beast rgb 16 gb,2023,91.02,5.68875,$/GB
kingston fury beast rgb 16 gb | DDR5 | 5600MHz | 2x8GB,RAM,kingston,kingston fury beast rgb 16 gb,2025,73.54,4.59625,$/GB
kingston fury beast rgb 16 gb | DDR5 | 6000MHz | 1x16GB,RAM,kingston,kingston fury beast rgb 16 gb,2023,69.99,4.374375,$/GB
kingston fury beast rgb 16 gb | DDR5 | 6000MHz | 1x16GB,RAM,kingston,kingston fury beast rgb 16 gb,2025,79.14,4.94625,$/GB
kingston fury beast rgb 16 gb | DDR5 | 6000MHz | 2x8GB,RAM,kingston,kingston fury beast rgb 16 gb,2023,69.98,4.37375,$/GB
kingston fury beast rgb 16 gb | DDR5 | 6000MHz | 2x8GB,RAM,kingston,kingston fury beast rgb 16 gb,2025,78.98,4.93625,$/GB
kingston fury beast rgb 16 gb | DDR5 | 6400MHz | 1x16GB,RAM,kingston,kingston fury beast rgb 16 gb,2025,84.18,5.26125,$/GB
kingston fury beast rgb 32 gb | DDR4 | 3600MHz | 2x16GB,RAM,kingston,kingston fury beast rgb 32 gb,2023,110.12,3.44125,$/GB
kingston fury beast rgb 32 gb | DDR4 | 3600MHz | 2x16GB,RAM,kingston,kingston fury beast rgb 32 gb,2025,160.05,5.0015625,$/GB
kingston fury beast rgb 32 gb | DDR5 | 4800MHz | 2x16GB,RAM,kingston,kingston fury beast rgb 32 gb,2023,131.47,4.1084375,$/GB
kingston fury beast rgb 32 gb | DDR5 | 5200MHz | 1x32GB,RAM,kingston,kingston fury beast rgb 32 gb,2025,95.65,2.9890625,$/GB
kingston fury beast rgb 32 gb | DDR5 | 5200MHz | 2x16GB,RAM,kingston,kingston fury beast rgb 32 gb,2023,130.17,4.0678125,$/GB
kingston fury beast rgb 32 gb | DDR5 | 5200MHz | 2x16GB,RAM,kingston,kingston fury beast rgb 32 gb,2025,115.91,3.6221875,$/GB
kingston fury beast rgb 32 gb | DDR5 | 5600MHz | 1x32GB,RAM,kingston,kingston fury beast rgb 32 gb,2025,124.46,3.889375,$/GB
kingston fury beast rgb 32 gb | DDR5 | 5600MHz | 2x16GB,RAM,kingston,kingston fury beast rgb 32 gb,2023,132.57,4.1428125,$/GB
kingston fury beast rgb 32 gb | DDR5 | 5600MHz | 2x16GB,RAM,kingston,kingston fury beast rgb 32 gb,2025,118.99,3.7184375,$/GB
kingston fury beast rgb 32 gb | DDR5 | 6000MHz | 1x32GB,RAM,kingston,kingston fury beast rgb 32 gb,2025,134.99,4.2184375,$/GB
kingston fury beast rgb 32 gb | DDR5 | 6000MHz | 2x16GB,RAM,kingston,kingston fury beast rgb 32 gb,2023,134.59,4.2059375,$/GB
kingston fury beast rgb 32 gb | DDR5 | 6000MHz | 2x16GB,RAM,kingston,kingston fury beast rgb 32 gb,2025,140.38,4.386875,$/GB
kingston fury beast rgb 32 gb | DDR5 | 6400MHz | 1x32GB,RAM,kingston,kingston fury beast rgb 32 gb,2025,150.83,4.7134375,$/GB
kingston fury beast rgb 32 gb | DDR5 | 6400MHz | 2x16GB,RAM,kingston,kingston fury beast rgb 32 gb,2025,147.99,4.6246875,$/GB
kingston fury beast rgb 64 gb | DDR4 | 3600MHz | 2x32GB,RAM,kingston,kingston fury beast rgb 64 gb,2025,177.98,2.7809375,$/GB
kingston fury beast rgb 64 gb | DDR5 | 5200MHz | 2x32GB,RAM,kingston,kingston fury beast rgb 64 gb,2023,209.99,3.28109375,$/GB
kingston fury beast rgb 64 gb | DDR5 | 5200MHz | 2x32GB,RAM,kingston,kingston fury beast rgb 64 gb,2025,193.69,3.02640625,$/GB
kingston fury beast rgb 64 gb | DDR5 | 5600MHz | 2x32GB,RAM,kingston,kingston fury beast rgb 64 gb,2023,229.99,3.59359375,$/GB
kingston fury beast rgb 64 gb | DDR5 | 5600MHz | 2x32GB,RAM,kingston,kingston fury beast rgb 64 gb,2025,189.99,2.96859375,$/GB
kingston fury beast rgb 64 gb | DDR5 | 6000MHz | 2x32GB,RAM,kingston,kingston fury beast rgb 64 gb,2023,224.99,3.51546875,$/GB
kingston fury beast rgb 64 gb | DDR5 | 6000MHz | 2x32GB,RAM,kingston,kingston fury beast rgb 64 gb,2025,290.22,4.5346875,$/GB
kingston fury beast rgb 64 gb | DDR5 | 6400MHz | 2x32GB,RAM,kingston,kingston fury beast rgb 64 gb,2025,388.75,6.07421875,$/GB
kingston fury beast rgb 8 gb | DDR5 | 4800MHz | 1x8GB,RAM,kingston,kingston fury beast rgb 8 gb,2023,44.61,5.57625,$/GB
kingston fury beast rgb 8 gb | DDR5 | 5200MHz | 1x8GB,RAM,kingston,kingston fury beast rgb 8 gb,2025,38.99,4.87375,$/GB
kingston fury beast rgb 8 gb | DDR5 | 5600MHz | 1x8GB,RAM,kingston,kingston fury beast rgb 8 gb,2023,48.38,6.0475,$/GB
kingston fury beast rgb 8 gb | DDR5 | 5600MHz | 1x8GB,RAM,kingston,kingston fury beast rgb 8 gb,2025,73.04,9.13,$/GB
kingston fury beast rgb 8 gb | DDR5 | 6000MHz | 1x8GB,RAM,kingston,kingston fury beast rgb 8 gb,2025,46.58,5.8225,$/GB
kingston fury beast rgb special edition 16 gb | DDR4 | 3600MHz | 2x8GB,RAM,kingston,kingston fury beast rgb special edition 16 gb,2025,82.15,5.134375,$/GB
kingston fury beast rgb special edition 32 gb | DDR4 | 3600MHz | 2x16GB,RAM,kingston,kingston fury beast rgb special edition 32 gb,2023,107.99,3.3746875,$/GB
kingston fury beast rgb special edition 8 gb | DDR4 | 3200MHz | 1x8GB,RAM,kingston,kingston fury beast rgb special edition 8 gb,2025,29.99,3.74875,$/GB
kingston fury beast rgb special edition 8 gb | DDR4 | 3600MHz | 1x8GB,RAM,kingston,kingston fury beast rgb special edition 8 gb,2025,39.99,4.99875,$/GB
kingston fury impact 16 gb | DDR4 | 3200MHz | 1x16GB,RAM,kingston,kingston fury impact 16 gb,2025,60.73,3.795625,$/GB
kingston fury impact 16 gb | DDR4 | 3200MHz | 2x8GB,RAM,kingston,kingston fury impact 16 gb,2025,60.0,3.75,$/GB
kingston fury impact 16 gb | DDR5 | 4800MHz | 1x16GB,RAM,kingston,kingston fury impact 16 gb,2025,54.23,3.389375,$/GB
kingston fury impact 16 gb | DDR5 | 4800MHz | 2x8GB,RAM,kingston,kingston fury impact 16 gb,2025,72.73,4.545625,$/GB
kingston fury impact 16 gb | DDR5 | 5600MHz | 1x16GB,RAM,kingston,kingston fury impact 16 gb,2025,54.75,3.421875,$/GB
kingston fury impact 16 gb | DDR5 | 6000MHz | 1x16GB,RAM,kingston,kingston fury impact 16 gb,2025,67.97,4.248125,$/GB
kingston fury impact 16 gb | DDR5 | 6400MHz | 1x16GB,RAM,kingston,kingston fury impact 16 gb,2025,76.98,4.81125,$/GB
kingston fury impact 32 gb | DDR4 | 2666MHz | 1x32GB,RAM,kingston,kingston fury impact 32 gb,2025,202.33,6.3228125,$/GB
kingston fury impact 32 gb | DDR4 | 3200MHz | 1x32GB,RAM,kingston,kingston fury impact 32 gb,2025,70.0,2.1875,$/GB
kingston fury impact 32 gb | DDR4 | 3200MHz | 2x16GB,RAM,kingston,kingston fury impact 32 gb,2025,140.53,4.3915625,$/GB
kingston fury impact 32 gb | DDR5 | 4800MHz | 1x32GB,RAM,kingston,kingston fury impact 32 gb,2025,94.95,2.9671875,$/GB
kingston fury impact 32 gb | DDR5 | 4800MHz | 2x16GB,RAM,kingston,kingston fury impact 32 gb,2025,94.99,2.9684375,$/GB
kingston fury impact 32 gb | DDR5 | 5600MHz | 1x32GB,RAM,kingston,kingston fury impact 32 gb,2025,99.99,3.1246875,$/GB
kingston fury impact 32 gb | DDR5 | 5600MHz | 2x16GB,RAM,kingston,kingston fury impact 32 gb,2025,91.99,2.8746875,$/GB
kingston fury impact 64 gb | DDR4 | 3200MHz | 2x32GB,RAM,kingston,kingston fury impact 64 gb,2025,229.99,3.59359375,$/GB
kingston fury impact 64 gb | DDR5 | 4800MHz | 2x32GB,RAM,kingston,kingston fury impact 64 gb,2025,185.99,2.90609375,$/GB
kingston fury impact 64 gb | DDR5 | 5600MHz | 2x32GB,RAM,kingston,kingston fury impact 64 gb,2025,169.99,2.65609375,$/GB
kingston fury impact 8 gb | DDR4 | 3200MHz | 1x8GB,RAM,kingston,kingston fury impact 8 gb,2025,42.74,5.3425,$/GB
kingston fury impact 8 gb | DDR5 | 4800MHz | 1x8GB,RAM,kingston,kingston fury impact 8 gb,2025,37.99,4.74875,$/GB
kingston fury renegade 128 gb | DDR4 | 3200MHz | 4x32GB,RAM,kingston,kingston fury renegade 128 gb,2025,379.99,2.968671875,$/GB
kingston fury renegade 16 gb | DDR4 | 3600MHz | 2x8GB,RAM,kingston,kingston fury renegade 16 gb,2023,70.98,4.43625,$/GB
kingston fury renegade 16 gb | DDR4 | 4800MHz | 2x8GB,RAM,kingston,kingston fury renegade 16 gb,2025,392.38,24.52375,$/GB
kingston fury renegade 16 gb | DDR5 | 6000MHz | 1x16GB,RAM,kingston,kingston fury renegade 16 gb,2023,81.25,5.078125,$/GB
kingston fury renegade 16 gb | DDR5 | 6000MHz | 1x16GB,RAM,kingston,kingston fury renegade 16 gb,2025,145.05,9.065625,$/GB
kingston fury renegade 16 gb | DDR5 | 6400MHz | 1x16GB,RAM,kingston,kingston fury renegade 16 gb,2025,95.16,5.9475,$/GB
kingston fury renegade 16 gb | DDR5 | 6800MHz | 1x16GB,RAM,kingston,kingston fury renegade 16 gb,2025,77.27,4.829375,$/GB
kingston fury renegade 16 gb | DDR5 | 7200MHz | 1x16GB,RAM,kingston,kingston fury renegade 16 gb,2025,95.12,5.945,$/GB
kingston fury renegade 16 gb | DDR5 | 7600MHz | 1x16GB,RAM,kingston,kingston fury renegade 16 gb,2025,105.98,6.62375,$/GB
kingston fury renegade 16 gb | DDR5 | 8000MHz | 1x16GB,RAM,kingston,kingston fury renegade 16 gb,2025,124.06,7.75375,$/GB
kingston fury renegade 24 gb | DDR5 | 7200MHz | 1x24GB,RAM,kingston,kingston fury renegade 24 gb,2025,129.31,5.3879166666666665,$/GB
kingston fury renegade 32 gb | DDR4 | 3200MHz | 1x32GB,RAM,kingston,kingston fury renegade 32 gb,2025,99.99,3.1246875,$/GB
kingston fury renegade 32 gb | DDR4 | 3600MHz | 2x16GB,RAM,kingston,kingston fury renegade 32 gb,2023,192.07,6.0021875,$/GB
kingston fury renegade 32 gb | DDR4 | 3600MHz | 2x16GB,RAM,kingston,kingston fury renegade 32 gb,2025,154.72,4.835,$/GB
kingston fury renegade 32 gb | DDR5 | 6000MHz | 1x32GB,RAM,kingston,kingston fury renegade 32 gb,2025,226.18,7.068125,$/GB
kingston fury renegade 32 gb | DDR5 | 6000MHz | 2x16GB,RAM,kingston,kingston fury renegade 32 gb,2025,259.98,8.124375,$/GB
kingston fury renegade 32 gb | DDR5 | 6400MHz | 1x32GB,RAM,kingston,kingston fury renegade 32 gb,2023,134.99,4.2184375,$/GB
kingston fury renegade 32 gb | DDR5 | 6400MHz | 1x32GB,RAM,kingston,kingston fury renegade 32 gb,2025,144.71,4.5221875,$/GB
kingston fury renegade 32 gb | DDR5 | 6400MHz | 2x16GB,RAM,kingston,kingston fury renegade 32 gb,2023,139.99,4.3746875,$/GB
kingston fury renegade 32 gb | DDR5 | 6400MHz | 2x16GB,RAM,kingston,kingston fury renegade 32 gb,2025,144.99,4.5309375,$/GB
kingston fury renegade 32 gb | DDR5 | 6800MHz | 2x16GB,RAM,kingston,kingston fury renegade 32 gb,2023,225.9,7.059375,$/GB
kingston fury renegade 32 gb | DDR5 | 6800MHz | 2x16GB,RAM,kingston,kingston fury renegade 32 gb,2025,163.5,5.109375,$/GB
kingston fury renegade 32 gb | DDR5 | 7200MHz | 2x16GB,RAM,kingston,kingston fury renegade 32 gb,2025,190.8,5.9625,$/GB
kingston fury renegade 32 gb | DDR5 | 7600MHz | 2x16GB,RAM,kingston,kingston fury renegade 32 gb,2025,203.72,6.36625,$/GB
kingston fury renegade 32 gb | DDR5 | 8000MHz | 2x16GB,RAM,kingston,kingston fury renegade 32 gb,2023,249.99,7.8121875,$/GB
kingston fury renegade 32 gb | DDR5 | 8000MHz | 2x16GB,RAM,kingston,kingston fury renegade 32 gb,2025,232.96,7.28,$/GB
kingston fury renegade 48 gb | DDR5 | 6000MHz | 1x48GB,RAM,kingston,kingston fury renegade 48 gb,2025,173.99,3.624791666666667,$/GB
kingston fury renegade 48 gb | DDR5 | 6400MHz | 1x48GB,RAM,kingston,kingston fury renegade 48 gb,2023,226.16,4.711666666666667,$/GB
kingston fury renegade 48 gb | DDR5 | 6400MHz | 1x48GB,RAM,kingston,kingston fury renegade 48 gb,2025,216.61,4.512708333333333,$/GB
kingston fury renegade 48 gb | DDR5 | 7200MHz | 2x24GB,RAM,kingston,kingston fury renegade 48 gb,2025,255.27,5.318125,$/GB
kingston fury renegade 64 gb | DDR4 | 3200MHz | 2x32GB,RAM,kingston,kingston fury renegade 64 gb,2025,188.41,2.94390625,$/GB
kingston fury renegade 64 gb | DDR4 | 3600MHz | 2x32GB,RAM,kingston,kingston fury renegade 64 gb,2025,219.99,3.43734375,$/GB
kingston fury renegade 64 gb | DDR5 | 6000MHz | 2x32GB,RAM,kingston,kingston fury renegade 64 gb,2023,239.99,3.74984375,$/GB
kingston fury renegade 64 gb | DDR5 | 6000MHz | 2x32GB,RAM,kingston,kingston fury renegade 64 gb,2025,280.0,4.375,$/GB
kingston fury renegade 64 gb | DDR5 | 6400MHz | 2x32GB,RAM,kingston,kingston fury renegade 64 gb,2023,340.42,5.3190625,$/GB
kingston fury renegade 64 gb | DDR5 | 6400MHz | 2x32GB,RAM,kingston,kingston fury renegade 64 gb,2025,289.76,4.5275,$/GB
kingston fury renegade 8 gb | DDR4 | 3600MHz | 1x8GB,RAM,kingston,kingston fury renegade 8 gb,2025,117.59,14.69875,$/GB
kingston fury renegade 96 gb | DDR5 | 6000MHz | 2x48GB,RAM,kingston,kingston fury renegade 96 gb,2025,289.95,3.0203124999999997,$/GB
kingston fury renegade 96 gb | DDR5 | 6400MHz | 2x48GB,RAM,kingston,kingston fury renegade 96 gb,2025,398.49,4.1509375,$/GB
kingston fury renegade pro 128 gb | DDR5 | 4800MHz | 4x32GB,RAM,kingston,kingston fury renegade pro 128 gb,2025,724.99,5.663984375,$/GB
kingston fury renegade pro 128 gb | DDR5 | 5600MHz | 4x32GB,RAM,kingston,kingston fury renegade pro 128 gb,2023,574.99,4.492109375,$/GB
kingston fury renegade pro 128 gb | DDR5 | 5600MHz | 4x32GB,RAM,kingston,kingston fury renegade pro 128 gb,2025,745.0,5.8203125,$/GB
kingston fury renegade pro 16 gb | DDR5 | 4800MHz | 1x16GB,RAM,kingston,kingston fury renegade pro 16 gb,2025,114.99,7.186875,$/GB
kingston fury renegade pro 16 gb | DDR5 | 5600MHz | 1x16GB,RAM,kingston,kingston fury renegade pro 16 gb,2025,165.3,10.33125,$/GB
kingston fury renegade pro 16 gb | DDR5 | 6000MHz | 1x16GB,RAM,kingston,kingston fury renegade pro 16 gb,2025,122.42,7.65125,$/GB
kingston fury renegade pro 16 gb | DDR5 | 6400MHz | 1x16GB,RAM,kingston,kingston fury renegade pro 16 gb,2023,118.97,7.435625,$/GB
kingston fury renegade pro 16 gb | DDR5 | 6400MHz | 1x16GB,RAM,kingston,kingston fury renegade pro 16 gb,2025,172.48,10.78,$/GB
kingston fury renegade pro 16 gb | DDR5 | 6800MHz | 1x16GB,RAM,kingston,kingston fury renegade pro 16 gb,2025,159.02,9.93875,$/GB
kingston fury renegade pro 32 gb | DDR5 | 4800MHz | 1x32GB,RAM,kingston,kingston fury renegade pro 32 gb,2025,196.8,6.15,$/GB
kingston fury renegade pro 32 gb | DDR5 | 5600MHz | 1x32GB,RAM,kingston,kingston fury renegade pro 32 gb,2025,206.72,6.46,$/GB
kingston fury renegade pro 32 gb | DDR5 | 6000MHz | 1x32GB,RAM,kingston,kingston fury renegade pro 32 gb,2025,213.82,6.681875,$/GB
kingston fury renegade pro 32 gb | DDR5 | 6400MHz | 1x32GB,RAM,kingston,kingston fury renegade pro 32 gb,2025,235.83,7.3696875,$/GB
kingston fury renegade pro 32 gb | DDR5 | 6800MHz | 1x32GB,RAM,kingston,kingston fury renegade pro 32 gb,2025,284.72,8.8975,$/GB
kingston fury renegade pro 64 gb | DDR5 | 4800MHz | 4x16GB,RAM,kingston,kingston fury renegade pro 64 gb,2025,435.0,6.796875,$/GB
kingston fury renegade pro 64 gb | DDR5 | 5600MHz | 4x16GB,RAM,kingston,kingston fury renegade pro 64 gb,2025,424.48,6.6325,$/GB
kingston fury renegade pro 64 gb | DDR5 | 6000MHz | 4x16GB,RAM,kingston,kingston fury renegade pro 64 gb,2025,498.62,7.7909375,$/GB
kingston fury renegade pro 64 gb | DDR5 | 6400MHz | 4x16GB,RAM,kingston,kingston fury renegade pro 64 gb,2025,567.0,8.859375,$/GB
kingston fury renegade pro 64 gb | DDR5 | 6800MHz | 4x16GB,RAM,kingston,kingston fury renegade pro 64 gb,2025,699.0,10.921875,$/GB
kingston fury renegade rgb 128 gb | DDR4 | 3600MHz | 4x32GB,RAM,kingston,kingston fury renegade rgb 128 gb,2023,454.87,3.553671875,$/GB
kingston fury renegade rgb 16 gb | DDR4 | 3200MHz | 2x8GB,RAM,kingston,kingston fury renegade rgb 16 gb,2025,99.99,6.249375,$/GB
kingston fury renegade rgb 16 gb | DDR4 | 3600MHz | 2x8GB,RAM,kingston,kingston fury renegade rgb 16 gb,2023,62.99,3.936875,$/GB
kingston fury renegade rgb 16 gb | DDR4 | 3600MHz | 2x8GB,RAM,kingston,kingston fury renegade rgb 16 gb,2025,120.0,7.5,$/GB
kingston fury renegade rgb 16 gb | DDR5 | 6400MHz | 1x16GB,RAM,kingston,kingston fury renegade rgb 16 gb,2025,100.27,6.266875,$/GB
kingston fury renegade rgb 16 gb | DDR5 | 6800MHz | 1x16GB,RAM,kingston,kingston fury renegade rgb 16 gb,2025,89.99,5.624375,$/GB
kingston fury renegade rgb 16 gb | DDR5 | 7200MHz | 1x16GB,RAM,kingston,kingston fury renegade rgb 16 gb,2025,109.0,6.8125,$/GB
kingston fury renegade rgb 16 gb | DDR5 | 7600MHz | 1x16GB,RAM,kingston,kingston fury renegade rgb 16 gb,2025,111.76,6.985,$/GB
kingston fury renegade rgb 16 gb | DDR5 | 8000MHz | 1x16GB,RAM,kingston,kingston fury renegade rgb 16 gb,2025,125.99,7.874375,$/GB
kingston fury renegade rgb 24 gb | DDR5 | 6400MHz | 1x24GB,RAM,kingston,kingston fury renegade rgb 24 gb,2025,128.76,5.364999999999999,$/GB
kingston fury renegade rgb 24 gb | DDR5 | 7200MHz | 1x24GB,RAM,kingston,kingston fury renegade rgb 24 gb,2025,210.88,8.786666666666667,$/GB
kingston fury renegade rgb 32 gb | DDR4 | 3200MHz | 1x32GB,RAM,kingston,kingston fury renegade rgb 32 gb,2025,108.99,3.4059375,$/GB
kingston fury renegade rgb 32 gb | DDR4 | 3600MHz | 1x32GB,RAM,kingston,kingston fury renegade rgb 32 gb,2025,115.93,3.6228125,$/GB
kingston fury renegade rgb 32 gb | DDR4 | 3600MHz | 2x16GB,RAM,kingston,kingston fury renegade rgb 32 gb,2023,135.75,4.2421875,$/GB
kingston fury renegade rgb 32 gb | DDR5 | 6000MHz | 1x32GB,RAM,kingston,kingston fury renegade rgb 32 gb,2025,204.98,6.405625,$/GB
kingston fury renegade rgb 32 gb | DDR5 | 6000MHz | 2x16GB,RAM,kingston,kingston fury renegade rgb 32 gb,2025,156.99,4.9059375,$/GB
kingston fury renegade rgb 32 gb | DDR5 | 6400MHz | 1x32GB,RAM,kingston,kingston fury renegade rgb 32 gb,2025,151.76,4.7425,$/GB
kingston fury renegade rgb 32 gb | DDR5 | 6400MHz | 2x16GB,RAM,kingston,kingston fury renegade rgb 32 gb,2023,145.99,4.5621875,$/GB
kingston fury renegade rgb 32 gb | DDR5 | 6400MHz | 2x16GB,RAM,kingston,kingston fury renegade rgb 32 gb,2025,169.0,5.28125,$/GB
kingston fury renegade rgb 32 gb | DDR5 | 6800MHz | 2x16GB,RAM,kingston,kingston fury renegade rgb 32 gb,2023,184.99,5.7809375,$/GB
kingston fury renegade rgb 32 gb | DDR5 | 6800MHz | 2x16GB,RAM,kingston,kingston fury renegade rgb 32 gb,2025,167.0,5.21875,$/GB
kingston fury renegade rgb 32 gb | DDR5 | 7200MHz | 2x16GB,RAM,kingston,kingston fury renegade rgb 32 gb,2023,227.25,7.1015625,$/GB
kingston fury renegade rgb 32 gb | DDR5 | 7200MHz | 2x16GB,RAM,kingston,kingston fury renegade rgb 32 gb,2025,202.32,6.3225,$/GB
kingston fury renegade rgb 32 gb | DDR5 | 7600MHz | 2x16GB,RAM,kingston,kingston fury renegade rgb 32 gb,2025,213.24,6.66375,$/GB
kingston fury renegade rgb 32 gb | DDR5 | 8000MHz | 2x16GB,RAM,kingston,kingston fury renegade rgb 32 gb,2023,267.98,8.374375,$/GB
kingston fury renegade rgb 32 gb | DDR5 | 8000MHz | 2x16GB,RAM,kingston,kingston fury renegade rgb 32 gb,2025,236.39,7.3871875,$/GB
kingston fury renegade rgb 48 gb | DDR5 | 6000MHz | 1x48GB,RAM,kingston,kingston fury renegade rgb 48 gb,2025,182.32,3.7983333333333333,$/GB
kingston fury renegade rgb 48 gb | DDR5 | 6400MHz | 1x48GB,RAM,kingston,kingston fury renegade rgb 48 gb,2025,214.18,4.462083333333333,$/GB
kingston fury renegade rgb 48 gb | DDR5 | 6400MHz | 2x24GB,RAM,kingston,kingston fury renegade rgb 48 gb,2025,339.58,7.074583333333333,$/GB
kingston fury renegade rgb 48 gb | DDR5 | 7200MHz | 2x24GB,RAM,kingston,kingston fury renegade rgb 48 gb,2025,386.61,8.054375,$/GB
kingston fury renegade rgb 64 gb | DDR4 | 3600MHz | 4x16GB,RAM,kingston,kingston fury renegade rgb 64 gb,2025,492.0,7.6875,$/GB
kingston fury renegade rgb 64 gb | DDR5 | 6400MHz | 2x32GB,RAM,kingston,kingston fury renegade rgb 64 gb,2023,249.99,3.90609375,$/GB
kingston fury renegade rgb 64 gb | DDR5 | 6400MHz | 2x32GB,RAM,kingston,kingston fury renegade rgb 64 gb,2025,276.48,4.32,$/GB
kingston fury renegade rgb 8 gb | DDR4 | 3600MHz | 1x8GB,RAM,kingston,kingston fury renegade rgb 8 gb,2025,62.99,7.87375,$/GB
kingston fury renegade rgb 96 gb | DDR5 | 6000MHz | 2x48GB,RAM,kingston,kingston fury renegade rgb 96 gb,2025,319.99,3.333229166666667,$/GB
kingston fury renegade rgb 96 gb | DDR5 | 6400MHz | 2x48GB,RAM,kingston,kingston fury renegade rgb 96 gb,2023,389.99,4.062395833333333,$/GB
kingston fury renegade rgb 96 gb | DDR5 | 6400MHz | 2x48GB,RAM,kingston,kingston fury renegade rgb 96 gb,2025,369.99,3.8540625,$/GB
kingston hyperx 16 gb | DDR3 | 1600MHz | 4x4GB,RAM,kingston,kingston hyperx 16 gb,2025,276.89,17.305625,$/GB
kingston hyperx 8 gb | DDR3 | 1600MHz | 2x4GB,RAM,kingston,kingston hyperx 8 gb,2025,124.52,15.565,$/GB
kingston hyperx fury 4 gb | DDR4 | 2666MHz | 1x4GB,RAM,kingston,kingston hyperx fury 4 gb,2023,37.99,9.4975,$/GB
kingston hyperx fury 64 gb | DDR4 | 3466MHz | 2x32GB,RAM,kingston,kingston hyperx fury 64 gb,2025,449.0,7.015625,$/GB
kingston hyperx fury 64 gb | DDR4 | 3600MHz | 2x32GB,RAM,kingston,kingston hyperx fury 64 gb,2025,399.0,6.234375,$/GB
kingston hyperx fury 8 gb | DDR3 | 1600MHz | 1x8GB,RAM,kingston,kingston hyperx fury 8 gb,2023,33.0,4.125,$/GB
kingston hyperx fury rgb 32 gb | DDR4 | 3200MHz | 4x8GB,RAM,kingston,kingston hyperx fury rgb 32 gb,2023,219.63,6.8634375,$/GB
kingston hyperx savage 16 gb | DDR4 | 2133MHz | 4x4GB,RAM,kingston,kingston hyperx savage 16 gb,2025,31.64,1.9775,$/GB
kingston hyperx savage 8 gb | DDR4 | 2133MHz | 2x4GB,RAM,kingston,kingston hyperx savage 8 gb,2025,67.61,8.45125,$/GB
kingston impact 16 gb | DDR4 | 2133MHz | 2x8GB,RAM,kingston,kingston impact 16 gb,2025,147.06,9.19125,$/GB
kingston impact 32 gb | DDR4 | 2400MHz | 4x8GB,RAM,kingston,kingston impact 32 gb,2025,199.99,6.2496875,$/GB
kingston kcp313ns8 4 4 gb | DDR3 | 1333MHz | 1x4GB,RAM,kingston,kingston kcp313ns8 4 4 gb,2025,29.67,7.4175,$/GB
kingston kcp316nd8 8 8 gb | DDR3 | 1600MHz | 1x8GB,RAM,kingston,kingston kcp316nd8 8 8 gb,2025,19.98,2.4975,$/GB
kingston kcp316ns8 4 4 gb | DDR3 | 1600MHz | 1x4GB,RAM,kingston,kingston kcp316ns8 4 4 gb,2025,25.16,6.29,$/GB
kingston kcp316sd8 8 8 gb | DDR3 | 1600MHz | 1x8GB,RAM,kingston,kingston kcp316sd8 8 8 gb,2025,19.0,2.375,$/GB
kingston kcp421nd8 16 16 gb | DDR4 | 2133MHz | 1x16GB,RAM,kingston,kingston kcp421nd8 16 16 gb,2025,47.64,2.9775,$/GB
kingston kcp421ns8 4 4 gb | DDR4 | 2133MHz | 1x4GB,RAM,kingston,kingston kcp421ns8 4 4 gb,2025,32.99,8.2475,$/GB
kingston kcp421ns8 8 8 gb | DDR4 | 2133MHz | 1x8GB,RAM,kingston,kingston kcp421ns8 8 8 gb,2025,39.85,4.98125,$/GB
kingston kcp421ss8 8 8 gb | DDR4 | 2133MHz | 1x8GB,RAM,kingston,kingston kcp421ss8 8 8 gb,2025,27.15,3.39375,$/GB
kingston kcp424ns6 4 4 gb | DDR4 | 2400MHz | 1x4GB,RAM,kingston,kingston kcp424ns6 4 4 gb,2025,9.99,2.4975,$/GB
kingston kcp424sd8 16 16 gb | DDR4 | 2400MHz | 1x16GB,RAM,kingston,kingston kcp424sd8 16 16 gb,2025,41.99,2.624375,$/GB
kingston kcp424ss6 4 4 gb | DDR4 | 2400MHz | 1x4GB,RAM,kingston,kingston kcp424ss6 4 4 gb,2025,5.0,1.25,$/GB
kingston kcp424ss8 8 8 gb | DDR4 | 2400MHz | 1x8GB,RAM,kingston,kingston kcp424ss8 8 8 gb,2025,27.0,3.375,$/GB
kingston kcp426ns6 4 4 gb | DDR4 | 2666MHz | 1x4GB,RAM,kingston,kingston kcp426ns6 4 4 gb,2025,21.23,5.3075,$/GB
kingston kcp426ns8 8 8 gb | DDR4 | 2666MHz | 1x8GB,RAM,kingston,kingston kcp426ns8 8 8 gb,2025,28.49,3.56125,$/GB
kingston kcp426ss6 4 4 gb | DDR4 | 2666MHz | 1x4GB,RAM,kingston,kingston kcp426ss6 4 4 gb,2025,35.49,8.8725,$/GB
kingston kcp426ss8 8 8 gb | DDR4 | 2666MHz | 1x8GB,RAM,kingston,kingston kcp426ss8 8 8 gb,2025,26.5,3.3125,$/GB
kingston kcs-uc426 16g 16 gb | DDR4 | 2666MHz | 1x16GB,RAM,kingston,kingston kcs-uc426 16g 16 gb,2025,83.99,5.249375,$/GB
kingston khx1600c9d3lk2 8gx 8 gb | DDR3 | 1600MHz | 2x4GB,RAM,kingston,kingston khx1600c9d3lk2 8gx 8 gb,2025,49.99,6.24875,$/GB
kingston khx5300s2llk2 2g 2 gb | DDR2 | 667MHz | 2x1GB,RAM,kingston,kingston khx5300s2llk2 2g 2 gb,2025,44.99,22.495,$/GB
kingston ksm24ed8 16me 16 gb | DDR4 | 2400MHz | 1x16GB,RAM,kingston,kingston ksm24ed8 16me 16 gb,2025,79.0,4.9375,$/GB
kingston ksm24rs4 16hai 16 gb | DDR4 | 2400MHz | 1x16GB,RAM,kingston,kingston ksm24rs4 16hai 16 gb,2025,68.98,4.31125,$/GB
kingston ksm24rs8 8mei 8 gb | DDR4 | 2400MHz | 1x8GB,RAM,kingston,kingston ksm24rs8 8mei 8 gb,2025,48.23,6.02875,$/GB
kingston ksm26ed8 32me 32 gb | DDR4 | 2666MHz | 1x32GB,RAM,kingston,kingston ksm26ed8 32me 32 gb,2025,148.88,4.6525,$/GB
kingston ksm26rs8 16mei 16 gb | DDR4 | 2666MHz | 1x16GB,RAM,kingston,kingston ksm26rs8 16mei 16 gb,2025,238.0,14.875,$/GB
kingston ksm26rs8 8mei 8 gb | DDR4 | 2666MHz | 1x8GB,RAM,kingston,kingston ksm26rs8 8mei 8 gb,2025,34.15,4.26875,$/GB
kingston ksm48e40bd8km-32hm 32 gb | DDR5 | 4800MHz | 1x32GB,RAM,kingston,kingston ksm48e40bd8km-32hm 32 gb,2023,124.99,3.9059375,$/GB
kingston ksm48e40bd8km-32hm 32 gb | DDR5 | 4800MHz | 1x32GB,RAM,kingston,kingston ksm48e40bd8km-32hm 32 gb,2025,249.99,7.8121875,$/GB
kingston ksm48r40bd4tmm-64hmr 64 gb | DDR5 | 4800MHz | 1x64GB,RAM,kingston,kingston ksm48r40bd4tmm-64hmr 64 gb,2025,379.99,5.93734375,$/GB
kingston ksm48r40bd8kmm-32hmr 32 gb | DDR5 | 4800MHz | 1x32GB,RAM,kingston,kingston ksm48r40bd8kmm-32hmr 32 gb,2025,200.09,6.2528125,$/GB
kingston ksm48r40bs4tmm-32hmr 32 gb | DDR5 | 4800MHz | 1x32GB,RAM,kingston,kingston ksm48r40bs4tmm-32hmr 32 gb,2025,122.86,3.839375,$/GB
kingston ksm48r40bs8kmm-16hmr 32 gb | DDR5 | 4800MHz | 1x32GB,RAM,kingston,kingston ksm48r40bs8kmm-16hmr 32 gb,2023,78.99,2.4684375,$/GB
kingston ktd-l3cl 4g 4 gb | DDR3 | 1600MHz | 1x4GB,RAM,kingston,kingston ktd-l3cl 4g 4 gb,2025,33.75,8.4375,$/GB
kingston ktd-pe316llq 32g 32 gb | DDR3 | 1600MHz | 1x32GB,RAM,kingston,kingston ktd-pe316llq 32g 32 gb,2025,250.85,7.8390625,$/GB
kingston ktd-pe421 16g 16 gb | DDR4 | 2133MHz | 1x16GB,RAM,kingston,kingston ktd-pe421 16g 16 gb,2025,43.99,2.749375,$/GB
kingston ktd-pe421 8g 8 gb | DDR4 | 2133MHz | 1x8GB,RAM,kingston,kingston ktd-pe421 8g 8 gb,2025,19.89,2.48625,$/GB
kingston ktd-pe426 32g 32 gb | DDR4 | 2666MHz | 1x32GB,RAM,kingston,kingston ktd-pe426 32g 32 gb,2025,151.81,4.7440625,$/GB
kingston ktd-pe426d8 16g 16 gb | DDR4 | 2666MHz | 1x16GB,RAM,kingston,kingston ktd-pe426d8 16g 16 gb,2025,91.5,5.71875,$/GB
kingston ktd-pe426e 8g 8 gb | DDR4 | 2666MHz | 1x8GB,RAM,kingston,kingston ktd-pe426e 8g 8 gb,2025,48.99,6.12375,$/GB
kingston ktd-pe426s8 8g 8 gb | DDR4 | 2666MHz | 1x8GB,RAM,kingston,kingston ktd-pe426s8 8g 8 gb,2025,58.85,7.35625,$/GB
kingston kth-pl316s8 4g 4 gb | DDR3 | 1600MHz | 1x4GB,RAM,kingston,kingston kth-pl316s8 4g 4 gb,2025,23.99,5.9975,$/GB
kingston kth-pl421 16g 16 gb | DDR4 | 2133MHz | 1x16GB,RAM,kingston,kingston kth-pl421 16g 16 gb,2025,34.97,2.185625,$/GB
kingston kth-pl421 8g 8 gb | DDR4 | 2133MHz | 1x8GB,RAM,kingston,kingston kth-pl421 8g 8 gb,2025,24.52,3.065,$/GB
kingston kth-pl426 16g 16 gb | DDR4 | 2666MHz | 1x16GB,RAM,kingston,kingston kth-pl426 16g 16 gb,2025,103.5,6.46875,$/GB
kingston kth-pl426 32g 32 gb | DDR4 | 2666MHz | 1x32GB,RAM,kingston,kingston kth-pl426 32g 32 gb,2025,74.83,2.3384375,$/GB
kingston kth-pl426d8 16g 16 gb | DDR4 | 2666MHz | 1x16GB,RAM,kingston,kingston kth-pl426d8 16g 16 gb,2025,41.42,2.58875,$/GB
kingston kth-pl426lq 64g 64 gb | DDR4 | 2666MHz | 1x64GB,RAM,kingston,kingston kth-pl426lq 64g 64 gb,2023,632.0,9.875,$/GB
kingston kth-pl426s8 8g 8 gb | DDR4 | 2666MHz | 1x8GB,RAM,kingston,kingston kth-pl426s8 8g 8 gb,2025,54.99,6.87375,$/GB
kingston kth-x3cl 4g 4 gb | DDR3 | 1600MHz | 1x4GB,RAM,kingston,kingston kth-x3cl 4g 4 gb,2025,39.99,9.9975,$/GB
kingston ktl-tp3cl 4g 4 gb | DDR3 | 1600MHz | 1x4GB,RAM,kingston,kingston ktl-tp3cl 4g 4 gb,2025,30.0,7.5,$/GB
kingston ktl-tp3cl 8g 8 gb | DDR3 | 1600MHz | 1x8GB,RAM,kingston,kingston ktl-tp3cl 8g 8 gb,2025,34.95,4.36875,$/GB
kingston ktl-ts421 16g 16 gb | DDR4 | 2133MHz | 1x16GB,RAM,kingston,kingston ktl-ts421 16g 16 gb,2025,149.9,9.36875,$/GB
kingston ktl-ts421 8g 8 gb | DDR4 | 2133MHz | 1x8GB,RAM,kingston,kingston ktl-ts421 8g 8 gb,2025,28.99,3.62375,$/GB
kingston ktm-sx316s 8g 8 gb | DDR3 | 1600MHz | 1x8GB,RAM,kingston,kingston ktm-sx316s 8g 8 gb,2025,54.37,6.79625,$/GB
kingston kvr1066d3s8e7s 2g 2 gb | DDR3 | 1066MHz | 1x2GB,RAM,kingston,kingston kvr1066d3s8e7s 2g 2 gb,2025,19.98,9.99,$/GB
kingston kvr1333d3 2gr 2 gb | DDR3 | 1333MHz | 1x2GB,RAM,kingston,kingston kvr1333d3 2gr 2 gb,2025,22.1,11.05,$/GB
kingston kvr1333d3d4r9s 4ged 4 gb | DDR3 | 1333MHz | 1x4GB,RAM,kingston,kingston kvr1333d3d4r9s 4ged 4 gb,2025,29.08,7.27,$/GB
kingston kvr1333d3d4r9s 8g 8 gb | DDR3 | 1333MHz | 1x8GB,RAM,kingston,kingston kvr1333d3d4r9s 8g 8 gb,2025,39.9,4.9875,$/GB
kingston kvr1333d3d4r9sk2 16g 16 gb | DDR3 | 1333MHz | 2x8GB,RAM,kingston,kingston kvr1333d3d4r9sk2 16g 16 gb,2025,74.5,4.65625,$/GB
kingston kvr1333d3d4r9sk3 24g 24 gb | DDR3 | 1333MHz | 3x8GB,RAM,kingston,kingston kvr1333d3d4r9sk3 24g 24 gb,2025,124.99,5.207916666666667,$/GB
kingston kvr1333d3e9s 4g 4 gb | DDR3 | 1333MHz | 1x4GB,RAM,kingston,kingston kvr1333d3e9s 4g 4 gb,2025,18.8,4.7,$/GB
kingston kvr1333d3e9s 8g 8 gb | DDR3 | 1333MHz | 1x8GB,RAM,kingston,kingston kvr1333d3e9s 8g 8 gb,2025,39.07,4.88375,$/GB
kingston kvr1333d3e9sk2 16g 16 gb | DDR3 | 1333MHz | 2x8GB,RAM,kingston,kingston kvr1333d3e9sk2 16g 16 gb,2025,125.0,7.8125,$/GB
kingston kvr1333d3e9sk2 8g 8 gb | DDR3 | 1333MHz | 2x4GB,RAM,kingston,kingston kvr1333d3e9sk2 8g 8 gb,2025,29.37,3.67125,$/GB
kingston kvr1333d3e9sk3 24g 24 gb | DDR3 | 1333MHz | 3x8GB,RAM,kingston,kingston kvr1333d3e9sk3 24g 24 gb,2025,104.99,4.374583333333333,$/GB
kingston kvr1333d3k2 2gr 2 gb | DDR3 | 1333MHz | 2x1GB,RAM,kingston,kingston kvr1333d3k2 2gr 2 gb,2025,29.61,14.805,$/GB
kingston kvr1333d3n9 4g 4 gb | DDR3 | 1333MHz | 1x4GB,RAM,kingston,kingston kvr1333d3n9 4g 4 gb,2025,21.22,5.305,$/GB
kingston kvr1333d3n9hk2 8g 8 gb | DDR3 | 1333MHz | 2x4GB,RAM,kingston,kingston kvr1333d3n9hk2 8g 8 gb,2023,49.99,6.24875,$/GB
kingston kvr1333d3n9hk2 8g 8 gb | DDR3 | 1333MHz | 2x4GB,RAM,kingston,kingston kvr1333d3n9hk2 8g 8 gb,2025,49.99,6.24875,$/GB
kingston kvr1333d3n9k2 8g 8 gb | DDR3 | 1333MHz | 2x4GB,RAM,kingston,kingston kvr1333d3n9k2 8g 8 gb,2025,49.5,6.1875,$/GB
kingston kvr1333d3n9k3 12g 12 gb | DDR3 | 1333MHz | 3x4GB,RAM,kingston,kingston kvr1333d3n9k3 12g 12 gb,2025,89.99,7.4991666666666665,$/GB
kingston kvr1333d3n9k4 32g 32 gb | DDR3 | 1333MHz | 4x8GB,RAM,kingston,kingston kvr1333d3n9k4 32g 32 gb,2025,147.1,4.596875,$/GB
kingston kvr1333d3q8r9s 8g 8 gb | DDR3 | 1333MHz | 1x8GB,RAM,kingston,kingston kvr1333d3q8r9s 8g 8 gb,2025,28.95,3.61875,$/GB
kingston kvr1333d3s8n9 2g 2 gb | DDR3 | 1333MHz | 1x2GB,RAM,kingston,kingston kvr1333d3s8n9 2g 2 gb,2025,24.42,12.21,$/GB
kingston kvr1333d3s8n9hk3 6g 6 gb | DDR3 | 1333MHz | 3x2GB,RAM,kingston,kingston kvr1333d3s8n9hk3 6g 6 gb,2025,59.99,9.998333333333333,$/GB
kingston kvr1333d3s8r9s 2g 2 gb | DDR3 | 1333MHz | 1x2GB,RAM,kingston,kingston kvr1333d3s8r9s 2g 2 gb,2025,11.99,5.995,$/GB
kingston kvr1333d3s9 4g 4 gb | DDR3 | 1333MHz | 1x4GB,RAM,kingston,kingston kvr1333d3s9 4g 4 gb,2025,24.98,6.245,$/GB
kingston kvr13e9 2i 2 gb | DDR3 | 1333MHz | 1x2GB,RAM,kingston,kingston kvr13e9 2i 2 gb,2025,43.61,21.805,$/GB
kingston kvr13e9 4i 4 gb | DDR3 | 1333MHz | 1x4GB,RAM,kingston,kingston kvr13e9 4i 4 gb,2025,28.99,7.2475,$/GB
kingston kvr13e9 8i 8 gb | DDR3 | 1333MHz | 1x8GB,RAM,kingston,kingston kvr13e9 8i 8 gb,2025,60.97,7.62125,$/GB
kingston kvr13le9s8 4ef 4 gb | DDR3 | 1333MHz | 1x4GB,RAM,kingston,kingston kvr13le9s8 4ef 4 gb,2025,28.99,7.2475,$/GB
kingston kvr13lr9d4 16 16 gb | DDR3 | 1333MHz | 1x16GB,RAM,kingston,kingston kvr13lr9d4 16 16 gb,2025,39.99,2.499375,$/GB
kingston kvr13lr9d4 16ha 16 gb | DDR3 | 1333MHz | 1x16GB,RAM,kingston,kingston kvr13lr9d4 16ha 16 gb,2025,48.99,3.061875,$/GB
kingston kvr13lr9d4 16i 16 gb | DDR3 | 1333MHz | 1x16GB,RAM,kingston,kingston kvr13lr9d4 16i 16 gb,2025,43.83,2.739375,$/GB
kingston kvr13lr9d4k4 64 64 gb | DDR3 | 1333MHz | 4x16GB,RAM,kingston,kingston kvr13lr9d4k4 64 64 gb,2025,297.75,4.65234375,$/GB
kingston kvr13lr9s4 8 8 gb | DDR3 | 1333MHz | 1x8GB,RAM,kingston,kingston kvr13lr9s4 8 8 gb,2025,24.99,3.12375,$/GB
kingston kvr13lr9s4 8ha 8 gb | DDR3 | 1333MHz | 1x8GB,RAM,kingston,kingston kvr13lr9s4 8ha 8 gb,2025,28.99,3.62375,$/GB
kingston kvr13lse9 8 8 gb | DDR3 | 1333MHz | 1x8GB,RAM,kingston,kingston kvr13lse9 8 8 gb,2025,120.0,15.0,$/GB
kingston kvr13n9k2 16 16 gb | DDR3 | 1333MHz | 2x8GB,RAM,kingston,kingston kvr13n9k2 16 16 gb,2025,99.5,6.21875,$/GB
kingston kvr13n9k3 24 24 gb | DDR3 | 1333MHz | 3x8GB,RAM,kingston,kingston kvr13n9k3 24 24 gb,2025,99.99,4.16625,$/GB
kingston kvr13n9s6 2 2 gb | DDR3 | 1333MHz | 1x2GB,RAM,kingston,kingston kvr13n9s6 2 2 gb,2023,19.97,9.985,$/GB
kingston kvr13n9s6 2 2 gb | DDR3 | 1333MHz | 1x2GB,RAM,kingston,kingston kvr13n9s6 2 2 gb,2025,19.98,9.99,$/GB
kingston kvr13n9s8 4 4 gb | DDR3 | 1333MHz | 1x4GB,RAM,kingston,kingston kvr13n9s8 4 4 gb,2025,15.52,3.88,$/GB
kingston kvr13n9s8h 4 4 gb | DDR3 | 1333MHz | 1x4GB,RAM,kingston,kingston kvr13n9s8h 4 4 gb,2025,32.77,8.1925,$/GB
kingston kvr13n9s8hk2 8 8 gb | DDR3 | 1333MHz | 2x4GB,RAM,kingston,kingston kvr13n9s8hk2 8 8 gb,2025,54.16,6.77,$/GB
kingston kvr13n9s8k2 8 8 gb | DDR3 | 1333MHz | 2x4GB,RAM,kingston,kingston kvr13n9s8k2 8 8 gb,2025,49.99,6.24875,$/GB
kingston kvr13r9d4 16 16 gb | DDR3 | 1333MHz | 1x16GB,RAM,kingston,kingston kvr13r9d4 16 16 gb,2025,32.93,2.058125,$/GB
kingston kvr13r9d4 16i 16 gb | DDR3 | 1333MHz | 1x16GB,RAM,kingston,kingston kvr13r9d4 16i 16 gb,2025,44.99,2.811875,$/GB
kingston kvr13r9d4 8i 8 gb | DDR3 | 1333MHz | 1x8GB,RAM,kingston,kingston kvr13r9d4 8i 8 gb,2025,44.6,5.575,$/GB
kingston kvr13r9d4k3 48 48 gb | DDR3 | 1333MHz | 3x16GB,RAM,kingston,kingston kvr13r9d4k3 48 48 gb,2025,98.99,2.0622916666666664,$/GB
kingston kvr13r9d4k3 48i 48 gb | DDR3 | 1333MHz | 3x16GB,RAM,kingston,kingston kvr13r9d4k3 48i 48 gb,2025,98.99,2.0622916666666664,$/GB
kingston kvr13r9d8 8 8 gb | DDR3 | 1333MHz | 1x8GB,RAM,kingston,kingston kvr13r9d8 8 8 gb,2025,59.81,7.47625,$/GB
kingston kvr13r9s4 4i 4 gb | DDR3 | 1333MHz | 1x4GB,RAM,kingston,kingston kvr13r9s4 4i 4 gb,2025,15.33,3.8325,$/GB
kingston kvr13s9s8 4 4 gb | DDR3 | 1333MHz | 1x4GB,RAM,kingston,kingston kvr13s9s8 4 4 gb,2025,19.66,4.915,$/GB
kingston kvr13s9s8k2 8 8 gb | DDR3 | 1333MHz | 1x8GB,RAM,kingston,kingston kvr13s9s8k2 8 8 gb,2025,42.0,5.25,$/GB
kingston kvr16e11 4 4 gb | DDR3 | 1600MHz | 1x4GB,RAM,kingston,kingston kvr16e11 4 4 gb,2025,29.93,7.4825,$/GB
kingston kvr16e11 8 8 gb | DDR3 | 1600MHz | 1x8GB,RAM,kingston,kingston kvr16e11 8 8 gb,2025,31.34,3.9175,$/GB
kingston kvr16e11 8i 8 gb | DDR3 | 1600MHz | 1x8GB,RAM,kingston,kingston kvr16e11 8i 8 gb,2025,45.0,5.625,$/GB
kingston kvr16e11k4 32 32 gb | DDR3 | 1600MHz | 4x8GB,RAM,kingston,kingston kvr16e11k4 32 32 gb,2025,123.78,3.868125,$/GB
kingston kvr16e11s8 4 4 gb | DDR3 | 1600MHz | 1x4GB,RAM,kingston,kingston kvr16e11s8 4 4 gb,2025,28.91,7.2275,$/GB
kingston kvr16le11 8i 8 gb | DDR3 | 1600MHz | 1x8GB,RAM,kingston,kingston kvr16le11 8i 8 gb,2025,38.99,4.87375,$/GB
kingston kvr16le11l 8 8 gb | DDR3 | 1600MHz | 1x8GB,RAM,kingston,kingston kvr16le11l 8 8 gb,2025,58.88,7.36,$/GB
kingston kvr16le11s8 4 4 gb | DDR3 | 1600MHz | 1x4GB,RAM,kingston,kingston kvr16le11s8 4 4 gb,2025,45.43,11.3575,$/GB
kingston kvr16le11s8 4kf 4 gb | DDR3 | 1600MHz | 1x4GB,RAM,kingston,kingston kvr16le11s8 4kf 4 gb,2023,32.58,8.145,$/GB
kingston kvr16le11s8 4kf 4 gb | DDR3 | 1600MHz | 1x4GB,RAM,kingston,kingston kvr16le11s8 4kf 4 gb,2025,32.58,8.145,$/GB
kingston kvr16ln11k2 8 8 gb | DDR3 | 1600MHz | 2x4GB,RAM,kingston,kingston kvr16ln11k2 8 8 gb,2025,62.36,7.795,$/GB
kingston kvr16lr11d4 16 16 gb | DDR3 | 1600MHz | 1x16GB,RAM,kingston,kingston kvr16lr11d4 16 16 gb,2025,22.55,1.409375,$/GB
kingston kvr16lr11d4 16ha 16 gb | DDR3 | 1600MHz | 1x16GB,RAM,kingston,kingston kvr16lr11d4 16ha 16 gb,2025,28.99,1.811875,$/GB
kingston kvr16lr11d4k4 64 64 gb | DDR3 | 1600MHz | 4x16GB,RAM,kingston,kingston kvr16lr11d4k4 64 64 gb,2025,399.0,6.234375,$/GB
kingston kvr16lr11d8k4 32i 32 gb | DDR3 | 1600MHz | 4x8GB,RAM,kingston,kingston kvr16lr11d8k4 32i 32 gb,2025,199.99,6.2496875,$/GB
kingston kvr16lr11s8 4 4 gb | DDR3 | 1600MHz | 1x4GB,RAM,kingston,kingston kvr16lr11s8 4 4 gb,2025,56.38,14.095,$/GB
kingston kvr16lr11s8 4hb 4 gb | DDR3 | 1600MHz | 1x4GB,RAM,kingston,kingston kvr16lr11s8 4hb 4 gb,2025,51.88,12.97,$/GB
kingston kvr16ls11 4 4 gb | DDR3 | 1600MHz | 1x4GB,RAM,kingston,kingston kvr16ls11 4 4 gb,2025,20.98,5.245,$/GB
kingston kvr16ls11 8 8 gb | DDR3 | 1600MHz | 1x8GB,RAM,kingston,kingston kvr16ls11 8 8 gb,2025,23.63,2.95375,$/GB
kingston kvr16lse11 8 8 gb | DDR3 | 1600MHz | 1x8GB,RAM,kingston,kingston kvr16lse11 8 8 gb,2025,47.0,5.875,$/GB
kingston kvr16n11 2 2 gb | DDR3 | 1600MHz | 1x2GB,RAM,kingston,kingston kvr16n11 2 2 gb,2025,24.53,12.265,$/GB
kingston kvr16n11 8 8 gb | DDR3 | 1600MHz | 1x8GB,RAM,kingston,kingston kvr16n11 8 8 gb,2025,24.36,3.045,$/GB
kingston kvr16n11h 4 4 gb | DDR3 | 1600MHz | 1x4GB,RAM,kingston,kingston kvr16n11h 4 4 gb,2025,21.99,5.4975,$/GB
kingston kvr16n11h 8 8 gb | DDR3 | 1600MHz | 1x8GB,RAM,kingston,kingston kvr16n11h 8 8 gb,2025,15.0,1.875,$/GB
kingston kvr16n11k2 16 16 gb | DDR3 | 1600MHz | 2x8GB,RAM,kingston,kingston kvr16n11k2 16 16 gb,2025,64.98,4.06125,$/GB
kingston kvr16n11s6 2 2 gb | DDR3 | 1600MHz | 1x2GB,RAM,kingston,kingston kvr16n11s6 2 2 gb,2025,96.26,48.13,$/GB
kingston kvr16n11s8 4 4 gb | DDR3 | 1600MHz | 1x4GB,RAM,kingston,kingston kvr16n11s8 4 4 gb,2025,19.57,4.8925,$/GB
kingston kvr16n11s8k2 8 8 gb | DDR3 | 1600MHz | 2x4GB,RAM,kingston,kingston kvr16n11s8k2 8 8 gb,2025,35.0,4.375,$/GB
kingston kvr16r11d4 16ha 16 gb | DDR3 | 1600MHz | 1x16GB,RAM,kingston,kingston kvr16r11d4 16ha 16 gb,2025,34.89,2.180625,$/GB
kingston kvr16r11d4 16hb 16 gb | DDR3 | 1600MHz | 1x16GB,RAM,kingston,kingston kvr16r11d4 16hb 16 gb,2025,107.67,6.729375,$/GB
kingston kvr16r11d4 8 8 gb | DDR3 | 1600MHz | 1x8GB,RAM,kingston,kingston kvr16r11d4 8 8 gb,2025,18.97,2.37125,$/GB
kingston kvr16r11d4 8hc 8 gb | DDR3 | 1600MHz | 1x8GB,RAM,kingston,kingston kvr16r11d4 8hc 8 gb,2025,29.44,3.68,$/GB
kingston kvr16r11d4 8i 8 gb | DDR3 | 1600MHz | 1x8GB,RAM,kingston,kingston kvr16r11d4 8i 8 gb,2025,11.99,1.49875,$/GB
kingston kvr16r11d4k4 32 32 gb | DDR3 | 1600MHz | 4x8GB,RAM,kingston,kingston kvr16r11d4k4 32 32 gb,2025,149.0,4.65625,$/GB
kingston kvr16r11d4k4 64 64 gb | DDR3 | 1600MHz | 4x16GB,RAM,kingston,kingston kvr16r11d4k4 64 64 gb,2025,114.36,1.786875,$/GB
kingston kvr16r11d8 4hc 4 gb | DDR3 | 1600MHz | 1x4GB,RAM,kingston,kingston kvr16r11d8 4hc 4 gb,2025,29.95,7.4875,$/GB
kingston kvr16r11d8 8i 8 gb | DDR3 | 1600MHz | 1x8GB,RAM,kingston,kingston kvr16r11d8 8i 8 gb,2025,76.94,9.6175,$/GB
kingston kvr16r11d8 8kf 8 gb | DDR3 | 1600MHz | 1x8GB,RAM,kingston,kingston kvr16r11d8 8kf 8 gb,2025,57.98,7.2475,$/GB
kingston kvr16r11d8k3 24i 24 gb | DDR3 | 1600MHz | 3x8GB,RAM,kingston,kingston kvr16r11d8k3 24i 24 gb,2025,171.48,7.145,$/GB
kingston kvr16r11d8k4 32i 32 gb | DDR3 | 1600MHz | 4x8GB,RAM,kingston,kingston kvr16r11d8k4 32i 32 gb,2025,230.64,7.2075,$/GB
kingston kvr16r11d8l 8 8 gb | DDR3 | 1600MHz | 1x8GB,RAM,kingston,kingston kvr16r11d8l 8 8 gb,2025,59.99,7.49875,$/GB
kingston kvr16r11s4 8 8 gb | DDR3 | 1600MHz | 1x8GB,RAM,kingston,kingston kvr16r11s4 8 8 gb,2025,47.8,5.975,$/GB
kingston kvr16r11s4 8hb 8 gb | DDR3 | 1600MHz | 1x8GB,RAM,kingston,kingston kvr16r11s4 8hb 8 gb,2025,144.38,18.0475,$/GB
kingston kvr16r11s4 8i 8 gb | DDR3 | 1600MHz | 1x8GB,RAM,kingston,kingston kvr16r11s4 8i 8 gb,2025,42.74,5.3425,$/GB
kingston kvr16r11s8 4 4 gb | DDR3 | 1600MHz | 1x4GB,RAM,kingston,kingston kvr16r11s8 4 4 gb,2025,19.5,4.875,$/GB
kingston kvr16r11s8 4ef 4 gb | DDR3 | 1600MHz | 1x4GB,RAM,kingston,kingston kvr16r11s8 4ef 4 gb,2025,64.66,16.165,$/GB
kingston kvr16r11s8 4hb 4 gb | DDR3 | 1600MHz | 1x4GB,RAM,kingston,kingston kvr16r11s8 4hb 4 gb,2025,19.98,4.995,$/GB
kingston kvr16r11s8 4i 4 gb | DDR3 | 1600MHz | 1x4GB,RAM,kingston,kingston kvr16r11s8 4i 4 gb,2025,28.99,7.2475,$/GB
kingston kvr16r11s8 4kf 4 gb | DDR3 | 1600MHz | 1x4GB,RAM,kingston,kingston kvr16r11s8 4kf 4 gb,2025,20.95,5.2375,$/GB
kingston kvr16s11 8 8 gb | DDR3 | 1600MHz | 1x8GB,RAM,kingston,kingston kvr16s11 8 8 gb,2025,32.7,4.0875,$/GB
kingston kvr16s11k2 16 16 gb | DDR3 | 1600MHz | 2x8GB,RAM,kingston,kingston kvr16s11k2 16 16 gb,2025,83.98,5.24875,$/GB
kingston kvr16s11s8 4 4 gb | DDR3 | 1600MHz | 1x4GB,RAM,kingston,kingston kvr16s11s8 4 4 gb,2025,18.97,4.7425,$/GB
kingston kvr18l13q4 32 32 gb | DDR3 | 1866MHz | 1x32GB,RAM,kingston,kingston kvr18l13q4 32 32 gb,2025,68.98,2.155625,$/GB
kingston kvr18r13d4 16 16 gb | DDR3 | 1866MHz | 1x16GB,RAM,kingston,kingston kvr18r13d4 16 16 gb,2025,91.93,5.745625,$/GB
kingston kvr21l15q4 32 32 gb | DDR4 | 2133MHz | 1x32GB,RAM,kingston,kingston kvr21l15q4 32 32 gb,2025,179.93,5.6228125,$/GB
kingston kvr21n15d8 8 8 gb | DDR4 | 2133MHz | 1x8GB,RAM,kingston,kingston kvr21n15d8 8 8 gb,2025,50.0,6.25,$/GB
kingston kvr21r15d4 16 16 gb | DDR4 | 2133MHz | 1x16GB,RAM,kingston,kingston kvr21r15d4 16 16 gb,2025,29.98,1.87375,$/GB
kingston kvr21r15d4k4 64 64 gb | DDR4 | 2133MHz | 4x16GB,RAM,kingston,kingston kvr21r15d4k4 64 64 gb,2023,129.46,2.0228125,$/GB
kingston kvr21r15d4k4 64 64 gb | DDR4 | 2133MHz | 4x16GB,RAM,kingston,kingston kvr21r15d4k4 64 64 gb,2025,108.57,1.69640625,$/GB
kingston kvr21r15s4 8 8 gb | DDR4 | 2133MHz | 1x8GB,RAM,kingston,kingston kvr21r15s4 8 8 gb,2025,28.98,3.6225,$/GB
kingston kvr21r15s4 8i 8 gb | DDR4 | 2133MHz | 1x8GB,RAM,kingston,kingston kvr21r15s4 8i 8 gb,2025,39.99,4.99875,$/GB
kingston kvr21r15s4k4 32 32 gb | DDR4 | 2133MHz | 4x8GB,RAM,kingston,kingston kvr21r15s4k4 32 32 gb,2025,128.62,4.019375,$/GB
kingston kvr24r17s8 8ma 8 gb | DDR4 | 2400MHz | 1x8GB,RAM,kingston,kingston kvr24r17s8 8ma 8 gb,2025,76.0,9.5,$/GB
kingston kvr24s17s6 4 4 gb | DDR4 | 2400MHz | 1x4GB,RAM,kingston,kingston kvr24s17s6 4 4 gb,2025,24.5,6.125,$/GB
kingston kvr26s19d8 16 16 gb | DDR4 | 2666MHz | 1x16GB,RAM,kingston,kingston kvr26s19d8 16 16 gb,2025,43.79,2.736875,$/GB
kingston kvr26s19s8 8 8 gb | DDR4 | 2666MHz | 1x8GB,RAM,kingston,kingston kvr26s19s8 8 8 gb,2025,21.38,2.6725,$/GB
kingston kvr400d2d4r3 4g 4 gb | DDR2 | 400MHz | 1x4GB,RAM,kingston,kingston kvr400d2d4r3 4g 4 gb,2025,28.99,7.2475,$/GB
kingston kvr533d2so 1gr 1 gb | DDR2 | 533MHz | 1x1GB,RAM,kingston,kingston kvr533d2so 1gr 1 gb,2025,20.0,20.0,$/GB
kingston kvr667d2s5 1g 1 gb | DDR2 | 667MHz | 1x1GB,RAM,kingston,kingston kvr667d2s5 1g 1 gb,2025,52.44,52.44,$/GB
kingston kvr667d2s5 2g 2 gb | DDR2 | 667MHz | 1x2GB,RAM,kingston,kingston kvr667d2s5 2g 2 gb,2025,40.56,20.28,$/GB
kingston kvr667d2so 2gr 2 gb | DDR2 | 667MHz | 1x2GB,RAM,kingston,kingston kvr667d2so 2gr 2 gb,2025,22.4,11.2,$/GB
kingston kvr800d2s5 1g 1 gb | DDR2 | 800MHz | 1x1GB,RAM,kingston,kingston kvr800d2s5 1g 1 gb,2025,35.08,35.08,$/GB
kingston kvr800d2s6 1g 1 gb | DDR2 | 800MHz | 1x1GB,RAM,kingston,kingston kvr800d2s6 1g 1 gb,2025,18.0,18.0,$/GB
kingston kvr800d2s6 2g 2 gb | DDR2 | 800MHz | 1x2GB,RAM,kingston,kingston kvr800d2s6 2g 2 gb,2025,11.74,5.87,$/GB
kingston kvr800d2s6k2 4g 4 gb | DDR2 | 800MHz | 2x2GB,RAM,kingston,kingston kvr800d2s6k2 4g 4 gb,2025,64.99,16.2475,$/GB
kingston savage 16 gb | DDR4 | 3000MHz | 2x8GB,RAM,kingston,kingston savage 16 gb,2025,389.0,24.3125,$/GB
kingston server premier 16 gb | DDR4 | 2666MHz | 1x16GB,RAM,kingston,kingston server premier 16 gb,2023,277.77,17.360625,$/GB
kingston server premier 16 gb | DDR4 | 2666MHz | 1x16GB,RAM,kingston,kingston server premier 16 gb,2025,88.39,5.524375,$/GB
kingston server premier 16 gb | DDR4 | 3200MHz | 1x16GB,RAM,kingston,kingston server premier 16 gb,2023,44.99,2.811875,$/GB
kingston server premier 16 gb | DDR4 | 3200MHz | 1x16GB,RAM,kingston,kingston server premier 16 gb,2025,89.56,5.5975,$/GB
kingston server premier 16 gb | DDR5 | 5200MHz | 1x16GB,RAM,kingston,kingston server premier 16 gb,2025,109.99,6.874375,$/GB
kingston server premier 32 gb | DDR4 | 2666MHz | 1x32GB,RAM,kingston,kingston server premier 32 gb,2025,144.99,4.5309375,$/GB
kingston server premier 32 gb | DDR4 | 2933MHz | 1x32GB,RAM,kingston,kingston server premier 32 gb,2025,244.5,7.640625,$/GB
kingston server premier 32 gb | DDR4 | 3200MHz | 1x32GB,RAM,kingston,kingston server premier 32 gb,2025,154.24,4.82,$/GB
kingston server premier 32 gb | DDR5 | 5200MHz | 1x32GB,RAM,kingston,kingston server premier 32 gb,2023,153.66,4.801875,$/GB
kingston server premier 32 gb | DDR5 | 5200MHz | 1x32GB,RAM,kingston,kingston server premier 32 gb,2025,167.0,5.21875,$/GB
kingston server premier 32 gb | DDR5 | 5600MHz | 1x32GB,RAM,kingston,kingston server premier 32 gb,2023,119.99,3.7496875,$/GB
kingston server premier 32 gb | DDR5 | 5600MHz | 1x32GB,RAM,kingston,kingston server premier 32 gb,2025,182.99,5.7184375,$/GB
kingston server premier 64 gb | DDR4 | 2666MHz | 1x64GB,RAM,kingston,kingston server premier 64 gb,2025,332.52,5.195625,$/GB
kingston server premier 64 gb | DDR4 | 3200MHz | 1x64GB,RAM,kingston,kingston server premier 64 gb,2023,199.0,3.109375,$/GB
kingston server premier 64 gb | DDR4 | 3200MHz | 1x64GB,RAM,kingston,kingston server premier 64 gb,2025,229.99,3.59359375,$/GB
kingston server premier 8 gb | DDR4 | 2666MHz | 1x8GB,RAM,kingston,kingston server premier 8 gb,2025,55.64,6.955,$/GB
kingston server premier 8 gb | DDR4 | 3200MHz | 1x8GB,RAM,kingston,kingston server premier 8 gb,2025,58.04,7.255,$/GB
kingston value 1 gb | DDR2 | 400MHz | 1x1GB,RAM,kingston,kingston value 1 gb,2025,22.99,22.99,$/GB
kingston value 4 gb | DDR3 | 1333MHz | 1x4GB,RAM,kingston,kingston value 4 gb,2025,24.56,6.14,$/GB
kingston valueram 1 gb | DDR2 | 533MHz | 1x1GB,RAM,kingston,kingston valueram 1 gb,2025,24.95,24.95,$/GB
kingston valueram 1 gb | DDR2 | 667MHz | 1x1GB,RAM,kingston,kingston valueram 1 gb,2023,13.48,13.48,$/GB
kingston valueram 1 gb | DDR2 | 667MHz | 1x1GB,RAM,kingston,kingston valueram 1 gb,2025,12.18,12.18,$/GB
kingston valueram 1 gb | DDR2 | 800MHz | 1x1GB,RAM,kingston,kingston valueram 1 gb,2025,30.36,30.36,$/GB
kingston valueram 1 gb | DDR3 | 1333MHz | 1x1GB,RAM,kingston,kingston valueram 1 gb,2025,24.9,24.9,$/GB
kingston valueram 16 gb | DDR3 | 1600MHz | 1x16GB,RAM,kingston,kingston valueram 16 gb,2025,29.99,1.874375,$/GB
kingston valueram 16 gb | DDR4 | 2133MHz | 1x16GB,RAM,kingston,kingston valueram 16 gb,2025,59.99,3.749375,$/GB
kingston valueram 16 gb | DDR4 | 2133MHz | 2x8GB,RAM,kingston,kingston valueram 16 gb,2025,132.68,8.2925,$/GB
kingston valueram 16 gb | DDR4 | 2400MHz | 1x16GB,RAM,kingston,kingston valueram 16 gb,2025,48.82,3.05125,$/GB
kingston valueram 16 gb | DDR4 | 2666MHz | 1x16GB,RAM,kingston,kingston valueram 16 gb,2023,43.99,2.749375,$/GB
kingston valueram 16 gb | DDR4 | 2666MHz | 1x16GB,RAM,kingston,kingston valueram 16 gb,2025,47.3,2.95625,$/GB
kingston valueram 16 gb | DDR4 | 3200MHz | 1x16GB,RAM,kingston,kingston valueram 16 gb,2023,39.48,2.4675,$/GB
kingston valueram 16 gb | DDR4 | 3200MHz | 1x16GB,RAM,kingston,kingston valueram 16 gb,2025,53.83,3.364375,$/GB
kingston valueram 16 gb | DDR5 | 4800MHz | 1x16GB,RAM,kingston,kingston valueram 16 gb,2023,60.2,3.7625,$/GB
kingston valueram 16 gb | DDR5 | 4800MHz | 1x16GB,RAM,kingston,kingston valueram 16 gb,2025,58.44,3.6525,$/GB
kingston valueram 16 gb | DDR5 | 4800MHz | 2x8GB,RAM,kingston,kingston valueram 16 gb,2025,69.95,4.371875,$/GB
kingston valueram 2 gb | DDR2 | 533MHz | 1x2GB,RAM,kingston,kingston valueram 2 gb,2025,32.39,16.195,$/GB
kingston valueram 2 gb | DDR2 | 667MHz | 1x2GB,RAM,kingston,kingston valueram 2 gb,2025,15.44,7.72,$/GB
kingston valueram 2 gb | DDR2 | 667MHz | 2x1GB,RAM,kingston,kingston valueram 2 gb,2025,31.9,15.95,$/GB
kingston valueram 2 gb | DDR2 | 800MHz | 1x2GB,RAM,kingston,kingston valueram 2 gb,2023,16.48,8.24,$/GB
kingston valueram 2 gb | DDR2 | 800MHz | 1x2GB,RAM,kingston,kingston valueram 2 gb,2025,18.24,9.12,$/GB
kingston valueram 2 gb | DDR3 | 1066MHz | 1x2GB,RAM,kingston,kingston valueram 2 gb,2025,16.98,8.49,$/GB
kingston valueram 2 gb | DDR3 | 1333MHz | 1x2GB,RAM,kingston,kingston valueram 2 gb,2025,40.99,20.495,$/GB
kingston valueram 3 gb | DDR3 | 1333MHz | 3x1GB,RAM,kingston,kingston valueram 3 gb,2025,25.48,8.493333333333334,$/GB
kingston valueram 32 gb | DDR4 | 2133MHz | 1x32GB,RAM,kingston,kingston valueram 32 gb,2025,69.92,2.185,$/GB
kingston valueram 32 gb | DDR4 | 2666MHz | 1x32GB,RAM,kingston,kingston valueram 32 gb,2025,112.0,3.5,$/GB
kingston valueram 32 gb | DDR4 | 3200MHz | 1x32GB,RAM,kingston,kingston valueram 32 gb,2025,98.52,3.07875,$/GB
kingston valueram 32 gb | DDR5 | 4800MHz | 1x32GB,RAM,kingston,kingston valueram 32 gb,2025,92.94,2.904375,$/GB
kingston valueram 32 gb | DDR5 | 5600MHz | 1x32GB,RAM,kingston,kingston valueram 32 gb,2025,104.65,3.2703125,$/GB
kingston valueram 4 gb | DDR2 | 800MHz | 2x2GB,RAM,kingston,kingston valueram 4 gb,2025,32.29,8.0725,$/GB
kingston valueram 4 gb | DDR3 | 1333MHz | 2x2GB,RAM,kingston,kingston valueram 4 gb,2025,30.99,7.7475,$/GB
kingston valueram 4 gb | DDR4 | 2133MHz | 1x4GB,RAM,kingston,kingston valueram 4 gb,2025,29.99,7.4975,$/GB
kingston valueram 4 gb | DDR4 | 2400MHz | 1x4GB,RAM,kingston,kingston valueram 4 gb,2025,66.0,16.5,$/GB
kingston valueram 4 gb | DDR4 | 2666MHz | 1x4GB,RAM,kingston,kingston valueram 4 gb,2025,16.02,4.005,$/GB
kingston valueram 4 gb | DDR4 | 3200MHz | 1x4GB,RAM,kingston,kingston valueram 4 gb,2025,17.88,4.47,$/GB
kingston valueram 48 gb | DDR3 | 1600MHz | 3x16GB,RAM,kingston,kingston valueram 48 gb,2025,74.98,1.5620833333333335,$/GB
kingston valueram 64 gb | DDR3 | 1600MHz | 4x16GB,RAM,kingston,kingston valueram 64 gb,2025,139.01,2.17203125,$/GB
kingston valueram 64 gb | DDR5 | 4800MHz | 2x32GB,RAM,kingston,kingston valueram 64 gb,2025,239.81,3.74703125,$/GB
kingston valueram 8 gb | DDR4 | 2133MHz | 1x8GB,RAM,kingston,kingston valueram 8 gb,2023,31.99,3.99875,$/GB
kingston valueram 8 gb | DDR4 | 2133MHz | 1x8GB,RAM,kingston,kingston valueram 8 gb,2025,34.76,4.345,$/GB
kingston valueram 8 gb | DDR4 | 2400MHz | 1x8GB,RAM,kingston,kingston valueram 8 gb,2023,24.3,3.0375,$/GB
kingston valueram 8 gb | DDR4 | 2400MHz | 1x8GB,RAM,kingston,kingston valueram 8 gb,2025,40.47,5.05875,$/GB
kingston valueram 8 gb | DDR4 | 2666MHz | 1x8GB,RAM,kingston,kingston valueram 8 gb,2023,18.76,2.345,$/GB
kingston valueram 8 gb | DDR4 | 2666MHz | 1x8GB,RAM,kingston,kingston valueram 8 gb,2025,30.79,3.84875,$/GB
kingston valueram 8 gb | DDR4 | 3200MHz | 1x8GB,RAM,kingston,kingston valueram 8 gb,2025,26.66,3.3325,$/GB
kingston valueram 8 gb | DDR5 | 4800MHz | 1x8GB,RAM,kingston,kingston valueram 8 gb,2023,37.95,4.74375,$/GB
kingston valueram 8 gb | DDR5 | 4800MHz | 1x8GB,RAM,kingston,kingston valueram 8 gb,2025,39.04,4.88,$/GB
klevv bolt v 32 gb | DDR5 | 6000MHz | 2x16GB,RAM,klevv,klevv bolt v 32 gb,2025,93.99,2.9371875,$/GB
klevv bolt v 32 gb | DDR5 | 6400MHz | 2x16GB,RAM,klevv,klevv bolt v 32 gb,2023,103.99,3.2496875,$/GB
klevv bolt v 32 gb | DDR5 | 6800MHz | 2x16GB,RAM,klevv,klevv bolt v 32 gb,2025,102.99,3.2184375,$/GB
klevv bolt x 16 gb | DDR4 | 3600MHz | 2x8GB,RAM,klevv,klevv bolt x 16 gb,2023,38.99,2.436875,$/GB
klevv bolt x 16 gb | DDR4 | 3600MHz | 2x8GB,RAM,klevv,klevv bolt x 16 gb,2025,47.99,2.999375,$/GB
klevv bolt x 32 gb | DDR4 | 3200MHz | 2x16GB,RAM,klevv,klevv bolt x 32 gb,2023,59.99,1.8746875,$/GB
klevv bolt x 32 gb | DDR4 | 3600MHz | 2x16GB,RAM,klevv,klevv bolt x 32 gb,2023,62.99,1.9684375,$/GB
klevv bolt x 32 gb | DDR4 | 3600MHz | 2x16GB,RAM,klevv,klevv bolt x 32 gb,2025,80.98,2.530625,$/GB
klevv cras x rgb 16 gb | DDR4 | 3200MHz | 2x8GB,RAM,klevv,klevv cras x rgb 16 gb,2025,49.99,3.124375,$/GB
klevv cras x rgb 16 gb | DDR4 | 3600MHz | 2x8GB,RAM,klevv,klevv cras x rgb 16 gb,2025,51.99,3.249375,$/GB
klevv cras x rgb 32 gb | DDR4 | 3200MHz | 2x16GB,RAM,klevv,klevv cras x rgb 32 gb,2023,68.98,2.155625,$/GB
klevv cras x rgb 32 gb | DDR4 | 3600MHz | 2x16GB,RAM,klevv,klevv cras x rgb 32 gb,2023,70.98,2.218125,$/GB
klevv cras x rgb 32 gb | DDR4 | 3600MHz | 2x16GB,RAM,klevv,klevv cras x rgb 32 gb,2025,87.99,2.7496875,$/GB
klevv cras xr5 rgb 32 gb | DDR5 | 7000MHz | 2x16GB,RAM,klevv,klevv cras xr5 rgb 32 gb,2023,119.99,3.7496875,$/GB
klevv cras xr5 rgb 32 gb | DDR5 | 7000MHz | 2x16GB,RAM,klevv,klevv cras xr5 rgb 32 gb,2025,134.29,4.1965625,$/GB
klevv cras xr5 rgb 32 gb | DDR5 | 7200MHz | 2x16GB,RAM,klevv,klevv cras xr5 rgb 32 gb,2025,177.88,5.55875,$/GB
klevv fit v 32 gb | DDR5 | 6000MHz | 2x16GB,RAM,klevv,klevv fit v 32 gb,2025,84.99,2.6559375,$/GB
klevv kd5agu880-56k300f 32 gb | DDR5 | 5600MHz | 2x16GB,RAM,klevv,klevv kd5agu880-56k300f 32 gb,2025,80.98,2.530625,$/GB
lenovo total micro 16 gb | DDR4 | 2666MHz | 1x16GB,RAM,lenovo,lenovo total micro 16 gb,2025,44.99,2.811875,$/GB
lexar ares rgb 16 gb | DDR4 | 3600MHz | 2x8GB,RAM,lexar,lexar ares rgb 16 gb,2023,52.99,3.311875,$/GB
lexar ares rgb 16 gb | DDR4 | 3600MHz | 2x8GB,RAM,lexar,lexar ares rgb 16 gb,2025,44.99,2.811875,$/GB
lexar ares rgb 16 gb | DDR4 | 4000MHz | 2x8GB,RAM,lexar,lexar ares rgb 16 gb,2025,75.97,4.748125,$/GB
lexar ares rgb 2nd gen 48 gb | DDR5 | 8000MHz | 2x24GB,RAM,lexar,lexar ares rgb 2nd gen 48 gb,2025,209.99,4.374791666666667,$/GB
lexar ares rgb 32 gb | DDR5 | 6000MHz | 2x16GB,RAM,lexar,lexar ares rgb 32 gb,2025,114.99,3.5934375,$/GB
lexar ares rgb 32 gb | DDR5 | 6400MHz | 2x16GB,RAM,lexar,lexar ares rgb 32 gb,2025,193.97,6.0615625,$/GB
lexar ares rgb 32 gb | DDR5 | 7200MHz | 2x16GB,RAM,lexar,lexar ares rgb 32 gb,2023,116.49,3.6403125,$/GB
lexar ares rgb 32 gb | DDR5 | 7200MHz | 2x16GB,RAM,lexar,lexar ares rgb 32 gb,2025,223.43,6.9821875,$/GB
lexar hades rgb 16 gb | DDR4 | 3600MHz | 2x8GB,RAM,lexar,lexar hades rgb 16 gb,2025,69.98,4.37375,$/GB
lexar ld4as008g-b3200gsst 8 gb | DDR4 | 3200MHz | 1x8GB,RAM,lexar,lexar ld4as008g-b3200gsst 8 gb,2025,60.75,7.59375,$/GB
lexar ld4as016g-b3200gsst 16 gb | DDR4 | 3200MHz | 1x16GB,RAM,lexar,lexar ld4as016g-b3200gsst 16 gb,2025,82.28,5.1425,$/GB
lexar ld4as032g-b3200gsst 32 gb | DDR4 | 3200MHz | 1x32GB,RAM,lexar,lexar ld4as032g-b3200gsst 32 gb,2025,131.53,4.1103125,$/GB
lexar thor 32 gb | DDR4 | 3200MHz | 2x16GB,RAM,lexar,lexar thor 32 gb,2023,85.4,2.66875,$/GB
lexar thor oc 32 gb | DDR5 | 6000MHz | 2x16GB,RAM,lexar,lexar thor oc 32 gb,2025,104.99,3.2809375,$/GB
micron mt16jtf1g64az-1g6e1 8 gb | DDR3 | 1600MHz | 1x8GB,RAM,micron,micron mt16jtf1g64az-1g6e1 8 gb,2023,16.0,2.0,$/GB
micron mt16jtf1g64az-1g6e1 8 gb | DDR3 | 1600MHz | 1x8GB,RAM,micron,micron mt16jtf1g64az-1g6e1 8 gb,2025,24.29,3.03625,$/GB
micron mt16ktf1g64az-1g6e1 8 gb | DDR3 | 1600MHz | 1x8GB,RAM,micron,micron mt16ktf1g64az-1g6e1 8 gb,2025,24.76,3.095,$/GB
micron mt8jtf25664az-1g4d1 2 gb | DDR3 | 1333MHz | 1x2GB,RAM,micron,micron mt8jtf25664az-1g4d1 2 gb,2025,22.1,11.05,$/GB
micron mt8jtf51264az-1g6e1 4 gb | DDR3 | 1600MHz | 1x4GB,RAM,micron,micron mt8jtf51264az-1g6e1 4 gb,2025,11.99,2.9975,$/GB
mushkin 971699a 2 gb | DDR3 | 1066MHz | 1x2GB,RAM,mushkin,mushkin 971699a 2 gb,2025,23.35,11.675,$/GB
mushkin 976643a 4 gb | DDR3 | 1066MHz | 2x2GB,RAM,mushkin,mushkin 976643a 4 gb,2025,31.7,7.925,$/GB
mushkin 976647a 8 gb | DDR3 | 1333MHz | 2x4GB,RAM,mushkin,mushkin 976647a 8 gb,2025,33.46,4.1825,$/GB
mushkin 991556 2 gb | DDR2 | 667MHz | 1x2GB,RAM,mushkin,mushkin 991556 2 gb,2025,19.98,9.99,$/GB
mushkin 991643 2 gb | DDR3 | 1066MHz | 1x2GB,RAM,mushkin,mushkin 991643 2 gb,2025,16.93,8.465,$/GB
mushkin 991647 4 gb | DDR3 | 1333MHz | 1x4GB,RAM,mushkin,mushkin 991647 4 gb,2025,15.1,3.775,$/GB
mushkin 992082 32 gb | DDR3 | 1333MHz | 1x32GB,RAM,mushkin,mushkin 992082 32 gb,2025,91.87,2.8709375,$/GB
mushkin 996573 4 gb | DDR3 | 1066MHz | 2x2GB,RAM,mushkin,mushkin 996573 4 gb,2025,18.39,4.5975,$/GB
mushkin 996647 8 gb | DDR3 | 1333MHz | 2x4GB,RAM,mushkin,mushkin 996647 8 gb,2025,22.0,2.75,$/GB
mushkin enhanced essentials 32 gb | DDR4 | 3200MHz | 2x16GB,RAM,mushkin,mushkin enhanced essentials 32 gb,2025,137.41,4.2940625,$/GB
mushkin enhanced essentials 64 gb | DDR4 | 2933MHz | 2x32GB,RAM,mushkin,mushkin enhanced essentials 64 gb,2025,230.7,3.6046875,$/GB
mushkin enhanced redline 64 gb | DDR5 | 5600MHz | 2x32GB,RAM,mushkin,mushkin enhanced redline 64 gb,2023,167.99,2.62484375,$/GB
mushkin enhanced redline 64 gb | DDR5 | 5600MHz | 2x32GB,RAM,mushkin,mushkin enhanced redline 64 gb,2025,189.99,2.96859375,$/GB
mushkin enhanced redline 96 gb | DDR5 | 5600MHz | 2x48GB,RAM,mushkin,mushkin enhanced redline 96 gb,2023,249.99,2.6040625,$/GB
mushkin enhanced redline stiletto 16 gb | DDR4 | 3200MHz | 2x8GB,RAM,mushkin,mushkin enhanced redline stiletto 16 gb,2023,66.98,4.18625,$/GB
mushkin enhanced redline stiletto 16 gb | DDR4 | 3200MHz | 2x8GB,RAM,mushkin,mushkin enhanced redline stiletto 16 gb,2025,43.9,2.74375,$/GB
mushkin enhanced redline stiletto 16 gb | DDR4 | 3600MHz | 2x8GB,RAM,mushkin,mushkin enhanced redline stiletto 16 gb,2023,42.99,2.686875,$/GB
mushkin enhanced redline stiletto 16 gb | DDR4 | 4133MHz | 2x8GB,RAM,mushkin,mushkin enhanced redline stiletto 16 gb,2025,48.98,3.06125,$/GB
mushkin enhanced redline stiletto 32 gb | DDR4 | 3600MHz | 2x16GB,RAM,mushkin,mushkin enhanced redline stiletto 32 gb,2023,82.99,2.5934375,$/GB
mushkin essentials 16 gb | DDR3 | 1600MHz | 2x8GB,RAM,mushkin,mushkin essentials 16 gb,2025,50.68,3.1675,$/GB
mushkin essentials 16 gb | DDR3 | 1866MHz | 1x16GB,RAM,mushkin,mushkin essentials 16 gb,2025,186.99,11.686875,$/GB
mushkin essentials 16 gb | DDR4 | 2133MHz | 2x8GB,RAM,mushkin,mushkin essentials 16 gb,2023,37.61,2.350625,$/GB
mushkin essentials 16 gb | DDR4 | 2400MHz | 2x8GB,RAM,mushkin,mushkin essentials 16 gb,2025,36.36,2.2725,$/GB
mushkin essentials 16 gb | DDR4 | 2666MHz | 1x16GB,RAM,mushkin,mushkin essentials 16 gb,2025,40.26,2.51625,$/GB
mushkin essentials 2 gb | DDR2 | 667MHz | 1x2GB,RAM,mushkin,mushkin essentials 2 gb,2025,18.79,9.395,$/GB
mushkin essentials 2 gb | DDR3 | 1333MHz | 1x2GB,RAM,mushkin,mushkin essentials 2 gb,2025,17.05,8.525,$/GB
mushkin essentials 2 gb | DDR3 | 1600MHz | 1x2GB,RAM,mushkin,mushkin essentials 2 gb,2025,16.48,8.24,$/GB
mushkin essentials 32 gb | DDR4 | 2133MHz | 2x16GB,RAM,mushkin,mushkin essentials 32 gb,2025,128.38,4.011875,$/GB
mushkin essentials 32 gb | DDR4 | 2400MHz | 2x16GB,RAM,mushkin,mushkin essentials 32 gb,2025,125.33,3.9165625,$/GB
mushkin essentials 32 gb | DDR4 | 2666MHz | 1x32GB,RAM,mushkin,mushkin essentials 32 gb,2025,92.08,2.8775,$/GB
mushkin essentials 4 gb | DDR2 | 667MHz | 2x2GB,RAM,mushkin,mushkin essentials 4 gb,2025,30.59,7.6475,$/GB
mushkin essentials 4 gb | DDR3 | 1066MHz | 2x2GB,RAM,mushkin,mushkin essentials 4 gb,2025,25.44,6.36,$/GB
mushkin essentials 4 gb | DDR3 | 1333MHz | 1x4GB,RAM,mushkin,mushkin essentials 4 gb,2025,17.98,4.495,$/GB
mushkin essentials 4 gb | DDR3 | 1333MHz | 2x2GB,RAM,mushkin,mushkin essentials 4 gb,2025,27.62,6.905,$/GB
mushkin essentials 4 gb | DDR3 | 1600MHz | 1x4GB,RAM,mushkin,mushkin essentials 4 gb,2025,22.52,5.63,$/GB
mushkin essentials 4 gb | DDR3 | 1600MHz | 2x2GB,RAM,mushkin,mushkin essentials 4 gb,2025,26.54,6.635,$/GB
mushkin essentials 4 gb | DDR4 | 2133MHz | 1x4GB,RAM,mushkin,mushkin essentials 4 gb,2025,27.99,6.9975,$/GB
mushkin essentials 64 gb | DDR4 | 3200MHz | 2x32GB,RAM,mushkin,mushkin essentials 64 gb,2025,287.68,4.495,$/GB
mushkin essentials 8 gb | DDR3 | 1066MHz | 1x8GB,RAM,mushkin,mushkin essentials 8 gb,2025,17.18,2.1475,$/GB
mushkin essentials 8 gb | DDR3 | 1600MHz | 1x8GB,RAM,mushkin,mushkin essentials 8 gb,2025,17.36,2.17,$/GB
mushkin essentials 8 gb | DDR3 | 1600MHz | 2x4GB,RAM,mushkin,mushkin essentials 8 gb,2025,22.94,2.8675,$/GB
mushkin essentials 8 gb | DDR4 | 2133MHz | 1x8GB,RAM,mushkin,mushkin essentials 8 gb,2025,27.62,3.4525,$/GB
mushkin essentials 8 gb | DDR4 | 2133MHz | 2x4GB,RAM,mushkin,mushkin essentials 8 gb,2025,29.21,3.65125,$/GB
mushkin mes4s213ff8g18 8 gb | DDR4 | 2133MHz | 1x8GB,RAM,mushkin,mushkin mes4s213ff8g18 8 gb,2025,19.61,2.45125,$/GB
mushkin mes4s240hf16g 16 gb | DDR4 | 2400MHz | 1x16GB,RAM,mushkin,mushkin mes4s240hf16g 16 gb,2025,33.56,2.0975,$/GB
mushkin mes4s240hf4g 4 gb | DDR4 | 2400MHz | 1x4GB,RAM,mushkin,mushkin mes4s240hf4g 4 gb,2025,16.93,4.2325,$/GB
mushkin mes4s240hf4gx2 8 gb | DDR4 | 2400MHz | 2x4GB,RAM,mushkin,mushkin mes4s240hf4gx2 8 gb,2025,85.29,10.66125,$/GB
mushkin mes4s240hf8g 8 gb | DDR4 | 2400MHz | 1x8GB,RAM,mushkin,mushkin mes4s240hf8g 8 gb,2025,22.76,2.845,$/GB
mushkin mes4s266kf16g 16 gb | DDR4 | 2666MHz | 1x16GB,RAM,mushkin,mushkin mes4s266kf16g 16 gb,2025,40.75,2.546875,$/GB
mushkin mes4s266kf16gx2 32 gb | DDR4 | 2666MHz | 2x16GB,RAM,mushkin,mushkin mes4s266kf16gx2 32 gb,2025,109.16,3.41125,$/GB
mushkin mes4s266kf32gx2 64 gb | DDR4 | 2666MHz | 2x32GB,RAM,mushkin,mushkin mes4s266kf32gx2 64 gb,2025,176.28,2.754375,$/GB
mushkin mes4s266kf4g 4 gb | DDR4 | 2666MHz | 1x4GB,RAM,mushkin,mushkin mes4s266kf4g 4 gb,2025,36.17,9.0425,$/GB
mushkin mes4s266kf4gx2 8 gb | DDR4 | 2666MHz | 2x4GB,RAM,mushkin,mushkin mes4s266kf4gx2 8 gb,2025,42.44,5.305,$/GB
mushkin mes4s266kf8g 8 gb | DDR4 | 2666MHz | 1x8GB,RAM,mushkin,mushkin mes4s266kf8g 8 gb,2025,37.01,4.62625,$/GB
mushkin mes4s266kf8gx2 16 gb | DDR4 | 2666MHz | 2x8GB,RAM,mushkin,mushkin mes4s266kf8gx2 16 gb,2025,62.17,3.885625,$/GB
mushkin proline 16 gb | DDR3 | 1333MHz | 1x16GB,RAM,mushkin,mushkin proline 16 gb,2025,60.45,3.778125,$/GB
mushkin proline 16 gb | DDR3 | 1600MHz | 1x16GB,RAM,mushkin,mushkin proline 16 gb,2025,43.82,2.73875,$/GB
mushkin proline 16 gb | DDR3 | 1866MHz | 1x16GB,RAM,mushkin,mushkin proline 16 gb,2025,45.84,2.865,$/GB
mushkin proline 16 gb | DDR4 | 2133MHz | 1x16GB,RAM,mushkin,mushkin proline 16 gb,2025,61.36,3.835,$/GB
mushkin proline 16 gb | DDR4 | 2666MHz | 1x16GB,RAM,mushkin,mushkin proline 16 gb,2025,54.16,3.385,$/GB
mushkin proline 16 gb | DDR4 | 3200MHz | 1x16GB,RAM,mushkin,mushkin proline 16 gb,2025,44.75,2.796875,$/GB
mushkin proline 32 gb | DDR3 | 1333MHz | 1x32GB,RAM,mushkin,mushkin proline 32 gb,2025,100.83,3.1509375,$/GB
mushkin proline 32 gb | DDR4 | 2933MHz | 1x32GB,RAM,mushkin,mushkin proline 32 gb,2025,85.37,2.6678125,$/GB
mushkin proline 32 gb | DDR4 | 3200MHz | 1x32GB,RAM,mushkin,mushkin proline 32 gb,2025,164.39,5.1371875,$/GB
mushkin proline 8 gb | DDR3 | 1333MHz | 1x8GB,RAM,mushkin,mushkin proline 8 gb,2025,35.79,4.47375,$/GB
mushkin proline 8 gb | DDR3 | 1866MHz | 1x8GB,RAM,mushkin,mushkin proline 8 gb,2025,47.99,5.99875,$/GB
mushkin proline 8 gb | DDR4 | 2133MHz | 1x8GB,RAM,mushkin,mushkin proline 8 gb,2025,44.09,5.51125,$/GB
mushkin proline 8 gb | DDR4 | 2400MHz | 1x8GB,RAM,mushkin,mushkin proline 8 gb,2025,30.05,3.75625,$/GB
mushkin redline 16 gb | DDR4 | 2666MHz | 2x8GB,RAM,mushkin,mushkin redline 16 gb,2025,51.32,3.2075,$/GB
mushkin redline 16 gb | DDR4 | 2800MHz | 2x8GB,RAM,mushkin,mushkin redline 16 gb,2025,76.86,4.80375,$/GB
mushkin redline 16 gb | DDR4 | 3200MHz | 2x8GB,RAM,mushkin,mushkin redline 16 gb,2023,42.67,2.666875,$/GB
mushkin redline 16 gb | DDR4 | 3200MHz | 2x8GB,RAM,mushkin,mushkin redline 16 gb,2025,54.27,3.391875,$/GB
mushkin redline 16 gb | DDR4 | 3466MHz | 2x8GB,RAM,mushkin,mushkin redline 16 gb,2025,137.56,8.5975,$/GB
mushkin redline 16 gb | DDR4 | 3600MHz | 2x8GB,RAM,mushkin,mushkin redline 16 gb,2025,57.65,3.603125,$/GB
mushkin redline 16 gb | DDR4 | 4000MHz | 2x8GB,RAM,mushkin,mushkin redline 16 gb,2025,67.45,4.215625,$/GB
mushkin redline 16 gb | DDR4 | 4133MHz | 2x8GB,RAM,mushkin,mushkin redline 16 gb,2025,98.33,6.145625,$/GB
mushkin redline 32 gb | DDR4 | 2666MHz | 2x16GB,RAM,mushkin,mushkin redline 32 gb,2025,177.7,5.553125,$/GB
mushkin redline 32 gb | DDR4 | 2800MHz | 2x16GB,RAM,mushkin,mushkin redline 32 gb,2025,206.16,6.4425,$/GB
mushkin redline 32 gb | DDR4 | 2933MHz | 2x16GB,RAM,mushkin,mushkin redline 32 gb,2025,143.66,4.489375,$/GB
mushkin redline 32 gb | DDR4 | 3200MHz | 2x16GB,RAM,mushkin,mushkin redline 32 gb,2023,203.0,6.34375,$/GB
mushkin redline 32 gb | DDR4 | 3200MHz | 2x16GB,RAM,mushkin,mushkin redline 32 gb,2025,199.45,6.2328125,$/GB
mushkin redline 64 gb | DDR4 | 2800MHz | 2x32GB,RAM,mushkin,mushkin redline 64 gb,2025,493.68,7.71375,$/GB
mushkin redline 64 gb | DDR4 | 2933MHz | 2x32GB,RAM,mushkin,mushkin redline 64 gb,2025,237.91,3.71734375,$/GB
mushkin redline 64 gb | DDR4 | 3200MHz | 2x32GB,RAM,mushkin,mushkin redline 64 gb,2025,221.42,3.4596875,$/GB
mushkin redline 64 gb | DDR5 | 4800MHz | 2x32GB,RAM,mushkin,mushkin redline 64 gb,2025,146.76,2.293125,$/GB
mushkin redline 96 gb | DDR5 | 4800MHz | 2x48GB,RAM,mushkin,mushkin redline 96 gb,2025,224.99,2.3436458333333334,$/GB
mushkin redline 96 gb | DDR5 | 5600MHz | 2x48GB,RAM,mushkin,mushkin redline 96 gb,2025,239.99,2.4998958333333334,$/GB
mushkin redline lumina 16 gb | DDR4 | 2666MHz | 2x8GB,RAM,mushkin,mushkin redline lumina 16 gb,2025,70.98,4.43625,$/GB
mushkin redline lumina 16 gb | DDR4 | 3600MHz | 2x8GB,RAM,mushkin,mushkin redline lumina 16 gb,2023,67.36,4.21,$/GB
mushkin redline lumina 16 gb | DDR4 | 3600MHz | 2x8GB,RAM,mushkin,mushkin redline lumina 16 gb,2025,62.18,3.88625,$/GB
mushkin redline lumina 16 gb | DDR4 | 4133MHz | 2x8GB,RAM,mushkin,mushkin redline lumina 16 gb,2025,66.69,4.168125,$/GB
mushkin redline lumina 32 gb | DDR4 | 3600MHz | 2x16GB,RAM,mushkin,mushkin redline lumina 32 gb,2023,84.99,2.6559375,$/GB
mushkin redline lumina 32 gb | DDR4 | 3600MHz | 2x16GB,RAM,mushkin,mushkin redline lumina 32 gb,2025,150.68,4.70875,$/GB
mushkin redline lumina 32 gb | DDR4 | 4000MHz | 2x16GB,RAM,mushkin,mushkin redline lumina 32 gb,2023,79.98,2.499375,$/GB
mushkin redline lumina 32 gb | DDR5 | 6400MHz | 2x16GB,RAM,mushkin,mushkin redline lumina 32 gb,2023,117.49,3.6715625,$/GB
mushkin redline lumina 64 gb | DDR4 | 3200MHz | 2x32GB,RAM,mushkin,mushkin redline lumina 64 gb,2025,281.02,4.3909375,$/GB
mushkin redline lumina 64 gb | DDR4 | 3600MHz | 2x32GB,RAM,mushkin,mushkin redline lumina 64 gb,2025,205.75,3.21484375,$/GB
mushkin redline lumina 64 gb | DDR5 | 6400MHz | 2x32GB,RAM,mushkin,mushkin redline lumina 64 gb,2023,194.99,3.04671875,$/GB
mushkin redline lumina white 32 gb | DDR5 | 6400MHz | 2x16GB,RAM,mushkin,mushkin redline lumina white 32 gb,2023,116.49,3.6403125,$/GB
mushkin redline lumina white 32 gb | DDR5 | 6400MHz | 2x16GB,RAM,mushkin,mushkin redline lumina white 32 gb,2025,140.99,4.4059375,$/GB
mushkin redline lumina white 64 gb | DDR5 | 6400MHz | 2x32GB,RAM,mushkin,mushkin redline lumina white 64 gb,2023,200.98,3.1403125,$/GB
mushkin redline st 32 gb | DDR5 | 6400MHz | 2x16GB,RAM,mushkin,mushkin redline st 32 gb,2025,114.99,3.5934375,$/GB
mushkin redline st 32 gb | DDR5 | 6800MHz | 2x16GB,RAM,mushkin,mushkin redline st 32 gb,2023,119.99,3.7496875,$/GB
mushkin redline st 64 gb | DDR5 | 6400MHz | 2x32GB,RAM,mushkin,mushkin redline st 64 gb,2023,199.99,3.12484375,$/GB
mushkin redline st 64 gb | DDR5 | 6400MHz | 2x32GB,RAM,mushkin,mushkin redline st 64 gb,2025,209.99,3.28109375,$/GB
mushkin silverline 16 gb | DDR4 | 2133MHz | 1x16GB,RAM,mushkin,mushkin silverline 16 gb,2025,107.12,6.695,$/GB
mushkin silverline 16 gb | DDR4 | 2400MHz | 1x16GB,RAM,mushkin,mushkin silverline 16 gb,2025,58.82,3.67625,$/GB
mushkin silverline 32 gb | DDR4 | 3200MHz | 1x32GB,RAM,mushkin,mushkin silverline 32 gb,2025,113.99,3.5621875,$/GB
mushkin silverline 4 gb | DDR4 | 2133MHz | 1x4GB,RAM,mushkin,mushkin silverline 4 gb,2025,32.47,8.1175,$/GB
mushkin silverline 8 gb | DDR2 | 800MHz | 2x4GB,RAM,mushkin,mushkin silverline 8 gb,2023,189.99,23.74875,$/GB
mushkin silverline 8 gb | DDR2 | 800MHz | 2x4GB,RAM,mushkin,mushkin silverline 8 gb,2025,123.14,15.3925,$/GB
mushkin silverline 8 gb | DDR3 | 1600MHz | 1x8GB,RAM,mushkin,mushkin silverline 8 gb,2025,29.88,3.735,$/GB
mushkin silverline 8 gb | DDR4 | 2133MHz | 1x8GB,RAM,mushkin,mushkin silverline 8 gb,2025,95.17,11.89625,$/GB
mushkin silverline 8 gb | DDR4 | 2133MHz | 2x4GB,RAM,mushkin,mushkin silverline 8 gb,2025,75.73,9.46625,$/GB
mushkin silverline 8 gb | DDR4 | 2400MHz | 1x8GB,RAM,mushkin,mushkin silverline 8 gb,2025,41.74,5.2175,$/GB
mushkin silverline 8 gb | DDR4 | 2666MHz | 2x4GB,RAM,mushkin,mushkin silverline 8 gb,2025,82.47,10.30875,$/GB
ocz fatal1ty edition 4 gb | DDR2 | 800MHz | 2x2GB,RAM,ocz,ocz fatal1ty edition 4 gb,2023,119.96,29.99,$/GB
ocz fatal1ty edition 4 gb | DDR2 | 800MHz | 2x2GB,RAM,ocz,ocz fatal1ty edition 4 gb,2025,119.96,29.99,$/GB
ocz ocz2m8004gk 4 gb | DDR2 | 800MHz | 2x2GB,RAM,ocz,ocz ocz2m8004gk 4 gb,2025,29.05,7.2625,$/GB
ocz ocz2v6672g 2 gb | DDR2 | 667MHz | 1x2GB,RAM,ocz,ocz ocz2v6672g 2 gb,2025,35.96,17.98,$/GB
ocz value 1 gb | DDR2 | 667MHz | 1x1GB,RAM,ocz,ocz value 1 gb,2025,34.95,34.95,$/GB
oloy blade rgb 32 gb | DDR5 | 7800MHz | 2x16GB,RAM,oloy,oloy blade rgb 32 gb,2023,169.99,5.3121875,$/GB
oloy blade rgb 32 gb | DDR5 | 8000MHz | 2x16GB,RAM,oloy,oloy blade rgb 32 gb,2023,209.99,6.5621875,$/GB
oloy blade rgb 64 gb | DDR5 | 6400MHz | 2x32GB,RAM,oloy,oloy blade rgb 64 gb,2023,192.99,3.01546875,$/GB
oloy md4u082417bbsa 8 gb | DDR4 | 2400MHz | 1x8GB,RAM,oloy,oloy md4u082417bbsa 8 gb,2025,19.98,2.4975,$/GB
oloy md4u083016bjda 16 gb | DDR4 | 3000MHz | 2x8GB,RAM,oloy,oloy md4u083016bjda 16 gb,2025,34.99,2.186875,$/GB
oloy md4u083216bjda 16 gb | DDR4 | 3200MHz | 2x8GB,RAM,oloy,oloy md4u083216bjda 16 gb,2025,44.99,2.811875,$/GB
oloy md4u0836180bhkda 16 gb | DDR4 | 3600MHz | 2x8GB,RAM,oloy,oloy md4u0836180bhkda 16 gb,2023,37.6,2.35,$/GB
oloy md4u1636181chkda 32 gb | DDR4 | 3600MHz | 2x16GB,RAM,oloy,oloy md4u1636181chkda 32 gb,2025,75.99,2.3746875,$/GB
oloy nd4u1632161dj0da 32 gb | DDR4 | 3200MHz | 2x16GB,RAM,oloy,oloy nd4u1632161dj0da 32 gb,2025,69.99,2.1871875,$/GB
oloy owl rgb 16 gb | DDR4 | 3200MHz | 2x8GB,RAM,oloy,oloy owl rgb 16 gb,2023,42.99,2.686875,$/GB
oloy warhawk rgb 16 gb | DDR4 | 3200MHz | 2x8GB,RAM,oloy,oloy warhawk rgb 16 gb,2025,43.99,2.749375,$/GB
oloy warhawk rgb 16 gb | DDR4 | 3600MHz | 2x8GB,RAM,oloy,oloy warhawk rgb 16 gb,2025,45.99,2.874375,$/GB
patriot extreme performance 32 gb | DDR4 | 2133MHz | 4x8GB,RAM,patriot,patriot extreme performance 32 gb,2025,167.46,5.233125,$/GB
patriot extreme performance 4 gb | DDR2 | 800MHz | 2x2GB,RAM,patriot,patriot extreme performance 4 gb,2025,93.17,23.2925,$/GB
patriot extreme performance gaming 6 gb | DDR3 | 1333MHz | 3x2GB,RAM,patriot,patriot extreme performance gaming 6 gb,2025,71.7,11.950000000000001,$/GB
patriot gamer 2 4 gb | DDR3 | 1333MHz | 2x2GB,RAM,patriot,patriot gamer 2 4 gb,2025,49.09,12.2725,$/GB
patriot gamer 2 4 gb | DDR3 | 1600MHz | 2x2GB,RAM,patriot,patriot gamer 2 4 gb,2025,53.66,13.415,$/GB
patriot gamer 2 8 gb | DDR3 | 1333MHz | 1x8GB,RAM,patriot,patriot gamer 2 8 gb,2025,87.38,10.9225,$/GB
patriot gamer 4 gb | DDR3 | 1600MHz | 2x2GB,RAM,patriot,patriot gamer 4 gb,2025,58.31,14.5775,$/GB
patriot gamer 6 gb | DDR3 | 1600MHz | 3x2GB,RAM,patriot,patriot gamer 6 gb,2025,80.47,13.411666666666667,$/GB
patriot mac 8 gb | DDR3 | 1333MHz | 2x4GB,RAM,patriot,patriot mac 8 gb,2025,74.95,9.36875,$/GB
patriot psd22g6672s 2 gb | DDR2 | 667MHz | 1x2GB,RAM,patriot,patriot psd22g6672s 2 gb,2025,42.49,21.245,$/GB
patriot psd22g8002s 2 gb | DDR2 | 800MHz | 1x2GB,RAM,patriot,patriot psd22g8002s 2 gb,2025,29.72,14.86,$/GB
patriot psd34g1066sk 4 gb | DDR3 | 1066MHz | 2x2GB,RAM,patriot,patriot psd34g1066sk 4 gb,2025,37.53,9.3825,$/GB
patriot psd34g160081 4 gb | DDR3 | 1600MHz | 1x4GB,RAM,patriot,patriot psd34g160081 4 gb,2025,13.98,3.495,$/GB
patriot pv316g240c0krd 16 gb | DDR3 | 2400MHz | 2x8GB,RAM,patriot,patriot pv316g240c0krd 16 gb,2025,134.08,8.38,$/GB
patriot sector 5 4 gb | DDR3 | 1600MHz | 2x2GB,RAM,patriot,patriot sector 5 4 gb,2025,53.73,13.4325,$/GB
patriot signature 16 gb | DDR3 | 1333MHz | 2x8GB,RAM,patriot,patriot signature 16 gb,2025,94.76,5.9225,$/GB
patriot signature 16 gb | DDR3 | 1600MHz | 2x8GB,RAM,patriot,patriot signature 16 gb,2023,26.99,1.686875,$/GB
patriot signature 2 gb | DDR3 | 1333MHz | 1x2GB,RAM,patriot,patriot signature 2 gb,2025,20.0,10.0,$/GB
patriot signature 4 gb | DDR3 | 1333MHz | 1x4GB,RAM,patriot,patriot signature 4 gb,2025,88.4,22.1,$/GB
patriot signature 4 gb | DDR3 | 1600MHz | 1x4GB,RAM,patriot,patriot signature 4 gb,2025,38.24,9.56,$/GB
patriot signature 8 gb | DDR3 | 1333MHz | 1x8GB,RAM,patriot,patriot signature 8 gb,2023,27.02,3.3775,$/GB
patriot signature 8 gb | DDR3 | 1333MHz | 1x8GB,RAM,patriot,patriot signature 8 gb,2025,46.92,5.865,$/GB
patriot signature 8 gb | DDR3 | 1600MHz | 1x8GB,RAM,patriot,patriot signature 8 gb,2025,16.98,2.1225,$/GB
patriot signature apple line 8 gb | DDR3 | 1600MHz | 2x4GB,RAM,patriot,patriot signature apple line 8 gb,2025,50.88,6.36,$/GB
patriot signature line 16 gb | DDR4 | 2133MHz | 1x16GB,RAM,patriot,patriot signature line 16 gb,2025,50.3,3.14375,$/GB
patriot signature line 16 gb | DDR4 | 2400MHz | 1x16GB,RAM,patriot,patriot signature line 16 gb,2025,39.99,2.499375,$/GB
patriot signature line 16 gb | DDR4 | 2666MHz | 1x16GB,RAM,patriot,patriot signature line 16 gb,2025,39.99,2.499375,$/GB
patriot signature line 16 gb | DDR4 | 3200MHz | 1x16GB,RAM,patriot,patriot signature line 16 gb,2023,29.99,1.874375,$/GB
patriot signature line 16 gb | DDR4 | 3200MHz | 1x16GB,RAM,patriot,patriot signature line 16 gb,2025,41.99,2.624375,$/GB
patriot signature line 16 gb | DDR4 | 3200MHz | 2x8GB,RAM,patriot,patriot signature line 16 gb,2023,48.0,3.0,$/GB
patriot signature line 16 gb | DDR4 | 3200MHz | 2x8GB,RAM,patriot,patriot signature line 16 gb,2025,44.99,2.811875,$/GB
patriot signature line 16 gb | DDR5 | 4800MHz | 1x16GB,RAM,patriot,patriot signature line 16 gb,2025,36.49,2.280625,$/GB
patriot signature line 16 gb | DDR5 | 4800MHz | 2x8GB,RAM,patriot,patriot signature line 16 gb,2023,59.99,3.749375,$/GB
patriot signature line 16 gb | DDR5 | 4800MHz | 2x8GB,RAM,patriot,patriot signature line 16 gb,2025,48.98,3.06125,$/GB
patriot signature line 32 gb | DDR4 | 3200MHz | 1x32GB,RAM,patriot,patriot signature line 32 gb,2025,79.98,2.499375,$/GB
patriot signature line 32 gb | DDR5 | 4800MHz | 1x32GB,RAM,patriot,patriot signature line 32 gb,2025,74.98,2.343125,$/GB
patriot signature line 32 gb | DDR5 | 4800MHz | 2x16GB,RAM,patriot,patriot signature line 32 gb,2025,71.98,2.249375,$/GB
patriot signature line 4 gb | DDR3 | 1600MHz | 1x4GB,RAM,patriot,patriot signature line 4 gb,2025,32.6,8.15,$/GB
patriot signature line 4 gb | DDR4 | 2400MHz | 1x4GB,RAM,patriot,patriot signature line 4 gb,2023,11.99,2.9975,$/GB
patriot signature line 4 gb | DDR4 | 2400MHz | 1x4GB,RAM,patriot,patriot signature line 4 gb,2025,17.24,4.31,$/GB
patriot signature line 4 gb | DDR4 | 2666MHz | 1x4GB,RAM,patriot,patriot signature line 4 gb,2025,20.42,5.105,$/GB
patriot signature line 64 gb | DDR4 | 3200MHz | 2x32GB,RAM,patriot,patriot signature line 64 gb,2025,255.25,3.98828125,$/GB
patriot signature line 8 gb | DDR4 | 2133MHz | 1x8GB,RAM,patriot,patriot signature line 8 gb,2025,26.99,3.37375,$/GB
patriot signature line 8 gb | DDR4 | 2400MHz | 1x8GB,RAM,patriot,patriot signature line 8 gb,2025,23.48,2.935,$/GB
patriot signature line 8 gb | DDR4 | 2666MHz | 1x8GB,RAM,patriot,patriot signature line 8 gb,2023,17.48,2.185,$/GB
patriot signature line 8 gb | DDR4 | 2666MHz | 1x8GB,RAM,patriot,patriot signature line 8 gb,2025,27.99,3.49875,$/GB
patriot signature line 8 gb | DDR4 | 3200MHz | 1x8GB,RAM,patriot,patriot signature line 8 gb,2023,17.98,2.2475,$/GB
patriot signature line 8 gb | DDR4 | 3200MHz | 1x8GB,RAM,patriot,patriot signature line 8 gb,2025,23.99,2.99875,$/GB
patriot signature line 8 gb | DDR5 | 4800MHz | 1x8GB,RAM,patriot,patriot signature line 8 gb,2023,34.27,4.28375,$/GB
patriot signature line 8 gb | DDR5 | 4800MHz | 1x8GB,RAM,patriot,patriot signature line 8 gb,2025,26.48,3.31,$/GB
patriot signature premium 16 gb | DDR4 | 2666MHz | 1x16GB,RAM,patriot,patriot signature premium 16 gb,2025,41.99,2.624375,$/GB
patriot signature premium 16 gb | DDR4 | 2666MHz | 2x8GB,RAM,patriot,patriot signature premium 16 gb,2023,34.99,2.186875,$/GB
patriot signature premium 16 gb | DDR4 | 2666MHz | 2x8GB,RAM,patriot,patriot signature premium 16 gb,2025,42.99,2.686875,$/GB
patriot signature premium 8 gb | DDR4 | 2400MHz | 1x8GB,RAM,patriot,patriot signature premium 8 gb,2023,16.98,2.1225,$/GB
patriot signature premium 8 gb | DDR4 | 2400MHz | 1x8GB,RAM,patriot,patriot signature premium 8 gb,2025,19.98,2.4975,$/GB
patriot signature premium 8 gb | DDR4 | 2666MHz | 1x8GB,RAM,patriot,patriot signature premium 8 gb,2023,18.98,2.3725,$/GB
patriot signature premium 8 gb | DDR4 | 2666MHz | 1x8GB,RAM,patriot,patriot signature premium 8 gb,2025,27.99,3.49875,$/GB
patriot venom 64 gb | DDR5 | 6000MHz | 2x32GB,RAM,patriot,patriot venom 64 gb,2025,157.99,2.46859375,$/GB
patriot venom rgb 64 gb | DDR5 | 6000MHz | 2x32GB,RAM,patriot,patriot venom rgb 64 gb,2025,189.99,2.96859375,$/GB
patriot viper 3 16 gb | DDR3 | 1600MHz | 2x8GB,RAM,patriot,patriot viper 3 16 gb,2023,26.49,1.655625,$/GB
patriot viper 3 16 gb | DDR3 | 1600MHz | 2x8GB,RAM,patriot,patriot viper 3 16 gb,2025,25.99,1.624375,$/GB
patriot viper 3 16 gb | DDR3 | 1866MHz | 2x8GB,RAM,patriot,patriot viper 3 16 gb,2023,29.99,1.874375,$/GB
patriot viper 3 16 gb | DDR3 | 1866MHz | 2x8GB,RAM,patriot,patriot viper 3 16 gb,2025,25.99,1.624375,$/GB
patriot viper 3 32 gb | DDR3 | 1866MHz | 4x8GB,RAM,patriot,patriot viper 3 32 gb,2025,184.17,5.7553125,$/GB
patriot viper 3 8 gb | DDR3 | 1600MHz | 2x4GB,RAM,patriot,patriot viper 3 8 gb,2023,17.98,2.2475,$/GB
patriot viper 3 8 gb | DDR3 | 1866MHz | 2x4GB,RAM,patriot,patriot viper 3 8 gb,2025,72.04,9.005,$/GB
patriot viper 3 8 gb | DDR3 | 2400MHz | 2x4GB,RAM,patriot,patriot viper 3 8 gb,2025,81.94,10.2425,$/GB
patriot viper 3 low profile black 16 gb | DDR3 | 1866MHz | 2x8GB,RAM,patriot,patriot viper 3 low profile black 16 gb,2025,98.97,6.185625,$/GB
patriot viper 3 low profile black 8 gb | DDR3 | 1600MHz | 2x4GB,RAM,patriot,patriot viper 3 low profile black 8 gb,2025,66.48,8.31,$/GB
patriot viper 3 low profile black 8 gb | DDR3 | 1866MHz | 2x4GB,RAM,patriot,patriot viper 3 low profile black 8 gb,2025,77.4,9.675,$/GB
patriot viper 3 low profile black 8 gb | DDR3 | 2133MHz | 2x4GB,RAM,patriot,patriot viper 3 low profile black 8 gb,2025,74.06,9.2575,$/GB
patriot viper 3 low profile red 8 gb | DDR3 | 1600MHz | 2x4GB,RAM,patriot,patriot viper 3 low profile red 8 gb,2025,67.2,8.4,$/GB
patriot viper 3 red 8 gb | DDR3 | 1866MHz | 2x4GB,RAM,patriot,patriot viper 3 red 8 gb,2025,76.76,9.595,$/GB
patriot viper 4 16 gb | DDR4 | 2400MHz | 2x8GB,RAM,patriot,patriot viper 4 16 gb,2025,82.49,5.155625,$/GB
patriot viper 4 16 gb | DDR4 | 2666MHz | 4x4GB,RAM,patriot,patriot viper 4 16 gb,2025,98.78,6.17375,$/GB
patriot viper 4 16 gb | DDR4 | 3200MHz | 2x8GB,RAM,patriot,patriot viper 4 16 gb,2023,82.88,5.18,$/GB
patriot viper 4 32 gb | DDR4 | 2666MHz | 4x8GB,RAM,patriot,patriot viper 4 32 gb,2025,168.13,5.2540625,$/GB
patriot viper 4 8 gb | DDR4 | 2400MHz | 2x4GB,RAM,patriot,patriot viper 4 8 gb,2025,55.68,6.96,$/GB
patriot viper 4 8 gb | DDR4 | 2800MHz | 2x4GB,RAM,patriot,patriot viper 4 8 gb,2025,59.68,7.46,$/GB
patriot viper 4 8 gb | DDR4 | 3600MHz | 2x4GB,RAM,patriot,patriot viper 4 8 gb,2025,77.54,9.6925,$/GB
patriot viper 4 blackout 16 gb | DDR4 | 3200MHz | 2x8GB,RAM,patriot,patriot viper 4 blackout 16 gb,2023,44.99,2.811875,$/GB
patriot viper 4 blackout 16 gb | DDR4 | 3600MHz | 2x8GB,RAM,patriot,patriot viper 4 blackout 16 gb,2023,39.99,2.499375,$/GB
patriot viper 4 blackout 16 gb | DDR4 | 3600MHz | 2x8GB,RAM,patriot,patriot viper 4 blackout 16 gb,2025,40.99,2.561875,$/GB
patriot viper 4 blackout 32 gb | DDR4 | 3200MHz | 2x16GB,RAM,patriot,patriot viper 4 blackout 32 gb,2023,64.98,2.030625,$/GB
patriot viper 4 blackout 32 gb | DDR4 | 3600MHz | 2x16GB,RAM,patriot,patriot viper 4 blackout 32 gb,2023,71.98,2.249375,$/GB
patriot viper 4 blackout 64 gb | DDR4 | 3600MHz | 2x32GB,RAM,patriot,patriot viper 4 blackout 64 gb,2023,114.99,1.79671875,$/GB
patriot viper 4 blackout 8 gb | DDR4 | 3200MHz | 2x4GB,RAM,patriot,patriot viper 4 blackout 8 gb,2023,24.99,3.12375,$/GB
patriot viper elite 16 gb | DDR4 | 2400MHz | 2x8GB,RAM,patriot,patriot viper elite 16 gb,2025,117.52,7.345,$/GB
patriot viper elite 16 gb | DDR4 | 2666MHz | 2x8GB,RAM,patriot,patriot viper elite 16 gb,2025,187.11,11.694375,$/GB
patriot viper elite 5 rgb 16 gb | DDR5 | 6000MHz | 1x16GB,RAM,patriot,patriot viper elite 5 rgb 16 gb,2023,55.99,3.499375,$/GB
patriot viper elite 5 rgb 16 gb | DDR5 | 6000MHz | 1x16GB,RAM,patriot,patriot viper elite 5 rgb 16 gb,2025,47.99,2.999375,$/GB
patriot viper elite 5 rgb 32 gb | DDR5 | 5600MHz | 1x32GB,RAM,patriot,patriot viper elite 5 rgb 32 gb,2025,81.99,2.5621875,$/GB
patriot viper elite 5 rgb 32 gb | DDR5 | 6000MHz | 1x32GB,RAM,patriot,patriot viper elite 5 rgb 32 gb,2023,104.99,3.2809375,$/GB
patriot viper elite 5 rgb 32 gb | DDR5 | 6000MHz | 2x16GB,RAM,patriot,patriot viper elite 5 rgb 32 gb,2025,102.99,3.2184375,$/GB
patriot viper elite 5 rgb 32 gb | DDR5 | 6200MHz | 2x16GB,RAM,patriot,patriot viper elite 5 rgb 32 gb,2023,99.99,3.1246875,$/GB
patriot viper elite 5 rgb 32 gb | DDR5 | 6600MHz | 2x16GB,RAM,patriot,patriot viper elite 5 rgb 32 gb,2025,109.99,3.4371875,$/GB
patriot viper elite 5 rgb 32 gb | DDR5 | 7000MHz | 2x16GB,RAM,patriot,patriot viper elite 5 rgb 32 gb,2023,104.99,3.2809375,$/GB
patriot viper elite 5 rgb 32 gb | DDR5 | 7000MHz | 2x16GB,RAM,patriot,patriot viper elite 5 rgb 32 gb,2025,107.99,3.3746875,$/GB
patriot viper elite 5 rgb 48 gb | DDR5 | 6000MHz | 2x24GB,RAM,patriot,patriot viper elite 5 rgb 48 gb,2025,139.99,2.9164583333333334,$/GB
patriot viper elite 5 rgb 64 gb | DDR5 | 6200MHz | 2x32GB,RAM,patriot,patriot viper elite 5 rgb 64 gb,2023,199.99,3.12484375,$/GB
patriot viper elite 5 rgb 64 gb | DDR5 | 6200MHz | 2x32GB,RAM,patriot,patriot viper elite 5 rgb 64 gb,2025,179.99,2.81234375,$/GB
patriot viper elite 5 rgb 96 gb | DDR5 | 6000MHz | 2x48GB,RAM,patriot,patriot viper elite 5 rgb 96 gb,2023,397.57,4.141354166666667,$/GB
patriot viper elite 5 rgb 96 gb | DDR5 | 6000MHz | 2x48GB,RAM,patriot,patriot viper elite 5 rgb 96 gb,2025,274.99,2.864479166666667,$/GB
patriot viper elite 5 rgb tuf gaming alliance 32 gb | DDR5 | 6000MHz | 2x16GB,RAM,patriot,patriot viper elite 5 rgb tuf gaming alliance 32 gb,2025,97.99,3.0621875,$/GB
patriot viper elite 5 rgb tuf gaming alliance 32 gb | DDR5 | 6600MHz | 2x16GB,RAM,patriot,patriot viper elite 5 rgb tuf gaming alliance 32 gb,2025,104.99,3.2809375,$/GB
patriot viper elite 5 rgb tuf gaming alliance 48 gb | DDR5 | 6000MHz | 2x24GB,RAM,patriot,patriot viper elite 5 rgb tuf gaming alliance 48 gb,2025,129.99,2.7081250000000003,$/GB
patriot viper elite ii 16 gb | DDR4 | 2666MHz | 1x16GB,RAM,patriot,patriot viper elite ii 16 gb,2023,28.99,1.811875,$/GB
patriot viper elite ii 16 gb | DDR4 | 2666MHz | 1x16GB,RAM,patriot,patriot viper elite ii 16 gb,2025,37.99,2.374375,$/GB
patriot viper elite ii 16 gb | DDR4 | 3200MHz | 1x16GB,RAM,patriot,patriot viper elite ii 16 gb,2023,30.99,1.936875,$/GB
patriot viper elite ii 16 gb | DDR4 | 3200MHz | 1x16GB,RAM,patriot,patriot viper elite ii 16 gb,2025,39.99,2.499375,$/GB
patriot viper elite ii 16 gb | DDR4 | 3200MHz | 2x8GB,RAM,patriot,patriot viper elite ii 16 gb,2023,57.3,3.58125,$/GB
patriot viper elite ii 16 gb | DDR4 | 3200MHz | 2x8GB,RAM,patriot,patriot viper elite ii 16 gb,2025,43.99,2.749375,$/GB
patriot viper elite ii 16 gb | DDR4 | 3600MHz | 1x16GB,RAM,patriot,patriot viper elite ii 16 gb,2023,31.99,1.999375,$/GB
patriot viper elite ii 16 gb | DDR4 | 3600MHz | 1x16GB,RAM,patriot,patriot viper elite ii 16 gb,2025,41.99,2.624375,$/GB
patriot viper elite ii 16 gb | DDR4 | 3600MHz | 2x8GB,RAM,patriot,patriot viper elite ii 16 gb,2025,44.99,2.811875,$/GB
patriot viper elite ii 16 gb | DDR4 | 4000MHz | 1x16GB,RAM,patriot,patriot viper elite ii 16 gb,2023,34.99,2.186875,$/GB
patriot viper elite ii 16 gb | DDR4 | 4000MHz | 1x16GB,RAM,patriot,patriot viper elite ii 16 gb,2025,47.99,2.999375,$/GB
patriot viper elite ii 16 gb | DDR4 | 4000MHz | 2x8GB,RAM,patriot,patriot viper elite ii 16 gb,2025,49.99,3.124375,$/GB
patriot viper elite ii 32 gb | DDR4 | 3200MHz | 1x32GB,RAM,patriot,patriot viper elite ii 32 gb,2023,59.99,1.8746875,$/GB
patriot viper elite ii 32 gb | DDR4 | 3200MHz | 1x32GB,RAM,patriot,patriot viper elite ii 32 gb,2025,77.98,2.436875,$/GB
patriot viper elite ii 32 gb | DDR4 | 3200MHz | 2x16GB,RAM,patriot,patriot viper elite ii 32 gb,2023,59.99,1.8746875,$/GB
patriot viper elite ii 32 gb | DDR4 | 3200MHz | 2x16GB,RAM,patriot,patriot viper elite ii 32 gb,2025,84.99,2.6559375,$/GB
patriot viper elite ii 32 gb | DDR4 | 3600MHz | 1x32GB,RAM,patriot,patriot viper elite ii 32 gb,2025,79.98,2.499375,$/GB
patriot viper elite ii 32 gb | DDR4 | 3600MHz | 2x16GB,RAM,patriot,patriot viper elite ii 32 gb,2025,84.99,2.6559375,$/GB
patriot viper elite ii 32 gb | DDR4 | 4000MHz | 2x16GB,RAM,patriot,patriot viper elite ii 32 gb,2023,77.98,2.436875,$/GB
patriot viper elite ii 32 gb | DDR4 | 4000MHz | 2x16GB,RAM,patriot,patriot viper elite ii 32 gb,2025,94.99,2.9684375,$/GB
patriot viper elite ii 64 gb | DDR4 | 2666MHz | 2x32GB,RAM,patriot,patriot viper elite ii 64 gb,2023,114.98,1.7965625,$/GB
patriot viper elite ii 64 gb | DDR4 | 3200MHz | 2x32GB,RAM,patriot,patriot viper elite ii 64 gb,2025,163.99,2.56234375,$/GB
patriot viper elite ii 64 gb | DDR4 | 3600MHz | 2x32GB,RAM,patriot,patriot viper elite ii 64 gb,2023,114.99,1.79671875,$/GB
patriot viper elite ii 64 gb | DDR4 | 3600MHz | 2x32GB,RAM,patriot,patriot viper elite ii 64 gb,2025,164.99,2.57796875,$/GB
patriot viper elite ii 8 gb | DDR4 | 2666MHz | 1x8GB,RAM,patriot,patriot viper elite ii 8 gb,2025,28.94,3.6175,$/GB
patriot viper elite ii 8 gb | DDR4 | 3200MHz | 1x8GB,RAM,patriot,patriot viper elite ii 8 gb,2025,29.94,3.7425,$/GB
patriot viper elite ii 8 gb | DDR4 | 3600MHz | 1x8GB,RAM,patriot,patriot viper elite ii 8 gb,2025,21.99,2.74875,$/GB
patriot viper elite ii 8 gb | DDR4 | 4000MHz | 1x8GB,RAM,patriot,patriot viper elite ii 8 gb,2023,24.99,3.12375,$/GB
patriot viper elite ii 8 gb | DDR4 | 4000MHz | 1x8GB,RAM,patriot,patriot viper elite ii 8 gb,2025,32.94,4.1175,$/GB
patriot viper ii sector 5 4 gb | DDR3 | 1333MHz | 2x2GB,RAM,patriot,patriot viper ii sector 5 4 gb,2025,55.49,13.8725,$/GB
patriot viper ii sector 5 4 gb | DDR3 | 1600MHz | 2x2GB,RAM,patriot,patriot viper ii sector 5 4 gb,2025,59.9,14.975,$/GB
patriot viper ii sector 7 edition 12 gb | DDR3 | 1600MHz | 3x4GB,RAM,patriot,patriot viper ii sector 7 edition 12 gb,2025,176.58,14.715000000000002,$/GB
patriot viper ii sector 7 edition 6 gb | DDR3 | 1600MHz | 3x2GB,RAM,patriot,patriot viper ii sector 7 edition 6 gb,2025,59.0,9.833333333333334,$/GB
patriot viper sodimm 8 gb | DDR3 | 1600MHz | 2x4GB,RAM,patriot,patriot viper sodimm 8 gb,2025,51.41,6.42625,$/GB
patriot viper steel 16 gb | DDR4 | 2400MHz | 1x16GB,RAM,patriot,patriot viper steel 16 gb,2025,38.99,2.436875,$/GB
patriot viper steel 16 gb | DDR4 | 2666MHz | 1x16GB,RAM,patriot,patriot viper steel 16 gb,2025,39.99,2.499375,$/GB
patriot viper steel 16 gb | DDR4 | 3000MHz | 2x8GB,RAM,patriot,patriot viper steel 16 gb,2025,53.99,3.374375,$/GB
patriot viper steel 16 gb | DDR4 | 3200MHz | 1x16GB,RAM,patriot,patriot viper steel 16 gb,2023,33.99,2.124375,$/GB
patriot viper steel 16 gb | DDR4 | 3200MHz | 1x16GB,RAM,patriot,patriot viper steel 16 gb,2025,41.99,2.624375,$/GB
patriot viper steel 16 gb | DDR4 | 3200MHz | 2x8GB,RAM,patriot,patriot viper steel 16 gb,2023,43.99,2.749375,$/GB
patriot viper steel 16 gb | DDR4 | 3200MHz | 2x8GB,RAM,patriot,patriot viper steel 16 gb,2025,43.98,2.74875,$/GB
patriot viper steel 16 gb | DDR4 | 3600MHz | 1x16GB,RAM,patriot,patriot viper steel 16 gb,2025,35.99,2.249375,$/GB
patriot viper steel 16 gb | DDR4 | 3600MHz | 2x8GB,RAM,patriot,patriot viper steel 16 gb,2023,41.49,2.593125,$/GB
patriot viper steel 16 gb | DDR4 | 3600MHz | 2x8GB,RAM,patriot,patriot viper steel 16 gb,2025,49.99,3.124375,$/GB
patriot viper steel 16 gb | DDR4 | 3733MHz | 2x8GB,RAM,patriot,patriot viper steel 16 gb,2023,44.99,2.811875,$/GB
patriot viper steel 16 gb | DDR4 | 3733MHz | 2x8GB,RAM,patriot,patriot viper steel 16 gb,2025,80.75,5.046875,$/GB
patriot viper steel 16 gb | DDR4 | 4000MHz | 2x8GB,RAM,patriot,patriot viper steel 16 gb,2023,118.35,7.396875,$/GB
patriot viper steel 32 gb | DDR4 | 3200MHz | 1x32GB,RAM,patriot,patriot viper steel 32 gb,2025,79.98,2.499375,$/GB
patriot viper steel 32 gb | DDR4 | 3200MHz | 2x16GB,RAM,patriot,patriot viper steel 32 gb,2025,59.99,1.8746875,$/GB
patriot viper steel 32 gb | DDR4 | 3600MHz | 1x32GB,RAM,patriot,patriot viper steel 32 gb,2023,63.99,1.9996875,$/GB
patriot viper steel 32 gb | DDR4 | 3600MHz | 1x32GB,RAM,patriot,patriot viper steel 32 gb,2025,71.99,2.2496875,$/GB
patriot viper steel 32 gb | DDR4 | 3600MHz | 2x16GB,RAM,patriot,patriot viper steel 32 gb,2023,69.98,2.186875,$/GB
patriot viper steel 32 gb | DDR4 | 3600MHz | 2x16GB,RAM,patriot,patriot viper steel 32 gb,2025,64.99,2.0309375,$/GB
patriot viper steel 64 gb | DDR4 | 3200MHz | 2x32GB,RAM,patriot,patriot viper steel 64 gb,2023,135.99,2.12484375,$/GB
patriot viper steel 64 gb | DDR4 | 3200MHz | 2x32GB,RAM,patriot,patriot viper steel 64 gb,2025,126.86,1.9821875,$/GB
patriot viper steel 64 gb | DDR4 | 3600MHz | 2x32GB,RAM,patriot,patriot viper steel 64 gb,2025,164.99,2.57796875,$/GB
patriot viper steel 8 gb | DDR4 | 3000MHz | 1x8GB,RAM,patriot,patriot viper steel 8 gb,2023,19.98,2.4975,$/GB
patriot viper steel 8 gb | DDR4 | 3000MHz | 1x8GB,RAM,patriot,patriot viper steel 8 gb,2025,24.98,3.1225,$/GB
patriot viper steel 8 gb | DDR4 | 3200MHz | 1x8GB,RAM,patriot,patriot viper steel 8 gb,2025,23.98,2.9975,$/GB
patriot viper steel 8 gb | DDR4 | 3200MHz | 2x4GB,RAM,patriot,patriot viper steel 8 gb,2023,26.99,3.37375,$/GB
patriot viper steel 8 gb | DDR4 | 3200MHz | 2x4GB,RAM,patriot,patriot viper steel 8 gb,2025,30.98,3.8725,$/GB
patriot viper steel rgb 16 gb | DDR4 | 3200MHz | 1x16GB,RAM,patriot,patriot viper steel rgb 16 gb,2023,36.99,2.311875,$/GB
patriot viper steel rgb 16 gb | DDR4 | 3200MHz | 1x16GB,RAM,patriot,patriot viper steel rgb 16 gb,2025,46.99,2.936875,$/GB
patriot viper steel rgb 16 gb | DDR4 | 3200MHz | 2x8GB,RAM,patriot,patriot viper steel rgb 16 gb,2025,51.99,3.249375,$/GB
patriot viper steel rgb 16 gb | DDR4 | 3600MHz | 1x16GB,RAM,patriot,patriot viper steel rgb 16 gb,2025,48.99,3.061875,$/GB
patriot viper steel rgb 16 gb | DDR4 | 3600MHz | 2x8GB,RAM,patriot,patriot viper steel rgb 16 gb,2023,48.99,3.061875,$/GB
patriot viper steel rgb 16 gb | DDR4 | 3600MHz | 2x8GB,RAM,patriot,patriot viper steel rgb 16 gb,2025,52.99,3.311875,$/GB
patriot viper steel rgb 32 gb | DDR4 | 3200MHz | 1x32GB,RAM,patriot,patriot viper steel rgb 32 gb,2025,85.99,2.6871875,$/GB
patriot viper steel rgb 32 gb | DDR4 | 3200MHz | 2x16GB,RAM,patriot,patriot viper steel rgb 32 gb,2025,91.99,2.8746875,$/GB
patriot viper steel rgb 32 gb | DDR4 | 3600MHz | 1x32GB,RAM,patriot,patriot viper steel rgb 32 gb,2023,67.98,2.124375,$/GB
patriot viper steel rgb 32 gb | DDR4 | 3600MHz | 1x32GB,RAM,patriot,patriot viper steel rgb 32 gb,2025,87.99,2.7496875,$/GB
patriot viper steel rgb 32 gb | DDR4 | 3600MHz | 2x16GB,RAM,patriot,patriot viper steel rgb 32 gb,2023,83.99,2.6246875,$/GB
patriot viper steel rgb 32 gb | DDR4 | 3600MHz | 2x16GB,RAM,patriot,patriot viper steel rgb 32 gb,2025,95.99,2.9996875,$/GB
patriot viper steel rgb 64 gb | DDR4 | 3200MHz | 2x32GB,RAM,patriot,patriot viper steel rgb 64 gb,2025,129.99,2.03109375,$/GB
patriot viper steel rgb 64 gb | DDR4 | 3600MHz | 2x32GB,RAM,patriot,patriot viper steel rgb 64 gb,2023,132.99,2.07796875,$/GB
patriot viper steel rgb 64 gb | DDR4 | 3600MHz | 2x32GB,RAM,patriot,patriot viper steel rgb 64 gb,2025,172.99,2.70296875,$/GB
patriot viper steel rgb 8 gb | DDR4 | 3200MHz | 1x8GB,RAM,patriot,patriot viper steel rgb 8 gb,2023,21.99,2.74875,$/GB
patriot viper steel rgb 8 gb | DDR4 | 3200MHz | 1x8GB,RAM,patriot,patriot viper steel rgb 8 gb,2025,24.99,3.12375,$/GB
patriot viper steel rgb 8 gb | DDR4 | 3600MHz | 1x8GB,RAM,patriot,patriot viper steel rgb 8 gb,2023,21.99,2.74875,$/GB
patriot viper steel rgb 8 gb | DDR4 | 3600MHz | 1x8GB,RAM,patriot,patriot viper steel rgb 8 gb,2025,24.99,3.12375,$/GB
patriot viper venom 16 gb | DDR5 | 5200MHz | 2x8GB,RAM,patriot,patriot viper venom 16 gb,2023,67.99,4.249375,$/GB
patriot viper venom 16 gb | DDR5 | 5200MHz | 2x8GB,RAM,patriot,patriot viper venom 16 gb,2025,52.99,3.311875,$/GB
patriot viper venom 16 gb | DDR5 | 5600MHz | 1x16GB,RAM,patriot,patriot viper venom 16 gb,2025,47.99,2.999375,$/GB
patriot viper venom 16 gb | DDR5 | 5600MHz | 2x8GB,RAM,patriot,patriot viper venom 16 gb,2023,62.99,3.936875,$/GB
patriot viper venom 16 gb | DDR5 | 5600MHz | 2x8GB,RAM,patriot,patriot viper venom 16 gb,2025,53.99,3.374375,$/GB
patriot viper venom 16 gb | DDR5 | 6000MHz | 1x16GB,RAM,patriot,patriot viper venom 16 gb,2025,48.99,3.061875,$/GB
patriot viper venom 16 gb | DDR5 | 6000MHz | 2x8GB,RAM,patriot,patriot viper venom 16 gb,2025,48.99,3.061875,$/GB
patriot viper venom 16 gb | DDR5 | 6400MHz | 2x8GB,RAM,patriot,patriot viper venom 16 gb,2025,49.99,3.124375,$/GB
patriot viper venom 32 gb | DDR5 | 5200MHz | 1x32GB,RAM,patriot,patriot viper venom 32 gb,2025,72.98,2.280625,$/GB
patriot viper venom 32 gb | DDR5 | 5600MHz | 1x32GB,RAM,patriot,patriot viper venom 32 gb,2025,73.98,2.311875,$/GB
patriot viper venom 32 gb | DDR5 | 5600MHz | 2x16GB,RAM,patriot,patriot viper venom 32 gb,2023,105.99,3.3121875,$/GB
patriot viper venom 32 gb | DDR5 | 5600MHz | 2x16GB,RAM,patriot,patriot viper venom 32 gb,2025,83.99,2.6246875,$/GB
patriot viper venom 32 gb | DDR5 | 6000MHz | 1x32GB,RAM,patriot,patriot viper venom 32 gb,2025,94.99,2.9684375,$/GB
patriot viper venom 32 gb | DDR5 | 6000MHz | 2x16GB,RAM,patriot,patriot viper venom 32 gb,2025,81.49,2.5465625,$/GB
patriot viper venom 32 gb | DDR5 | 6200MHz | 2x16GB,RAM,patriot,patriot viper venom 32 gb,2025,89.99,2.8121875,$/GB
patriot viper venom 32 gb | DDR5 | 6400MHz | 2x16GB,RAM,patriot,patriot viper venom 32 gb,2025,87.99,2.7496875,$/GB
patriot viper venom 32 gb | DDR5 | 6600MHz | 2x16GB,RAM,patriot,patriot viper venom 32 gb,2023,99.99,3.1246875,$/GB
patriot viper venom 32 gb | DDR5 | 6600MHz | 2x16GB,RAM,patriot,patriot viper venom 32 gb,2025,154.28,4.82125,$/GB
patriot viper venom 32 gb | DDR5 | 6800MHz | 2x16GB,RAM,patriot,patriot viper venom 32 gb,2023,107.99,3.3746875,$/GB
patriot viper venom 32 gb | DDR5 | 7000MHz | 2x16GB,RAM,patriot,patriot viper venom 32 gb,2025,114.99,3.5934375,$/GB
patriot viper venom 32 gb | DDR5 | 7200MHz | 2x16GB,RAM,patriot,patriot viper venom 32 gb,2023,114.99,3.5934375,$/GB
patriot viper venom 32 gb | DDR5 | 7200MHz | 2x16GB,RAM,patriot,patriot viper venom 32 gb,2025,114.99,3.5934375,$/GB
patriot viper venom 32 gb | DDR5 | 7400MHz | 2x16GB,RAM,patriot,patriot viper venom 32 gb,2023,114.99,3.5934375,$/GB
patriot viper venom 32 gb | DDR5 | 7400MHz | 2x16GB,RAM,patriot,patriot viper venom 32 gb,2025,119.99,3.7496875,$/GB
patriot viper venom 64 gb | DDR5 | 5200MHz | 2x32GB,RAM,patriot,patriot viper venom 64 gb,2023,159.99,2.49984375,$/GB
patriot viper venom 64 gb | DDR5 | 5200MHz | 2x32GB,RAM,patriot,patriot viper venom 64 gb,2025,144.99,2.26546875,$/GB
patriot viper venom 64 gb | DDR5 | 5600MHz | 2x32GB,RAM,patriot,patriot viper venom 64 gb,2023,164.99,2.57796875,$/GB
patriot viper venom 64 gb | DDR5 | 5600MHz | 2x32GB,RAM,patriot,patriot viper venom 64 gb,2025,149.99,2.34359375,$/GB
patriot viper venom 64 gb | DDR5 | 6000MHz | 2x32GB,RAM,patriot,patriot viper venom 64 gb,2023,194.99,3.04671875,$/GB
patriot viper venom 64 gb | DDR5 | 6000MHz | 2x32GB,RAM,patriot,patriot viper venom 64 gb,2025,159.99,2.49984375,$/GB
patriot viper venom 64 gb | DDR5 | 6400MHz | 2x32GB,RAM,patriot,patriot viper venom 64 gb,2023,204.99,3.20296875,$/GB
patriot viper venom 64 gb | DDR5 | 6400MHz | 2x32GB,RAM,patriot,patriot viper venom 64 gb,2025,189.99,2.96859375,$/GB
patriot viper venom rgb 16 gb | DDR4 | 4000MHz | 2x8GB,RAM,patriot,patriot viper venom rgb 16 gb,2025,289.36,18.085,$/GB
patriot viper venom rgb 16 gb | DDR5 | 5600MHz | 1x16GB,RAM,patriot,patriot viper venom rgb 16 gb,2025,47.99,2.999375,$/GB
patriot viper venom rgb 16 gb | DDR5 | 6000MHz | 1x16GB,RAM,patriot,patriot viper venom rgb 16 gb,2025,52.99,3.311875,$/GB
patriot viper venom rgb 32 gb | DDR5 | 5600MHz | 1x32GB,RAM,patriot,patriot viper venom rgb 32 gb,2025,89.99,2.8121875,$/GB
patriot viper venom rgb 32 gb | DDR5 | 5600MHz | 2x16GB,RAM,patriot,patriot viper venom rgb 32 gb,2025,84.99,2.6559375,$/GB
patriot viper venom rgb 32 gb | DDR5 | 6000MHz | 1x32GB,RAM,patriot,patriot viper venom rgb 32 gb,2025,97.99,3.0621875,$/GB
patriot viper venom rgb 32 gb | DDR5 | 6000MHz | 2x16GB,RAM,patriot,patriot viper venom rgb 32 gb,2023,114.99,3.5934375,$/GB
patriot viper venom rgb 32 gb | DDR5 | 6000MHz | 2x16GB,RAM,patriot,patriot viper venom rgb 32 gb,2025,87.99,2.7496875,$/GB
patriot viper venom rgb 32 gb | DDR5 | 6400MHz | 2x16GB,RAM,patriot,patriot viper venom rgb 32 gb,2025,98.99,3.0934375,$/GB
patriot viper venom rgb 32 gb | DDR5 | 6600MHz | 2x16GB,RAM,patriot,patriot viper venom rgb 32 gb,2025,201.75,6.3046875,$/GB
patriot viper venom rgb 32 gb | DDR5 | 6800MHz | 2x16GB,RAM,patriot,patriot viper venom rgb 32 gb,2025,119.99,3.7496875,$/GB
patriot viper venom rgb 32 gb | DDR5 | 7000MHz | 2x16GB,RAM,patriot,patriot viper venom rgb 32 gb,2025,173.03,5.4071875,$/GB
patriot viper venom rgb 32 gb | DDR5 | 7200MHz | 2x16GB,RAM,patriot,patriot viper venom rgb 32 gb,2025,127.99,3.9996875,$/GB
patriot viper venom rgb 32 gb | DDR5 | 7400MHz | 2x16GB,RAM,patriot,patriot viper venom rgb 32 gb,2025,129.99,4.0621875,$/GB
patriot viper venom rgb 64 gb | DDR5 | 5200MHz | 2x32GB,RAM,patriot,patriot viper venom rgb 64 gb,2025,154.99,2.42171875,$/GB
patriot viper venom rgb 64 gb | DDR5 | 5600MHz | 2x32GB,RAM,patriot,patriot viper venom rgb 64 gb,2025,164.99,2.57796875,$/GB
patriot viper venom rgb 64 gb | DDR5 | 6000MHz | 2x32GB,RAM,patriot,patriot viper venom rgb 64 gb,2025,184.99,2.89046875,$/GB
patriot viper xtreme 12 gb | DDR3 | 1600MHz | 3x4GB,RAM,patriot,patriot viper xtreme 12 gb,2025,127.06,10.588333333333333,$/GB
patriot viper xtreme 4 gb | DDR3 | 1600MHz | 2x2GB,RAM,patriot,patriot viper xtreme 4 gb,2025,62.82,15.705,$/GB
patriot viper xtreme 4 gb | DDR3 | 2000MHz | 2x2GB,RAM,patriot,patriot viper xtreme 4 gb,2025,66.98,16.745,$/GB
patriot viper xtreme 5 32 gb | DDR5 | 7600MHz | 2x16GB,RAM,patriot,patriot viper xtreme 5 32 gb,2025,109.99,3.4371875,$/GB
patriot viper xtreme 5 32 gb | DDR5 | 8200MHz | 2x16GB,RAM,patriot,patriot viper xtreme 5 32 gb,2025,134.99,4.2184375,$/GB
patriot viper xtreme 5 48 gb | DDR5 | 7600MHz | 2x24GB,RAM,patriot,patriot viper xtreme 5 48 gb,2023,179.99,3.749791666666667,$/GB
patriot viper xtreme 5 48 gb | DDR5 | 7600MHz | 2x24GB,RAM,patriot,patriot viper xtreme 5 48 gb,2025,159.99,3.3331250000000003,$/GB
patriot viper xtreme 5 48 gb | DDR5 | 8200MHz | 2x24GB,RAM,patriot,patriot viper xtreme 5 48 gb,2025,166.99,3.4789583333333334,$/GB
patriot viper xtreme 5 rgb 32 gb | DDR5 | 7600MHz | 2x16GB,RAM,patriot,patriot viper xtreme 5 rgb 32 gb,2025,127.99,3.9996875,$/GB
patriot viper xtreme 5 rgb 32 gb | DDR5 | 7800MHz | 2x16GB,RAM,patriot,patriot viper xtreme 5 rgb 32 gb,2025,129.99,4.0621875,$/GB
patriot viper xtreme 5 rgb 32 gb | DDR5 | 8000MHz | 2x16GB,RAM,patriot,patriot viper xtreme 5 rgb 32 gb,2025,146.99,4.5934375,$/GB
patriot viper xtreme 5 rgb 48 gb | DDR5 | 7600MHz | 2x24GB,RAM,patriot,patriot viper xtreme 5 rgb 48 gb,2025,157.99,3.2914583333333334,$/GB
patriot viper xtreme 5 rgb 48 gb | DDR5 | 8000MHz | 2x24GB,RAM,patriot,patriot viper xtreme 5 rgb 48 gb,2023,385.49,8.031041666666667,$/GB
patriot viper xtreme 5 rgb 48 gb | DDR5 | 8000MHz | 2x24GB,RAM,patriot,patriot viper xtreme 5 rgb 48 gb,2025,168.98,3.5204166666666663,$/GB
patriot viper xtreme 6 gb | DDR3 | 1600MHz | 3x2GB,RAM,patriot,patriot viper xtreme 6 gb,2025,83.13,13.854999999999999,$/GB
patriot viper xtreme 6 gb | DDR3 | 2000MHz | 3x2GB,RAM,patriot,patriot viper xtreme 6 gb,2025,85.91,14.318333333333333,$/GB
patriot viper xtreme 8 gb | DDR3 | 1600MHz | 2x4GB,RAM,patriot,patriot viper xtreme 8 gb,2025,92.87,11.60875,$/GB
patriot viper xtreme 8 gb | DDR3 | 1866MHz | 2x4GB,RAM,patriot,patriot viper xtreme 8 gb,2025,105.0,13.125,$/GB
patriot viper xtreme 8 gb | DDR3 | 2000MHz | 2x4GB,RAM,patriot,patriot viper xtreme 8 gb,2025,95.29,11.91125,$/GB
patriot viper xtreme division 4 8 gb | DDR3 | 1866MHz | 4x2GB,RAM,patriot,patriot viper xtreme division 4 8 gb,2025,150.0,18.75,$/GB
patriot viper xtreme series division 2 4 gb | DDR3 | 1600MHz | 2x2GB,RAM,patriot,patriot viper xtreme series division 2 4 gb,2025,52.32,13.08,$/GB
patriot viper xtreme series division 2 4 gb | DDR3 | 1866MHz | 2x2GB,RAM,patriot,patriot viper xtreme series division 2 4 gb,2025,57.69,14.4225,$/GB
patriot viper xtreme series division 2 8 gb | DDR3 | 1600MHz | 2x4GB,RAM,patriot,patriot viper xtreme series division 2 8 gb,2025,72.41,9.05125,$/GB
patriot viper xtreme series division 4 16 gb | DDR3 | 2133MHz | 4x4GB,RAM,patriot,patriot viper xtreme series division 4 16 gb,2023,220.0,13.75,$/GB
patriot viper xtreme series division 4 16 gb | DDR3 | 2133MHz | 4x4GB,RAM,patriot,patriot viper xtreme series division 4 16 gb,2025,220.0,13.75,$/GB
patriot viper xtreme series division vi 8 gb | DDR3 | 2133MHz | 2x4GB,RAM,patriot,patriot viper xtreme series division vi 8 gb,2025,87.38,10.9225,$/GB
pny anarchy 4 gb | DDR4 | 2133MHz | 1x4GB,RAM,pny,pny anarchy 4 gb,2025,29.99,7.4975,$/GB
pny anarchy 8 gb | DDR3 | 2800MHz | 2x4GB,RAM,pny,pny anarchy 8 gb,2025,107.27,13.40875,$/GB
pny anarchy x 16 gb | DDR3 | 2666MHz | 2x8GB,RAM,pny,pny anarchy x 16 gb,2025,128.91,8.056875,$/GB
pny nhs 8 gb | DDR3 | 1600MHz | 1x8GB,RAM,pny,pny nhs 8 gb,2025,17.98,2.2475,$/GB
pny performance 16 gb | DDR4 | 2666MHz | 1x16GB,RAM,pny,pny performance 16 gb,2025,60.06,3.75375,$/GB
pny performance 16 gb | DDR4 | 3200MHz | 1x16GB,RAM,pny,pny performance 16 gb,2023,37.98,2.37375,$/GB
pny performance 16 gb | DDR4 | 3200MHz | 1x16GB,RAM,pny,pny performance 16 gb,2025,31.99,1.999375,$/GB
pny performance 16 gb | DDR5 | 4800MHz | 1x16GB,RAM,pny,pny performance 16 gb,2025,207.78,12.98625,$/GB
pny performance 32 gb | DDR4 | 3200MHz | 1x32GB,RAM,pny,pny performance 32 gb,2025,88.49,2.7653125,$/GB
pny performance 8 gb | DDR4 | 2666MHz | 1x8GB,RAM,pny,pny performance 8 gb,2025,37.98,4.7475,$/GB
pny performance 8 gb | DDR4 | 3200MHz | 1x8GB,RAM,pny,pny performance 8 gb,2025,16.32,2.04,$/GB
pny xlr8 16 gb | DDR4 | 2666MHz | 2x8GB,RAM,pny,pny xlr8 16 gb,2025,71.99,4.499375,$/GB
pny xlr8 16 gb | DDR4 | 3200MHz | 2x8GB,RAM,pny,pny xlr8 16 gb,2023,39.99,2.499375,$/GB
pny xlr8 16 gb | DDR4 | 3200MHz | 2x8GB,RAM,pny,pny xlr8 16 gb,2025,31.99,1.999375,$/GB
pny xlr8 16 gb | DDR4 | 3600MHz | 2x8GB,RAM,pny,pny xlr8 16 gb,2025,32.99,2.061875,$/GB
pny xlr8 32 gb | DDR4 | 3200MHz | 2x16GB,RAM,pny,pny xlr8 32 gb,2025,119.99,3.7496875,$/GB
pny xlr8 32 gb | DDR4 | 3600MHz | 2x16GB,RAM,pny,pny xlr8 32 gb,2023,60.99,1.9059375,$/GB
pny xlr8 32 gb | DDR4 | 3600MHz | 2x16GB,RAM,pny,pny xlr8 32 gb,2025,59.99,1.8746875,$/GB
pny xlr8 gaming epic-x rgb 16 gb | DDR4 | 3200MHz | 2x8GB,RAM,pny,pny xlr8 gaming epic-x rgb 16 gb,2025,76.04,4.7525,$/GB
pny xlr8 gaming epic-x rgb 16 gb | DDR4 | 3600MHz | 2x8GB,RAM,pny,pny xlr8 gaming epic-x rgb 16 gb,2023,46.99,2.936875,$/GB
pny xlr8 gaming epic-x rgb 16 gb | DDR4 | 3600MHz | 2x8GB,RAM,pny,pny xlr8 gaming epic-x rgb 16 gb,2025,62.49,3.905625,$/GB
pny xlr8 gaming epic-x rgb 16 gb | DDR4 | 4000MHz | 2x8GB,RAM,pny,pny xlr8 gaming epic-x rgb 16 gb,2025,85.99,5.374375,$/GB
pny xlr8 gaming epic-x rgb 32 gb | DDR4 | 3200MHz | 2x16GB,RAM,pny,pny xlr8 gaming epic-x rgb 32 gb,2023,71.98,2.249375,$/GB
pny xlr8 gaming epic-x rgb 32 gb | DDR4 | 3200MHz | 2x16GB,RAM,pny,pny xlr8 gaming epic-x rgb 32 gb,2025,104.99,3.2809375,$/GB
pny xlr8 gaming epic-x rgb 32 gb | DDR4 | 3600MHz | 2x16GB,RAM,pny,pny xlr8 gaming epic-x rgb 32 gb,2025,79.98,2.499375,$/GB
pny xlr8 gaming epic-x rgb 8 gb | DDR4 | 3200MHz | 1x8GB,RAM,pny,pny xlr8 gaming epic-x rgb 8 gb,2023,53.54,6.6925,$/GB
pny xlr8 gaming epic-x rgb 8 gb | DDR4 | 3200MHz | 1x8GB,RAM,pny,pny xlr8 gaming epic-x rgb 8 gb,2025,33.36,4.17,$/GB
pny xlr8 gaming low profile 32 gb | DDR4 | 3200MHz | 2x16GB,RAM,pny,pny xlr8 gaming low profile 32 gb,2025,69.98,2.186875,$/GB
pny xlr8 gaming mako 32 gb | DDR5 | 6000MHz | 2x16GB,RAM,pny,pny xlr8 gaming mako 32 gb,2025,109.99,3.4371875,$/GB
pny xlr8 gaming mako epic-x rgb 32 gb | DDR5 | 6000MHz | 2x16GB,RAM,pny,pny xlr8 gaming mako epic-x rgb 32 gb,2025,162.28,5.07125,$/GB
pny xlr8 gaming mako rgb 32 gb | DDR5 | 6400MHz | 2x16GB,RAM,pny,pny xlr8 gaming mako rgb 32 gb,2025,160.47,5.0146875,$/GB
pny xlr8 gaming rgb 32 gb | DDR5 | 6000MHz | 2x16GB,RAM,pny,pny xlr8 gaming rgb 32 gb,2025,94.99,2.9684375,$/GB
pny xlr8 gaming rgb 32 gb | DDR5 | 6400MHz | 2x16GB,RAM,pny,pny xlr8 gaming rgb 32 gb,2025,89.99,2.8121875,$/GB
samsung green 8 gb | DDR4 | 2133MHz | 1x8GB,RAM,samsung,samsung green 8 gb,2025,23.99,2.99875,$/GB
samsung m378a1k43cb2-crc 8 gb | DDR4 | 2400MHz | 1x8GB,RAM,samsung,samsung m378a1k43cb2-crc 8 gb,2023,15.95,1.99375,$/GB
samsung m378a1k43cb2-crc 8 gb | DDR4 | 2400MHz | 1x8GB,RAM,samsung,samsung m378a1k43cb2-crc 8 gb,2025,23.08,2.885,$/GB
samsung m378a2k43cb1-ctd 16 gb | DDR4 | 2666MHz | 1x16GB,RAM,samsung,samsung m378a2k43cb1-ctd 16 gb,2023,30.0,1.875,$/GB
samsung m378a2k43cb1-ctd 16 gb | DDR4 | 2666MHz | 1x16GB,RAM,samsung,samsung m378a2k43cb1-ctd 16 gb,2025,29.0,1.8125,$/GB
samsung m378b5173db0-ck0 4 gb | DDR3 | 1600MHz | 1x4GB,RAM,samsung,samsung m378b5173db0-ck0 4 gb,2023,12.83,3.2075,$/GB
samsung m378b5173db0-ck0 4 gb | DDR3 | 1600MHz | 1x4GB,RAM,samsung,samsung m378b5173db0-ck0 4 gb,2025,18.89,4.7225,$/GB
samsung m386a4g40dm0-cpb 32 gb | DDR4 | 2133MHz | 1x32GB,RAM,samsung,samsung m386a4g40dm0-cpb 32 gb,2025,49.99,1.5621875,$/GB
samsung m391a2k43bb1-cpb 16 gb | DDR4 | 2133MHz | 1x16GB,RAM,samsung,samsung m391a2k43bb1-cpb 16 gb,2025,43.0,2.6875,$/GB
samsung m391a2k43bb1-crc 16 gb | DDR4 | 2400MHz | 1x16GB,RAM,samsung,samsung m391a2k43bb1-crc 16 gb,2025,58.98,3.68625,$/GB
samsung m393a1g40db0-cpb 8 gb | DDR4 | 2133MHz | 1x8GB,RAM,samsung,samsung m393a1g40db0-cpb 8 gb,2025,28.42,3.5525,$/GB
samsung m393a1g40eb1-cpb 8 gb | DDR4 | 2133MHz | 1x8GB,RAM,samsung,samsung m393a1g40eb1-cpb 8 gb,2023,14.99,1.87375,$/GB
samsung m393a1g40eb1-cpb 8 gb | DDR4 | 2133MHz | 1x8GB,RAM,samsung,samsung m393a1g40eb1-cpb 8 gb,2025,25.44,3.18,$/GB
samsung m393a1g40eb1-crc 8 gb | DDR4 | 2400MHz | 1x8GB,RAM,samsung,samsung m393a1g40eb1-crc 8 gb,2023,22.95,2.86875,$/GB
samsung m393a1g40eb1-crc 8 gb | DDR4 | 2400MHz | 1x8GB,RAM,samsung,samsung m393a1g40eb1-crc 8 gb,2025,17.62,2.2025,$/GB
samsung m393a1g43db0-cpb0 8 gb | DDR4 | 2133MHz | 1x8GB,RAM,samsung,samsung m393a1g43db0-cpb0 8 gb,2025,22.18,2.7725,$/GB
samsung m393a2g40db0-cpb 16 gb | DDR4 | 2133MHz | 1x16GB,RAM,samsung,samsung m393a2g40db0-cpb 16 gb,2025,64.98,4.06125,$/GB
samsung m393a2g40eb1-crc 16 gb | DDR4 | 2400MHz | 1x16GB,RAM,samsung,samsung m393a2g40eb1-crc 16 gb,2023,20.93,1.308125,$/GB
samsung m393a2g40eb1-crc 16 gb | DDR4 | 2400MHz | 1x16GB,RAM,samsung,samsung m393a2g40eb1-crc 16 gb,2025,22.8,1.425,$/GB
samsung m393a2k40cb2-cvf 16 gb | DDR4 | 2933MHz | 1x16GB,RAM,samsung,samsung m393a2k40cb2-cvf 16 gb,2025,99.99,6.249375,$/GB
samsung m393a4k40bb1-crc 32 gb | DDR4 | 2400MHz | 1x32GB,RAM,samsung,samsung m393a4k40bb1-crc 32 gb,2025,64.98,2.030625,$/GB
samsung m393a4k40cb1-crc 32 gb | DDR4 | 2400MHz | 1x32GB,RAM,samsung,samsung m393a4k40cb1-crc 32 gb,2025,59.98,1.874375,$/GB
samsung m393a4k40cb2-ctd 32 gb | DDR4 | 2666MHz | 1x32GB,RAM,samsung,samsung m393a4k40cb2-ctd 32 gb,2025,59.0,1.84375,$/GB
samsung m393a8g40mb2-cvf 64 gb | DDR4 | 2933MHz | 1x64GB,RAM,samsung,samsung m393a8g40mb2-cvf 64 gb,2025,149.99,2.34359375,$/GB
samsung m393b1g70bh0-ck0 8 gb | DDR3 | 1600MHz | 1x8GB,RAM,samsung,samsung m393b1g70bh0-ck0 8 gb,2025,25.99,3.24875,$/GB
samsung m393b2g70bh0-yh9 16 gb | DDR3 | 1333MHz | 1x16GB,RAM,samsung,samsung m393b2g70bh0-yh9 16 gb,2025,48.99,3.061875,$/GB
samsung m393b2g70db0-ck0 16 gb | DDR3 | 1600MHz | 1x16GB,RAM,samsung,samsung m393b2g70db0-ck0 16 gb,2025,31.92,1.995,$/GB
samsung m393b2g70db0-cma 16 gb | DDR3 | 1866MHz | 1x16GB,RAM,samsung,samsung m393b2g70db0-cma 16 gb,2025,33.79,2.111875,$/GB
samsung m393b2g70db0-yk0 16 gb | DDR3 | 1600MHz | 1x16GB,RAM,samsung,samsung m393b2g70db0-yk0 16 gb,2025,17.51,1.094375,$/GB
samsung m393b5170fh0-ch9 4 gb | DDR3 | 1333MHz | 1x4GB,RAM,samsung,samsung m393b5170fh0-ch9 4 gb,2023,8.99,2.2475,$/GB
samsung m393b5170fh0-ch9 4 gb | DDR3 | 1333MHz | 1x4GB,RAM,samsung,samsung m393b5170fh0-ch9 4 gb,2025,11.77,2.9425,$/GB
samsung m471a1k43bb1-crc 8 gb | DDR4 | 2400MHz | 1x8GB,RAM,samsung,samsung m471a1k43bb1-crc 8 gb,2025,23.0,2.875,$/GB
samsung m471a4g43mb1 32 gb | DDR4 | 2666MHz | 1x32GB,RAM,samsung,samsung m471a4g43mb1 32 gb,2025,83.97,2.6240625,$/GB
samsung m471b5273dh0-ch9 4 gb | DDR3 | 1333MHz | 1x4GB,RAM,samsung,samsung m471b5273dh0-ch9 4 gb,2025,25.98,6.495,$/GB
samsung m471b5273dh0-ck0 4 gb | DDR3 | 1600MHz | 1x4GB,RAM,samsung,samsung m471b5273dh0-ck0 4 gb,2023,9.34,2.335,$/GB
samsung m471b5273dh0-ck0 4 gb | DDR3 | 1600MHz | 1x4GB,RAM,samsung,samsung m471b5273dh0-ck0 4 gb,2025,10.25,2.5625,$/GB
samsung mv-2v1g4d us 2 gb | DDR2 | 800MHz | 2x1GB,RAM,samsung,samsung mv-2v1g4d us 2 gb,2025,36.5,18.25,$/GB
silicon power gaming 16 gb | DDR4 | 3200MHz | 2x8GB,RAM,silicon power,silicon power gaming 16 gb,2023,30.99,1.936875,$/GB
silicon power gaming 16 gb | DDR4 | 3200MHz | 2x8GB,RAM,silicon power,silicon power gaming 16 gb,2025,32.97,2.060625,$/GB
silicon power gaming 16 gb | DDR4 | 3600MHz | 2x8GB,RAM,silicon power,silicon power gaming 16 gb,2025,37.97,2.373125,$/GB
silicon power gaming 32 gb | DDR4 | 3200MHz | 2x16GB,RAM,silicon power,silicon power gaming 32 gb,2023,51.49,1.6090625,$/GB
silicon power gaming 32 gb | DDR4 | 3200MHz | 2x16GB,RAM,silicon power,silicon power gaming 32 gb,2025,60.99,1.9059375,$/GB
silicon power sp004gblfu240n02 4 gb | DDR4 | 2400MHz | 1x4GB,RAM,silicon power,silicon power sp004gblfu240n02 4 gb,2025,20.62,5.155,$/GB
silicon power sp004gbltu160n02 4 gb | DDR3 | 1600MHz | 1x4GB,RAM,silicon power,silicon power sp004gbltu160n02 4 gb,2025,13.03,3.2575,$/GB
silicon power sp008gblfu213b02 8 gb | DDR4 | 2133MHz | 1x8GB,RAM,silicon power,silicon power sp008gblfu213b02 8 gb,2025,32.11,4.01375,$/GB
silicon power sp008gblfu240x02 8 gb | DDR4 | 2400MHz | 1x8GB,RAM,silicon power,silicon power sp008gblfu240x02 8 gb,2025,29.01,3.62625,$/GB
silicon power sp008gblfu266b02 8 gb | DDR4 | 2666MHz | 1x8GB,RAM,silicon power,silicon power sp008gblfu266b02 8 gb,2025,22.51,2.81375,$/GB
silicon power sp008gbltu160n02 8 gb | DDR3 | 1600MHz | 1x8GB,RAM,silicon power,silicon power sp008gbltu160n02 8 gb,2025,19.8,2.475,$/GB
silicon power sp008gbsfu240b02 8 gb | DDR4 | 2400MHz | 1x8GB,RAM,silicon power,silicon power sp008gbsfu240b02 8 gb,2025,71.5,8.9375,$/GB
silicon power sp008glstu160n02 8 gb | DDR3 | 1600MHz | 1x8GB,RAM,silicon power,silicon power sp008glstu160n02 8 gb,2025,15.99,1.99875,$/GB
silicon power sp016gblfu240x02 16 gb | DDR4 | 2400MHz | 1x16GB,RAM,silicon power,silicon power sp016gblfu240x02 16 gb,2025,36.16,2.26,$/GB
silicon power sp016gblfu266b02 16 gb | DDR4 | 2666MHz | 1x16GB,RAM,silicon power,silicon power sp016gblfu266b02 16 gb,2025,50.05,3.128125,$/GB
silicon power sp016gblfu320b22 16 gb | DDR4 | 3200MHz | 2x8GB,RAM,silicon power,silicon power sp016gblfu320b22 16 gb,2023,29.97,1.873125,$/GB
silicon power sp016gblfu320b22 16 gb | DDR4 | 3200MHz | 2x8GB,RAM,silicon power,silicon power sp016gblfu320b22 16 gb,2025,39.97,2.498125,$/GB
silicon power sp016gbltu160nd2j7 16 gb | DDR3 | 1600MHz | 2x8GB,RAM,silicon power,silicon power sp016gbltu160nd2j7 16 gb,2023,20.99,1.311875,$/GB
silicon power sp016gblvu560f02 16 gb | DDR5 | 5600MHz | 1x16GB,RAM,silicon power,silicon power sp016gblvu560f02 16 gb,2025,54.45,3.403125,$/GB
silicon power sp016gbsfu213b02 16 gb | DDR4 | 2133MHz | 1x16GB,RAM,silicon power,silicon power sp016gbsfu213b02 16 gb,2025,44.11,2.756875,$/GB
silicon power sp016gbsvu560f02 16 gb | DDR5 | 5600MHz | 1x16GB,RAM,silicon power,silicon power sp016gbsvu560f02 16 gb,2025,59.42,3.71375,$/GB
silicon power sp016glltu160n22 16 gb | DDR3 | 1600MHz | 2x8GB,RAM,silicon power,silicon power sp016glltu160n22 16 gb,2025,16.95,1.059375,$/GB
silicon power sp032gblvu560f22 32 gb | DDR5 | 5600MHz | 2x16GB,RAM,silicon power,silicon power sp032gblvu560f22 32 gb,2025,109.06,3.408125,$/GB
silicon power sp032gblvu560fd2ad 32 gb | DDR5 | 5600MHz | 2x16GB,RAM,silicon power,silicon power sp032gblvu560fd2ad 32 gb,2023,75.97,2.3740625,$/GB
silicon power sp032gbsfu320f02 32 gb | DDR4 | 3200MHz | 1x32GB,RAM,silicon power,silicon power sp032gbsfu320f02 32 gb,2025,79.98,2.499375,$/GB
silicon power sp032gbsvu560f22 32 gb | DDR5 | 5600MHz | 2x16GB,RAM,silicon power,silicon power sp032gbsvu560f22 32 gb,2025,74.99,2.3434375,$/GB
silicon power sp064gblvu560fd2ad 64 gb | DDR5 | 5600MHz | 2x32GB,RAM,silicon power,silicon power sp064gblvu560fd2ad 64 gb,2025,187.23,2.92546875,$/GB
silicon power sp064gbsvu560f22 64 gb | DDR5 | 5600MHz | 2x32GB,RAM,silicon power,silicon power sp064gbsvu560f22 64 gb,2025,145.99,2.28109375,$/GB
silicon power su016glstu160n22ah 16 gb | DDR3 | 1600MHz | 2x8GB,RAM,silicon power,silicon power su016glstu160n22ah 16 gb,2023,17.97,1.123125,$/GB
silicon power su016glstu160n22ah 16 gb | DDR3 | 1600MHz | 2x8GB,RAM,silicon power,silicon power su016glstu160n22ah 16 gb,2025,16.95,1.059375,$/GB
silicon power su064gbsvu480f22ab 64 gb | DDR5 | 4800MHz | 2x32GB,RAM,silicon power,silicon power su064gbsvu480f22ab 64 gb,2023,149.99,2.34359375,$/GB
silicon power value gaming 32 gb | DDR5 | 6000MHz | 2x16GB,RAM,silicon power,silicon power value gaming 32 gb,2023,86.99,2.7184375,$/GB
silicon power value gaming 32 gb | DDR5 | 6000MHz | 2x16GB,RAM,silicon power,silicon power value gaming 32 gb,2025,90.97,2.8428125,$/GB
silicon power xpower pulse gaming 16 gb | DDR5 | 6000MHz | 1x16GB,RAM,silicon power,silicon power xpower pulse gaming 16 gb,2025,62.52,3.9075,$/GB
silicon power xpower pulse gaming 32 gb | DDR5 | 5600MHz | 2x16GB,RAM,silicon power,silicon power xpower pulse gaming 32 gb,2025,107.82,3.369375,$/GB
silicon power xpower pulse gaming 32 gb | DDR5 | 6000MHz | 2x16GB,RAM,silicon power,silicon power xpower pulse gaming 32 gb,2025,79.97,2.4990625,$/GB
silicon power xpower pulse gaming 32 gb | DDR5 | 6400MHz | 2x16GB,RAM,silicon power,silicon power xpower pulse gaming 32 gb,2025,84.99,2.6559375,$/GB
silicon power xpower pulse gaming 64 gb | DDR5 | 5600MHz | 2x32GB,RAM,silicon power,silicon power xpower pulse gaming 64 gb,2025,193.46,3.0228125,$/GB
silicon power xpower pulse gaming 64 gb | DDR5 | 6000MHz | 2x32GB,RAM,silicon power,silicon power xpower pulse gaming 64 gb,2025,158.99,2.48421875,$/GB
silicon power xpower storm rgb 32 gb | DDR5 | 6000MHz | 2x16GB,RAM,silicon power,silicon power xpower storm rgb 32 gb,2025,84.99,2.6559375,$/GB
silicon power xpower storm rgb 32 gb | DDR5 | 6400MHz | 2x16GB,RAM,silicon power,silicon power xpower storm rgb 32 gb,2025,94.97,2.9678125,$/GB
silicon power xpower storm rgb 32 gb | DDR5 | 7200MHz | 2x16GB,RAM,silicon power,silicon power xpower storm rgb 32 gb,2025,99.97,3.1240625,$/GB
silicon power xpower storm rgb 64 gb | DDR5 | 6000MHz | 2x32GB,RAM,silicon power,silicon power xpower storm rgb 64 gb,2025,164.99,2.57796875,$/GB
silicon power xpower turbine 16 gb | DDR4 | 3200MHz | 2x8GB,RAM,silicon power,silicon power xpower turbine 16 gb,2023,30.99,1.936875,$/GB
silicon power xpower turbine 16 gb | DDR4 | 3200MHz | 2x8GB,RAM,silicon power,silicon power xpower turbine 16 gb,2025,33.97,2.123125,$/GB
silicon power xpower turbine 32 gb | DDR4 | 3200MHz | 2x16GB,RAM,silicon power,silicon power xpower turbine 32 gb,2025,60.99,1.9059375,$/GB
silicon power xpower turbine rgb 16 gb | DDR4 | 3200MHz | 2x8GB,RAM,silicon power,silicon power xpower turbine rgb 16 gb,2023,43.99,2.749375,$/GB
silicon power xpower turbine rgb 16 gb | DDR4 | 3200MHz | 2x8GB,RAM,silicon power,silicon power xpower turbine rgb 16 gb,2025,44.99,2.811875,$/GB
silicon power xpower turbine rgb 32 gb | DDR4 | 3200MHz | 2x16GB,RAM,silicon power,silicon power xpower turbine rgb 32 gb,2023,62.99,1.9684375,$/GB
silicon power xpower zenith gaming 32 gb | DDR4 | 3200MHz | 2x16GB,RAM,silicon power,silicon power xpower zenith gaming 32 gb,2023,55.97,1.7490625,$/GB
silicon power xpower zenith gaming 32 gb | DDR5 | 6000MHz | 2x16GB,RAM,silicon power,silicon power xpower zenith gaming 32 gb,2023,86.99,2.7184375,$/GB
silicon power xpower zenith gaming 32 gb | DDR5 | 6000MHz | 2x16GB,RAM,silicon power,silicon power xpower zenith gaming 32 gb,2025,86.99,2.7184375,$/GB
silicon power xpower zenith gaming 64 gb | DDR5 | 6000MHz | 2x32GB,RAM,silicon power,silicon power xpower zenith gaming 64 gb,2023,192.49,3.00765625,$/GB
silicon power xpower zenith gaming 64 gb | DDR5 | 6000MHz | 2x32GB,RAM,silicon power,silicon power xpower zenith gaming 64 gb,2025,164.99,2.57796875,$/GB
silicon power xpower zenith rgb gaming 16 gb | DDR4 | 3600MHz | 2x8GB,RAM,silicon power,silicon power xpower zenith rgb gaming 16 gb,2025,39.97,2.498125,$/GB
silicon power xpower zenith rgb gaming 32 gb | DDR4 | 3600MHz | 2x16GB,RAM,silicon power,silicon power xpower zenith rgb gaming 32 gb,2025,70.48,2.2025,$/GB
silicon power xpower zenith rgb gaming 32 gb | DDR5 | 6000MHz | 2x16GB,RAM,silicon power,silicon power xpower zenith rgb gaming 32 gb,2023,98.98,3.093125,$/GB
silicon power xpower zenith rgb gaming 32 gb | DDR5 | 6000MHz | 2x16GB,RAM,silicon power,silicon power xpower zenith rgb gaming 32 gb,2025,98.99,3.0934375,$/GB
silicon power xpower zenith rgb gaming 64 gb | DDR5 | 6000MHz | 2x32GB,RAM,silicon power,silicon power xpower zenith rgb gaming 64 gb,2023,201.99,3.15609375,$/GB
silicon power xpower zenith rgb gaming 64 gb | DDR5 | 6000MHz | 2x32GB,RAM,silicon power,silicon power xpower zenith rgb gaming 64 gb,2025,169.99,2.65609375,$/GB
supermicro mem-dr432l-hl01-er26 32 gb | DDR4 | 2666MHz | 1x32GB,RAM,supermicro,supermicro mem-dr432l-hl01-er26 32 gb,2025,79.95,2.4984375,$/GB
teamgroup elite 16 gb | DDR3 | 1600MHz | 2x8GB,RAM,teamgroup,teamgroup elite 16 gb,2025,16.98,1.06125,$/GB
teamgroup elite 16 gb | DDR4 | 2666MHz | 1x16GB,RAM,teamgroup,teamgroup elite 16 gb,2023,28.99,1.811875,$/GB
teamgroup elite 16 gb | DDR4 | 2666MHz | 1x16GB,RAM,teamgroup,teamgroup elite 16 gb,2025,41.49,2.593125,$/GB
teamgroup elite 16 gb | DDR4 | 2666MHz | 2x8GB,RAM,teamgroup,teamgroup elite 16 gb,2023,35.99,2.249375,$/GB
teamgroup elite 16 gb | DDR4 | 2666MHz | 2x8GB,RAM,teamgroup,teamgroup elite 16 gb,2025,37.49,2.343125,$/GB
teamgroup elite 16 gb | DDR4 | 3200MHz | 1x16GB,RAM,teamgroup,teamgroup elite 16 gb,2025,46.99,2.936875,$/GB
teamgroup elite 16 gb | DDR4 | 3200MHz | 2x8GB,RAM,teamgroup,teamgroup elite 16 gb,2023,31.99,1.999375,$/GB
teamgroup elite 16 gb | DDR4 | 3200MHz | 2x8GB,RAM,teamgroup,teamgroup elite 16 gb,2025,47.49,2.968125,$/GB
teamgroup elite 16 gb | DDR5 | 4800MHz | 1x16GB,RAM,teamgroup,teamgroup elite 16 gb,2023,39.99,2.499375,$/GB
teamgroup elite 16 gb | DDR5 | 4800MHz | 1x16GB,RAM,teamgroup,teamgroup elite 16 gb,2025,40.99,2.561875,$/GB
teamgroup elite 16 gb | DDR5 | 4800MHz | 2x8GB,RAM,teamgroup,teamgroup elite 16 gb,2023,44.99,2.811875,$/GB
teamgroup elite 16 gb | DDR5 | 4800MHz | 2x8GB,RAM,teamgroup,teamgroup elite 16 gb,2025,49.99,3.124375,$/GB
teamgroup elite 16 gb | DDR5 | 5200MHz | 2x8GB,RAM,teamgroup,teamgroup elite 16 gb,2025,50.99,3.186875,$/GB
teamgroup elite 16 gb | DDR5 | 5600MHz | 1x16GB,RAM,teamgroup,teamgroup elite 16 gb,2025,40.49,2.530625,$/GB
teamgroup elite 16 gb | DDR5 | 6000MHz | 1x16GB,RAM,teamgroup,teamgroup elite 16 gb,2025,50.99,3.186875,$/GB
teamgroup elite 32 gb | DDR4 | 2666MHz | 2x16GB,RAM,teamgroup,teamgroup elite 32 gb,2023,53.99,1.6871875,$/GB
teamgroup elite 32 gb | DDR4 | 2666MHz | 2x16GB,RAM,teamgroup,teamgroup elite 32 gb,2025,68.98,2.155625,$/GB
teamgroup elite 32 gb | DDR4 | 3200MHz | 1x32GB,RAM,teamgroup,teamgroup elite 32 gb,2023,55.99,1.7496875,$/GB
teamgroup elite 32 gb | DDR4 | 3200MHz | 1x32GB,RAM,teamgroup,teamgroup elite 32 gb,2025,71.18,2.224375,$/GB
teamgroup elite 32 gb | DDR4 | 3200MHz | 2x16GB,RAM,teamgroup,teamgroup elite 32 gb,2025,79.98,2.499375,$/GB
teamgroup elite 32 gb | DDR5 | 4800MHz | 1x32GB,RAM,teamgroup,teamgroup elite 32 gb,2025,76.99,2.4059375,$/GB
teamgroup elite 32 gb | DDR5 | 4800MHz | 2x16GB,RAM,teamgroup,teamgroup elite 32 gb,2025,74.48,2.3275,$/GB
teamgroup elite 32 gb | DDR5 | 5200MHz | 2x16GB,RAM,teamgroup,teamgroup elite 32 gb,2025,143.66,4.489375,$/GB
teamgroup elite 32 gb | DDR5 | 5600MHz | 2x16GB,RAM,teamgroup,teamgroup elite 32 gb,2023,77.98,2.436875,$/GB
teamgroup elite 32 gb | DDR5 | 5600MHz | 2x16GB,RAM,teamgroup,teamgroup elite 32 gb,2025,75.98,2.374375,$/GB
teamgroup elite 4 gb | DDR3 | 1600MHz | 1x4GB,RAM,teamgroup,teamgroup elite 4 gb,2025,16.52,4.13,$/GB
teamgroup elite 64 gb | DDR4 | 3200MHz | 2x32GB,RAM,teamgroup,teamgroup elite 64 gb,2023,109.99,1.71859375,$/GB
teamgroup elite 64 gb | DDR4 | 3200MHz | 2x32GB,RAM,teamgroup,teamgroup elite 64 gb,2025,159.99,2.49984375,$/GB
teamgroup elite 64 gb | DDR5 | 5600MHz | 2x32GB,RAM,teamgroup,teamgroup elite 64 gb,2025,160.99,2.51546875,$/GB
teamgroup elite 8 gb | DDR3 | 1600MHz | 1x8GB,RAM,teamgroup,teamgroup elite 8 gb,2025,24.47,3.05875,$/GB
teamgroup elite 8 gb | DDR4 | 2400MHz | 1x8GB,RAM,teamgroup,teamgroup elite 8 gb,2025,70.32,8.79,$/GB
teamgroup elite 8 gb | DDR4 | 2666MHz | 1x8GB,RAM,teamgroup,teamgroup elite 8 gb,2025,24.88,3.11,$/GB
teamgroup elite 8 gb | DDR4 | 3200MHz | 1x8GB,RAM,teamgroup,teamgroup elite 8 gb,2025,26.77,3.34625,$/GB
teamgroup elite plus 16 gb | DDR5 | 4800MHz | 1x16GB,RAM,teamgroup,teamgroup elite plus 16 gb,2023,45.99,2.874375,$/GB
teamgroup elite plus 16 gb | DDR5 | 4800MHz | 1x16GB,RAM,teamgroup,teamgroup elite plus 16 gb,2025,45.99,2.874375,$/GB
teamgroup elite plus 16 gb | DDR5 | 4800MHz | 2x8GB,RAM,teamgroup,teamgroup elite plus 16 gb,2023,52.99,3.311875,$/GB
teamgroup elite plus 16 gb | DDR5 | 4800MHz | 2x8GB,RAM,teamgroup,teamgroup elite plus 16 gb,2025,39.99,2.499375,$/GB
teamgroup elite plus 16 gb | DDR5 | 5600MHz | 1x16GB,RAM,teamgroup,teamgroup elite plus 16 gb,2023,45.99,2.874375,$/GB
teamgroup elite plus 16 gb | DDR5 | 5600MHz | 1x16GB,RAM,teamgroup,teamgroup elite plus 16 gb,2025,40.99,2.561875,$/GB
teamgroup elite plus 16 gb | DDR5 | 6000MHz | 1x16GB,RAM,teamgroup,teamgroup elite plus 16 gb,2023,59.99,3.749375,$/GB
teamgroup elite plus 16 gb | DDR5 | 6000MHz | 1x16GB,RAM,teamgroup,teamgroup elite plus 16 gb,2025,41.99,2.624375,$/GB
teamgroup elite plus 32 gb | DDR5 | 4800MHz | 1x32GB,RAM,teamgroup,teamgroup elite plus 32 gb,2023,76.98,2.405625,$/GB
teamgroup elite plus 32 gb | DDR5 | 4800MHz | 1x32GB,RAM,teamgroup,teamgroup elite plus 32 gb,2025,78.98,2.468125,$/GB
teamgroup elite plus 32 gb | DDR5 | 4800MHz | 2x16GB,RAM,teamgroup,teamgroup elite plus 32 gb,2025,114.23,3.5696875,$/GB
teamgroup elite plus 64 gb | DDR5 | 4800MHz | 2x32GB,RAM,teamgroup,teamgroup elite plus 64 gb,2023,147.99,2.31234375,$/GB
teamgroup t-create classic 16 gb | DDR4 | 3200MHz | 2x8GB,RAM,teamgroup,teamgroup t-create classic 16 gb,2023,32.49,2.030625,$/GB
teamgroup t-create classic 16 gb | DDR4 | 3200MHz | 2x8GB,RAM,teamgroup,teamgroup t-create classic 16 gb,2025,39.99,2.499375,$/GB
teamgroup t-create classic 16 gb | DDR5 | 5600MHz | 1x16GB,RAM,teamgroup,teamgroup t-create classic 16 gb,2025,49.52,3.095,$/GB
teamgroup t-create classic 32 gb | DDR4 | 3200MHz | 2x16GB,RAM,teamgroup,teamgroup t-create classic 32 gb,2025,54.99,1.7184375,$/GB
teamgroup t-create classic 32 gb | DDR5 | 5600MHz | 1x32GB,RAM,teamgroup,teamgroup t-create classic 32 gb,2025,74.98,2.343125,$/GB
teamgroup t-create classic 32 gb | DDR5 | 5600MHz | 2x16GB,RAM,teamgroup,teamgroup t-create classic 32 gb,2025,77.98,2.436875,$/GB
teamgroup t-create classic 32 gb | DDR5 | 6000MHz | 2x16GB,RAM,teamgroup,teamgroup t-create classic 32 gb,2025,87.99,2.7496875,$/GB
teamgroup t-create classic 64 gb | DDR4 | 3200MHz | 2x32GB,RAM,teamgroup,teamgroup t-create classic 64 gb,2025,114.99,1.79671875,$/GB
teamgroup t-create classic 64 gb | DDR5 | 5600MHz | 2x32GB,RAM,teamgroup,teamgroup t-create classic 64 gb,2023,164.99,2.57796875,$/GB
teamgroup t-create classic 64 gb | DDR5 | 5600MHz | 2x32GB,RAM,teamgroup,teamgroup t-create classic 64 gb,2025,167.99,2.62484375,$/GB
teamgroup t-create classic 64 gb | DDR5 | 6000MHz | 2x32GB,RAM,teamgroup,teamgroup t-create classic 64 gb,2023,174.99,2.73421875,$/GB
teamgroup t-create classic 64 gb | DDR5 | 6000MHz | 2x32GB,RAM,teamgroup,teamgroup t-create classic 64 gb,2025,159.99,2.49984375,$/GB
teamgroup t-create expert 16 gb | DDR4 | 3200MHz | 2x8GB,RAM,teamgroup,teamgroup t-create expert 16 gb,2023,32.99,2.061875,$/GB
teamgroup t-create expert 16 gb | DDR4 | 3200MHz | 2x8GB,RAM,teamgroup,teamgroup t-create expert 16 gb,2025,45.99,2.874375,$/GB
teamgroup t-create expert 16 gb | DDR4 | 3600MHz | 2x8GB,RAM,teamgroup,teamgroup t-create expert 16 gb,2025,40.99,2.561875,$/GB
teamgroup t-create expert 32 gb | DDR4 | 3200MHz | 2x16GB,RAM,teamgroup,teamgroup t-create expert 32 gb,2023,52.99,1.6559375,$/GB
teamgroup t-create expert 32 gb | DDR4 | 3200MHz | 2x16GB,RAM,teamgroup,teamgroup t-create expert 32 gb,2025,62.99,1.9684375,$/GB
teamgroup t-create expert 32 gb | DDR4 | 3600MHz | 2x16GB,RAM,teamgroup,teamgroup t-create expert 32 gb,2023,60.99,1.9059375,$/GB
teamgroup t-create expert 32 gb | DDR4 | 3600MHz | 2x16GB,RAM,teamgroup,teamgroup t-create expert 32 gb,2025,65.98,2.061875,$/GB
teamgroup t-create expert 32 gb | DDR5 | 5600MHz | 2x16GB,RAM,teamgroup,teamgroup t-create expert 32 gb,2025,80.99,2.5309375,$/GB
teamgroup t-create expert 32 gb | DDR5 | 6000MHz | 2x16GB,RAM,teamgroup,teamgroup t-create expert 32 gb,2023,98.99,3.0934375,$/GB
teamgroup t-create expert 32 gb | DDR5 | 6000MHz | 2x16GB,RAM,teamgroup,teamgroup t-create expert 32 gb,2025,87.99,2.7496875,$/GB
teamgroup t-create expert 32 gb | DDR5 | 6400MHz | 2x16GB,RAM,teamgroup,teamgroup t-create expert 32 gb,2023,94.99,2.9684375,$/GB
teamgroup t-create expert 32 gb | DDR5 | 6400MHz | 2x16GB,RAM,teamgroup,teamgroup t-create expert 32 gb,2025,89.99,2.8121875,$/GB
teamgroup t-create expert 32 gb | DDR5 | 7200MHz | 2x16GB,RAM,teamgroup,teamgroup t-create expert 32 gb,2023,119.99,3.7496875,$/GB
teamgroup t-create expert 32 gb | DDR5 | 7200MHz | 2x16GB,RAM,teamgroup,teamgroup t-create expert 32 gb,2025,113.99,3.5621875,$/GB
teamgroup t-create expert 48 gb | DDR5 | 6400MHz | 2x24GB,RAM,teamgroup,teamgroup t-create expert 48 gb,2025,142.99,2.9789583333333334,$/GB
teamgroup t-create expert 48 gb | DDR5 | 7200MHz | 2x24GB,RAM,teamgroup,teamgroup t-create expert 48 gb,2023,189.99,3.9581250000000003,$/GB
teamgroup t-create expert 48 gb | DDR5 | 7200MHz | 2x24GB,RAM,teamgroup,teamgroup t-create expert 48 gb,2025,168.99,3.5206250000000003,$/GB
teamgroup t-create expert 64 gb | DDR4 | 3200MHz | 2x32GB,RAM,teamgroup,teamgroup t-create expert 64 gb,2025,258.1,4.0328125,$/GB
teamgroup t-create expert 64 gb | DDR4 | 3600MHz | 2x32GB,RAM,teamgroup,teamgroup t-create expert 64 gb,2023,124.99,1.95296875,$/GB
teamgroup t-create expert 64 gb | DDR5 | 6000MHz | 2x32GB,RAM,teamgroup,teamgroup t-create expert 64 gb,2023,184.99,2.89046875,$/GB
teamgroup t-create expert 64 gb | DDR5 | 6000MHz | 2x32GB,RAM,teamgroup,teamgroup t-create expert 64 gb,2025,176.99,2.76546875,$/GB
teamgroup t-create expert 64 gb | DDR5 | 6400MHz | 2x32GB,RAM,teamgroup,teamgroup t-create expert 64 gb,2023,194.99,3.04671875,$/GB
teamgroup t-create expert 64 gb | DDR5 | 6400MHz | 2x32GB,RAM,teamgroup,teamgroup t-create expert 64 gb,2025,180.99,2.82796875,$/GB
teamgroup t-create expert 96 gb | DDR5 | 6400MHz | 2x48GB,RAM,teamgroup,teamgroup t-create expert 96 gb,2025,291.99,3.0415625,$/GB
teamgroup t-create expert 96 gb | DDR5 | 6800MHz | 2x48GB,RAM,teamgroup,teamgroup t-create expert 96 gb,2023,355.99,3.708229166666667,$/GB
teamgroup t-create expert 96 gb | DDR5 | 6800MHz | 2x48GB,RAM,teamgroup,teamgroup t-create expert 96 gb,2025,345.99,3.6040625,$/GB
teamgroup t-create master 64 gb | DDR5 | 6000MHz | 4x16GB,RAM,teamgroup,teamgroup t-create master 64 gb,2025,420.99,6.57796875,$/GB
teamgroup t-create master 64 gb | DDR5 | 6400MHz | 4x16GB,RAM,teamgroup,teamgroup t-create master 64 gb,2025,450.99,7.04671875,$/GB
teamgroup t-create master 64 gb | DDR5 | 6800MHz | 4x16GB,RAM,teamgroup,teamgroup t-create master 64 gb,2025,549.99,8.59359375,$/GB
teamgroup t-force dark 16 gb | DDR4 | 2400MHz | 2x8GB,RAM,teamgroup,teamgroup t-force dark 16 gb,2025,159.0,9.9375,$/GB
teamgroup t-force delta rgb 16 gb | DDR4 | 3200MHz | 2x8GB,RAM,teamgroup,teamgroup t-force delta rgb 16 gb,2023,50.26,3.14125,$/GB
teamgroup t-force delta rgb 16 gb | DDR4 | 3200MHz | 2x8GB,RAM,teamgroup,teamgroup t-force delta rgb 16 gb,2025,48.49,3.030625,$/GB
teamgroup t-force delta rgb 16 gb | DDR4 | 3600MHz | 2x8GB,RAM,teamgroup,teamgroup t-force delta rgb 16 gb,2023,47.99,2.999375,$/GB
teamgroup t-force delta rgb 16 gb | DDR4 | 3600MHz | 2x8GB,RAM,teamgroup,teamgroup t-force delta rgb 16 gb,2025,50.99,3.186875,$/GB
teamgroup t-force delta rgb 16 gb | DDR5 | 5200MHz | 2x8GB,RAM,teamgroup,teamgroup t-force delta rgb 16 gb,2025,47.99,2.999375,$/GB
teamgroup t-force delta rgb 16 gb | DDR5 | 6000MHz | 2x8GB,RAM,teamgroup,teamgroup t-force delta rgb 16 gb,2025,77.99,4.874375,$/GB
teamgroup t-force delta rgb 32 gb | DDR4 | 3200MHz | 2x16GB,RAM,teamgroup,teamgroup t-force delta rgb 32 gb,2023,69.98,2.186875,$/GB
teamgroup t-force delta rgb 32 gb | DDR4 | 3200MHz | 2x16GB,RAM,teamgroup,teamgroup t-force delta rgb 32 gb,2025,74.94,2.341875,$/GB
teamgroup t-force delta rgb 32 gb | DDR4 | 3600MHz | 2x16GB,RAM,teamgroup,teamgroup t-force delta rgb 32 gb,2023,69.98,2.186875,$/GB
teamgroup t-force delta rgb 32 gb | DDR4 | 3600MHz | 2x16GB,RAM,teamgroup,teamgroup t-force delta rgb 32 gb,2025,136.69,4.2715625,$/GB
teamgroup t-force delta rgb 32 gb | DDR5 | 5200MHz | 2x16GB,RAM,teamgroup,teamgroup t-force delta rgb 32 gb,2023,104.99,3.2809375,$/GB
teamgroup t-force delta rgb 32 gb | DDR5 | 5200MHz | 2x16GB,RAM,teamgroup,teamgroup t-force delta rgb 32 gb,2025,87.99,2.7496875,$/GB
teamgroup t-force delta rgb 32 gb | DDR5 | 5600MHz | 2x16GB,RAM,teamgroup,teamgroup t-force delta rgb 32 gb,2023,102.99,3.2184375,$/GB
teamgroup t-force delta rgb 32 gb | DDR5 | 5600MHz | 2x16GB,RAM,teamgroup,teamgroup t-force delta rgb 32 gb,2025,90.99,2.8434375,$/GB
teamgroup t-force delta rgb 32 gb | DDR5 | 6000MHz | 2x16GB,RAM,teamgroup,teamgroup t-force delta rgb 32 gb,2023,104.99,3.2809375,$/GB
teamgroup t-force delta rgb 32 gb | DDR5 | 6000MHz | 2x16GB,RAM,teamgroup,teamgroup t-force delta rgb 32 gb,2025,99.49,3.1090625,$/GB
teamgroup t-force delta rgb 32 gb | DDR5 | 6200MHz | 2x16GB,RAM,teamgroup,teamgroup t-force delta rgb 32 gb,2023,99.99,3.1246875,$/GB
teamgroup t-force delta rgb 32 gb | DDR5 | 6200MHz | 2x16GB,RAM,teamgroup,teamgroup t-force delta rgb 32 gb,2025,112.23,3.5071875,$/GB
teamgroup t-force delta rgb 32 gb | DDR5 | 6400MHz | 2x16GB,RAM,teamgroup,teamgroup t-force delta rgb 32 gb,2023,102.99,3.2184375,$/GB
teamgroup t-force delta rgb 32 gb | DDR5 | 6400MHz | 2x16GB,RAM,teamgroup,teamgroup t-force delta rgb 32 gb,2025,98.99,3.0934375,$/GB
teamgroup t-force delta rgb 32 gb | DDR5 | 6800MHz | 2x16GB,RAM,teamgroup,teamgroup t-force delta rgb 32 gb,2023,113.22,3.538125,$/GB
teamgroup t-force delta rgb 32 gb | DDR5 | 6800MHz | 2x16GB,RAM,teamgroup,teamgroup t-force delta rgb 32 gb,2025,112.99,3.5309375,$/GB
teamgroup t-force delta rgb 32 gb | DDR5 | 7000MHz | 2x16GB,RAM,teamgroup,teamgroup t-force delta rgb 32 gb,2023,124.99,3.9059375,$/GB
teamgroup t-force delta rgb 32 gb | DDR5 | 7200MHz | 2x16GB,RAM,teamgroup,teamgroup t-force delta rgb 32 gb,2023,124.99,3.9059375,$/GB
teamgroup t-force delta rgb 32 gb | DDR5 | 7200MHz | 2x16GB,RAM,teamgroup,teamgroup t-force delta rgb 32 gb,2025,124.99,3.9059375,$/GB
teamgroup t-force delta rgb 32 gb | DDR5 | 7600MHz | 2x16GB,RAM,teamgroup,teamgroup t-force delta rgb 32 gb,2023,159.99,4.9996875,$/GB
teamgroup t-force delta rgb 32 gb | DDR5 | 7600MHz | 2x16GB,RAM,teamgroup,teamgroup t-force delta rgb 32 gb,2025,137.99,4.3121875,$/GB
teamgroup t-force delta rgb 32 gb | DDR5 | 7800MHz | 2x16GB,RAM,teamgroup,teamgroup t-force delta rgb 32 gb,2025,149.99,4.6871875,$/GB
teamgroup t-force delta rgb 32 gb | DDR5 | 8000MHz | 2x16GB,RAM,teamgroup,teamgroup t-force delta rgb 32 gb,2023,201.56,6.29875,$/GB
teamgroup t-force delta rgb 32 gb | DDR5 | 8000MHz | 2x16GB,RAM,teamgroup,teamgroup t-force delta rgb 32 gb,2025,159.99,4.9996875,$/GB
teamgroup t-force delta rgb 48 gb | DDR5 | 6400MHz | 2x24GB,RAM,teamgroup,teamgroup t-force delta rgb 48 gb,2025,156.99,3.2706250000000003,$/GB
teamgroup t-force delta rgb 48 gb | DDR5 | 6800MHz | 2x24GB,RAM,teamgroup,teamgroup t-force delta rgb 48 gb,2025,345.99,7.208125,$/GB
teamgroup t-force delta rgb 48 gb | DDR5 | 7200MHz | 2x24GB,RAM,teamgroup,teamgroup t-force delta rgb 48 gb,2023,199.99,4.166458333333334,$/GB
teamgroup t-force delta rgb 48 gb | DDR5 | 7200MHz | 2x24GB,RAM,teamgroup,teamgroup t-force delta rgb 48 gb,2025,179.99,3.749791666666667,$/GB
teamgroup t-force delta rgb 48 gb | DDR5 | 7600MHz | 2x24GB,RAM,teamgroup,teamgroup t-force delta rgb 48 gb,2025,209.99,4.374791666666667,$/GB
teamgroup t-force delta rgb 48 gb | DDR5 | 8000MHz | 2x24GB,RAM,teamgroup,teamgroup t-force delta rgb 48 gb,2025,214.99,4.478958333333334,$/GB
teamgroup t-force delta rgb 48 gb | DDR5 | 8200MHz | 2x24GB,RAM,teamgroup,teamgroup t-force delta rgb 48 gb,2023,257.82,5.37125,$/GB
teamgroup t-force delta rgb 48 gb | DDR5 | 8200MHz | 2x24GB,RAM,teamgroup,teamgroup t-force delta rgb 48 gb,2025,249.99,5.208125,$/GB
teamgroup t-force delta rgb 64 gb | DDR4 | 3200MHz | 2x32GB,RAM,teamgroup,teamgroup t-force delta rgb 64 gb,2023,134.99,2.10921875,$/GB
teamgroup t-force delta rgb 64 gb | DDR4 | 3600MHz | 2x32GB,RAM,teamgroup,teamgroup t-force delta rgb 64 gb,2023,134.99,2.10921875,$/GB
teamgroup t-force delta rgb 64 gb | DDR5 | 5200MHz | 2x32GB,RAM,teamgroup,teamgroup t-force delta rgb 64 gb,2023,164.99,2.57796875,$/GB
teamgroup t-force delta rgb 64 gb | DDR5 | 5600MHz | 2x32GB,RAM,teamgroup,teamgroup t-force delta rgb 64 gb,2025,164.49,2.57015625,$/GB
teamgroup t-force delta rgb 64 gb | DDR5 | 6000MHz | 2x32GB,RAM,teamgroup,teamgroup t-force delta rgb 64 gb,2023,184.99,2.89046875,$/GB
teamgroup t-force delta rgb 64 gb | DDR5 | 6000MHz | 2x32GB,RAM,teamgroup,teamgroup t-force delta rgb 64 gb,2025,182.49,2.85140625,$/GB
teamgroup t-force delta rgb 96 gb | DDR5 | 6800MHz | 2x48GB,RAM,teamgroup,teamgroup t-force delta rgb 96 gb,2025,345.99,3.6040625,$/GB
teamgroup t-force delta rgb eco 32 gb | DDR5 | 6000MHz | 2x16GB,RAM,teamgroup,teamgroup t-force delta rgb eco 32 gb,2025,84.99,2.6559375,$/GB
teamgroup t-force delta rgb eco 32 gb | DDR5 | 6400MHz | 2x16GB,RAM,teamgroup,teamgroup t-force delta rgb eco 32 gb,2025,102.99,3.2184375,$/GB
teamgroup t-force delta rgb valkyrie edition 32 gb | DDR5 | 5600MHz | 2x16GB,RAM,teamgroup,teamgroup t-force delta rgb valkyrie edition 32 gb,2023,99.99,3.1246875,$/GB
teamgroup t-force deltaα rgb 16 gb | DDR5 | 6000MHz | 2x8GB,RAM,teamgroup,teamgroup t-force deltaα rgb 16 gb,2025,73.99,4.624375,$/GB
teamgroup t-force deltaα rgb 32 gb | DDR5 | 5600MHz | 2x16GB,RAM,teamgroup,teamgroup t-force deltaα rgb 32 gb,2025,89.99,2.8121875,$/GB
teamgroup t-force deltaα rgb 32 gb | DDR5 | 6000MHz | 2x16GB,RAM,teamgroup,teamgroup t-force deltaα rgb 32 gb,2023,104.99,3.2809375,$/GB
teamgroup t-force deltaα rgb 32 gb | DDR5 | 6000MHz | 2x16GB,RAM,teamgroup,teamgroup t-force deltaα rgb 32 gb,2025,92.49,2.8903125,$/GB
teamgroup t-force vulcan 16 gb | DDR5 | 5200MHz | 1x16GB,RAM,teamgroup,teamgroup t-force vulcan 16 gb,2025,85.58,5.34875,$/GB
teamgroup t-force vulcan 16 gb | DDR5 | 5200MHz | 2x8GB,RAM,teamgroup,teamgroup t-force vulcan 16 gb,2023,64.57,4.035625,$/GB
teamgroup t-force vulcan 16 gb | DDR5 | 5200MHz | 2x8GB,RAM,teamgroup,teamgroup t-force vulcan 16 gb,2025,52.99,3.311875,$/GB
teamgroup t-force vulcan 32 gb | DDR5 | 5200MHz | 2x16GB,RAM,teamgroup,teamgroup t-force vulcan 32 gb,2025,79.99,2.4996875,$/GB
teamgroup t-force vulcan 32 gb | DDR5 | 5600MHz | 2x16GB,RAM,teamgroup,teamgroup t-force vulcan 32 gb,2023,94.99,2.9684375,$/GB
teamgroup t-force vulcan 32 gb | DDR5 | 5600MHz | 2x16GB,RAM,teamgroup,teamgroup t-force vulcan 32 gb,2025,87.99,2.7496875,$/GB
teamgroup t-force vulcan 32 gb | DDR5 | 6000MHz | 2x16GB,RAM,teamgroup,teamgroup t-force vulcan 32 gb,2023,98.99,3.0934375,$/GB
teamgroup t-force vulcan 32 gb | DDR5 | 6000MHz | 2x16GB,RAM,teamgroup,teamgroup t-force vulcan 32 gb,2025,82.99,2.5934375,$/GB
teamgroup t-force vulcan 32 gb | DDR5 | 6400MHz | 2x16GB,RAM,teamgroup,teamgroup t-force vulcan 32 gb,2023,104.99,3.2809375,$/GB
teamgroup t-force vulcan 32 gb | DDR5 | 6400MHz | 2x16GB,RAM,teamgroup,teamgroup t-force vulcan 32 gb,2025,92.24,2.8825,$/GB
teamgroup t-force vulcan 64 gb | DDR5 | 5200MHz | 2x32GB,RAM,teamgroup,teamgroup t-force vulcan 64 gb,2025,149.99,2.34359375,$/GB
teamgroup t-force vulcan 64 gb | DDR5 | 5600MHz | 2x32GB,RAM,teamgroup,teamgroup t-force vulcan 64 gb,2025,169.99,2.65609375,$/GB
teamgroup t-force vulcan 64 gb | DDR5 | 6000MHz | 2x32GB,RAM,teamgroup,teamgroup t-force vulcan 64 gb,2023,179.99,2.81234375,$/GB
teamgroup t-force vulcan 64 gb | DDR5 | 6000MHz | 2x32GB,RAM,teamgroup,teamgroup t-force vulcan 64 gb,2025,168.99,2.64046875,$/GB
teamgroup t-force vulcan 64 gb | DDR5 | 6400MHz | 2x32GB,RAM,teamgroup,teamgroup t-force vulcan 64 gb,2025,185.99,2.90609375,$/GB
teamgroup t-force vulcan alpha 32 gb | DDR5 | 6000MHz | 2x16GB,RAM,teamgroup,teamgroup t-force vulcan alpha 32 gb,2023,126.34,3.948125,$/GB
teamgroup t-force vulcan eco 32 gb | DDR5 | 6000MHz | 2x16GB,RAM,teamgroup,teamgroup t-force vulcan eco 32 gb,2025,96.99,3.0309375,$/GB
teamgroup t-force vulcan z 16 gb | DDR4 | 3200MHz | 1x16GB,RAM,teamgroup,teamgroup t-force vulcan z 16 gb,2025,66.15,4.134375,$/GB
teamgroup t-force vulcan z 16 gb | DDR4 | 3200MHz | 2x8GB,RAM,teamgroup,teamgroup t-force vulcan z 16 gb,2023,34.99,2.186875,$/GB
teamgroup t-force vulcan z 16 gb | DDR4 | 3200MHz | 2x8GB,RAM,teamgroup,teamgroup t-force vulcan z 16 gb,2025,49.0,3.0625,$/GB
teamgroup t-force vulcan z 16 gb | DDR4 | 3600MHz | 1x16GB,RAM,teamgroup,teamgroup t-force vulcan z 16 gb,2023,53.3,3.33125,$/GB
teamgroup t-force vulcan z 16 gb | DDR4 | 3600MHz | 1x16GB,RAM,teamgroup,teamgroup t-force vulcan z 16 gb,2025,79.48,4.9675,$/GB
teamgroup t-force vulcan z 16 gb | DDR4 | 3600MHz | 2x8GB,RAM,teamgroup,teamgroup t-force vulcan z 16 gb,2023,37.99,2.374375,$/GB
teamgroup t-force vulcan z 16 gb | DDR4 | 3600MHz | 2x8GB,RAM,teamgroup,teamgroup t-force vulcan z 16 gb,2025,38.99,2.436875,$/GB
teamgroup t-force vulcan z 32 gb | DDR4 | 3200MHz | 2x16GB,RAM,teamgroup,teamgroup t-force vulcan z 32 gb,2023,54.99,1.7184375,$/GB
teamgroup t-force vulcan z 32 gb | DDR4 | 3200MHz | 2x16GB,RAM,teamgroup,teamgroup t-force vulcan z 32 gb,2025,66.03,2.0634375,$/GB
teamgroup t-force vulcan z 32 gb | DDR4 | 3600MHz | 1x32GB,RAM,teamgroup,teamgroup t-force vulcan z 32 gb,2025,154.69,4.8340625,$/GB
teamgroup t-force vulcan z 32 gb | DDR4 | 3600MHz | 2x16GB,RAM,teamgroup,teamgroup t-force vulcan z 32 gb,2023,57.99,1.8121875,$/GB
teamgroup t-force vulcan z 64 gb | DDR4 | 3200MHz | 2x32GB,RAM,teamgroup,teamgroup t-force vulcan z 64 gb,2023,114.99,1.79671875,$/GB
teamgroup t-force vulcan z 8 gb | DDR4 | 3200MHz | 1x8GB,RAM,teamgroup,teamgroup t-force vulcan z 8 gb,2023,25.78,3.2225,$/GB
teamgroup t-force vulcan z 8 gb | DDR4 | 3200MHz | 1x8GB,RAM,teamgroup,teamgroup t-force vulcan z 8 gb,2025,43.49,5.43625,$/GB
teamgroup t-force vulcanα 32 gb | DDR5 | 5600MHz | 2x16GB,RAM,teamgroup,teamgroup t-force vulcanα 32 gb,2025,82.49,2.5778125,$/GB
teamgroup t-force vulcanα 32 gb | DDR5 | 6000MHz | 2x16GB,RAM,teamgroup,teamgroup t-force vulcanα 32 gb,2025,157.43,4.9196875,$/GB
teamgroup t-force vulcanα 64 gb | DDR5 | 6000MHz | 2x32GB,RAM,teamgroup,teamgroup t-force vulcanα 64 gb,2025,165.49,2.58578125,$/GB
teamgroup t-force xtreem 32 gb | DDR5 | 7200MHz | 2x16GB,RAM,teamgroup,teamgroup t-force xtreem 32 gb,2025,121.99,3.8121875,$/GB
teamgroup t-force xtreem 32 gb | DDR5 | 7600MHz | 2x16GB,RAM,teamgroup,teamgroup t-force xtreem 32 gb,2025,154.99,4.8434375,$/GB
teamgroup t-force xtreem 48 gb | DDR5 | 7200MHz | 2x24GB,RAM,teamgroup,teamgroup t-force xtreem 48 gb,2025,181.99,3.7914583333333334,$/GB
teamgroup t-force xtreem 48 gb | DDR5 | 7600MHz | 2x24GB,RAM,teamgroup,teamgroup t-force xtreem 48 gb,2025,199.99,4.166458333333334,$/GB
teamgroup t-force xtreem argb 16 gb | DDR4 | 3200MHz | 2x8GB,RAM,teamgroup,teamgroup t-force xtreem argb 16 gb,2025,188.92,11.8075,$/GB
teamgroup t-force xtreem argb 16 gb | DDR4 | 3600MHz | 2x8GB,RAM,teamgroup,teamgroup t-force xtreem argb 16 gb,2025,52.99,3.311875,$/GB
teamgroup t-force xtreem argb 16 gb | DDR4 | 4000MHz | 2x8GB,RAM,teamgroup,teamgroup t-force xtreem argb 16 gb,2025,84.99,5.311875,$/GB
teamgroup t-force xtreem argb 32 gb | DDR4 | 3200MHz | 2x16GB,RAM,teamgroup,teamgroup t-force xtreem argb 32 gb,2025,128.38,4.011875,$/GB
teamgroup t-force xtreem argb 32 gb | DDR4 | 3600MHz | 2x16GB,RAM,teamgroup,teamgroup t-force xtreem argb 32 gb,2023,84.99,2.6559375,$/GB
teamgroup t-force xtreem argb 32 gb | DDR4 | 4000MHz | 2x16GB,RAM,teamgroup,teamgroup t-force xtreem argb 32 gb,2023,114.05,3.5640625,$/GB
teamgroup t-force xtreem argb 64 gb | DDR4 | 3600MHz | 2x32GB,RAM,teamgroup,teamgroup t-force xtreem argb 64 gb,2023,139.99,2.18734375,$/GB
teamgroup t-force zeus 64 gb | DDR4 | 3200MHz | 2x32GB,RAM,teamgroup,teamgroup t-force zeus 64 gb,2023,109.99,1.71859375,$/GB
teamgroup vulcan z 16 gb | DDR4 | 3600MHz | 2x8GB,RAM,teamgroup,teamgroup vulcan z 16 gb,2023,37.99,2.374375,$/GB
teamgroup vulcan z 16 gb | DDR4 | 3600MHz | 2x8GB,RAM,teamgroup,teamgroup vulcan z 16 gb,2025,42.99,2.686875,$/GB
teamgroup xtreem 32 gb | DDR5 | 6000MHz | 2x16GB,RAM,teamgroup,teamgroup xtreem 32 gb,2025,105.99,3.3121875,$/GB
teamgroup xtreem 32 gb | DDR5 | 6400MHz | 2x16GB,RAM,teamgroup,teamgroup xtreem 32 gb,2025,105.99,3.3121875,$/GB
teamgroup xtreem 32 gb | DDR5 | 7200MHz | 2x16GB,RAM,teamgroup,teamgroup xtreem 32 gb,2025,121.99,3.8121875,$/GB
teamgroup xtreem 32 gb | DDR5 | 7600MHz | 2x16GB,RAM,teamgroup,teamgroup xtreem 32 gb,2023,179.99,5.6246875,$/GB
teamgroup xtreem 32 gb | DDR5 | 7600MHz | 2x16GB,RAM,teamgroup,teamgroup xtreem 32 gb,2025,154.99,4.8434375,$/GB
teamgroup xtreem 32 gb | DDR5 | 8000MHz | 2x16GB,RAM,teamgroup,teamgroup xtreem 32 gb,2025,189.99,5.9371875,$/GB
teamgroup xtreem 48 gb | DDR5 | 7200MHz | 2x24GB,RAM,teamgroup,teamgroup xtreem 48 gb,2025,181.99,3.7914583333333334,$/GB
teamgroup xtreem 48 gb | DDR5 | 7600MHz | 2x24GB,RAM,teamgroup,teamgroup xtreem 48 gb,2025,209.99,4.374791666666667,$/GB
teamgroup xtreem 48 gb | DDR5 | 8000MHz | 2x24GB,RAM,teamgroup,teamgroup xtreem 48 gb,2023,249.99,5.208125,$/GB
teamgroup xtreem 48 gb | DDR5 | 8000MHz | 2x24GB,RAM,teamgroup,teamgroup xtreem 48 gb,2025,216.99,4.520625,$/GB
teamgroup xtreem 48 gb | DDR5 | 8200MHz | 2x24GB,RAM,teamgroup,teamgroup xtreem 48 gb,2025,237.99,4.958125,$/GB
teamgroup xtreem argb 32 gb | DDR5 | 6400MHz | 2x16GB,RAM,teamgroup,teamgroup xtreem argb 32 gb,2025,119.99,3.7496875,$/GB
teamgroup xtreem argb 32 gb | DDR5 | 7200MHz | 2x16GB,RAM,teamgroup,teamgroup xtreem argb 32 gb,2025,139.99,4.3746875,$/GB
teamgroup xtreem argb 32 gb | DDR5 | 7600MHz | 2x16GB,RAM,teamgroup,teamgroup xtreem argb 32 gb,2025,189.99,5.9371875,$/GB
teamgroup xtreem argb 32 gb | DDR5 | 8000MHz | 2x16GB,RAM,teamgroup,teamgroup xtreem argb 32 gb,2025,199.99,6.2496875,$/GB
teamgroup xtreem argb 48 gb | DDR5 | 7200MHz | 2x24GB,RAM,teamgroup,teamgroup xtreem argb 48 gb,2025,186.99,3.8956250000000003,$/GB
teamgroup xtreem argb 48 gb | DDR5 | 7600MHz | 2x24GB,RAM,teamgroup,teamgroup xtreem argb 48 gb,2025,229.99,4.791458333333334,$/GB
teamgroup xtreem argb 48 gb | DDR5 | 8000MHz | 2x24GB,RAM,teamgroup,teamgroup xtreem argb 48 gb,2023,259.99,5.416458333333334,$/GB
teamgroup xtreem argb 48 gb | DDR5 | 8000MHz | 2x24GB,RAM,teamgroup,teamgroup xtreem argb 48 gb,2025,249.99,5.208125,$/GB
thermaltake h-one 16 gb | DDR4 | 3200MHz | 2x8GB,RAM,thermaltake,thermaltake h-one 16 gb,2025,71.84,4.49,$/GB
thermaltake toughram 16 gb | DDR4 | 3600MHz | 2x8GB,RAM,thermaltake,thermaltake toughram 16 gb,2025,125.62,7.85125,$/GB
thermaltake toughram 16 gb | DDR4 | 4000MHz | 2x8GB,RAM,thermaltake,thermaltake toughram 16 gb,2025,134.56,8.41,$/GB
thermaltake toughram 16 gb | DDR4 | 4400MHz | 2x8GB,RAM,thermaltake,thermaltake toughram 16 gb,2025,199.99,12.499375,$/GB
thermaltake toughram rgb 16 gb | DDR4 | 3200MHz | 2x8GB,RAM,thermaltake,thermaltake toughram rgb 16 gb,2025,113.79,7.111875,$/GB
thermaltake toughram rgb 16 gb | DDR4 | 3600MHz | 2x8GB,RAM,thermaltake,thermaltake toughram rgb 16 gb,2023,122.7,7.66875,$/GB
thermaltake toughram rgb 16 gb | DDR4 | 3600MHz | 2x8GB,RAM,thermaltake,thermaltake toughram rgb 16 gb,2025,113.3,7.08125,$/GB
thermaltake toughram rgb 16 gb | DDR4 | 4400MHz | 2x8GB,RAM,thermaltake,thermaltake toughram rgb 16 gb,2025,149.39,9.336875,$/GB
thermaltake toughram xg rgb 16 gb | DDR4 | 3600MHz | 2x8GB,RAM,thermaltake,thermaltake toughram xg rgb 16 gb,2025,154.98,9.68625,$/GB
thermaltake toughram xg rgb 16 gb | DDR4 | 4000MHz | 2x8GB,RAM,thermaltake,thermaltake toughram xg rgb 16 gb,2025,159.38,9.96125,$/GB
thermaltake toughram xg rgb 16 gb | DDR4 | 4400MHz | 2x8GB,RAM,thermaltake,thermaltake toughram xg rgb 16 gb,2025,70.22,4.38875,$/GB
thermaltake toughram xg rgb 16 gb | DDR4 | 4600MHz | 2x8GB,RAM,thermaltake,thermaltake toughram xg rgb 16 gb,2025,222.48,13.905,$/GB
thermaltake toughram xg rgb 32 gb | DDR4 | 3600MHz | 2x16GB,RAM,thermaltake,thermaltake toughram xg rgb 32 gb,2023,299.99,9.3746875,$/GB
thermaltake toughram xg rgb 32 gb | DDR4 | 3600MHz | 2x16GB,RAM,thermaltake,thermaltake toughram xg rgb 32 gb,2025,302.48,9.4525,$/GB
thermaltake toughram xg rgb 64 gb | DDR4 | 3600MHz | 2x32GB,RAM,thermaltake,thermaltake toughram xg rgb 64 gb,2025,542.48,8.47625,$/GB
thermaltake toughram xg rgb 64 gb | DDR4 | 4000MHz | 2x32GB,RAM,thermaltake,thermaltake toughram xg rgb 64 gb,2023,549.99,8.59359375,$/GB
thermaltake toughram xg rgb 64 gb | DDR4 | 4000MHz | 2x32GB,RAM,thermaltake,thermaltake toughram xg rgb 64 gb,2025,554.98,8.6715625,$/GB
thermaltake toughram xg rgb d5 32 gb | DDR5 | 5600MHz | 2x16GB,RAM,thermaltake,thermaltake toughram xg rgb d5 32 gb,2025,164.98,5.155625,$/GB
thermaltake toughram xg rgb d5 32 gb | DDR5 | 6000MHz | 2x16GB,RAM,thermaltake,thermaltake toughram xg rgb d5 32 gb,2025,154.98,4.843125,$/GB
thermaltake toughram z-one rgb 16 gb | DDR4 | 3200MHz | 2x8GB,RAM,thermaltake,thermaltake toughram z-one rgb 16 gb,2025,129.98,8.12375,$/GB
thermaltake toughram z-one rgb 16 gb | DDR4 | 3600MHz | 2x8GB,RAM,thermaltake,thermaltake toughram z-one rgb 16 gb,2025,139.98,8.74875,$/GB
timetec 75tt133u2r8-8g 8 gb | DDR3 | 1333MHz | 1x8GB,RAM,timetec,timetec 75tt133u2r8-8g 8 gb,2025,11.99,1.49875,$/GB
timetec 75tt21nu 8 gb | DDR4 | 2133MHz | 2x4GB,RAM,timetec,timetec 75tt21nu 8 gb,2025,29.99,3.74875,$/GB
timetec fba_75tt160ul1r8-4g 16 gb | DDR3 | 1600MHz | 2x8GB,RAM,timetec,timetec fba_75tt160ul1r8-4g 16 gb,2023,19.98,1.24875,$/GB
timetec fba_75tt160ul1r8-4g 16 gb | DDR3 | 1600MHz | 2x8GB,RAM,timetec,timetec fba_75tt160ul1r8-4g 16 gb,2025,16.98,1.06125,$/GB
timetec pinnacle konduit 16 gb | DDR4 | 3200MHz | 1x16GB,RAM,timetec,timetec pinnacle konduit 16 gb,2025,30.99,1.936875,$/GB
timetec pinnacle konduit 16 gb | DDR4 | 3200MHz | 2x8GB,RAM,timetec,timetec pinnacle konduit 16 gb,2025,31.99,1.999375,$/GB
timetec pinnacle konduit 16 gb | DDR4 | 3600MHz | 1x16GB,RAM,timetec,timetec pinnacle konduit 16 gb,2023,35.99,2.249375,$/GB
timetec pinnacle konduit 16 gb | DDR4 | 3600MHz | 1x16GB,RAM,timetec,timetec pinnacle konduit 16 gb,2025,30.99,1.936875,$/GB
timetec pinnacle konduit 16 gb | DDR4 | 3600MHz | 2x8GB,RAM,timetec,timetec pinnacle konduit 16 gb,2023,49.55,3.096875,$/GB
timetec pinnacle konduit 16 gb | DDR4 | 3600MHz | 2x8GB,RAM,timetec,timetec pinnacle konduit 16 gb,2025,33.99,2.124375,$/GB
timetec pinnacle konduit 32 gb | DDR4 | 3200MHz | 1x32GB,RAM,timetec,timetec pinnacle konduit 32 gb,2025,69.99,2.1871875,$/GB
timetec pinnacle konduit 32 gb | DDR4 | 3200MHz | 2x16GB,RAM,timetec,timetec pinnacle konduit 32 gb,2025,59.99,1.8746875,$/GB
timetec pinnacle konduit 32 gb | DDR4 | 3600MHz | 1x32GB,RAM,timetec,timetec pinnacle konduit 32 gb,2025,49.99,1.5621875,$/GB
timetec pinnacle konduit 32 gb | DDR4 | 3600MHz | 2x16GB,RAM,timetec,timetec pinnacle konduit 32 gb,2023,67.99,2.1246875,$/GB
timetec pinnacle konduit 8 gb | DDR4 | 3200MHz | 1x8GB,RAM,timetec,timetec pinnacle konduit 8 gb,2025,17.99,2.24875,$/GB
timetec pinnacle konduit 8 gb | DDR4 | 3600MHz | 1x8GB,RAM,timetec,timetec pinnacle konduit 8 gb,2023,23.99,2.99875,$/GB
timetec pinnacle konduit 8 gb | DDR4 | 3600MHz | 1x8GB,RAM,timetec,timetec pinnacle konduit 8 gb,2025,17.99,2.24875,$/GB
timetec pinnacle konduit rgb 16 gb | DDR4 | 3200MHz | 1x16GB,RAM,timetec,timetec pinnacle konduit rgb 16 gb,2023,44.55,2.784375,$/GB
timetec pinnacle konduit rgb 16 gb | DDR4 | 3200MHz | 2x8GB,RAM,timetec,timetec pinnacle konduit rgb 16 gb,2025,36.99,2.311875,$/GB
timetec pinnacle konduit rgb 16 gb | DDR4 | 3600MHz | 2x8GB,RAM,timetec,timetec pinnacle konduit rgb 16 gb,2025,39.99,2.499375,$/GB
timetec pinnacle konduit rgb 32 gb | DDR4 | 3200MHz | 1x32GB,RAM,timetec,timetec pinnacle konduit rgb 32 gb,2025,55.99,1.7496875,$/GB
timetec pinnacle konduit rgb 32 gb | DDR4 | 3200MHz | 2x16GB,RAM,timetec,timetec pinnacle konduit rgb 32 gb,2023,80.55,2.5171875,$/GB
timetec pinnacle konduit rgb 8 gb | DDR4 | 3200MHz | 1x8GB,RAM,timetec,timetec pinnacle konduit rgb 8 gb,2023,26.99,3.37375,$/GB
timetec pinnacle konduit rgb 8 gb | DDR4 | 3200MHz | 1x8GB,RAM,timetec,timetec pinnacle konduit rgb 8 gb,2025,19.99,2.49875,$/GB
timetec pinnacle konduit rgb 8 gb | DDR4 | 3600MHz | 1x8GB,RAM,timetec,timetec pinnacle konduit rgb 8 gb,2025,21.99,2.74875,$/GB
transcend jetram 8 gb | DDR3 | 1600MHz | 1x8GB,RAM,transcend,transcend jetram 8 gb,2025,46.1,5.7625,$/GB
transcend ts512msk64v3n 4 gb | DDR3 | 1333MHz | 1x4GB,RAM,transcend,transcend ts512msk64v3n 4 gb,2025,37.71,9.4275,$/GB
v-color prism pro 16 gb | DDR4 | 3600MHz | 2x8GB,RAM,v-color,v-color prism pro 16 gb,2023,45.99,2.874375,$/GB
v-color td48g26s819-vc 8 gb | DDR4 | 2666MHz | 1x8GB,RAM,v-color,v-color td48g26s819-vc 8 gb,2025,18.98,2.3725,$/GB
v-color tra516g56s836q 64 gb | DDR5 | 5600MHz | 4x16GB,RAM,v-color,v-color tra516g56s836q 64 gb,2025,455.99,7.12484375,$/GB
v-color tra516g60s832q 64 gb | DDR5 | 6000MHz | 4x16GB,RAM,v-color,v-color tra516g60s832q 64 gb,2025,503.99,7.87484375,$/GB
v-color tra516g64s832q 64 gb | DDR5 | 6400MHz | 4x16GB,RAM,v-color,v-color tra516g64s832q 64 gb,2025,551.99,8.62484375,$/GB
v-color tra516g66s834q 64 gb | DDR5 | 6600MHz | 4x16GB,RAM,v-color,v-color tra516g66s834q 64 gb,2025,599.99,9.37484375,$/GB
v-color tra516g68s834q 64 gb | DDR5 | 6800MHz | 4x16GB,RAM,v-color,v-color tra516g68s834q 64 gb,2025,671.99,10.49984375,$/GB
v-color tra516g70s834q 64 gb | DDR5 | 7000MHz | 4x16GB,RAM,v-color,v-color tra516g70s834q 64 gb,2025,743.99,11.62484375,$/GB
v-color tra516g72s834q 64 gb | DDR5 | 7200MHz | 4x16GB,RAM,v-color,v-color tra516g72s834q 64 gb,2025,795.99,12.43734375,$/GB
v-color tra524g56s836q 96 gb | DDR5 | 5600MHz | 4x24GB,RAM,v-color,v-color tra524g56s836q 96 gb,2025,623.99,6.499895833333333,$/GB
v-color tra524g60s832q 96 gb | DDR5 | 6000MHz | 4x24GB,RAM,v-color,v-color tra524g60s832q 96 gb,2025,671.99,6.999895833333333,$/GB
v-color tra524g64s832q 96 gb | DDR5 | 6400MHz | 4x24GB,RAM,v-color,v-color tra524g64s832q 96 gb,2025,719.99,7.499895833333333,$/GB
v-color tra524g66s834q 96 gb | DDR5 | 6600MHz | 4x24GB,RAM,v-color,v-color tra524g66s834q 96 gb,2025,791.99,8.249895833333333,$/GB
v-color tra532g56s436q 128 gb | DDR5 | 5600MHz | 4x32GB,RAM,v-color,v-color tra532g56s436q 128 gb,2025,795.99,6.218671875,$/GB
v-color xsky rgb 32 gb | DDR5 | 6000MHz | 2x16GB,RAM,v-color,v-color xsky rgb 32 gb,2025,164.99,5.1559375,$/GB
v-color xsky rgb 32 gb | DDR5 | 6200MHz | 2x16GB,RAM,v-color,v-color xsky rgb 32 gb,2025,174.99,5.4684375,$/GB
v7 v7192008gbs 8 gb | DDR4 | 2400MHz | 1x8GB,RAM,v7,v7 v7192008gbs 8 gb,2025,34.93,4.36625,$/GB
visiontek 900848 16 gb | DDR3 | 1600MHz | 1x16GB,RAM,visiontek,visiontek 900848 16 gb,2025,155.04,9.69,$/GB
visiontek adrenaline 4 gb | DDR2 | 800MHz | 1x4GB,RAM,visiontek,visiontek adrenaline 4 gb,2025,131.99,32.9975,$/GB
visiontek ocpc pista rgb 32 gb | DDR5 | 5200MHz | 2x16GB,RAM,visiontek,visiontek ocpc pista rgb 32 gb,2023,319.99,9.9996875,$/GB
wintec one 4 gb | DDR3 | 1600MHz | 2x2GB,RAM,wintec,wintec one 4 gb,2025,43.36,10.84,$/GB
wintec one 8 gb | DDR3 | 1333MHz | 2x4GB,RAM,wintec,wintec one 8 gb,2025,74.98,9.3725,$/GB
acer fa100 | 1.0TB | SSD,Storage,acer,acer fa100,2025,59.99,0.05999,$/GB
acer fa100 | 2.0TB | SSD,Storage,acer,acer fa100,2023,114.99,0.057495,$/GB
acer fa100 | 2.0TB | SSD,Storage,acer,acer fa100,2025,99.99,0.049995,$/GB
acer fa100 | 256GB | SSD,Storage,acer,acer fa100,2025,27.99,0.1093359375,$/GB
acer fa100 | 512GB | SSD,Storage,acer,acer fa100,2025,37.99,0.07419921875,$/GB
acer predator gm7 | 2.0TB | SSD,Storage,acer,acer predator gm7,2025,124.99,0.062494999999999995,$/GB
acer predator gm7 | 4.0TB | SSD,Storage,acer,acer predator gm7,2025,234.99,0.0587475,$/GB
acer predator gm7000 | 1.0TB | SSD,Storage,acer,acer predator gm7000,2023,84.99,0.08499,$/GB
acer predator gm7000 | 1.0TB | SSD,Storage,acer,acer predator gm7000,2025,77.98,0.07798000000000001,$/GB
acer predator gm7000 | 2.0TB | SSD,Storage,acer,acer predator gm7000,2023,134.99,0.067495,$/GB
acer predator gm7000 | 2.0TB | SSD,Storage,acer,acer predator gm7000,2025,124.99,0.062494999999999995,$/GB
acer predator gm7000 | 512GB | SSD,Storage,acer,acer predator gm7000,2025,52.99,0.10349609375,$/GB
adata falcon | 1.0TB | SSD,Storage,adata,adata falcon,2025,84.97,0.08497,$/GB
adata legend 700 gold | 2.0TB | SSD,Storage,adata,adata legend 700 gold,2025,129.99,0.06499500000000001,$/GB
adata legend 700 | 1.0TB | SSD,Storage,adata,adata legend 700,2023,101.91,0.10191,$/GB
adata legend 700 | 1.0TB | SSD,Storage,adata,adata legend 700,2025,79.98,0.07998000000000001,$/GB
adata legend 710 | 1.0TB | SSD,Storage,adata,adata legend 710,2025,74.98,0.07498,$/GB
adata legend 800 | 1.0TB | SSD,Storage,adata,adata legend 800,2023,76.41,0.07640999999999999,$/GB
adata legend 800 | 2.0TB | SSD,Storage,adata,adata legend 800,2023,108.99,0.054494999999999995,$/GB
adata legend 800 | 2.0TB | SSD,Storage,adata,adata legend 800,2025,119.99,0.059995,$/GB
adata legend 850 lite | 1.0TB | SSD,Storage,adata,adata legend 850 lite,2023,68.98,0.06898,$/GB
adata legend 850 lite | 1.0TB | SSD,Storage,adata,adata legend 850 lite,2025,72.98,0.07298,$/GB
adata legend 850 lite | 2.0TB | SSD,Storage,adata,adata legend 850 lite,2023,112.99,0.056495,$/GB
adata legend 850 lite | 2.0TB | SSD,Storage,adata,adata legend 850 lite,2025,120.99,0.060495,$/GB
adata legend 850 lite | 500GB | SSD,Storage,adata,adata legend 850 lite,2025,49.99,0.09998,$/GB
adata legend 850 | 1.0TB | SSD,Storage,adata,adata legend 850,2023,73.99,0.07399,$/GB
adata legend 850 | 512GB | SSD,Storage,adata,adata legend 850,2025,54.99,0.10740234375,$/GB
adata legend 860 | 1.0TB | SSD,Storage,adata,adata legend 860,2025,77.49,0.07748999999999999,$/GB
adata legend 860 | 2.0TB | SSD,Storage,adata,adata legend 860,2025,131.39,0.06569499999999999,$/GB
adata legend 860 | 500GB | SSD,Storage,adata,adata legend 860,2025,53.95,0.10790000000000001,$/GB
adata legend 900 | 1.0TB | SSD,Storage,adata,adata legend 900,2025,79.98,0.07998000000000001,$/GB
adata legend 900 | 2.0TB | SSD,Storage,adata,adata legend 900,2025,139.99,0.069995,$/GB
adata legend 900 | 512GB | SSD,Storage,adata,adata legend 900,2025,71.25,0.13916015625,$/GB
adata legend 960 max | 1.0TB | SSD,Storage,adata,adata legend 960 max,2023,89.99,0.08999,$/GB
adata legend 960 max | 1.0TB | SSD,Storage,adata,adata legend 960 max,2025,89.99,0.08999,$/GB
adata legend 960 max | 2.0TB | SSD,Storage,adata,adata legend 960 max,2025,284.77,0.14238499999999998,$/GB
adata legend 960 max | 4.0TB | SSD,Storage,adata,adata legend 960 max,2025,475.46,0.118865,$/GB
adata legend 960 | 1.0TB | SSD,Storage,adata,adata legend 960,2025,108.82,0.10882,$/GB
adata legend 960 | 2.0TB | SSD,Storage,adata,adata legend 960,2023,163.8,0.0819,$/GB
adata legend 960 | 2.0TB | SSD,Storage,adata,adata legend 960,2025,206.77,0.103385,$/GB
adata legend 970 | 1.0TB | SSD,Storage,adata,adata legend 970,2025,205.34,0.20534,$/GB
adata legend 970 | 2.0TB | SSD,Storage,adata,adata legend 970,2023,289.99,0.144995,$/GB
adata mars 980 blade | 1.0TB | SSD,Storage,adata,adata mars 980 blade,2025,120.99,0.12099,$/GB
adata mars 980 blade | 2.0TB | SSD,Storage,adata,adata mars 980 blade,2025,177.99,0.088995,$/GB
adata mars 980 blade | 4.0TB | SSD,Storage,adata,adata mars 980 blade,2025,334.99,0.0837475,$/GB
adata premier pro sp900 | 256GB | SSD,Storage,adata,adata premier pro sp900,2025,299.95,1.1716796875,$/GB
adata premier pro sp900 | 64GB | SSD,Storage,adata,adata premier pro sp900,2023,96.47,1.50734375,$/GB
adata premier pro sp900 | 64GB | SSD,Storage,adata,adata premier pro sp900,2025,79.45,1.24140625,$/GB
adata premium for ps5 | 1.0TB | SSD,Storage,adata,adata premium for ps5,2025,75.98,0.07598,$/GB
adata premium for ps5 | 2.0TB | SSD,Storage,adata,adata premium for ps5,2025,139.99,0.069995,$/GB
adata s511 | 240GB | SSD,Storage,adata,adata s511,2025,304.7,1.2695833333333333,$/GB
adata su630 | 240GB | SSD,Storage,adata,adata su630,2025,26.61,0.110875,$/GB
adata su630 | 480GB | SSD,Storage,adata,adata su630,2025,32.99,0.06872916666666667,$/GB
adata su630 | 960GB | SSD,Storage,adata,adata su630,2025,68.99,0.07186458333333333,$/GB
adata su800 | 1.0TB | SSD,Storage,adata,adata su800,2023,85.78,0.08578,$/GB
adata su800 | 1.0TB | SSD,Storage,adata,adata su800,2025,96.29,0.09629,$/GB
adata su800 | 256GB | SSD,Storage,adata,adata su800,2025,47.94,0.187265625,$/GB
adata su800 | 512GB | SSD,Storage,adata,adata su800,2025,57.87,0.11302734375,$/GB
adata ultimate su650 | 120GB | SSD,Storage,adata,adata ultimate su650,2023,11.99,0.09991666666666667,$/GB
adata ultimate su650 | 240GB | SSD,Storage,adata,adata ultimate su650,2023,28.74,0.11975,$/GB
adata ultimate su650 | 240GB | SSD,Storage,adata,adata ultimate su650,2025,24.41,0.10170833333333333,$/GB
adata ultimate su650 | 480GB | SSD,Storage,adata,adata ultimate su650,2023,51.96,0.10825,$/GB
adata ultimate su650 | 480GB | SSD,Storage,adata,adata ultimate su650,2025,38.15,0.07947916666666667,$/GB
adata ultimate su650 | 960GB | SSD,Storage,adata,adata ultimate su650,2025,130.0,0.13541666666666666,$/GB
adata ultimate su750 | 1.0TB | SSD,Storage,adata,adata ultimate su750,2025,80.0,0.08,$/GB
adata xpg gammix s11 pro | 1.0TB | SSD,Storage,adata,adata xpg gammix s11 pro,2025,198.9,0.1989,$/GB
adata xpg gammix s50 lite | 1.0TB | SSD,Storage,adata,adata xpg gammix s50 lite,2025,205.18,0.20518,$/GB
adata xpg gammix s50 lite | 2.0TB | SSD,Storage,adata,adata xpg gammix s50 lite,2023,300.0,0.15,$/GB
adata xpg gammix s50 lite | 2.0TB | SSD,Storage,adata,adata xpg gammix s50 lite,2025,338.38,0.16919,$/GB
adata xpg gammix s7 | 1.0TB | SSD,Storage,adata,adata xpg gammix s7,2023,59.99,0.05999,$/GB
adata xpg gammix s70 blade | 1.0TB | SSD,Storage,adata,adata xpg gammix s70 blade,2023,99.99,0.09999,$/GB
adata xpg gammix s70 blade | 1.0TB | SSD,Storage,adata,adata xpg gammix s70 blade,2025,75.98,0.07598,$/GB
adata xpg gammix s70 blade | 2.0TB | SSD,Storage,adata,adata xpg gammix s70 blade,2023,149.99,0.074995,$/GB
adata xpg gammix s70 blade | 2.0TB | SSD,Storage,adata,adata xpg gammix s70 blade,2025,169.95,0.084975,$/GB
adata xpg gammix s70 blade | 4.0TB | SSD,Storage,adata,adata xpg gammix s70 blade,2023,279.99,0.0699975,$/GB
adata xpg gammix s70 blade | 4.0TB | SSD,Storage,adata,adata xpg gammix s70 blade,2025,274.99,0.0687475,$/GB
adata xpg gammix s70 blade | 512GB | SSD,Storage,adata,adata xpg gammix s70 blade,2025,71.18,0.1390234375,$/GB
adata xpg spectrix s20g | 1.0TB | SSD,Storage,adata,adata xpg spectrix s20g,2025,134.64,0.13463999999999998,$/GB
adata xpg spectrix s20g | 500GB | SSD,Storage,adata,adata xpg spectrix s20g,2025,66.06,0.13212000000000002,$/GB
adata xpg spectrix s40g rgb | 512GB | SSD,Storage,adata,adata xpg spectrix s40g rgb,2025,49.0,0.095703125,$/GB
adata xpg sx6000 pro | 512GB | SSD,Storage,adata,adata xpg sx6000 pro,2025,54.99,0.10740234375,$/GB
adata xpg sx6000 | 128GB | SSD,Storage,adata,adata xpg sx6000,2023,78.75,0.615234375,$/GB
adata xpg sx8100 | 4.0TB | SSD,Storage,adata,adata xpg sx8100,2025,499.99,0.1249975,$/GB
adata xpg sx8100 | 512GB | SSD,Storage,adata,adata xpg sx8100,2023,76.09,0.14861328125,$/GB
adata xpg sx8100 | 512GB | SSD,Storage,adata,adata xpg sx8100,2025,84.87,0.16576171875,$/GB
adata xpg sx8200 pro | 1.0TB | SSD,Storage,adata,adata xpg sx8200 pro,2023,98.45,0.09845000000000001,$/GB
adata xpg sx8200 pro | 256GB | SSD,Storage,adata,adata xpg sx8200 pro,2023,59.89,0.2339453125,$/GB
adata xpg sx910 | 512GB | SSD,Storage,adata,adata xpg sx910,2025,642.64,1.25515625,$/GB
adata xpg sx930 | 120GB | SSD,Storage,adata,adata xpg sx930,2023,229.27,1.9105833333333335,$/GB
adata xpg sx930 | 120GB | SSD,Storage,adata,adata xpg sx930,2025,253.41,2.11175,$/GB
addlink a93 ps5 | 1.0TB | SSD,Storage,addlink,addlink a93 ps5,2025,70.44,0.07044,$/GB
addlink a93 ps5 | 2.0TB | SSD,Storage,addlink,addlink a93 ps5,2025,115.99,0.057995,$/GB
addlink a93 ps5 | 4.0TB | SSD,Storage,addlink,addlink a93 ps5,2025,234.44,0.05861,$/GB
addlink a95 | 1.0TB | SSD,Storage,addlink,addlink a95,2023,86.44,0.08644,$/GB
addlink a95 | 1.0TB | SSD,Storage,addlink,addlink a95,2025,93.44,0.09344,$/GB
addlink a95 | 2.0TB | SSD,Storage,addlink,addlink a95,2025,146.44,0.07322,$/GB
addlink a95 | 4.0TB | SSD,Storage,addlink,addlink a95,2025,251.99,0.0629975,$/GB
addlink a95 | 8.0TB | SSD,Storage,addlink,addlink a95,2023,939.44,0.11743,$/GB
addlink a95 | 8.0TB | SSD,Storage,addlink,addlink a95,2025,845.44,0.10568000000000001,$/GB
addlink d60 | 1.9TB | SSD,Storage,addlink,addlink d60,2025,239.44,0.12470833333333334,$/GB
addlink d60 | 960GB | SSD,Storage,addlink,addlink d60,2025,139.44,0.14525,$/GB
addlink g55 | 1.0TB | SSD,Storage,addlink,addlink g55,2025,91.99,0.09198999999999999,$/GB
addlink g55 | 2.0TB | SSD,Storage,addlink,addlink g55,2025,211.99,0.105995,$/GB
addlink g55h | 1.0TB | SSD,Storage,addlink,addlink g55h,2025,122.99,0.12298999999999999,$/GB
addlink g55h | 2.0TB | SSD,Storage,addlink,addlink g55h,2025,165.99,0.082995,$/GB
addlink s20 | 1.0TB | SSD,Storage,addlink,addlink s20,2023,64.98,0.06498000000000001,$/GB
addlink s20 | 1.0TB | SSD,Storage,addlink,addlink s20,2025,56.99,0.05699,$/GB
addlink s20 | 512GB | SSD,Storage,addlink,addlink s20,2025,31.99,0.06248046875,$/GB
addlink s70 | 1.0TB | SSD,Storage,addlink,addlink s70,2023,67.88,0.06788,$/GB
addlink s70 | 1.0TB | SSD,Storage,addlink,addlink s70,2025,57.88,0.05788,$/GB
addlink s70 | 2.0TB | SSD,Storage,addlink,addlink s70,2025,106.44,0.053219999999999996,$/GB
addlink s70 | 512GB | SSD,Storage,addlink,addlink s70,2023,42.44,0.082890625,$/GB
addlink s70 | 512GB | SSD,Storage,addlink,addlink s70,2025,32.88,0.06421875,$/GB
addlink s91 | 1.0TB | SSD,Storage,addlink,addlink s91,2023,92.44,0.09244,$/GB
addlink s91 | 1.0TB | SSD,Storage,addlink,addlink s91,2025,76.44,0.07644,$/GB
addlink s91 | 2.0TB | SSD,Storage,addlink,addlink s91,2023,256.99,0.128495,$/GB
addlink s91 | 2.0TB | SSD,Storage,addlink,addlink s91,2025,144.0,0.072,$/GB
addlink s93 | 2.0TB | SSD,Storage,addlink,addlink s93,2025,150.44,0.07522,$/GB
addlink s93 | 4.0TB | SSD,Storage,addlink,addlink s93,2025,272.44,0.06811,$/GB
addlink s95 | 4.0TB | SSD,Storage,addlink,addlink s95,2023,334.44,0.08361,$/GB
addlink s95 | 8.0TB | SSD,Storage,addlink,addlink s95,2023,934.44,0.116805,$/GB
agi ai198 | 512GB | SSD,Storage,agi,agi ai198,2023,44.0,0.0859375,$/GB
agi ai298 | 1.0TB | SSD,Storage,agi,agi ai298,2025,76.23,0.07623,$/GB
agi ai298 | 512GB | SSD,Storage,agi,agi ai298,2025,47.95,0.09365234375,$/GB
agi ai828 | 1.0TB | SSD,Storage,agi,agi ai828,2025,87.99,0.08799,$/GB
agi ai828 | 2.0TB | SSD,Storage,agi,agi ai828,2025,146.99,0.073495,$/GB
angelbird av pro mk3 | 1.0TB | SSD,Storage,angelbird,angelbird av pro mk3,2025,399.99,0.39999,$/GB
angelbird av pro mk3 | 2.0TB | SSD,Storage,angelbird,angelbird av pro mk3,2023,549.99,0.274995,$/GB
angelbird av pro mk3 | 2.0TB | SSD,Storage,angelbird,angelbird av pro mk3,2025,549.99,0.274995,$/GB
angelbird av pro xt | 500GB | SSD,Storage,angelbird,angelbird av pro xt,2023,429.99,0.85998,$/GB
angelbird av pro xt | 500GB | SSD,Storage,angelbird,angelbird av pro xt,2025,429.99,0.85998,$/GB
apacer as2280p4 | 512GB | SSD,Storage,apacer,apacer as2280p4,2025,52.9,0.1033203125,$/GB
apacer as2280q4 | 1.0TB | SSD,Storage,apacer,apacer as2280q4,2025,113.49,0.11349,$/GB
apacer as340 panther | 960GB | SSD,Storage,apacer,apacer as340 panther,2023,276.0,0.2875,$/GB
centon mp essential | 120GB | SSD,Storage,centon,centon mp essential,2025,37.46,0.31216666666666665,$/GB
centon mp essential | 480GB | SSD,Storage,centon,centon mp essential,2023,96.87,0.2018125,$/GB
centon mp essential | 960GB | SSD,Storage,centon,centon mp essential,2025,69.98,0.07289583333333334,$/GB
corsair cssd-f4000gbmp600phx | 4.0TB | SSD,Storage,corsair,corsair cssd-f4000gbmp600phx,2023,361.99,0.09049750000000001,$/GB
corsair cssd-f4000gbmp600phx | 4.0TB | SSD,Storage,corsair,corsair cssd-f4000gbmp600phx,2025,379.99,0.0949975,$/GB
corsair cssd-f4000gbmp600pxt | 4.0TB | SSD,Storage,corsair,corsair cssd-f4000gbmp600pxt,2023,400.99,0.1002475,$/GB
corsair force le | 480GB | SSD,Storage,corsair,corsair force le,2025,205.09,0.4272708333333333,$/GB
corsair force mp500 | 120GB | SSD,Storage,corsair,corsair force mp500,2025,129.47,1.0789166666666667,$/GB
corsair mp400 | 2.0TB | SSD,Storage,corsair,corsair mp400,2023,293.89,0.146945,$/GB
corsair mp510 | 480GB | SSD,Storage,corsair,corsair mp510,2025,95.1,0.198125,$/GB
corsair mp510 | 960GB | SSD,Storage,corsair,corsair mp510,2025,173.55,0.18078125,$/GB
corsair mp600 core mini | 1.0TB | SSD,Storage,corsair,corsair mp600 core mini,2023,79.98,0.07998000000000001,$/GB
corsair mp600 core mini | 1.0TB | SSD,Storage,corsair,corsair mp600 core mini,2025,99.0,0.099,$/GB
corsair mp600 core mini | 2.0TB | SSD,Storage,corsair,corsair mp600 core mini,2025,169.99,0.084995,$/GB
corsair mp600 core xt r2 | 1.0TB | SSD,Storage,corsair,corsair mp600 core xt r2,2025,68.5,0.0685,$/GB
corsair mp600 core xt r2 | 2.0TB | SSD,Storage,corsair,corsair mp600 core xt r2,2025,129.99,0.06499500000000001,$/GB
corsair mp600 core xt | 1.0TB | SSD,Storage,corsair,corsair mp600 core xt,2023,77.98,0.07798000000000001,$/GB
corsair mp600 core xt | 1.0TB | SSD,Storage,corsair,corsair mp600 core xt,2025,69.98,0.06998,$/GB
corsair mp600 core xt | 2.0TB | SSD,Storage,corsair,corsair mp600 core xt,2023,139.99,0.069995,$/GB
corsair mp600 core xt | 2.0TB | SSD,Storage,corsair,corsair mp600 core xt,2025,143.06,0.07153,$/GB
corsair mp600 core xt | 4.0TB | SSD,Storage,corsair,corsair mp600 core xt,2023,259.99,0.0649975,$/GB
corsair mp600 core xt | 4.0TB | SSD,Storage,corsair,corsair mp600 core xt,2025,279.99,0.0699975,$/GB
corsair mp600 elite ps5 | 1.0TB | SSD,Storage,corsair,corsair mp600 elite ps5,2025,89.99,0.08999,$/GB
corsair mp600 elite ps5 | 2.0TB | SSD,Storage,corsair,corsair mp600 elite ps5,2025,159.99,0.07999500000000001,$/GB
corsair mp600 elite w heatsink | 1.0TB | SSD,Storage,corsair,corsair mp600 elite w heatsink,2023,92.99,0.09298999999999999,$/GB
corsair mp600 elite w heatsink | 1.0TB | SSD,Storage,corsair,corsair mp600 elite w heatsink,2025,94.99,0.09498999999999999,$/GB
corsair mp600 elite w heatsink | 2.0TB | SSD,Storage,corsair,corsair mp600 elite w heatsink,2023,184.99,0.09249500000000001,$/GB
corsair mp600 elite w heatsink | 2.0TB | SSD,Storage,corsair,corsair mp600 elite w heatsink,2025,156.99,0.07849500000000001,$/GB
corsair mp600 elite w heatsink | 4.0TB | SSD,Storage,corsair,corsair mp600 elite w heatsink,2025,321.99,0.0804975,$/GB
corsair mp600 elite | 1.0TB | SSD,Storage,corsair,corsair mp600 elite,2025,84.99,0.08499,$/GB
corsair mp600 elite | 2.0TB | SSD,Storage,corsair,corsair mp600 elite,2025,149.99,0.074995,$/GB
corsair mp600 elite | 4.0TB | SSD,Storage,corsair,corsair mp600 elite,2025,309.99,0.0774975,$/GB
corsair mp600 force series gen4 | 1.0TB | SSD,Storage,corsair,corsair mp600 force series gen4,2023,208.7,0.2087,$/GB
corsair mp600 gs | 1.0TB | SSD,Storage,corsair,corsair mp600 gs,2025,72.88,0.07288,$/GB
corsair mp600 gs | 2.0TB | SSD,Storage,corsair,corsair mp600 gs,2025,164.99,0.082495,$/GB
corsair mp600 gs | 500GB | SSD,Storage,corsair,corsair mp600 gs,2025,69.98,0.13996,$/GB
corsair mp600 micro | 1.0TB | SSD,Storage,corsair,corsair mp600 micro,2025,94.99,0.09498999999999999,$/GB
corsair mp600 micro | 2.0TB | SSD,Storage,corsair,corsair mp600 micro,2025,174.99,0.087495,$/GB
corsair mp600 mini | 1.0TB | SSD,Storage,corsair,corsair mp600 mini,2023,89.99,0.08999,$/GB
corsair mp600 mini | 1.0TB | SSD,Storage,corsair,corsair mp600 mini,2025,82.99,0.08299,$/GB
corsair mp600 mini | 2.0TB | SSD,Storage,corsair,corsair mp600 mini,2025,179.99,0.089995,$/GB
corsair mp600 pro lpx | 1.0TB | SSD,Storage,corsair,corsair mp600 pro lpx,2025,97.49,0.09749,$/GB
corsair mp600 pro lpx | 2.0TB | SSD,Storage,corsair,corsair mp600 pro lpx,2023,164.99,0.082495,$/GB
corsair mp600 pro lpx | 2.0TB | SSD,Storage,corsair,corsair mp600 pro lpx,2025,159.99,0.07999500000000001,$/GB
corsair mp600 pro lpx | 4.0TB | SSD,Storage,corsair,corsair mp600 pro lpx,2023,369.99,0.0924975,$/GB
corsair mp600 pro lpx | 4.0TB | SSD,Storage,corsair,corsair mp600 pro lpx,2025,327.49,0.0818725,$/GB
corsair mp600 pro lpx | 8.0TB | SSD,Storage,corsair,corsair mp600 pro lpx,2025,909.99,0.11374875,$/GB
corsair mp600 pro nh | 1.0TB | SSD,Storage,corsair,corsair mp600 pro nh,2025,99.99,0.09999,$/GB
corsair mp600 pro nh | 2.0TB | SSD,Storage,corsair,corsair mp600 pro nh,2025,139.72,0.06986,$/GB
corsair mp600 pro nh | 4.0TB | SSD,Storage,corsair,corsair mp600 pro nh,2025,364.99,0.09124750000000001,$/GB
corsair mp600 pro nh | 8.0TB | SSD,Storage,corsair,corsair mp600 pro nh,2023,979.99,0.12249875,$/GB
corsair mp600 pro nh | 8.0TB | SSD,Storage,corsair,corsair mp600 pro nh,2025,849.0,0.106125,$/GB
corsair mp600 pro xt | 1.0TB | SSD,Storage,corsair,corsair mp600 pro xt,2025,104.99,0.10499,$/GB
corsair mp600 pro xt | 2.0TB | SSD,Storage,corsair,corsair mp600 pro xt,2025,174.99,0.087495,$/GB
corsair mp600 pro xt | 4.0TB | SSD,Storage,corsair,corsair mp600 pro xt,2025,369.99,0.0924975,$/GB
corsair mp600 pro xt | 8.0TB | SSD,Storage,corsair,corsair mp600 pro xt,2023,969.99,0.12124875,$/GB
corsair mp600 pro xt | 8.0TB | SSD,Storage,corsair,corsair mp600 pro xt,2025,909.99,0.11374875,$/GB
corsair mp600 pro | 4.0TB | SSD,Storage,corsair,corsair mp600 pro,2025,385.39,0.0963475,$/GB
corsair mp600 | 1.0TB | SSD,Storage,corsair,corsair mp600,2023,108.99,0.10898999999999999,$/GB
corsair mp600 | 2.0TB | SSD,Storage,corsair,corsair mp600,2023,108.99,0.054494999999999995,$/GB
corsair mp600 | 2.0TB | SSD,Storage,corsair,corsair mp600,2025,324.99,0.162495,$/GB
corsair mp700 elite w heatsink | 1.0TB | SSD,Storage,corsair,corsair mp700 elite w heatsink,2025,124.99,0.12498999999999999,$/GB
corsair mp700 elite w heatsink | 2.0TB | SSD,Storage,corsair,corsair mp700 elite w heatsink,2025,206.85,0.103425,$/GB
corsair mp700 elite | 1.0TB | SSD,Storage,corsair,corsair mp700 elite,2025,134.99,0.13499,$/GB
corsair mp700 elite | 2.0TB | SSD,Storage,corsair,corsair mp700 elite,2025,198.99,0.099495,$/GB
corsair mp700 pro se with air cooler | 2.0TB | SSD,Storage,corsair,corsair mp700 pro se with air cooler,2025,283.99,0.141995,$/GB
corsair mp700 pro se with air cooler | 4.0TB | SSD,Storage,corsair,corsair mp700 pro se with air cooler,2025,559.99,0.1399975,$/GB
corsair mp700 pro se | 4.0TB | SSD,Storage,corsair,corsair mp700 pro se,2023,579.99,0.1449975,$/GB
corsair mp700 pro se | 4.0TB | SSD,Storage,corsair,corsair mp700 pro se,2025,549.99,0.1374975,$/GB
corsair mp700 pro w heatsink | 1.0TB | SSD,Storage,corsair,corsair mp700 pro w heatsink,2025,161.99,0.16199000000000002,$/GB
corsair mp700 pro w heatsink | 2.0TB | SSD,Storage,corsair,corsair mp700 pro w heatsink,2023,279.99,0.139995,$/GB
corsair mp700 pro w heatsink | 2.0TB | SSD,Storage,corsair,corsair mp700 pro w heatsink,2025,256.99,0.128495,$/GB
corsair mp700 pro w heatsink | 4.0TB | SSD,Storage,corsair,corsair mp700 pro w heatsink,2023,594.99,0.1487475,$/GB
corsair mp700 pro w heatsink | 4.0TB | SSD,Storage,corsair,corsair mp700 pro w heatsink,2025,554.99,0.1387475,$/GB
corsair mp700 pro | 1.0TB | SSD,Storage,corsair,corsair mp700 pro,2023,179.99,0.17999,$/GB
corsair mp700 pro | 1.0TB | SSD,Storage,corsair,corsair mp700 pro,2025,139.99,0.13999,$/GB
corsair mp700 pro | 2.0TB | SSD,Storage,corsair,corsair mp700 pro,2023,299.99,0.14999500000000002,$/GB
corsair mp700 pro | 2.0TB | SSD,Storage,corsair,corsair mp700 pro,2025,219.99,0.10999500000000001,$/GB
corsair mp700 pro | 4.0TB | SSD,Storage,corsair,corsair mp700 pro,2023,574.99,0.1437475,$/GB
corsair mp700 pro | 4.0TB | SSD,Storage,corsair,corsair mp700 pro,2025,499.99,0.1249975,$/GB
corsair mp700 | 1.0TB | SSD,Storage,corsair,corsair mp700,2023,149.99,0.14999,$/GB
corsair mp700 | 2.0TB | SSD,Storage,corsair,corsair mp700,2023,248.99,0.12449500000000001,$/GB
corsair mp700 | 2.0TB | SSD,Storage,corsair,corsair mp700,2025,289.99,0.144995,$/GB
crucial bx100 | 250GB | SSD,Storage,crucial,crucial bx100,2025,76.11,0.30444,$/GB
crucial bx200 | 240GB | SSD,Storage,crucial,crucial bx200,2025,111.0,0.4625,$/GB
crucial bx300 | 240GB | SSD,Storage,crucial,crucial bx300,2025,65.42,0.27258333333333334,$/GB
crucial bx300 | 480GB | SSD,Storage,crucial,crucial bx300,2025,105.42,0.21962500000000001,$/GB
crucial bx500 | 1.0TB | SSD,Storage,crucial,crucial bx500,2023,69.98,0.06998,$/GB
crucial bx500 | 1.0TB | SSD,Storage,crucial,crucial bx500,2025,66.98,0.06698,$/GB
crucial bx500 | 2.0TB | SSD,Storage,crucial,crucial bx500,2023,124.99,0.062494999999999995,$/GB
crucial bx500 | 2.0TB | SSD,Storage,crucial,crucial bx500,2025,108.99,0.054494999999999995,$/GB
crucial bx500 | 240GB | SSD,Storage,crucial,crucial bx500,2023,28.99,0.12079166666666666,$/GB
crucial bx500 | 240GB | SSD,Storage,crucial,crucial bx500,2025,23.49,0.09787499999999999,$/GB
crucial bx500 | 4.0TB | SSD,Storage,crucial,crucial bx500,2025,228.99,0.0572475,$/GB
crucial bx500 | 480GB | SSD,Storage,crucial,crucial bx500,2025,61.22,0.12754166666666666,$/GB
crucial bx500 | 960GB | SSD,Storage,crucial,crucial bx500,2025,79.95,0.08328125,$/GB
crucial ct1000e100ssd8 | 1.0TB | SSD,Storage,crucial,crucial ct1000e100ssd8,2025,71.5,0.0715,$/GB
crucial m4 | 128GB | SSD,Storage,crucial,crucial m4,2025,257.77,2.013828125,$/GB
crucial m4 | 256GB | SSD,Storage,crucial,crucial m4,2025,238.88,0.933125,$/GB
crucial m4 | 32GB | SSD,Storage,crucial,crucial m4,2023,207.77,6.4928125,$/GB
crucial m4 | 64GB | SSD,Storage,crucial,crucial m4,2025,227.77,3.55890625,$/GB
crucial m500 | 240GB | SSD,Storage,crucial,crucial m500,2025,156.38,0.6515833333333333,$/GB
crucial m500 | 480GB | SSD,Storage,crucial,crucial m500,2025,434.27,0.9047291666666666,$/GB
crucial m500 | 960GB | SSD,Storage,crucial,crucial m500,2023,495.0,0.515625,$/GB
crucial m550 | 128GB | SSD,Storage,crucial,crucial m550,2023,177.77,1.388828125,$/GB
crucial m550 | 128GB | SSD,Storage,crucial,crucial m550,2025,277.77,2.170078125,$/GB
crucial mx200 | 250GB | SSD,Storage,crucial,crucial mx200,2025,327.77,1.31108,$/GB
crucial mx200 | 500GB | SSD,Storage,crucial,crucial mx200,2025,297.49,0.5949800000000001,$/GB
crucial mx300 | 1.1TB | SSD,Storage,crucial,crucial mx300,2025,299.99,0.2857047619047619,$/GB
crucial mx300 | 2.0TB | SSD,Storage,crucial,crucial mx300,2023,268.44,0.13094634146341463,$/GB
crucial mx300 | 2.0TB | SSD,Storage,crucial,crucial mx300,2025,499.99,0.24389756097560977,$/GB
crucial mx300 | 275GB | SSD,Storage,crucial,crucial mx300,2025,139.99,0.5090545454545455,$/GB
crucial mx300 | 525GB | SSD,Storage,crucial,crucial mx300,2023,179.99,0.3428380952380953,$/GB
crucial mx500 | 1.0TB | SSD,Storage,crucial,crucial mx500,2023,87.49,0.08749,$/GB
crucial mx500 | 1.0TB | SSD,Storage,crucial,crucial mx500,2025,149.99,0.14999,$/GB
crucial mx500 | 2.0TB | SSD,Storage,crucial,crucial mx500,2023,159.99,0.07999500000000001,$/GB
crucial mx500 | 4.0TB | SSD,Storage,crucial,crucial mx500,2023,273.99,0.0684975,$/GB
crucial mx500 | 500GB | SSD,Storage,crucial,crucial mx500,2023,71.14,0.14228,$/GB
crucial mx500 | 500GB | SSD,Storage,crucial,crucial mx500,2025,132.0,0.264,$/GB
crucial p1 | 1.0TB | SSD,Storage,crucial,crucial p1,2025,135.0,0.135,$/GB
crucial p1 | 500GB | SSD,Storage,crucial,crucial p1,2025,84.99,0.16998,$/GB
crucial p2 | 1.0TB | SSD,Storage,crucial,crucial p2,2023,89.99,0.08999,$/GB
crucial p2 | 2.0TB | SSD,Storage,crucial,crucial p2,2025,249.99,0.12499500000000001,$/GB
crucial p2 | 250GB | SSD,Storage,crucial,crucial p2,2025,39.99,0.15996000000000002,$/GB
crucial p3 plus | 1.0TB | SSD,Storage,crucial,crucial p3 plus,2023,72.5,0.0725,$/GB
crucial p3 plus | 1.0TB | SSD,Storage,crucial,crucial p3 plus,2025,56.95,0.05695,$/GB
crucial p3 plus | 2.0TB | SSD,Storage,crucial,crucial p3 plus,2023,124.99,0.062494999999999995,$/GB
crucial p3 plus | 2.0TB | SSD,Storage,crucial,crucial p3 plus,2025,113.95,0.056975000000000005,$/GB
crucial p3 plus | 4.0TB | SSD,Storage,crucial,crucial p3 plus,2023,248.6,0.06215,$/GB
crucial p3 plus | 4.0TB | SSD,Storage,crucial,crucial p3 plus,2025,211.45,0.0528625,$/GB
crucial p3 plus | 500GB | SSD,Storage,crucial,crucial p3 plus,2023,54.79,0.10958,$/GB
crucial p3 plus | 500GB | SSD,Storage,crucial,crucial p3 plus,2025,44.99,0.08998,$/GB
crucial p3 | 1.0TB | SSD,Storage,crucial,crucial p3,2023,68.94,0.06894,$/GB
crucial p3 | 1.0TB | SSD,Storage,crucial,crucial p3,2025,69.38,0.06938,$/GB
crucial p3 | 2.0TB | SSD,Storage,crucial,crucial p3,2023,124.24,0.062119999999999995,$/GB
crucial p3 | 2.0TB | SSD,Storage,crucial,crucial p3,2025,119.99,0.059995,$/GB
crucial p3 | 4.0TB | SSD,Storage,crucial,crucial p3,2023,240.99,0.0602475,$/GB
crucial p3 | 4.0TB | SSD,Storage,crucial,crucial p3,2025,318.0,0.0795,$/GB
crucial p3 | 500GB | SSD,Storage,crucial,crucial p3,2023,52.6,0.1052,$/GB
crucial p3 | 500GB | SSD,Storage,crucial,crucial p3,2025,44.06,0.08812,$/GB
crucial p310 w heatsink | 1.0TB | SSD,Storage,crucial,crucial p310 w heatsink,2025,78.98,0.07898000000000001,$/GB
crucial p310 w heatsink | 2.0TB | SSD,Storage,crucial,crucial p310 w heatsink,2025,144.99,0.072495,$/GB
crucial p310 | 1.0TB | SSD,Storage,crucial,crucial p310,2025,72.49,0.07249,$/GB
crucial p310 | 2.0TB | SSD,Storage,crucial,crucial p310,2025,131.24,0.06562,$/GB
crucial p310 | 500GB | SSD,Storage,crucial,crucial p310,2025,49.98,0.09996,$/GB
crucial p5 plus w heatsink | 1.0TB | SSD,Storage,crucial,crucial p5 plus w heatsink,2023,93.99,0.09398999999999999,$/GB
crucial p5 plus w heatsink | 2.0TB | SSD,Storage,crucial,crucial p5 plus w heatsink,2023,172.47,0.086235,$/GB
crucial p5 plus w heatsink | 2.0TB | SSD,Storage,crucial,crucial p5 plus w heatsink,2025,178.79,0.089395,$/GB
crucial p5 plus | 1.0TB | SSD,Storage,crucial,crucial p5 plus,2023,138.75,0.13875,$/GB
crucial p5 plus | 1.0TB | SSD,Storage,crucial,crucial p5 plus,2025,159.99,0.15999000000000002,$/GB
crucial p5 plus | 2.0TB | SSD,Storage,crucial,crucial p5 plus,2023,178.29,0.089145,$/GB
crucial p5 plus | 2.0TB | SSD,Storage,crucial,crucial p5 plus,2025,228.8,0.1144,$/GB
crucial p5 plus | 500GB | SSD,Storage,crucial,crucial p5 plus,2023,91.95,0.1839,$/GB
crucial p5 plus | 500GB | SSD,Storage,crucial,crucial p5 plus,2025,103.92,0.20784,$/GB
crucial p5 | 1.0TB | SSD,Storage,crucial,crucial p5,2023,119.99,0.11999,$/GB
crucial p5 | 1.0TB | SSD,Storage,crucial,crucial p5,2025,433.03,0.43302999999999997,$/GB
crucial p5 | 2.0TB | SSD,Storage,crucial,crucial p5,2025,232.99,0.116495,$/GB
crucial p510 w heatsink | 1.0TB | SSD,Storage,crucial,crucial p510 w heatsink,2025,109.99,0.10998999999999999,$/GB
crucial p510 w heatsink | 2.0TB | SSD,Storage,crucial,crucial p510 w heatsink,2025,189.99,0.09499500000000001,$/GB
crucial p510 | 1.0TB | SSD,Storage,crucial,crucial p510,2025,99.99,0.09999,$/GB
crucial p510 | 2.0TB | SSD,Storage,crucial,crucial p510,2025,179.99,0.089995,$/GB
crucial t500 w heatsink | 1.0TB | SSD,Storage,crucial,crucial t500 w heatsink,2023,99.99,0.09999,$/GB
crucial t500 w heatsink | 1.0TB | SSD,Storage,crucial,crucial t500 w heatsink,2025,106.31,0.10631,$/GB
crucial t500 w heatsink | 2.0TB | SSD,Storage,crucial,crucial t500 w heatsink,2025,164.99,0.082495,$/GB
crucial t500 w heatsink | 4.0TB | SSD,Storage,crucial,crucial t500 w heatsink,2025,309.99,0.0774975,$/GB
crucial t500 | 1.0TB | SSD,Storage,crucial,crucial t500,2023,74.99,0.07499,$/GB
crucial t500 | 1.0TB | SSD,Storage,crucial,crucial t500,2025,75.19,0.07518999999999999,$/GB
crucial t500 | 2.0TB | SSD,Storage,crucial,crucial t500,2023,147.99,0.073995,$/GB
crucial t500 | 2.0TB | SSD,Storage,crucial,crucial t500,2025,124.99,0.062494999999999995,$/GB
crucial t500 | 4.0TB | SSD,Storage,crucial,crucial t500,2025,300.0,0.075,$/GB
crucial t500 | 500GB | SSD,Storage,crucial,crucial t500,2025,72.98,0.14596,$/GB
crucial t700 w heatsink | 1.0TB | SSD,Storage,crucial,crucial t700 w heatsink,2023,164.99,0.16499,$/GB
crucial t700 w heatsink | 1.0TB | SSD,Storage,crucial,crucial t700 w heatsink,2025,139.0,0.139,$/GB
crucial t700 w heatsink | 2.0TB | SSD,Storage,crucial,crucial t700 w heatsink,2025,249.99,0.12499500000000001,$/GB
crucial t700 w heatsink | 4.0TB | SSD,Storage,crucial,crucial t700 w heatsink,2023,396.99,0.0992475,$/GB
crucial t700 w heatsink | 4.0TB | SSD,Storage,crucial,crucial t700 w heatsink,2025,379.95,0.0949875,$/GB
crucial t700 | 1.0TB | SSD,Storage,crucial,crucial t700,2023,151.99,0.15199000000000001,$/GB
crucial t700 | 1.0TB | SSD,Storage,crucial,crucial t700,2025,139.99,0.13999,$/GB
crucial t700 | 2.0TB | SSD,Storage,crucial,crucial t700,2023,269.99,0.134995,$/GB
crucial t700 | 2.0TB | SSD,Storage,crucial,crucial t700,2025,219.99,0.10999500000000001,$/GB
crucial t700 | 4.0TB | SSD,Storage,crucial,crucial t700,2023,426.99,0.10674750000000001,$/GB
crucial t700 | 4.0TB | SSD,Storage,crucial,crucial t700,2025,379.99,0.0949975,$/GB
crucial t705 w heatsink | 1.0TB | SSD,Storage,crucial,crucial t705 w heatsink,2023,194.99,0.19499,$/GB
crucial t705 w heatsink | 1.0TB | SSD,Storage,crucial,crucial t705 w heatsink,2025,152.99,0.15299000000000001,$/GB
crucial t705 w heatsink | 2.0TB | SSD,Storage,crucial,crucial t705 w heatsink,2025,219.99,0.10999500000000001,$/GB
crucial t705 w heatsink | 4.0TB | SSD,Storage,crucial,crucial t705 w heatsink,2023,542.02,0.135505,$/GB
crucial t705 w heatsink | 4.0TB | SSD,Storage,crucial,crucial t705 w heatsink,2025,369.99,0.0924975,$/GB
crucial t705 | 1.0TB | SSD,Storage,crucial,crucial t705,2023,174.99,0.17499,$/GB
crucial t705 | 1.0TB | SSD,Storage,crucial,crucial t705,2025,142.99,0.14299,$/GB
crucial t705 | 2.0TB | SSD,Storage,crucial,crucial t705,2023,294.99,0.14749500000000001,$/GB
crucial t705 | 2.0TB | SSD,Storage,crucial,crucial t705,2025,199.99,0.099995,$/GB
crucial t705 | 4.0TB | SSD,Storage,crucial,crucial t705,2023,539.57,0.13489250000000003,$/GB
crucial t705 | 4.0TB | SSD,Storage,crucial,crucial t705,2025,389.99,0.0974975,$/GB
crucial t710 | 1.0TB | SSD,Storage,crucial,crucial t710,2025,154.99,0.15499000000000002,$/GB
crucial t710 | 2.0TB | SSD,Storage,crucial,crucial t710,2025,229.99,0.114995,$/GB
crucial t710 | 4.0TB | SSD,Storage,crucial,crucial t710,2025,429.99,0.1074975,$/GB
dell 342-3520 | 1.0TB | HDD,Storage,dell,dell 342-3520,2023,139.0,0.139,$/GB
dell 342-3520 | 1.0TB | HDD,Storage,dell,dell 342-3520,2025,175.0,0.175,$/GB
dell k054n | 600GB | HDD,Storage,dell,dell k054n,2025,86.11,0.14351666666666665,$/GB
fantom drives venom7 | 1.0TB | SSD,Storage,fantom drives,fantom drives venom7,2023,89.95,0.08995,$/GB
fantom drives venom8 ps5 | 1.0TB | SSD,Storage,fantom drives,fantom drives venom8 ps5,2025,199.95,0.19995,$/GB
fantom drives venom8 ps5 | 2.0TB | SSD,Storage,fantom drives,fantom drives venom8 ps5,2023,154.94,0.07747,$/GB
fantom drives venom8 ps5 | 2.0TB | SSD,Storage,fantom drives,fantom drives venom8 ps5,2025,194.65,0.09732500000000001,$/GB
fantom drives venom8 ps5 | 4.0TB | SSD,Storage,fantom drives,fantom drives venom8 ps5,2023,349.95,0.0874875,$/GB
fantom drives venom8 ps5 | 4.0TB | SSD,Storage,fantom drives,fantom drives venom8 ps5,2025,376.65,0.0941625,$/GB
fantom drives venom8 | 2.0TB | SSD,Storage,fantom drives,fantom drives venom8,2023,144.94,0.07246999999999999,$/GB
fanxiang s101 | 1.0TB | SSD,Storage,fanxiang,fanxiang s101,2025,56.99,0.05699,$/GB
fanxiang s101 | 128GB | SSD,Storage,fanxiang,fanxiang s101,2025,15.99,0.124921875,$/GB
fanxiang s101 | 2.0TB | SSD,Storage,fanxiang,fanxiang s101,2025,109.99,0.054994999999999995,$/GB
fanxiang s101 | 256GB | SSD,Storage,fanxiang,fanxiang s101,2025,21.99,0.0858984375,$/GB
fanxiang s101 | 4.0TB | SSD,Storage,fanxiang,fanxiang s101,2025,219.98,0.054994999999999995,$/GB
fanxiang s101 | 512GB | SSD,Storage,fanxiang,fanxiang s101,2025,33.99,0.06638671875,$/GB
fanxiang s500 pro | 1.0TB | SSD,Storage,fanxiang,fanxiang s500 pro,2023,64.98,0.06498000000000001,$/GB
fanxiang s500 pro | 1.0TB | SSD,Storage,fanxiang,fanxiang s500 pro,2025,59.84,0.059840000000000004,$/GB
fanxiang s500 pro | 2.0TB | SSD,Storage,fanxiang,fanxiang s500 pro,2025,109.69,0.054845,$/GB
fanxiang s500 pro | 256GB | SSD,Storage,fanxiang,fanxiang s500 pro,2025,25.99,0.1015234375,$/GB
fanxiang s500 pro | 512GB | SSD,Storage,fanxiang,fanxiang s500 pro,2025,39.99,0.07810546875,$/GB
fanxiang s660 | 1.0TB | SSD,Storage,fanxiang,fanxiang s660,2025,69.34,0.06934,$/GB
fanxiang s660 | 2.0TB | SSD,Storage,fanxiang,fanxiang s660,2025,122.54,0.061270000000000005,$/GB
fanxiang s770 | 4.0TB | SSD,Storage,fanxiang,fanxiang s770,2025,289.99,0.0724975,$/GB
fanxiang s880 | 1.0TB | SSD,Storage,fanxiang,fanxiang s880,2025,59.99,0.05999,$/GB
fanxiang s880 | 2.0TB | SSD,Storage,fanxiang,fanxiang s880,2025,119.99,0.059995,$/GB
fanxiang s880 | 4.0TB | SSD,Storage,fanxiang,fanxiang s880,2023,269.99,0.0674975,$/GB
fanxiang s880 | 4.0TB | SSD,Storage,fanxiang,fanxiang s880,2025,245.98,0.061494999999999994,$/GB
fanxiang s900 | 1.0TB | SSD,Storage,fanxiang,fanxiang s900,2025,179.99,0.17999,$/GB
gamestop 23vg-gspl-gamestop nvme ssd-heatsink-1tb | 1.0TB | SSD,Storage,gamestop,gamestop 23vg-gspl-gamestop nvme ssd-heatsink-1tb,2025,109.99,0.10998999999999999,$/GB
gamestop 23vg-gspl-gamestop nvme ssd-heatsink-2tb | 2.0TB | SSD,Storage,gamestop,gamestop 23vg-gspl-gamestop nvme ssd-heatsink-2tb,2025,169.99,0.084995,$/GB
gigabyte aorus gen4 7000s | 1.0TB | SSD,Storage,gigabyte,gigabyte aorus gen4 7000s,2023,92.43,0.09243000000000001,$/GB
gigabyte aorus gen4 7300 | 1.0TB | SSD,Storage,gigabyte,gigabyte aorus gen4 7300,2023,123.05,0.12304999999999999,$/GB
gigabyte aorus gen4 7300 | 1.0TB | SSD,Storage,gigabyte,gigabyte aorus gen4 7300,2025,91.99,0.09198999999999999,$/GB
gigabyte aorus gen4 7300 | 2.0TB | SSD,Storage,gigabyte,gigabyte aorus gen4 7300,2023,209.7,0.10485,$/GB
gigabyte aorus gen4 7300 | 2.0TB | SSD,Storage,gigabyte,gigabyte aorus gen4 7300,2025,147.99,0.073995,$/GB
gigabyte aorus gen4 | 1.0TB | SSD,Storage,gigabyte,gigabyte aorus gen4,2023,169.0,0.169,$/GB
gigabyte aorus gen4 | 1.0TB | SSD,Storage,gigabyte,gigabyte aorus gen4,2025,152.34,0.15234,$/GB
gigabyte aorus gen5 14000 | 1.0TB | SSD,Storage,gigabyte,gigabyte aorus gen5 14000,2025,166.47,0.16647,$/GB
gigabyte aorus gen5 14000 | 2.0TB | SSD,Storage,gigabyte,gigabyte aorus gen5 14000,2025,360.54,0.18027,$/GB
gigabyte gen3 2500e | 2.0TB | SSD,Storage,gigabyte,gigabyte gen3 2500e,2025,234.3,0.11715,$/GB
gigabyte gen3 2500e | 500GB | SSD,Storage,gigabyte,gigabyte gen3 2500e,2023,56.5,0.113,$/GB
gigabyte gen3 2500e | 500GB | SSD,Storage,gigabyte,gigabyte gen3 2500e,2025,65.36,0.13072,$/GB
gigabyte gp-gsm2ne3256gntd | 256GB | SSD,Storage,gigabyte,gigabyte gp-gsm2ne3256gntd,2025,192.74,0.752890625,$/GB
gigabyte gp-gsm2ne3512gntd | 512GB | SSD,Storage,gigabyte,gigabyte gp-gsm2ne3512gntd,2025,143.0,0.279296875,$/GB
gigabyte gp-gstfs31100tntd | 1.0TB | SSD,Storage,gigabyte,gigabyte gp-gstfs31100tntd,2025,82.82,0.08281999999999999,$/GB
gigabyte gp-gstfs31120gntd | 120GB | SSD,Storage,gigabyte,gigabyte gp-gstfs31120gntd,2025,24.35,0.2029166666666667,$/GB
gigabyte gp-gstfs31240gntd | 240GB | SSD,Storage,gigabyte,gigabyte gp-gstfs31240gntd,2025,72.69,0.302875,$/GB
gigabyte gp-gstfs31256gtnd | 256GB | SSD,Storage,gigabyte,gigabyte gp-gstfs31256gtnd,2023,31.85,0.1244140625,$/GB
gigabyte gp-gstfs31256gtnd | 256GB | SSD,Storage,gigabyte,gigabyte gp-gstfs31256gtnd,2025,30.76,0.12015625,$/GB
gigabyte gp-gstfs31480gntd | 480GB | SSD,Storage,gigabyte,gigabyte gp-gstfs31480gntd,2023,43.8,0.09125,$/GB
gigabyte gp-gstfs31480gntd | 480GB | SSD,Storage,gigabyte,gigabyte gp-gstfs31480gntd,2025,46.6,0.09708333333333334,$/GB
goodram irdm pro slim | 4.0TB | SSD,Storage,goodram,goodram irdm pro slim,2025,490.66,0.12266500000000001,$/GB
goodram px700 | 1.0TB | SSD,Storage,goodram,goodram px700,2025,107.33,0.104814453125,$/GB
goodram px700 | 2.0TB | SSD,Storage,goodram,goodram px700,2023,233.26,0.113896484375,$/GB
hitachi 0b36040 | 4.0TB | HDD,Storage,hitachi,hitachi 0b36040,2025,152.82,0.038204999999999996,$/GB
hitachi 0f10942 | 2.0TB | HDD,Storage,hitachi,hitachi 0f10942,2023,125.0,0.0625,$/GB
hitachi 0f14683 | 4.0TB | HDD,Storage,hitachi,hitachi 0f14683,2025,135.69,0.0339225,$/GB
hitachi 0f18335 | 6.0TB | HDD,Storage,hitachi,hitachi 0f18335,2023,196.46,0.03274333333333333,$/GB
hitachi 0f18335 | 6.0TB | HDD,Storage,hitachi,hitachi 0f18335,2025,246.95,0.04115833333333333,$/GB
hitachi 0f22941 | 4.0TB | HDD,Storage,hitachi,hitachi 0f22941,2023,175.0,0.04375,$/GB
hitachi 0f22941 | 4.0TB | HDD,Storage,hitachi,hitachi 0f22941,2025,175.0,0.04375,$/GB
hitachi 0f23663 | 6.0TB | HDD,Storage,hitachi,hitachi 0f23663,2025,1045.0,0.17416666666666666,$/GB
hitachi 0f27402 | 10.0TB | HDD,Storage,hitachi,hitachi 0f27402,2023,257.73,0.025773,$/GB
hitachi 0f27406 | 8.0TB | HDD,Storage,hitachi,hitachi 0f27406,2023,229.0,0.028625,$/GB
hitachi 0f27406 | 8.0TB | HDD,Storage,hitachi,hitachi 0f27406,2025,139.0,0.017375,$/GB
hitachi 0j11561 | 500GB | HDD,Storage,hitachi,hitachi 0j11561,2025,39.2,0.07840000000000001,$/GB
hitachi 0y30055 | 500GB | HDD,Storage,hitachi,hitachi 0y30055,2025,70.09,0.14018,$/GB
hitachi 7k1000 b | 160GB | HDD,Storage,hitachi,hitachi 7k1000 b,2023,38.29,0.23931249999999998,$/GB
hitachi 7k1000 c | 1.0TB | HDD,Storage,hitachi,hitachi 7k1000 c,2023,498.0,0.498,$/GB
hitachi 7k1000 c | 1.0TB | HDD,Storage,hitachi,hitachi 7k1000 c,2025,87.76,0.08776,$/GB
hitachi 7k1000 c | 250GB | HDD,Storage,hitachi,hitachi 7k1000 c,2025,262.36,1.0494400000000002,$/GB
hitachi 7k1000 c | 750GB | HDD,Storage,hitachi,hitachi 7k1000 c,2025,229.95,0.3066,$/GB
hitachi 7k1000 | 1.0TB | HDD,Storage,hitachi,hitachi 7k1000,2023,39.99,0.039990000000000005,$/GB
hitachi a7k1000-1000 | 1.0TB | HDD,Storage,hitachi,hitachi a7k1000-1000,2025,60.75,0.06075,$/GB
hitachi a7k2000 | 1.0TB | HDD,Storage,hitachi,hitachi a7k2000,2025,98.95,0.09895,$/GB
hitachi a7k2000 | 500GB | HDD,Storage,hitachi,hitachi a7k2000,2025,28.99,0.05798,$/GB
hitachi deskstar 5k3000 | 3.0TB | HDD,Storage,hitachi,hitachi deskstar 5k3000,2025,123.99,0.04133,$/GB
hitachi deskstar 7k2000 | 2.0TB | HDD,Storage,hitachi,hitachi deskstar 7k2000,2025,71.14,0.03557,$/GB
hitachi deskstar nas | 8.0TB | HDD,Storage,hitachi,hitachi deskstar nas,2025,249.99,0.031248750000000002,$/GB
hitachi e7k1000 | 500GB | HDD,Storage,hitachi,hitachi e7k1000,2023,70.0,0.14,$/GB
hitachi e7k1000 | 500GB | HDD,Storage,hitachi,hitachi e7k1000,2025,70.0,0.14,$/GB
hitachi hds723030ala640 | 3.0TB | HDD,Storage,hitachi,hitachi hds723030ala640,2025,69.98,0.02332666666666667,$/GB
hitachi huc101212css600 | 1.2TB | HDD,Storage,hitachi,hitachi huc101212css600,2025,59.0,0.049166666666666664,$/GB
hitachi s842 | 800GB | SSD,Storage,hitachi,hitachi s842,2025,298.81,0.3735125,$/GB
hitachi travelstar 5k500 b | 160GB | HDD,Storage,hitachi,hitachi travelstar 5k500 b,2025,62.7,0.39187500000000003,$/GB
hitachi travelstar 5k500 b | 320GB | HDD,Storage,hitachi,hitachi travelstar 5k500 b,2025,56.96,0.178,$/GB
hitachi travelstar 5k500 b | 500GB | HDD,Storage,hitachi,hitachi travelstar 5k500 b,2023,119.99,0.23998,$/GB
hitachi travelstar 7k1000 | 1.0TB | HDD,Storage,hitachi,hitachi travelstar 7k1000,2025,59.52,0.05952,$/GB
hitachi travelstar 7k500 | 320GB | HDD,Storage,hitachi,hitachi travelstar 7k500,2023,65.88,0.20587499999999997,$/GB
hitachi travelstar 7k500 | 320GB | HDD,Storage,hitachi,hitachi travelstar 7k500,2025,81.03,0.25321875,$/GB
hitachi travelstar 7k500 | 500GB | HDD,Storage,hitachi,hitachi travelstar 7k500,2025,84.1,0.1682,$/GB
hitachi travelstar 7k750 | 750GB | HDD,Storage,hitachi,hitachi travelstar 7k750,2023,76.73,0.10230666666666667,$/GB
hitachi travelstar z5k500 | 500GB | HDD,Storage,hitachi,hitachi travelstar z5k500,2025,150.0,0.3,$/GB
hitachi travelstar z7k320 | 250GB | HDD,Storage,hitachi,hitachi travelstar z7k320,2023,81.51,0.32604,$/GB
hitachi travelstar z7k320 | 250GB | HDD,Storage,hitachi,hitachi travelstar z7k320,2025,56.1,0.22440000000000002,$/GB
hitachi travelstar z7k500 | 500GB | HDD,Storage,hitachi,hitachi travelstar z7k500,2025,150.0,0.3,$/GB
hitachi travelstar | 1.0TB | HDD,Storage,hitachi,hitachi travelstar,2025,67.5,0.0675,$/GB
hitachi ultrastar 7k3000 | 2.0TB | HDD,Storage,hitachi,hitachi ultrastar 7k3000,2023,83.42,0.041710000000000004,$/GB
hitachi ultrastar 7k3000 | 2.0TB | HDD,Storage,hitachi,hitachi ultrastar 7k3000,2025,151.44,0.07572,$/GB
hitachi ultrastar 7k6000 | 4.0TB | HDD,Storage,hitachi,hitachi ultrastar 7k6000,2023,87.73,0.0219325,$/GB
hitachi ultrastar 7k6000 | 4.0TB | HDD,Storage,hitachi,hitachi ultrastar 7k6000,2025,75.63,0.018907499999999997,$/GB
hitachi ultrastar 7k6000 | 6.0TB | HDD,Storage,hitachi,hitachi ultrastar 7k6000,2025,402.49,0.06708166666666666,$/GB
hitachi ultrastar c10k1200 | 1.2TB | HDD,Storage,hitachi,hitachi ultrastar c10k1200,2025,83.99,0.06999166666666666,$/GB
hitachi ultrastar c10k900 | 900GB | HDD,Storage,hitachi,hitachi ultrastar c10k900,2023,55.0,0.06111111111111111,$/GB
hitachi ultrastar c10k900 | 900GB | HDD,Storage,hitachi,hitachi ultrastar c10k900,2025,55.0,0.06111111111111111,$/GB
hitachi ultrastar he10 | 10.0TB | HDD,Storage,hitachi,hitachi ultrastar he10,2023,289.0,0.0289,$/GB
hitachi ultrastar he10 | 10.0TB | HDD,Storage,hitachi,hitachi ultrastar he10,2025,232.52,0.023252000000000002,$/GB
hitachi ultrastar he10 | 8.0TB | HDD,Storage,hitachi,hitachi ultrastar he10,2025,309.0,0.038625,$/GB
hitachi ultrastar he12 | 12.0TB | HDD,Storage,hitachi,hitachi ultrastar he12,2025,255.0,0.02125,$/GB
hitachi ultrastar he8 | 6.0TB | HDD,Storage,hitachi,hitachi ultrastar he8,2023,360.5,0.060083333333333336,$/GB
hitachi ultrastar he8 | 6.0TB | HDD,Storage,hitachi,hitachi ultrastar he8,2025,656.53,0.10942166666666667,$/GB
hitachi ultrastar he8 | 8.0TB | HDD,Storage,hitachi,hitachi ultrastar he8,2023,309.0,0.038625,$/GB
hitachi ultrastar he8 | 8.0TB | HDD,Storage,hitachi,hitachi ultrastar he8,2025,312.0,0.039,$/GB
hitachi ultrastar sn260 | 1.6TB | SSD,Storage,hitachi,hitachi ultrastar sn260,2023,309.99,0.19374375,$/GB
hitachi ultrastar sn260 | 1.6TB | SSD,Storage,hitachi,hitachi ultrastar sn260,2025,323.0,0.201875,$/GB
hitachi ultrastar | 1.8TB | HDD,Storage,hitachi,hitachi ultrastar,2023,197.73,0.10984999999999999,$/GB
hitachi ultrastar | 1.8TB | HDD,Storage,hitachi,hitachi ultrastar,2025,149.0,0.08277777777777778,$/GB
hitachi ultrastar | 2.0TB | HDD,Storage,hitachi,hitachi ultrastar,2025,139.35,0.069675,$/GB
hitachi ultrastar | 6.0TB | HDD,Storage,hitachi,hitachi ultrastar,2025,225.0,0.0375,$/GB
hp 2dp97aa abc | 120GB | SSD,Storage,hp,hp 2dp97aa abc,2023,29.99,0.24991666666666665,$/GB
hp ex900 plus | 1.0TB | SSD,Storage,hp,hp ex900 plus,2023,71.98,0.07198,$/GB
hp ex920 | 1.0TB | SSD,Storage,hp,hp ex920,2025,111.32,0.11131999999999999,$/GB
hp ex920 | 512GB | SSD,Storage,hp,hp ex920,2025,67.98,0.1327734375,$/GB
hp ex950 | 1.0TB | SSD,Storage,hp,hp ex950,2025,114.58,0.11458,$/GB
hp ex950 | 2.0TB | SSD,Storage,hp,hp ex950,2025,173.99,0.086995,$/GB
hp fx900 pro | 2.0TB | SSD,Storage,hp,hp fx900 pro,2025,203.94,0.10197,$/GB
hp s700 pro | 1.0TB | SSD,Storage,hp,hp s700 pro,2023,79.98,0.07998000000000001,$/GB
hp s700 pro | 256GB | SSD,Storage,hp,hp s700 pro,2023,37.99,0.1483984375,$/GB
hp s700 pro | 256GB | SSD,Storage,hp,hp s700 pro,2025,88.78,0.346796875,$/GB
hp s700 pro | 512GB | SSD,Storage,hp,hp s700 pro,2023,78.98,0.1542578125,$/GB
hp s700 pro | 512GB | SSD,Storage,hp,hp s700 pro,2025,121.53,0.23736328125,$/GB
hp s700 | 250GB | SSD,Storage,hp,hp s700,2025,58.86,0.23544,$/GB
hp s700 | 500GB | SSD,Storage,hp,hp s700,2025,69.98,0.13996,$/GB
hp value endurance sff | 240GB | SSD,Storage,hp,hp value endurance sff,2025,218.99,0.9124583333333334,$/GB
ibm 90y8572 | 2.0TB | HDD,Storage,ibm,ibm 90y8572,2025,405.18,0.20259,$/GB
inland 1tb td510 nvme | 1.0TB | SSD,Storage,inland,inland 1tb td510 nvme,2025,139.99,0.13999,$/GB
inland gaming performance plus | 1.0TB | SSD,Storage,inland,inland gaming performance plus,2023,92.99,0.09298999999999999,$/GB
inland gaming performance plus | 1.0TB | SSD,Storage,inland,inland gaming performance plus,2025,84.99,0.08499,$/GB
inland gaming performance plus | 2.0TB | SSD,Storage,inland,inland gaming performance plus,2025,139.99,0.069995,$/GB
inland gaming performance plus | 8.0TB | SSD,Storage,inland,inland gaming performance plus,2025,819.99,0.10249875,$/GB
inland performance plus | 1.0TB | SSD,Storage,inland,inland performance plus,2025,76.98,0.07698,$/GB
inland performance plus | 2.0TB | SSD,Storage,inland,inland performance plus,2025,131.99,0.065995,$/GB
inland performance plus | 4.0TB | SSD,Storage,inland,inland performance plus,2023,281.99,0.0704975,$/GB
inland performance plus | 4.0TB | SSD,Storage,inland,inland performance plus,2025,299.99,0.07499750000000001,$/GB
inland performance plus | 8.0TB | SSD,Storage,inland,inland performance plus,2025,789.99,0.09874875,$/GB
inland performance | 2.0TB | SSD,Storage,inland,inland performance,2025,244.55,0.12227500000000001,$/GB
inland platinum | 1.0TB | SSD,Storage,inland,inland platinum,2025,53.99,0.052724609375,$/GB
inland platinum | 2.0TB | SSD,Storage,inland,inland platinum,2023,199.99,0.099995,$/GB
inland platinum | 2.0TB | SSD,Storage,inland,inland platinum,2025,109.99,0.054994999999999995,$/GB
inland platinum | 256GB | SSD,Storage,inland,inland platinum,2025,23.99,0.0937109375,$/GB
inland platinum | 512GB | SSD,Storage,inland,inland platinum,2023,39.99,0.07810546875,$/GB
inland platinum | 512GB | SSD,Storage,inland,inland platinum,2025,32.99,0.06443359375,$/GB
inland professional | 1.0TB | SSD,Storage,inland,inland professional,2025,56.99,0.05699,$/GB
inland professional | 120GB | SSD,Storage,inland,inland professional,2023,20.99,0.17491666666666666,$/GB
inland professional | 120GB | SSD,Storage,inland,inland professional,2025,19.98,0.1665,$/GB
inland professional | 240GB | SSD,Storage,inland,inland professional,2023,25.99,0.10829166666666666,$/GB
inland professional | 240GB | SSD,Storage,inland,inland professional,2025,22.99,0.09579166666666666,$/GB
inland professional | 256GB | SSD,Storage,inland,inland professional,2025,22.99,0.0898046875,$/GB
inland professional | 512GB | SSD,Storage,inland,inland professional,2023,39.99,0.07810546875,$/GB
inland professional | 512GB | SSD,Storage,inland,inland professional,2025,34.99,0.06833984375,$/GB
inland qn322 | 1.0TB | SSD,Storage,inland,inland qn322,2025,59.99,0.05999,$/GB
inland qn322 | 2.0TB | SSD,Storage,inland,inland qn322,2025,109.99,0.054994999999999995,$/GB
inland qn450 | 1.0TB | SSD,Storage,inland,inland qn450,2025,64.98,0.06498000000000001,$/GB
inland qn450 | 2.0TB | SSD,Storage,inland,inland qn450,2025,119.99,0.059995,$/GB
inland td510 | 2.0TB | SSD,Storage,inland,inland td510,2025,199.99,0.099995,$/GB
inland tn320 | 1.0TB | SSD,Storage,inland,inland tn320,2025,64.98,0.06498000000000001,$/GB
inland tn320 | 256GB | SSD,Storage,inland,inland tn320,2025,26.99,0.1054296875,$/GB
inland tn320 | 512GB | SSD,Storage,inland,inland tn320,2025,35.99,0.07029296875,$/GB
inland tn325 | 1.0TB | SSD,Storage,inland,inland tn325,2023,94.99,0.09498999999999999,$/GB
inland tn325 | 1.0TB | SSD,Storage,inland,inland tn325,2025,84.99,0.08499,$/GB
inland tn325 | 512GB | SSD,Storage,inland,inland tn325,2025,64.98,0.1269140625,$/GB
inland tn436 | 1.0TB | SSD,Storage,inland,inland tn436,2025,76.98,0.07698,$/GB
inland tn446 | 1.0TB | SSD,Storage,inland,inland tn446,2025,82.99,0.08299,$/GB
inland tn450 | 1.0TB | SSD,Storage,inland,inland tn450,2025,62.99,0.06299,$/GB
inland tn450 | 2.0TB | SSD,Storage,inland,inland tn450,2025,121.99,0.060995,$/GB
inland tn450 | 500GB | SSD,Storage,inland,inland tn450,2023,46.99,0.09398000000000001,$/GB
inland tn450 | 500GB | SSD,Storage,inland,inland tn450,2025,43.99,0.08798,$/GB
inland tn470 | 1.0TB | SSD,Storage,inland,inland tn470,2025,69.98,0.06998,$/GB
inland tn470 | 2.0TB | SSD,Storage,inland,inland tn470,2025,129.99,0.06499500000000001,$/GB
integral mo-300 | 256GB | SSD,Storage,integral,integral mo-300,2025,29.95,0.1169921875,$/GB
integral v series 2 | 240GB | SSD,Storage,integral,integral v series 2,2025,26.66,0.11108333333333334,$/GB
integral v series 2 | 250GB | SSD,Storage,integral,integral v series 2,2025,30.44,0.12176000000000001,$/GB
integral v series plus | 256GB | SSD,Storage,integral,integral v series plus,2025,31.39,0.1226171875,$/GB
integral v series plus | 512GB | SSD,Storage,integral,integral v series plus,2025,35.83,0.06998046875,$/GB
intel 320 | 120GB | SSD,Storage,intel,intel 320,2023,253.5,2.1125,$/GB
intel 320 | 120GB | SSD,Storage,intel,intel 320,2025,253.5,2.1125,$/GB
intel 320 | 40GB | SSD,Storage,intel,intel 320,2023,99.0,2.475,$/GB
intel 320 | 40GB | SSD,Storage,intel,intel 320,2025,84.98,2.1245000000000003,$/GB
intel 320 | 600GB | SSD,Storage,intel,intel 320,2023,531.52,0.8858666666666667,$/GB
intel 320 | 600GB | SSD,Storage,intel,intel 320,2025,375.0,0.625,$/GB
intel 330 | 180GB | SSD,Storage,intel,intel 330,2025,157.88,0.8771111111111111,$/GB
intel 335 | 240GB | SSD,Storage,intel,intel 335,2023,219.0,0.9125,$/GB
intel 335 | 240GB | SSD,Storage,intel,intel 335,2025,189.0,0.7875,$/GB
intel 520 | 120GB | SSD,Storage,intel,intel 520,2025,270.0,2.25,$/GB
intel 520 | 180GB | SSD,Storage,intel,intel 520,2025,140.0,0.7777777777777778,$/GB
intel 520 | 480GB | SSD,Storage,intel,intel 520,2023,683.1,1.423125,$/GB
intel 520 | 60GB | SSD,Storage,intel,intel 520,2025,85.49,1.4248333333333332,$/GB
intel 530 | 120GB | SSD,Storage,intel,intel 530,2025,200.0,1.6666666666666667,$/GB
intel 530 | 180GB | SSD,Storage,intel,intel 530,2023,189.0,1.05,$/GB
intel 530 | 180GB | SSD,Storage,intel,intel 530,2025,122.0,0.6777777777777778,$/GB
intel 530 | 240GB | SSD,Storage,intel,intel 530,2023,164.42,0.6850833333333333,$/GB
intel 530 | 240GB | SSD,Storage,intel,intel 530,2025,162.75,0.678125,$/GB
intel 530 | 480GB | SSD,Storage,intel,intel 530,2025,321.99,0.6708125,$/GB
intel 530 | 80GB | SSD,Storage,intel,intel 530,2025,73.5,0.91875,$/GB
intel 535 | 120GB | SSD,Storage,intel,intel 535,2025,198.66,1.6555,$/GB
intel 535 | 180GB | SSD,Storage,intel,intel 535,2023,119.0,0.6611111111111111,$/GB
intel 535 | 180GB | SSD,Storage,intel,intel 535,2025,133.68,0.7426666666666667,$/GB
intel 535 | 240GB | SSD,Storage,intel,intel 535,2025,161.85,0.674375,$/GB
intel 535 | 360GB | SSD,Storage,intel,intel 535,2025,299.0,0.8305555555555556,$/GB
intel 540s | 180GB | SSD,Storage,intel,intel 540s,2023,159.99,0.8888333333333334,$/GB
intel 540s | 240GB | SSD,Storage,intel,intel 540s,2025,128.22,0.53425,$/GB
intel 540s | 360GB | SSD,Storage,intel,intel 540s,2023,239.99,0.6666388888888889,$/GB
intel 540s | 360GB | SSD,Storage,intel,intel 540s,2025,165.69,0.46025,$/GB
intel 545s | 128GB | SSD,Storage,intel,intel 545s,2025,46.32,0.361875,$/GB
intel 545s | 256GB | SSD,Storage,intel,intel 545s,2023,45.56,0.17796875,$/GB
intel 545s | 256GB | SSD,Storage,intel,intel 545s,2025,165.32,0.64578125,$/GB
intel 545s | 512GB | SSD,Storage,intel,intel 545s,2023,185.9,0.3630859375,$/GB
intel 545s | 512GB | SSD,Storage,intel,intel 545s,2025,185.9,0.3630859375,$/GB
intel 600p | 1.0TB | SSD,Storage,intel,intel 600p,2025,189.0,0.189,$/GB
intel 600p | 512GB | SSD,Storage,intel,intel 600p,2025,104.0,0.203125,$/GB
intel 660p | 1.0TB | SSD,Storage,intel,intel 660p,2023,74.97,0.0735,$/GB
intel 660p | 1.0TB | SSD,Storage,intel,intel 660p,2025,112.0,0.10980392156862745,$/GB
intel 660p | 2.0TB | SSD,Storage,intel,intel 660p,2025,299.59,0.1462841796875,$/GB
intel 660p | 512GB | SSD,Storage,intel,intel 660p,2023,81.5,0.1591796875,$/GB
intel 660p | 512GB | SSD,Storage,intel,intel 660p,2025,79.48,0.155234375,$/GB
intel 670p | 1.0TB | SSD,Storage,intel,intel 670p,2023,83.5,0.0835,$/GB
intel 670p | 1.0TB | SSD,Storage,intel,intel 670p,2025,91.9,0.09190000000000001,$/GB
intel 670p | 2.0TB | SSD,Storage,intel,intel 670p,2025,168.0,0.084,$/GB
intel 670p | 512GB | SSD,Storage,intel,intel 670p,2025,52.89,0.10330078125,$/GB
intel 710 | 200GB | SSD,Storage,intel,intel 710,2025,905.95,4.52975,$/GB
intel 730 | 480GB | SSD,Storage,intel,intel 730,2025,546.99,1.1395625,$/GB
intel 750 | 1.2TB | SSD,Storage,intel,intel 750,2023,475.0,0.3958333333333333,$/GB
intel 750 | 1.2TB | SSD,Storage,intel,intel 750,2025,475.0,0.3958333333333333,$/GB
intel 750 | 400GB | SSD,Storage,intel,intel 750,2025,451.4,1.1284999999999998,$/GB
intel 750 | 800GB | SSD,Storage,intel,intel 750,2023,359.97,0.44996250000000004,$/GB
intel 750 | 800GB | SSD,Storage,intel,intel 750,2025,359.97,0.44996250000000004,$/GB
intel 760p | 1.0TB | SSD,Storage,intel,intel 760p,2023,109.0,0.109,$/GB
intel 760p | 1.0TB | SSD,Storage,intel,intel 760p,2025,129.0,0.129,$/GB
intel 760p | 2.0TB | SSD,Storage,intel,intel 760p,2023,729.99,0.364995,$/GB
intel 760p | 2.0TB | SSD,Storage,intel,intel 760p,2025,253.91,0.12695499999999998,$/GB
intel 760p | 256GB | SSD,Storage,intel,intel 760p,2025,79.98,0.312421875,$/GB
intel 760p | 512GB | SSD,Storage,intel,intel 760p,2025,128.59,0.25115234375,$/GB
intel d3-s4510 | 1.9TB | SSD,Storage,intel,intel d3-s4510,2023,309.88,0.16139583333333332,$/GB
intel d3-s4510 | 1.9TB | SSD,Storage,intel,intel d3-s4510,2025,279.45,0.145546875,$/GB
intel d3-s4510 | 240GB | SSD,Storage,intel,intel d3-s4510,2023,89.99,0.37495833333333334,$/GB
intel d3-s4510 | 240GB | SSD,Storage,intel,intel d3-s4510,2025,96.0,0.4,$/GB
intel d3-s4510 | 3.8TB | SSD,Storage,intel,intel d3-s4510,2025,528.0,0.1375,$/GB
intel d3-s4510 | 480GB | SSD,Storage,intel,intel d3-s4510,2023,79.0,0.16458333333333333,$/GB
intel d3-s4510 | 480GB | SSD,Storage,intel,intel d3-s4510,2025,121.5,0.253125,$/GB
intel d3-s4510 | 960GB | SSD,Storage,intel,intel d3-s4510,2025,170.0,0.17708333333333334,$/GB
intel d3-s4520 | 1.9TB | SSD,Storage,intel,intel d3-s4520,2025,282.0,0.146875,$/GB
intel d3-s4520 | 240GB | SSD,Storage,intel,intel d3-s4520,2025,142.5,0.59375,$/GB
intel d3-s4520 | 3.8TB | SSD,Storage,intel,intel d3-s4520,2023,489.85,0.12756510416666667,$/GB
intel d3-s4520 | 3.8TB | SSD,Storage,intel,intel d3-s4520,2025,544.0,0.14166666666666666,$/GB
intel d3-s4520 | 480GB | SSD,Storage,intel,intel d3-s4520,2025,180.74,0.37654166666666666,$/GB
intel d3-s4520 | 960GB | SSD,Storage,intel,intel d3-s4520,2023,184.95,0.19265625,$/GB
intel d3-s4520 | 960GB | SSD,Storage,intel,intel d3-s4520,2025,200.0,0.20833333333333334,$/GB
intel d3-s4610 | 1.9TB | SSD,Storage,intel,intel d3-s4610,2023,349.95,0.182265625,$/GB
intel d3-s4610 | 1.9TB | SSD,Storage,intel,intel d3-s4610,2025,307.75,0.16028645833333333,$/GB
intel d3-s4610 | 480GB | SSD,Storage,intel,intel d3-s4610,2025,139.0,0.28958333333333336,$/GB
intel d3-s4610 | 960GB | SSD,Storage,intel,intel d3-s4610,2023,159.94,0.16660416666666666,$/GB
intel d3-s4610 | 960GB | SSD,Storage,intel,intel d3-s4610,2025,184.74,0.1924375,$/GB
intel d3-s4620 | 1.9TB | SSD,Storage,intel,intel d3-s4620,2023,323.44,0.16845833333333332,$/GB
intel d3-s4620 | 1.9TB | SSD,Storage,intel,intel d3-s4620,2025,398.0,0.20729166666666668,$/GB
intel d3-s4620 | 3.8TB | SSD,Storage,intel,intel d3-s4620,2025,679.0,0.17682291666666666,$/GB
intel d3-s4620 | 480GB | SSD,Storage,intel,intel d3-s4620,2025,211.0,0.4395833333333333,$/GB
intel d3-s4620 | 960GB | SSD,Storage,intel,intel d3-s4620,2025,274.14,0.2855625,$/GB
intel dc p3500 | 2.0TB | SSD,Storage,intel,intel dc p3500,2025,427.5,0.21375,$/GB
intel dc p3600 | 1.6TB | SSD,Storage,intel,intel dc p3600,2025,996.0,0.6225,$/GB
intel dc p3600 | 400GB | SSD,Storage,intel,intel dc p3600,2025,405.87,1.014675,$/GB
intel dc p3600 | 800GB | SSD,Storage,intel,intel dc p3600,2023,259.99,0.3249875,$/GB
intel dc p3600 | 800GB | SSD,Storage,intel,intel dc p3600,2025,159.0,0.19875,$/GB
intel dc p3700 | 400GB | SSD,Storage,intel,intel dc p3700,2025,185.9,0.46475,$/GB
intel dc p3700 | 800GB | SSD,Storage,intel,intel dc p3700,2025,672.5,0.840625,$/GB
intel dc p4510 | 1.0TB | SSD,Storage,intel,intel dc p4510,2025,418.0,0.418,$/GB
intel dc p4510 | 2.0TB | SSD,Storage,intel,intel dc p4510,2025,231.0,0.1155,$/GB
intel dc p4511 | 1.0TB | SSD,Storage,intel,intel dc p4511,2025,159.0,0.159,$/GB
intel dc s3110 | 128GB | SSD,Storage,intel,intel dc s3110,2023,174.0,1.359375,$/GB
intel dc s3110 | 256GB | SSD,Storage,intel,intel dc s3110,2025,67.16,0.26234375,$/GB
intel dc s3500 | 120GB | SSD,Storage,intel,intel dc s3500,2023,92.37,0.76975,$/GB
intel dc s3500 | 120GB | SSD,Storage,intel,intel dc s3500,2025,116.99,0.9749166666666667,$/GB
intel dc s3500 | 160GB | SSD,Storage,intel,intel dc s3500,2025,142.0,0.8875,$/GB
intel dc s3500 | 240GB | SSD,Storage,intel,intel dc s3500,2025,133.0,0.5541666666666667,$/GB
intel dc s3500 | 480GB | SSD,Storage,intel,intel dc s3500,2025,185.0,0.3854166666666667,$/GB
intel dc s3500 | 800GB | SSD,Storage,intel,intel dc s3500,2023,196.0,0.245,$/GB
intel dc s3500 | 800GB | SSD,Storage,intel,intel dc s3500,2025,192.0,0.24,$/GB
intel dc s3520 | 480GB | SSD,Storage,intel,intel dc s3520,2023,220.0,0.4583333333333333,$/GB
intel dc s3520 | 480GB | SSD,Storage,intel,intel dc s3520,2025,270.39,0.5633125,$/GB
intel dc s3610 | 1.6TB | SSD,Storage,intel,intel dc s3610,2025,394.8,0.24675,$/GB
intel dc s3610 | 800GB | SSD,Storage,intel,intel dc s3610,2025,377.0,0.47125,$/GB
intel dc s3700 | 100GB | SSD,Storage,intel,intel dc s3700,2025,199.0,1.99,$/GB
intel dc s3700 | 200GB | SSD,Storage,intel,intel dc s3700,2023,417.0,2.085,$/GB
intel dc s3700 | 200GB | SSD,Storage,intel,intel dc s3700,2025,417.0,2.085,$/GB
intel dc s3700 | 400GB | SSD,Storage,intel,intel dc s3700,2025,146.44,0.3661,$/GB
intel dc s3700 | 800GB | SSD,Storage,intel,intel dc s3700,2025,336.0,0.42,$/GB
intel dc s3710 | 1.2TB | SSD,Storage,intel,intel dc s3710,2023,688.0,0.5733333333333334,$/GB
intel dc s3710 | 1.2TB | SSD,Storage,intel,intel dc s3710,2025,647.0,0.5391666666666667,$/GB
intel dc s3710 | 200GB | SSD,Storage,intel,intel dc s3710,2025,211.0,1.055,$/GB
intel dc s3710 | 400GB | SSD,Storage,intel,intel dc s3710,2025,234.83,0.587075,$/GB
intel dc s3710 | 800GB | SSD,Storage,intel,intel dc s3710,2025,333.28,0.41659999999999997,$/GB
intel dc s4500 | 1.9TB | SSD,Storage,intel,intel dc s4500,2025,273.45,0.14392105263157895,$/GB
intel dc s4500 | 960GB | SSD,Storage,intel,intel dc s4500,2025,375.0,0.390625,$/GB
intel dc s4600 | 1.9TB | SSD,Storage,intel,intel dc s4600,2025,290.77,0.15303684210526314,$/GB
intel optane p1600x | 118GB | SSD,Storage,intel,intel optane p1600x,2023,70.98,0.6015254237288136,$/GB
intel pro 5400s | 1.0TB | SSD,Storage,intel,intel pro 5400s,2025,612.1,0.6121,$/GB
intel pro 5400s | 120GB | SSD,Storage,intel,intel pro 5400s,2025,140.0,1.1666666666666667,$/GB
intel pro 5400s | 180GB | SSD,Storage,intel,intel pro 5400s,2025,154.0,0.8555555555555555,$/GB
intel pro 5400s | 360GB | SSD,Storage,intel,intel pro 5400s,2025,250.0,0.6944444444444444,$/GB
intel pro 6000p | 128GB | SSD,Storage,intel,intel pro 6000p,2023,104.19,0.813984375,$/GB
intel pro 6000p | 128GB | SSD,Storage,intel,intel pro 6000p,2025,89.0,0.6953125,$/GB
intel pro 6000p | 512GB | SSD,Storage,intel,intel pro 6000p,2023,108.0,0.2109375,$/GB
intel pro 6000p | 512GB | SSD,Storage,intel,intel pro 6000p,2025,106.6,0.208203125,$/GB
intel ssdmceaw120a401 | 120GB | SSD,Storage,intel,intel ssdmceaw120a401,2025,60.0,0.5,$/GB
intel ssdsc2bb240g601 | 240GB | SSD,Storage,intel,intel ssdsc2bb240g601,2025,315.0,1.3125,$/GB
intel ssdsc2bb480g601 | 480GB | SSD,Storage,intel,intel ssdsc2bb480g601,2025,287.97,0.5999375,$/GB
intel ssdsc2bb800g601 | 800GB | SSD,Storage,intel,intel ssdsc2bb800g601,2025,349.19,0.4364875,$/GB
intel ssdsckjw240h601 | 240GB | SSD,Storage,intel,intel ssdsckjw240h601,2025,35.98,0.14991666666666664,$/GB
intel x25-m | 120GB | SSD,Storage,intel,intel x25-m,2023,349.95,2.91625,$/GB
intel x25-m | 120GB | SSD,Storage,intel,intel x25-m,2025,349.95,2.91625,$/GB
intel x25-m | 160GB | SSD,Storage,intel,intel x25-m,2025,248.55,1.5534375,$/GB
intel x25-m | 80GB | SSD,Storage,intel,intel x25-m,2023,155.0,1.9375,$/GB
intel x25-m | 80GB | SSD,Storage,intel,intel x25-m,2025,155.0,1.9375,$/GB
intel x25-v | 40GB | SSD,Storage,intel,intel x25-v,2023,59.99,1.4997500000000001,$/GB
intel x25-v | 40GB | SSD,Storage,intel,intel x25-v,2025,59.99,1.4997500000000001,$/GB
intenso 3812430 | 128GB | SSD,Storage,intenso,intenso 3812430,2025,20.96,0.16375,$/GB
intenso 3812440 | 256GB | SSD,Storage,intenso,intenso 3812440,2023,26.95,0.1052734375,$/GB
intenso 3812440 | 256GB | SSD,Storage,intenso,intenso 3812440,2025,27.03,0.1055859375,$/GB
intenso 3812450 | 512GB | SSD,Storage,intenso,intenso 3812450,2025,43.97,0.08587890625,$/GB
intenso high performance | 120GB | SSD,Storage,intenso,intenso high performance,2025,20.95,0.17458333333333334,$/GB
intenso high performance | 480GB | SSD,Storage,intenso,intenso high performance,2025,44.44,0.09258333333333332,$/GB
intenso high performance | 960GB | SSD,Storage,intenso,intenso high performance,2025,65.41,0.06813541666666666,$/GB
intenso top performance | 128GB | SSD,Storage,intenso,intenso top performance,2025,29.96,0.2340625,$/GB
intenso top performance | 256GB | SSD,Storage,intenso,intenso top performance,2025,41.46,0.161953125,$/GB
intenso top performance | 512GB | SSD,Storage,intenso,intenso top performance,2025,35.75,0.06982421875,$/GB
kingspec nx-2230 | 256GB | SSD,Storage,kingspec,kingspec nx-2230,2023,28.99,0.1132421875,$/GB
kingspec nx-2230 | 512GB | SSD,Storage,kingspec,kingspec nx-2230,2025,39.99,0.07810546875,$/GB
kingspec nx-2280 | 2.0TB | SSD,Storage,kingspec,kingspec nx-2280,2025,93.99,0.046994999999999995,$/GB
kingspec nxm | 1.0TB | SSD,Storage,kingspec,kingspec nxm,2025,54.99,0.054990000000000004,$/GB
kingspec nxm | 128GB | SSD,Storage,kingspec,kingspec nxm,2025,18.99,0.148359375,$/GB
kingspec nxm | 256GB | SSD,Storage,kingspec,kingspec nxm,2025,24.99,0.0976171875,$/GB
kingspec nxm | 512GB | SSD,Storage,kingspec,kingspec nxm,2025,36.99,0.07224609375,$/GB
kingspec p3 | 1.0TB | SSD,Storage,kingspec,kingspec p3,2025,45.99,0.04599,$/GB
kingspec vp101 | 1.0TB | SSD,Storage,kingspec,kingspec vp101,2023,137.99,0.13799,$/GB
kingspec xf | 1.0TB | SSD,Storage,kingspec,kingspec xf,2025,69.99,0.06999,$/GB
kingspec xf | 2.0TB | SSD,Storage,kingspec,kingspec xf,2025,92.99,0.046494999999999995,$/GB
kingspec xf | 512GB | SSD,Storage,kingspec,kingspec xf,2023,39.99,0.07810546875,$/GB
kingspec xf | 512GB | SSD,Storage,kingspec,kingspec xf,2025,42.99,0.08396484375,$/GB
kingspec xg7000 pro | 1.0TB | SSD,Storage,kingspec,kingspec xg7000 pro,2023,79.99,0.07998999999999999,$/GB
kingspec xg7000 pro | 1.0TB | SSD,Storage,kingspec,kingspec xg7000 pro,2025,70.99,0.07099,$/GB
kingspec xg7000 pro | 2.0TB | SSD,Storage,kingspec,kingspec xg7000 pro,2025,120.99,0.060495,$/GB
kingspec xg7000 | 1.0TB | SSD,Storage,kingspec,kingspec xg7000,2025,67.49,0.06749,$/GB
kingspec xg7000 | 2.0TB | SSD,Storage,kingspec,kingspec xg7000,2023,123.99,0.061994999999999995,$/GB
kingspec xg7000 | 2.0TB | SSD,Storage,kingspec,kingspec xg7000,2025,115.49,0.057745,$/GB
kingspec xg7000 | 4.0TB | SSD,Storage,kingspec,kingspec xg7000,2025,197.99,0.0494975,$/GB
kingspec xg7000 | 512GB | SSD,Storage,kingspec,kingspec xg7000,2025,44.49,0.08689453125,$/GB
kingston a1000 | 120GB | SSD,Storage,kingston,kingston a1000,2025,124.87,1.0405833333333334,$/GB
kingston a2000 | 250GB | SSD,Storage,kingston,kingston a2000,2025,99.99,0.39996,$/GB
kingston a400 | 1.9TB | SSD,Storage,kingston,kingston a400,2025,339.0,0.1765625,$/GB
kingston a400 | 120GB | SSD,Storage,kingston,kingston a400,2023,40.99,0.34158333333333335,$/GB
kingston a400 | 120GB | SSD,Storage,kingston,kingston a400,2025,47.71,0.39758333333333334,$/GB
kingston a400 | 240GB | SSD,Storage,kingston,kingston a400,2023,27.99,0.11662499999999999,$/GB
kingston a400 | 240GB | SSD,Storage,kingston,kingston a400,2025,24.99,0.104125,$/GB
kingston a400 | 480GB | SSD,Storage,kingston,kingston a400,2023,44.39,0.09247916666666667,$/GB
kingston a400 | 480GB | SSD,Storage,kingston,kingston a400,2025,36.99,0.0770625,$/GB
kingston a400 | 960GB | SSD,Storage,kingston,kingston a400,2023,61.99,0.06457291666666667,$/GB
kingston a400 | 960GB | SSD,Storage,kingston,kingston a400,2025,57.99,0.06040625,$/GB
kingston dc1000b | 240GB | SSD,Storage,kingston,kingston dc1000b,2023,82.59,0.344125,$/GB
kingston dc1000b | 480GB | SSD,Storage,kingston,kingston dc1000b,2023,103.74,0.21612499999999998,$/GB
kingston dc500m | 3.8TB | SSD,Storage,kingston,kingston dc500m,2025,784.47,0.2042890625,$/GB
kingston e50 enterprise | 240GB | SSD,Storage,kingston,kingston e50 enterprise,2025,186.81,0.778375,$/GB
kingston fury renegade g5 | 1.0TB | SSD,Storage,kingston,kingston fury renegade g5,2025,171.99,0.167958984375,$/GB
kingston fury renegade g5 | 2.0TB | SSD,Storage,kingston,kingston fury renegade g5,2025,242.31,0.1183154296875,$/GB
kingston fury renegade g5 | 4.1TB | SSD,Storage,kingston,kingston fury renegade g5,2025,458.46,0.1119287109375,$/GB
kingston fury renegade with heat sink | 1.0TB | SSD,Storage,kingston,kingston fury renegade with heat sink,2025,109.99,0.10998999999999999,$/GB
kingston fury renegade with heat sink | 2.0TB | SSD,Storage,kingston,kingston fury renegade with heat sink,2025,174.66,0.08733,$/GB
kingston fury renegade with heat sink | 4.0TB | SSD,Storage,kingston,kingston fury renegade with heat sink,2023,406.3,0.101575,$/GB
kingston fury renegade with heat sink | 4.0TB | SSD,Storage,kingston,kingston fury renegade with heat sink,2025,319.0,0.07975,$/GB
kingston fury renegade with heat sink | 500GB | SSD,Storage,kingston,kingston fury renegade with heat sink,2025,116.98,0.23396,$/GB
kingston fury renegade | 1.0TB | SSD,Storage,kingston,kingston fury renegade,2023,99.8,0.0998,$/GB
kingston fury renegade | 1.0TB | SSD,Storage,kingston,kingston fury renegade,2025,117.85,0.11785,$/GB
kingston fury renegade | 2.0TB | SSD,Storage,kingston,kingston fury renegade,2023,172.99,0.086495,$/GB
kingston fury renegade | 2.0TB | SSD,Storage,kingston,kingston fury renegade,2025,154.0,0.077,$/GB
kingston fury renegade | 4.0TB | SSD,Storage,kingston,kingston fury renegade,2023,334.52,0.08363,$/GB
kingston fury renegade | 4.0TB | SSD,Storage,kingston,kingston fury renegade,2025,309.95,0.0774875,$/GB
kingston fury renegade | 500GB | SSD,Storage,kingston,kingston fury renegade,2023,78.48,0.15696000000000002,$/GB
kingston fury renegade | 500GB | SSD,Storage,kingston,kingston fury renegade,2025,62.99,0.12598,$/GB
kingston hyperx 3k | 120GB | SSD,Storage,kingston,kingston hyperx 3k,2025,199.99,1.6665833333333333,$/GB
kingston hyperx | 120GB | SSD,Storage,kingston,kingston hyperx,2025,199.99,1.6665833333333333,$/GB
kingston kc300 | 240GB | SSD,Storage,kingston,kingston kc300,2025,199.99,0.8332916666666667,$/GB
kingston kc300 | 480GB | SSD,Storage,kingston,kingston kc300,2025,309.99,0.6458125,$/GB
kingston kc3000 | 1.0TB | SSD,Storage,kingston,kingston kc3000,2023,99.99,0.097646484375,$/GB
kingston kc3000 | 1.0TB | SSD,Storage,kingston,kingston kc3000,2025,99.99,0.097646484375,$/GB
kingston kc3000 | 2.0TB | SSD,Storage,kingston,kingston kc3000,2023,162.99,0.0795849609375,$/GB
kingston kc3000 | 2.0TB | SSD,Storage,kingston,kingston kc3000,2025,161.9,0.079052734375,$/GB
kingston kc3000 | 4.1TB | SSD,Storage,kingston,kingston kc3000,2025,329.99,0.08056396484375,$/GB
kingston kc3000 | 512GB | SSD,Storage,kingston,kingston kc3000,2023,70.98,0.1386328125,$/GB
kingston kc3000 | 512GB | SSD,Storage,kingston,kingston kc3000,2025,67.99,0.13279296875,$/GB
kingston kc600 | 1.0TB | SSD,Storage,kingston,kingston kc600,2025,96.47,0.094208984375,$/GB
kingston kc600 | 2.0TB | SSD,Storage,kingston,kingston kc600,2023,183.17,0.0894384765625,$/GB
kingston kc600 | 2.0TB | SSD,Storage,kingston,kingston kc600,2025,185.09,0.0903759765625,$/GB
kingston kc600 | 256GB | SSD,Storage,kingston,kingston kc600,2025,34.92,0.13640625,$/GB
kingston kc600 | 512GB | SSD,Storage,kingston,kingston kc600,2025,60.43,0.11802734375,$/GB
kingston kc600b | 512GB | SSD,Storage,kingston,kingston kc600b,2025,124.87,0.24388671875,$/GB
kingston nv1 | 250GB | SSD,Storage,kingston,kingston nv1,2023,31.99,0.12796,$/GB
kingston nv1 | 250GB | SSD,Storage,kingston,kingston nv1,2025,59.12,0.23648,$/GB
kingston nv2 | 1.0TB | SSD,Storage,kingston,kingston nv2,2023,60.99,0.06099,$/GB
kingston nv2 | 1.0TB | SSD,Storage,kingston,kingston nv2,2025,65.77,0.06577,$/GB
kingston nv2 | 2.0TB | SSD,Storage,kingston,kingston nv2,2023,118.0,0.059,$/GB
kingston nv2 | 2.0TB | SSD,Storage,kingston,kingston nv2,2025,118.77,0.059385,$/GB
kingston nv2 | 250GB | SSD,Storage,kingston,kingston nv2,2023,31.99,0.12796,$/GB
kingston nv2 | 4.0TB | SSD,Storage,kingston,kingston nv2,2023,250.0,0.0625,$/GB
kingston nv2 | 4.0TB | SSD,Storage,kingston,kingston nv2,2025,229.77,0.0574425,$/GB
kingston nv2 | 500GB | SSD,Storage,kingston,kingston nv2,2023,42.99,0.08598,$/GB
kingston nv2 | 500GB | SSD,Storage,kingston,kingston nv2,2025,45.77,0.09154000000000001,$/GB
kingston nv3 | 1.0TB | SSD,Storage,kingston,kingston nv3,2025,67.53,0.06753,$/GB
kingston nv3 | 2.0TB | SSD,Storage,kingston,kingston nv3,2025,127.22,0.06361,$/GB
kingston nv3 | 4.0TB | SSD,Storage,kingston,kingston nv3,2025,238.98,0.059745,$/GB
kingston nv3 | 500GB | SSD,Storage,kingston,kingston nv3,2025,44.55,0.0891,$/GB
kingston q500 | 1.9TB | SSD,Storage,kingston,kingston q500,2025,265.65,0.13835937499999998,$/GB
kingston q500 | 240GB | SSD,Storage,kingston,kingston q500,2025,32.31,0.13462500000000002,$/GB
kingston q500 | 480GB | SSD,Storage,kingston,kingston q500,2025,41.69,0.08685416666666666,$/GB
kingston q500 | 960GB | SSD,Storage,kingston,kingston q500,2023,59.81,0.062302083333333334,$/GB
kingston q500 | 960GB | SSD,Storage,kingston,kingston q500,2025,67.43,0.07023958333333334,$/GB
kingston ssdnow dc500m | 960GB | SSD,Storage,kingston,kingston ssdnow dc500m,2023,139.99,0.14582291666666666,$/GB
kingston ssdnow dc500m | 960GB | SSD,Storage,kingston,kingston ssdnow dc500m,2025,229.0,0.23854166666666668,$/GB
kingston ssdnow dc500r | 1.9TB | SSD,Storage,kingston,kingston ssdnow dc500r,2025,478.06,0.24898958333333335,$/GB
kingston ssdnow dc500r | 3.8TB | SSD,Storage,kingston,kingston ssdnow dc500r,2025,998.97,0.2601484375,$/GB
kingston ssdnow g2 | 240GB | SSD,Storage,kingston,kingston ssdnow g2,2023,115.07,0.4794583333333333,$/GB
kingston ssdnow kc100 | 240GB | SSD,Storage,kingston,kingston ssdnow kc100,2025,272.72,1.1363333333333334,$/GB
kingston ssdnow kc300 | 180GB | SSD,Storage,kingston,kingston ssdnow kc300,2025,97.72,0.5428888888888889,$/GB
kingston ssdnow kc300 | 240GB | SSD,Storage,kingston,kingston ssdnow kc300,2023,80.98,0.3374166666666667,$/GB
kingston ssdnow kc300 | 240GB | SSD,Storage,kingston,kingston ssdnow kc300,2025,66.15,0.275625,$/GB
kingston ssdnow kc400 | 128GB | SSD,Storage,kingston,kingston ssdnow kc400,2023,74.98,0.58578125,$/GB
kingston ssdnow kc400 | 256GB | SSD,Storage,kingston,kingston ssdnow kc400,2023,125.0,0.48828125,$/GB
kingston ssdnow kc400 | 256GB | SSD,Storage,kingston,kingston ssdnow kc400,2025,123.8,0.48359375,$/GB
kingston ssdnow v 100 | 128GB | SSD,Storage,kingston,kingston ssdnow v 100,2023,159.99,1.249921875,$/GB
kingston ssdnow v 100 | 128GB | SSD,Storage,kingston,kingston ssdnow v 100,2025,159.99,1.249921875,$/GB
kingston ssdnow v 200 | 120GB | SSD,Storage,kingston,kingston ssdnow v 200,2025,159.99,1.33325,$/GB
kingston ssdnow v200 | 128GB | SSD,Storage,kingston,kingston ssdnow v200,2025,79.98,0.62484375,$/GB
kingston ssdnow v300 | 120GB | SSD,Storage,kingston,kingston ssdnow v300,2023,106.0,0.8833333333333333,$/GB
kingston ssdnow v300 | 120GB | SSD,Storage,kingston,kingston ssdnow v300,2025,76.17,0.63475,$/GB
kingston ssdnow v300 | 240GB | SSD,Storage,kingston,kingston ssdnow v300,2025,125.62,0.5234166666666666,$/GB
kingston ssdnow v300 | 480GB | SSD,Storage,kingston,kingston ssdnow v300,2025,279.99,0.5833125,$/GB
kingston ssdnow v310 | 960GB | SSD,Storage,kingston,kingston ssdnow v310,2025,300.0,0.3125,$/GB
kingston uv500b | 1.9TB | SSD,Storage,kingston,kingston uv500b,2023,809.0,0.42135416666666664,$/GB
kingston uv500b | 240GB | SSD,Storage,kingston,kingston uv500b,2025,62.49,0.260375,$/GB
kioxia bg4 | 256GB | SSD,Storage,kioxia,kioxia bg4,2025,24.95,0.0974609375,$/GB
kioxia bg4 | 512GB | SSD,Storage,kioxia,kioxia bg4,2025,49.99,0.09763671875,$/GB
kioxia bg5 sed | 256GB | SSD,Storage,kioxia,kioxia bg5 sed,2023,44.99,0.1757421875,$/GB
kioxia bg5 sed | 256GB | SSD,Storage,kioxia,kioxia bg5 sed,2025,44.99,0.1757421875,$/GB
kioxia bg5 | 512GB | SSD,Storage,kioxia,kioxia bg5,2023,45.0,0.087890625,$/GB
kioxia exceria g2 | 2.0TB | SSD,Storage,kioxia,kioxia exceria g2,2025,143.05,0.071525,$/GB
kioxia exceria plus g3 | 1.0TB | SSD,Storage,kioxia,kioxia exceria plus g3,2025,83.78,0.08378000000000001,$/GB
kioxia exceria plus g3 | 2.0TB | SSD,Storage,kioxia,kioxia exceria plus g3,2025,146.31,0.073155,$/GB
kioxia exceria plus | 2.0TB | SSD,Storage,kioxia,kioxia exceria plus,2023,489.99,0.24499500000000002,$/GB
kioxia exceria plus | 2.0TB | SSD,Storage,kioxia,kioxia exceria plus,2025,522.99,0.261495,$/GB
kioxia exceria pro | 1.0TB | SSD,Storage,kioxia,kioxia exceria pro,2025,103.69,0.10369,$/GB
kioxia exceria pro | 2.0TB | SSD,Storage,kioxia,kioxia exceria pro,2023,259.33,0.129665,$/GB
kioxia exceria pro | 2.0TB | SSD,Storage,kioxia,kioxia exceria pro,2025,169.31,0.08465500000000001,$/GB
kioxia exceria w heatsink | 1.0TB | SSD,Storage,kioxia,kioxia exceria w heatsink,2025,81.99,0.08199,$/GB
kioxia exceria w heatsink | 2.0TB | SSD,Storage,kioxia,kioxia exceria w heatsink,2025,120.99,0.060495,$/GB
kioxia exceria w heatsink | 4.0TB | SSD,Storage,kioxia,kioxia exceria w heatsink,2025,249.99,0.062497500000000004,$/GB
kioxia exceria | 480GB | SSD,Storage,kioxia,kioxia exceria,2025,39.68,0.08266666666666667,$/GB
kioxia exceria | 500GB | SSD,Storage,kioxia,kioxia exceria,2023,89.5,0.179,$/GB
kioxia exceria | 500GB | SSD,Storage,kioxia,kioxia exceria,2025,79.5,0.159,$/GB
kioxia exceria | 960GB | SSD,Storage,kioxia,kioxia exceria,2025,74.31,0.07740625,$/GB
klevv cras c710 | 1.0TB | SSD,Storage,klevv,klevv cras c710,2023,59.99,0.05999,$/GB
klevv cras c710 | 512GB | SSD,Storage,klevv,klevv cras c710,2023,39.99,0.07810546875,$/GB
klevv cras c910 | 1.0TB | SSD,Storage,klevv,klevv cras c910,2023,64.98,0.06498000000000001,$/GB
klevv cras c910 | 1.0TB | SSD,Storage,klevv,klevv cras c910,2025,57.99,0.05799,$/GB
klevv cras c910 | 2.0TB | SSD,Storage,klevv,klevv cras c910,2025,103.99,0.051995,$/GB
klevv cras c910 | 4.0TB | SSD,Storage,klevv,klevv cras c910,2025,199.99,0.0499975,$/GB
klevv cras c910 | 500GB | SSD,Storage,klevv,klevv cras c910,2025,34.99,0.06998,$/GB
klevv cras c925 | 1.0TB | SSD,Storage,klevv,klevv cras c925,2025,65.98,0.06598000000000001,$/GB
klevv cras c925 | 500GB | SSD,Storage,klevv,klevv cras c925,2025,46.99,0.09398000000000001,$/GB
klevv cras c930 | 1.0TB | SSD,Storage,klevv,klevv cras c930,2025,75.98,0.07598,$/GB
klevv cras c930 | 2.0TB | SSD,Storage,klevv,klevv cras c930,2025,121.99,0.060995,$/GB
lenovo 0a89478 | 3.0TB | HDD,Storage,lenovo,lenovo 0a89478,2025,142.6,0.04753333333333333,$/GB
lenovo 4xb0w79582 | 1.0TB | SSD,Storage,lenovo,lenovo 4xb0w79582,2023,496.0,0.496,$/GB
lenovo 4xb0w79582 | 1.0TB | SSD,Storage,lenovo,lenovo 4xb0w79582,2025,465.0,0.465,$/GB
lenovo 5300 | 240GB | SSD,Storage,lenovo,lenovo 5300,2025,259.27,1.0802916666666667,$/GB
lenovo 5300 | 480GB | SSD,Storage,lenovo,lenovo 5300,2025,801.0,1.66875,$/GB
lenovo opal2 | 512GB | SSD,Storage,lenovo,lenovo opal2,2023,74.98,0.1464453125,$/GB
lenovo s4520 | 1.9TB | SSD,Storage,lenovo,lenovo s4520,2025,659.99,0.34374479166666666,$/GB
lenovo s4520 | 240GB | SSD,Storage,lenovo,lenovo s4520,2025,465.38,1.9390833333333333,$/GB
lenovo s4520 | 480GB | SSD,Storage,lenovo,lenovo s4520,2025,317.44,0.6613333333333333,$/GB
lenovo s4520 | 960GB | SSD,Storage,lenovo,lenovo s4520,2023,400.64,0.41733333333333333,$/GB
lenovo s4520 | 960GB | SSD,Storage,lenovo,lenovo s4520,2025,430.86,0.4488125,$/GB
lenovo thinkpad opal | 512GB | SSD,Storage,lenovo,lenovo thinkpad opal,2023,129.0,0.251953125,$/GB
lenovo thinkpad opal | 512GB | SSD,Storage,lenovo,lenovo thinkpad opal,2025,171.0,0.333984375,$/GB
lenovo thinkpad | 500GB | HDD,Storage,lenovo,lenovo thinkpad,2025,99.0,0.198,$/GB
lenovo thinkstation | 6.0TB | HDD,Storage,lenovo,lenovo thinkstation,2023,895.0,0.14916666666666667,$/GB
lenovo thinkstation | 6.0TB | HDD,Storage,lenovo,lenovo thinkstation,2025,316.68,0.05278,$/GB
leven jps600 | 2.0TB | SSD,Storage,leven,leven jps600,2023,100.99,0.050495,$/GB
leven jps600 | 2.0TB | SSD,Storage,leven,leven jps600,2025,91.99,0.045994999999999994,$/GB
leven jps800 | 1.0TB | SSD,Storage,leven,leven jps800,2023,59.99,0.05999,$/GB
leven jps800 | 2.0TB | SSD,Storage,leven,leven jps800,2023,104.99,0.052495,$/GB
leven js600 | 1.0TB | SSD,Storage,leven,leven js600,2023,53.99,0.05399,$/GB
leven js600 | 128GB | SSD,Storage,leven,leven js600,2023,13.99,0.109296875,$/GB
leven js600 | 4.0TB | SSD,Storage,leven,leven js600,2023,184.99,0.046247500000000004,$/GB
leven js600 | 512GB | SSD,Storage,leven,leven js600,2025,25.99,0.05076171875,$/GB
lexar nm1090 w heatsink | 2.0TB | SSD,Storage,lexar,lexar nm1090 w heatsink,2025,307.45,0.153725,$/GB
lexar nm600 | 480GB | SSD,Storage,lexar,lexar nm600,2025,130.79,0.27247916666666666,$/GB
lexar nm610 | 250GB | SSD,Storage,lexar,lexar nm610,2025,36.99,0.14796,$/GB
lexar nm610 | 500GB | SSD,Storage,lexar,lexar nm610,2025,59.99,0.11998,$/GB
lexar nm620 | 1.0TB | SSD,Storage,lexar,lexar nm620,2023,74.98,0.07498,$/GB
lexar nm620 | 1.0TB | SSD,Storage,lexar,lexar nm620,2025,57.99,0.05799,$/GB
lexar nm620 | 2.0TB | SSD,Storage,lexar,lexar nm620,2025,140.55,0.070275,$/GB
lexar nm620 | 256GB | SSD,Storage,lexar,lexar nm620,2025,69.56,0.27171875,$/GB
lexar nm620 | 512GB | SSD,Storage,lexar,lexar nm620,2025,39.99,0.07810546875,$/GB
lexar nm710 | 1.0TB | SSD,Storage,lexar,lexar nm710,2025,88.74,0.08874,$/GB
lexar nm710 | 2.0TB | SSD,Storage,lexar,lexar nm710,2023,117.22,0.05861,$/GB
lexar nm710 | 2.0TB | SSD,Storage,lexar,lexar nm710,2025,146.31,0.073155,$/GB
lexar nm710 | 500GB | SSD,Storage,lexar,lexar nm710,2025,69.98,0.13996,$/GB
lexar nm790 w heatsink | 1.0TB | SSD,Storage,lexar,lexar nm790 w heatsink,2025,71.48,0.07148,$/GB
lexar nm790 w heatsink | 2.0TB | SSD,Storage,lexar,lexar nm790 w heatsink,2025,129.4,0.06470000000000001,$/GB
lexar nm790 w heatsink | 4.0TB | SSD,Storage,lexar,lexar nm790 w heatsink,2025,239.49,0.0598725,$/GB
lexar nm790 | 1.0TB | SSD,Storage,lexar,lexar nm790,2023,91.38,0.09137999999999999,$/GB
lexar nm790 | 1.0TB | SSD,Storage,lexar,lexar nm790,2025,67.99,0.06799,$/GB
lexar nm790 | 2.0TB | SSD,Storage,lexar,lexar nm790,2023,153.06,0.07653,$/GB
lexar nm790 | 2.0TB | SSD,Storage,lexar,lexar nm790,2025,124.99,0.062494999999999995,$/GB
lexar nm790 | 4.0TB | SSD,Storage,lexar,lexar nm790,2023,249.99,0.062497500000000004,$/GB
lexar nm790 | 4.0TB | SSD,Storage,lexar,lexar nm790,2025,230.0,0.0575,$/GB
lexar nm790 | 8.0TB | SSD,Storage,lexar,lexar nm790,2025,629.49,0.07868625,$/GB
lexar nq100 | 1.9TB | SSD,Storage,lexar,lexar nq100,2025,89.49,0.046609374999999995,$/GB
lexar nq100 | 240GB | SSD,Storage,lexar,lexar nq100,2025,18.48,0.077,$/GB
lexar nq100 | 480GB | SSD,Storage,lexar,lexar nq100,2025,47.21,0.09835416666666667,$/GB
lexar nq100 | 960GB | SSD,Storage,lexar,lexar nq100,2023,69.0,0.071875,$/GB
lexar nq100 | 960GB | SSD,Storage,lexar,lexar nq100,2025,68.98,0.07185416666666668,$/GB
lexar nq710 | 500GB | SSD,Storage,lexar,lexar nq710,2025,62.38,0.12476000000000001,$/GB
lexar nq780 | 1.0TB | SSD,Storage,lexar,lexar nq780,2025,87.99,0.08799,$/GB
lexar nq780 | 4.0TB | SSD,Storage,lexar,lexar nq780,2025,219.49,0.054872500000000005,$/GB
lexar nq790 | 2.0TB | SSD,Storage,lexar,lexar nq790,2025,146.79,0.073395,$/GB
lexar ns100 | 1.0TB | SSD,Storage,lexar,lexar ns100,2025,54.99,0.054990000000000004,$/GB
lexar ns100 | 128GB | SSD,Storage,lexar,lexar ns100,2025,18.98,0.14828125,$/GB
lexar ns100 | 2.0TB | SSD,Storage,lexar,lexar ns100,2025,109.99,0.054994999999999995,$/GB
lexar ns100 | 256GB | SSD,Storage,lexar,lexar ns100,2025,23.98,0.093671875,$/GB
lexar ns100 | 512GB | SSD,Storage,lexar,lexar ns100,2025,53.58,0.1046484375,$/GB
lexar ns200 | 240GB | SSD,Storage,lexar,lexar ns200,2023,59.99,0.24995833333333334,$/GB
lexar ns200 | 240GB | SSD,Storage,lexar,lexar ns200,2025,59.99,0.24995833333333334,$/GB
lexar ns200 | 480GB | SSD,Storage,lexar,lexar ns200,2025,99.99,0.20831249999999998,$/GB
lexar play | 2.0TB | SSD,Storage,lexar,lexar play,2025,143.49,0.071745,$/GB
lexar play | 4.0TB | SSD,Storage,lexar,lexar play,2025,259.49,0.0648725,$/GB
lexar play | 8.0TB | SSD,Storage,lexar,lexar play,2025,756.65,0.09458124999999999,$/GB
lexar professional nm1090 pro | 1.0TB | SSD,Storage,lexar,lexar professional nm1090 pro,2025,154.51,0.15450999999999998,$/GB
lexar professional nm1090 pro | 2.0TB | SSD,Storage,lexar,lexar professional nm1090 pro,2025,214.49,0.10724500000000001,$/GB
lexar professional nm1090 pro | 4.0TB | SSD,Storage,lexar,lexar professional nm1090 pro,2025,408.49,0.1021225,$/GB
lexar professional nm800pro w heatsink | 1.0TB | SSD,Storage,lexar,lexar professional nm800pro w heatsink,2023,89.99,0.08999,$/GB
lexar professional nm800pro w heatsink | 1.0TB | SSD,Storage,lexar,lexar professional nm800pro w heatsink,2025,82.99,0.08299,$/GB
lexar professional nm800pro w heatsink | 2.0TB | SSD,Storage,lexar,lexar professional nm800pro w heatsink,2025,149.99,0.074995,$/GB
lexar professional nm800pro w heatsink | 512GB | SSD,Storage,lexar,lexar professional nm800pro w heatsink,2025,59.99,0.11716796875,$/GB
lexar professional nm800pro | 1.0TB | SSD,Storage,lexar,lexar professional nm800pro,2025,93.95,0.09395,$/GB
lexar professional nm800pro | 2.0TB | SSD,Storage,lexar,lexar professional nm800pro,2025,144.99,0.072495,$/GB
lexar professional nm800pro | 512GB | SSD,Storage,lexar,lexar professional nm800pro,2025,67.98,0.1327734375,$/GB
micron 1100 | 1.0TB | SSD,Storage,micron,micron 1100,2023,199.99,0.19999,$/GB
micron 1100 | 1.0TB | SSD,Storage,micron,micron 1100,2025,199.99,0.19999,$/GB
micron 1100 | 2.0TB | SSD,Storage,micron,micron 1100,2025,299.0,0.1495,$/GB
micron 2400 | 1.0TB | SSD,Storage,micron,micron 2400,2023,95.0,0.095,$/GB
micron 2400 | 1.0TB | SSD,Storage,micron,micron 2400,2025,89.85,0.08985,$/GB
micron 2400 | 2.0TB | SSD,Storage,micron,micron 2400,2025,147.94,0.07397,$/GB
micron 2400 | 512GB | SSD,Storage,micron,micron 2400,2025,59.12,0.11546875,$/GB
micron 3400 | 1.0TB | SSD,Storage,micron,micron 3400,2025,149.99,0.14999,$/GB
micron 5210 ion | 1.9TB | SSD,Storage,micron,micron 5210 ion,2023,359.0,0.18697916666666667,$/GB
micron 5210 ion | 1.9TB | SSD,Storage,micron,micron 5210 ion,2025,355.0,0.18489583333333334,$/GB
micron 7400 pro | 1.9TB | SSD,Storage,micron,micron 7400 pro,2025,349.99,0.18228645833333335,$/GB
micron 7400 pro | 3.8TB | SSD,Storage,micron,micron 7400 pro,2025,749.99,0.19530989583333333,$/GB
micron 7400 pro | 480GB | SSD,Storage,micron,micron 7400 pro,2025,149.99,0.3124791666666667,$/GB
micron 9300 pro | 7.7TB | SSD,Storage,micron,micron 9300 pro,2023,710.0,0.09244791666666667,$/GB
micron 9300 pro | 7.7TB | SSD,Storage,micron,micron 9300 pro,2025,959.0,0.12486979166666666,$/GB
msi spatium m371 | 1.0TB | SSD,Storage,msi,msi spatium m371,2023,64.99,0.06498999999999999,$/GB
msi spatium m371 | 1.0TB | SSD,Storage,msi,msi spatium m371,2025,49.99,0.04999,$/GB
msi spatium m390 | 1.0TB | SSD,Storage,msi,msi spatium m390,2025,79.95,0.07995000000000001,$/GB
msi spatium m450 | 1.0TB | SSD,Storage,msi,msi spatium m450,2023,74.99,0.07499,$/GB
msi spatium m450 | 500GB | SSD,Storage,msi,msi spatium m450,2025,49.95,0.0999,$/GB
msi spatium m460 | 1.0TB | SSD,Storage,msi,msi spatium m460,2023,72.98,0.07298,$/GB
msi spatium m461 | 2.0TB | SSD,Storage,msi,msi spatium m461,2025,89.99,0.044995,$/GB
msi spatium m461 | 4.0TB | SSD,Storage,msi,msi spatium m461,2025,249.99,0.062497500000000004,$/GB
msi spatium m470 | 1.0TB | SSD,Storage,msi,msi spatium m470,2025,149.99,0.14999,$/GB
msi spatium m470 | 2.0TB | SSD,Storage,msi,msi spatium m470,2025,737.38,0.36869,$/GB
msi spatium m480 pro play | 2.0TB | SSD,Storage,msi,msi spatium m480 pro play,2025,143.94,0.07196999999999999,$/GB
msi spatium m480 pro | 1.0TB | SSD,Storage,msi,msi spatium m480 pro,2023,84.0,0.084,$/GB
msi spatium m480 pro | 1.0TB | SSD,Storage,msi,msi spatium m480 pro,2025,109.67,0.10967,$/GB
msi spatium m480 pro | 2.0TB | SSD,Storage,msi,msi spatium m480 pro,2025,119.99,0.059995,$/GB
msi spatium m480 pro | 4.0TB | SSD,Storage,msi,msi spatium m480 pro,2025,289.99,0.0724975,$/GB
msi spatium m480 | 1.0TB | SSD,Storage,msi,msi spatium m480,2023,99.0,0.099,$/GB
msi spatium m482 | 2.0TB | SSD,Storage,msi,msi spatium m482,2023,144.99,0.072495,$/GB
msi spatium m482 | 2.0TB | SSD,Storage,msi,msi spatium m482,2025,109.99,0.054994999999999995,$/GB
msi spatium m570 frozr | 2.0TB | SSD,Storage,msi,msi spatium m570 frozr,2025,239.99,0.119995,$/GB
msi spatium m570 hs | 2.0TB | SSD,Storage,msi,msi spatium m570 hs,2023,199.99,0.099995,$/GB
msi spatium m570 hs | 2.0TB | SSD,Storage,msi,msi spatium m570 hs,2025,405.25,0.202625,$/GB
msi spatium m580 frozr | 2.0TB | SSD,Storage,msi,msi spatium m580 frozr,2025,322.99,0.161495,$/GB
msi spatium m580 frozr | 4.0TB | SSD,Storage,msi,msi spatium m580 frozr,2025,549.99,0.1374975,$/GB
msi spatium s270 | 240GB | SSD,Storage,msi,msi spatium s270,2025,39.0,0.1625,$/GB
msi spatium s270 | 480GB | SSD,Storage,msi,msi spatium s270,2025,34.97,0.07285416666666666,$/GB
mushkin atlas vital | 250GB | SSD,Storage,mushkin,mushkin atlas vital,2023,104.83,0.41931999999999997,$/GB
mushkin atlas vital | 250GB | SSD,Storage,mushkin,mushkin atlas vital,2025,107.37,0.42948000000000003,$/GB
mushkin element | 1.0TB | SSD,Storage,mushkin,mushkin element,2025,186.78,0.18678,$/GB
mushkin element | 2.0TB | SSD,Storage,mushkin,mushkin element,2025,309.05,0.154525,$/GB
mushkin element | 4.0TB | SSD,Storage,mushkin,mushkin element,2023,383.6,0.0959,$/GB
mushkin gamma | 4.0TB | SSD,Storage,mushkin,mushkin gamma,2023,315.99,0.0789975,$/GB
mushkin helix-l | 2.0TB | SSD,Storage,mushkin,mushkin helix-l,2025,100.98,0.05049,$/GB
mushkin helix-l | 512GB | SSD,Storage,mushkin,mushkin helix-l,2023,37.99,0.07419921875,$/GB
mushkin helix-l | 512GB | SSD,Storage,mushkin,mushkin helix-l,2025,37.99,0.07419921875,$/GB
mushkin pilot-e | 2.0TB | SSD,Storage,mushkin,mushkin pilot-e,2023,153.07,0.07653499999999999,$/GB
mushkin raw | 500GB | SSD,Storage,mushkin,mushkin raw,2025,79.98,0.15996000000000002,$/GB
mushkin source 2 | 120GB | SSD,Storage,mushkin,mushkin source 2,2023,22.5,0.1875,$/GB
mushkin source hc | 4.0TB | SSD,Storage,mushkin,mushkin source hc,2025,612.85,0.1532125,$/GB
mushkin source | 2.0TB | SSD,Storage,mushkin,mushkin source,2025,299.39,0.149695,$/GB
mushkin tempest | 1.0TB | SSD,Storage,mushkin,mushkin tempest,2025,111.65,0.11165,$/GB
mushkin tempest | 2.0TB | SSD,Storage,mushkin,mushkin tempest,2025,118.99,0.059495,$/GB
mushkin tempest | 256GB | SSD,Storage,mushkin,mushkin tempest,2025,48.47,0.1893359375,$/GB
mushkin vortex redline | 1.0TB | SSD,Storage,mushkin,mushkin vortex redline,2023,77.98,0.07798000000000001,$/GB
mushkin vortex redline | 1.0TB | SSD,Storage,mushkin,mushkin vortex redline,2025,92.99,0.09298999999999999,$/GB
mushkin vortex redline | 2.0TB | SSD,Storage,mushkin,mushkin vortex redline,2025,169.99,0.084995,$/GB
mushkin vortex redline | 4.0TB | SSD,Storage,mushkin,mushkin vortex redline,2025,308.98,0.07724500000000001,$/GB
mushkin vortex-lx | 1.0TB | SSD,Storage,mushkin,mushkin vortex-lx,2025,96.9,0.0969,$/GB
mushkin vortex-lx | 512GB | SSD,Storage,mushkin,mushkin vortex-lx,2025,44.99,0.08787109375,$/GB
nemix ram nemesis | 2.0TB | SSD,Storage,nemix ram,nemix ram nemesis,2023,159.88,0.07994,$/GB
nemix ram nemesis | 4.0TB | SSD,Storage,nemix ram,nemix ram nemesis,2023,318.99,0.0797475,$/GB
nemix ram nemesis | 4.0TB | SSD,Storage,nemix ram,nemix ram nemesis,2025,318.99,0.0797475,$/GB
netac nv7000 | 2.0TB | SSD,Storage,netac,netac nv7000,2025,132.04,0.06602,$/GB
netac nv7000-t | 1.0TB | SSD,Storage,netac,netac nv7000-t,2025,69.78,0.06978,$/GB
netac nv7000-t | 2.0TB | SSD,Storage,netac,netac nv7000-t,2025,162.99,0.081495,$/GB
nextorage g-series le | 1.0TB | SSD,Storage,nextorage,nextorage g-series le,2025,84.99,0.08499,$/GB
nextorage g-series le | 2.0TB | SSD,Storage,nextorage,nextorage g-series le,2023,126.99,0.063495,$/GB
nextorage g-series le | 2.0TB | SSD,Storage,nextorage,nextorage g-series le,2025,139.99,0.069995,$/GB
nextorage g-series | 2.0TB | SSD,Storage,nextorage,nextorage g-series,2025,799.99,0.399995,$/GB
nextorage g-series | 8.0TB | SSD,Storage,nextorage,nextorage g-series,2025,799.99,0.09999875,$/GB
nextorage nem-pa | 1.0TB | SSD,Storage,nextorage,nextorage nem-pa,2023,89.99,0.08999,$/GB
nextorage nem-pa | 2.0TB | SSD,Storage,nextorage,nextorage nem-pa,2023,149.99,0.074995,$/GB
nextorage nem-pab | 1.0TB | SSD,Storage,nextorage,nextorage nem-pab,2025,89.99,0.08999,$/GB
nextorage nem-pab | 2.0TB | SSD,Storage,nextorage,nextorage nem-pab,2025,124.99,0.062494999999999995,$/GB
nextorage nem-pab | 4.0TB | SSD,Storage,nextorage,nextorage nem-pab,2025,299.99,0.07499750000000001,$/GB
nextorage nem-pac | 4.0TB | SSD,Storage,nextorage,nextorage nem-pac,2025,234.99,0.0587475,$/GB
nextorage nn5pro | 1.0TB | SSD,Storage,nextorage,nextorage nn5pro,2023,239.99,0.23999,$/GB
nextorage nn5pro | 1.0TB | SSD,Storage,nextorage,nextorage nn5pro,2025,239.99,0.23999,$/GB
nextorage nn5pro | 2.0TB | SSD,Storage,nextorage,nextorage nn5pro,2023,399.99,0.199995,$/GB
nextorage nn5pro | 2.0TB | SSD,Storage,nextorage,nextorage nn5pro,2025,399.99,0.199995,$/GB
ocz agility 2 | 60GB | SSD,Storage,ocz,ocz agility 2,2025,149.94,2.499,$/GB
ocz agility 3 | 240GB | SSD,Storage,ocz,ocz agility 3,2025,87.95,0.36645833333333333,$/GB
ocz agility 3 | 60GB | SSD,Storage,ocz,ocz agility 3,2025,149.99,2.4998333333333336,$/GB
ocz colossus 2 | 460GB | SSD,Storage,ocz,ocz colossus 2,2023,995.0,2.1630434782608696,$/GB
ocz vector 150 | 240GB | SSD,Storage,ocz,ocz vector 150,2025,380.0,1.5833333333333333,$/GB
ocz vertex 450 series 128 | 128GB | SSD,Storage,ocz,ocz vertex 450 series 128,2025,249.95,1.952734375,$/GB
ocz vertex 460 | 120GB | SSD,Storage,ocz,ocz vertex 460,2023,200.0,1.6666666666666667,$/GB
ocz vertex 460 | 120GB | SSD,Storage,ocz,ocz vertex 460,2025,200.0,1.6666666666666667,$/GB
orico d10 | 1.0TB | SSD,Storage,orico,orico d10,2025,59.99,0.05999,$/GB
orico d10 | 128GB | SSD,Storage,orico,orico d10,2025,14.99,0.117109375,$/GB
orico d10 | 2.0TB | SSD,Storage,orico,orico d10,2025,119.99,0.059995,$/GB
orico d10 | 256GB | SSD,Storage,orico,orico d10,2025,27.99,0.1093359375,$/GB
orico j-10 | 2.0TB | SSD,Storage,orico,orico j-10,2025,99.99,0.049995,$/GB
orico o7000 | 1.0TB | SSD,Storage,orico,orico o7000,2025,59.49,0.05949,$/GB
orico o7000 | 2.0TB | SSD,Storage,orico,orico o7000,2025,103.94,0.05197,$/GB
orico o7000 | 512GB | SSD,Storage,orico,orico o7000,2025,37.99,0.07419921875,$/GB
orico y-20 | 1.0TB | SSD,Storage,orico,orico y-20,2025,46.78,0.04678,$/GB
orico y-20 | 128GB | SSD,Storage,orico,orico y-20,2025,10.99,0.085859375,$/GB
orico y-20 | 2.0TB | SSD,Storage,orico,orico y-20,2025,84.99,0.042495,$/GB
orico y-20 | 4.0TB | SSD,Storage,orico,orico y-20,2025,209.99,0.0524975,$/GB
orico y-20 | 512GB | SSD,Storage,orico,orico y-20,2025,25.49,0.04978515625,$/GB
owc aura pro iv | 1.0TB | SSD,Storage,owc,owc aura pro iv,2025,99.49,0.09949,$/GB
owc aura pro iv | 2.0TB | SSD,Storage,owc,owc aura pro iv,2025,179.99,0.089995,$/GB
owc aura pro iv | 4.0TB | SSD,Storage,owc,owc aura pro iv,2025,324.99,0.0812475,$/GB
owc aura ultra iv | 1.0TB | SSD,Storage,owc,owc aura ultra iv,2025,129.99,0.12999000000000002,$/GB
owc mercury electra 6g | 1.0TB | SSD,Storage,owc,owc mercury electra 6g,2025,99.88,0.09988,$/GB
owc mercury electra 6g | 120GB | SSD,Storage,owc,owc mercury electra 6g,2023,23.99,0.19991666666666666,$/GB
owc mercury electra 6g | 120GB | SSD,Storage,owc,owc mercury electra 6g,2025,19.98,0.1665,$/GB
owc mercury electra 6g | 2.0TB | SSD,Storage,owc,owc mercury electra 6g,2025,179.99,0.089995,$/GB
owc mercury electra 6g | 250GB | SSD,Storage,owc,owc mercury electra 6g,2023,34.58,0.13832,$/GB
owc mercury electra 6g | 250GB | SSD,Storage,owc,owc mercury electra 6g,2025,26.99,0.10796,$/GB
owc mercury electra 6g | 500GB | SSD,Storage,owc,owc mercury electra 6g,2023,69.98,0.13996,$/GB
oyen digital dash pro w heat sink | 4.0TB | SSD,Storage,oyen digital,oyen digital dash pro w heat sink,2023,339.0,0.08475,$/GB
oyen digital dash pro w heat sink | 4.0TB | SSD,Storage,oyen digital,oyen digital dash pro w heat sink,2025,349.9,0.087475,$/GB
oyen digital dash pro w heat sink | 8.0TB | SSD,Storage,oyen digital,oyen digital dash pro w heat sink,2025,849.0,0.106125,$/GB
oyen digital e13s-2242-1024ph | 1.0TB | SSD,Storage,oyen digital,oyen digital e13s-2242-1024ph,2023,89.0,0.089,$/GB
oyen digital e13s-2242-1024ph | 1.0TB | SSD,Storage,oyen digital,oyen digital e13s-2242-1024ph,2025,89.0,0.089,$/GB
oyen digital e13s-2242-2048ph | 2.0TB | SSD,Storage,oyen digital,oyen digital e13s-2242-2048ph,2025,189.0,0.0945,$/GB
oyen digital e18-8tbics5 | 8.0TB | SSD,Storage,oyen digital,oyen digital e18-8tbics5,2025,869.0,0.108625,$/GB
oyen digital e18-8tbics6 | 8.0TB | SSD,Storage,oyen digital,oyen digital e18-8tbics6,2025,829.0,0.103625,$/GB
patriot burst elite | 1.9TB | SSD,Storage,patriot,patriot burst elite,2025,89.99,0.04686979166666667,$/GB
patriot burst elite | 120GB | SSD,Storage,patriot,patriot burst elite,2023,13.99,0.11658333333333333,$/GB
patriot burst elite | 120GB | SSD,Storage,patriot,patriot burst elite,2025,12.49,0.10408333333333333,$/GB
patriot burst elite | 240GB | SSD,Storage,patriot,patriot burst elite,2023,17.98,0.07491666666666667,$/GB
patriot burst elite | 240GB | SSD,Storage,patriot,patriot burst elite,2025,17.48,0.07283333333333333,$/GB
patriot burst elite | 480GB | SSD,Storage,patriot,patriot burst elite,2023,28.99,0.06039583333333333,$/GB
patriot burst elite | 480GB | SSD,Storage,patriot,patriot burst elite,2025,26.99,0.05622916666666666,$/GB
patriot burst elite | 960GB | SSD,Storage,patriot,patriot burst elite,2025,51.99,0.05415625,$/GB
patriot p210 | 1.0TB | SSD,Storage,patriot,patriot p210,2023,52.99,0.05299,$/GB
patriot p210 | 1.0TB | SSD,Storage,patriot,patriot p210,2025,52.99,0.05299,$/GB
patriot p210 | 2.0TB | SSD,Storage,patriot,patriot p210,2025,93.99,0.046994999999999995,$/GB
patriot p210 | 256GB | SSD,Storage,patriot,patriot p210,2025,18.98,0.074140625,$/GB
patriot p210 | 512GB | SSD,Storage,patriot,patriot p210,2025,29.79,0.05818359375,$/GB
patriot p220 | 1.0TB | SSD,Storage,patriot,patriot p220,2025,53.99,0.05399,$/GB
patriot p220 | 128GB | SSD,Storage,patriot,patriot p220,2025,13.49,0.105390625,$/GB
patriot p220 | 2.0TB | SSD,Storage,patriot,patriot p220,2025,94.99,0.047494999999999996,$/GB
patriot p220 | 256GB | SSD,Storage,patriot,patriot p220,2025,18.98,0.074140625,$/GB
patriot p220 | 512GB | SSD,Storage,patriot,patriot p220,2025,30.99,0.06052734375,$/GB
patriot p300 | 1.0TB | SSD,Storage,patriot,patriot p300,2023,69.56,0.06956,$/GB
patriot p300 | 1.0TB | SSD,Storage,patriot,patriot p300,2025,81.16,0.08116,$/GB
patriot p300 | 128GB | SSD,Storage,patriot,patriot p300,2023,17.98,0.14046875,$/GB
patriot p300 | 128GB | SSD,Storage,patriot,patriot p300,2025,14.99,0.117109375,$/GB
patriot p300 | 2.0TB | SSD,Storage,patriot,patriot p300,2025,102.99,0.051495,$/GB
patriot p300 | 256GB | SSD,Storage,patriot,patriot p300,2023,25.79,0.1007421875,$/GB
patriot p300 | 256GB | SSD,Storage,patriot,patriot p300,2025,43.38,0.169453125,$/GB
patriot p300 | 512GB | SSD,Storage,patriot,patriot p300,2023,42.46,0.0829296875,$/GB
patriot p300 | 512GB | SSD,Storage,patriot,patriot p300,2025,55.22,0.1078515625,$/GB
patriot p310 | 1.9TB | SSD,Storage,patriot,patriot p310,2025,112.99,0.05884895833333333,$/GB
patriot p310 | 240GB | SSD,Storage,patriot,patriot p310,2023,21.99,0.091625,$/GB
patriot p310 | 240GB | SSD,Storage,patriot,patriot p310,2025,25.98,0.10825,$/GB
patriot p310 | 480GB | SSD,Storage,patriot,patriot p310,2023,35.99,0.07497916666666667,$/GB
patriot p310 | 480GB | SSD,Storage,patriot,patriot p310,2025,35.98,0.07495833333333332,$/GB
patriot p310 | 960GB | SSD,Storage,patriot,patriot p310,2025,51.99,0.05415625,$/GB
patriot p320 | 1.0TB | SSD,Storage,patriot,patriot p320,2025,52.99,0.05299,$/GB
patriot p320 | 128GB | SSD,Storage,patriot,patriot p320,2025,15.99,0.124921875,$/GB
patriot p320 | 2.0TB | SSD,Storage,patriot,patriot p320,2025,104.99,0.052495,$/GB
patriot p320 | 256GB | SSD,Storage,patriot,patriot p320,2025,23.49,0.0917578125,$/GB
patriot p320 | 512GB | SSD,Storage,patriot,patriot p320,2025,32.99,0.06443359375,$/GB
patriot p400 lite | 1.0TB | SSD,Storage,patriot,patriot p400 lite,2025,54.99,0.054990000000000004,$/GB
patriot p400 lite | 2.0TB | SSD,Storage,patriot,patriot p400 lite,2023,109.99,0.054994999999999995,$/GB
patriot p400 lite | 2.0TB | SSD,Storage,patriot,patriot p400 lite,2025,104.99,0.052495,$/GB
patriot p400 lite | 250GB | SSD,Storage,patriot,patriot p400 lite,2025,26.99,0.10796,$/GB
patriot p400 lite | 4.0TB | SSD,Storage,patriot,patriot p400 lite,2025,212.99,0.0532475,$/GB
patriot p400 lite | 500GB | SSD,Storage,patriot,patriot p400 lite,2025,35.99,0.07198,$/GB
patriot p400 | 1.0TB | SSD,Storage,patriot,patriot p400,2025,64.98,0.06498000000000001,$/GB
patriot spark | 128GB | SSD,Storage,patriot,patriot spark,2023,90.0,0.703125,$/GB
patriot viper pv553 | 1.0TB | SSD,Storage,patriot,patriot viper pv553,2025,109.99,0.10998999999999999,$/GB
patriot viper vp4300 lite | 1.0TB | SSD,Storage,patriot,patriot viper vp4300 lite,2023,66.98,0.06698,$/GB
patriot viper vp4300 lite | 1.0TB | SSD,Storage,patriot,patriot viper vp4300 lite,2025,64.98,0.06498000000000001,$/GB
patriot viper vp4300 lite | 2.0TB | SSD,Storage,patriot,patriot viper vp4300 lite,2025,103.98,0.05199,$/GB
patriot viper vp4300 lite | 4.0TB | SSD,Storage,patriot,patriot viper vp4300 lite,2025,209.99,0.0524975,$/GB
patriot viper vp4300 | 1.0TB | SSD,Storage,patriot,patriot viper vp4300,2025,94.99,0.09498999999999999,$/GB
patriot viper vp4300 | 2.0TB | SSD,Storage,patriot,patriot viper vp4300,2023,169.99,0.084995,$/GB
patriot viper vp4300 | 2.0TB | SSD,Storage,patriot,patriot viper vp4300,2025,123.99,0.061994999999999995,$/GB
patriot viper vpn110 | 2.0TB | SSD,Storage,patriot,patriot viper vpn110,2023,189.5,0.09475,$/GB
patriot vp4000 mini | 1.0TB | SSD,Storage,patriot,patriot vp4000 mini,2025,71.98,0.07198,$/GB
patriot vp4000 mini | 2.0TB | SSD,Storage,patriot,patriot vp4000 mini,2025,132.99,0.066495,$/GB
patriot vp4000 mini | 500GB | SSD,Storage,patriot,patriot vp4000 mini,2025,45.99,0.09198,$/GB
patriot vpn100 | 1.0TB | SSD,Storage,patriot,patriot vpn100,2025,317.2,0.3172,$/GB
patriot vpn100 | 2.0TB | SSD,Storage,patriot,patriot vpn100,2025,346.19,0.173095,$/GB
pioneer aps-se20g-1t | 1.0TB | SSD,Storage,pioneer,pioneer aps-se20g-1t,2023,152.16,0.15216,$/GB
pioneer aps-se20g-1t | 1.0TB | SSD,Storage,pioneer,pioneer aps-se20g-1t,2025,127.07,0.12707,$/GB
pioneer aps-se20g-256 | 256GB | SSD,Storage,pioneer,pioneer aps-se20g-256,2025,49.24,0.19234375,$/GB
pioneer aps-se20g-512 | 512GB | SSD,Storage,pioneer,pioneer aps-se20g-512,2023,87.61,0.17111328125,$/GB
pioneer aps-se20g-512 | 512GB | SSD,Storage,pioneer,pioneer aps-se20g-512,2025,86.83,0.16958984375,$/GB
plextor m6m | 512GB | SSD,Storage,plextor,plextor m6m,2023,527.77,1.03080078125,$/GB
plextor m6m | 512GB | SSD,Storage,plextor,plextor m6m,2025,527.77,1.03080078125,$/GB
plextor m8vc | 128GB | SSD,Storage,plextor,plextor m8vc,2025,100.99,0.788984375,$/GB
plextor m9pe | 1.0TB | SSD,Storage,plextor,plextor m9pe,2025,402.68,0.40268,$/GB
plextor m9pe | 512GB | SSD,Storage,plextor,plextor m9pe,2025,448.91,0.87677734375,$/GB
pny cs1030 | 1.0TB | SSD,Storage,pny,pny cs1030,2023,79.6,0.07959999999999999,$/GB
pny cs1030 | 1.0TB | SSD,Storage,pny,pny cs1030,2025,49.99,0.04999,$/GB
pny cs1030 | 2.0TB | SSD,Storage,pny,pny cs1030,2025,91.99,0.045994999999999994,$/GB
pny cs1030 | 250GB | SSD,Storage,pny,pny cs1030,2023,33.71,0.13484000000000002,$/GB
pny cs1030 | 250GB | SSD,Storage,pny,pny cs1030,2025,32.75,0.131,$/GB
pny cs1030 | 500GB | SSD,Storage,pny,pny cs1030,2025,29.99,0.05998,$/GB
pny cs1111 | 240GB | SSD,Storage,pny,pny cs1111,2025,149.0,0.6208333333333333,$/GB
pny cs1311 | 120GB | SSD,Storage,pny,pny cs1311,2025,31.91,0.2659166666666667,$/GB
pny cs2130 | 1.0TB | SSD,Storage,pny,pny cs2130,2023,99.99,0.09999,$/GB
pny cs2130 | 1.0TB | SSD,Storage,pny,pny cs2130,2025,129.99,0.12999000000000002,$/GB
pny cs2130 | 2.0TB | SSD,Storage,pny,pny cs2130,2023,226.61,0.113305,$/GB
pny cs2130 | 2.0TB | SSD,Storage,pny,pny cs2130,2025,229.99,0.114995,$/GB
pny cs2130 | 4.0TB | SSD,Storage,pny,pny cs2130,2025,499.99,0.1249975,$/GB
pny cs2130 | 500GB | SSD,Storage,pny,pny cs2130,2025,44.98,0.08996,$/GB
pny cs2140 | 1.0TB | SSD,Storage,pny,pny cs2140,2025,118.57,0.11857,$/GB
pny cs2140 | 2.0TB | SSD,Storage,pny,pny cs2140,2025,127.48,0.06374,$/GB
pny cs2140 | 500GB | SSD,Storage,pny,pny cs2140,2025,47.91,0.09581999999999999,$/GB
pny cs2142 | 1.0TB | SSD,Storage,pny,pny cs2142,2023,75.98,0.07598,$/GB
pny cs2142 | 2.0TB | SSD,Storage,pny,pny cs2142,2023,159.99,0.07999500000000001,$/GB
pny cs2150 | 1.0TB | SSD,Storage,pny,pny cs2150,2025,89.99,0.08999,$/GB
pny cs2150 | 2.0TB | SSD,Storage,pny,pny cs2150,2025,169.99,0.084995,$/GB
pny cs2230 | 1.0TB | SSD,Storage,pny,pny cs2230,2025,54.99,0.054990000000000004,$/GB
pny cs2230 | 500GB | SSD,Storage,pny,pny cs2230,2023,61.77,0.12354000000000001,$/GB
pny cs2230 | 500GB | SSD,Storage,pny,pny cs2230,2025,44.99,0.08998,$/GB
pny cs2240 | 1.0TB | SSD,Storage,pny,pny cs2240,2025,79.98,0.07998000000000001,$/GB
pny cs2241 | 1.0TB | SSD,Storage,pny,pny cs2241,2025,57.99,0.05799,$/GB
pny cs2241 | 2.0TB | SSD,Storage,pny,pny cs2241,2025,99.99,0.049995,$/GB
pny cs2241 | 4.0TB | SSD,Storage,pny,pny cs2241,2023,240.99,0.0602475,$/GB
pny cs2241 | 4.0TB | SSD,Storage,pny,pny cs2241,2025,229.99,0.0574975,$/GB
pny cs2241 | 500GB | SSD,Storage,pny,pny cs2241,2025,37.99,0.07598,$/GB
pny cs2340 | 1.0TB | SSD,Storage,pny,pny cs2340,2025,100.82,0.10081999999999999,$/GB
pny cs2342 | 1.0TB | SSD,Storage,pny,pny cs2342,2025,84.99,0.08499,$/GB
pny cs2342 | 2.0TB | SSD,Storage,pny,pny cs2342,2025,169.99,0.084995,$/GB
pny cs3140 | 1.0TB | SSD,Storage,pny,pny cs3140,2025,74.99,0.07499,$/GB
pny cs3140 | 2.0TB | SSD,Storage,pny,pny cs3140,2025,139.99,0.069995,$/GB
pny cs3140 | 4.0TB | SSD,Storage,pny,pny cs3140,2023,299.99,0.07499750000000001,$/GB
pny cs3140 | 4.0TB | SSD,Storage,pny,pny cs3140,2025,279.99,0.0699975,$/GB
pny cs3150 rgb | 1.0TB | SSD,Storage,pny,pny cs3150 rgb,2025,139.99,0.13999,$/GB
pny cs3150 rgb | 2.0TB | SSD,Storage,pny,pny cs3150 rgb,2025,219.99,0.10999500000000001,$/GB
pny cs3150 | 1.0TB | SSD,Storage,pny,pny cs3150,2025,169.99,0.16999,$/GB
pny cs900 | 1.0TB | SSD,Storage,pny,pny cs900,2025,63.07,0.06307,$/GB
pny cs900 | 120GB | SSD,Storage,pny,pny cs900,2025,25.59,0.21325,$/GB
pny cs900 | 2.0TB | SSD,Storage,pny,pny cs900,2025,99.99,0.049995,$/GB
pny cs900 | 240GB | SSD,Storage,pny,pny cs900,2025,49.0,0.20416666666666666,$/GB
pny cs900 | 250GB | SSD,Storage,pny,pny cs900,2023,29.7,0.1188,$/GB
pny cs900 | 250GB | SSD,Storage,pny,pny cs900,2025,19.98,0.07992,$/GB
pny cs900 | 4.0TB | SSD,Storage,pny,pny cs900,2023,299.99,0.07499750000000001,$/GB
pny cs900 | 4.0TB | SSD,Storage,pny,pny cs900,2025,219.99,0.054997500000000005,$/GB
pny cs900 | 500GB | SSD,Storage,pny,pny cs900,2025,30.99,0.06197999999999999,$/GB
pny performance | 60GB | SSD,Storage,pny,pny performance,2025,106.61,1.7768333333333333,$/GB
pny prevail | 240GB | SSD,Storage,pny,pny prevail,2025,615.09,2.562875,$/GB
pny xlr8 cs3030 | 1.0TB | SSD,Storage,pny,pny xlr8 cs3030,2025,179.99,0.17999,$/GB
pny xlr8 cs3030 | 2.0TB | SSD,Storage,pny,pny xlr8 cs3030,2025,229.99,0.114995,$/GB
pny xlr8 cs3030 | 250GB | SSD,Storage,pny,pny xlr8 cs3030,2025,51.98,0.20792,$/GB
pny xlr8 cs3030 | 4.0TB | SSD,Storage,pny,pny xlr8 cs3030,2025,489.0,0.12225,$/GB
pny xlr8 cs3040 w heatsink | 1.0TB | SSD,Storage,pny,pny xlr8 cs3040 w heatsink,2023,244.98,0.24498,$/GB
pny xlr8 cs3040 w heatsink | 2.0TB | SSD,Storage,pny,pny xlr8 cs3040 w heatsink,2025,465.16,0.23258,$/GB
pny xlr8 cs3040 | 2.0TB | SSD,Storage,pny,pny xlr8 cs3040,2025,227.99,0.113995,$/GB
pny xlr8 cs3040 | 4.0TB | SSD,Storage,pny,pny xlr8 cs3040,2025,499.99,0.1249975,$/GB
pny xlr8 cs3040 | 500GB | SSD,Storage,pny,pny xlr8 cs3040,2023,75.0,0.15,$/GB
pny xlr8 cs3040 | 500GB | SSD,Storage,pny,pny xlr8 cs3040,2025,62.98,0.12596,$/GB
pny xlr8 cs3140 w heatsink | 1.0TB | SSD,Storage,pny,pny xlr8 cs3140 w heatsink,2025,190.48,0.19047999999999998,$/GB
pny xlr8 cs3140 w heatsink | 2.0TB | SSD,Storage,pny,pny xlr8 cs3140 w heatsink,2023,628.05,0.314025,$/GB
pny xlr8 cs3140 w heatsink | 2.0TB | SSD,Storage,pny,pny xlr8 cs3140 w heatsink,2025,611.17,0.305585,$/GB
pny xlr8 pro | 120GB | SSD,Storage,pny,pny xlr8 pro,2025,112.59,0.93825,$/GB
qnap m2080 | 64GB | SSD,Storage,qnap,qnap m2080,2025,128.05,2.00078125,$/GB
sabrent rocket 4 0 | 1.0TB | SSD,Storage,sabrent,sabrent rocket 4 0,2023,99.99,0.09999,$/GB
sabrent rocket 4 0 | 1.0TB | SSD,Storage,sabrent,sabrent rocket 4 0,2025,99.99,0.09999,$/GB
sabrent rocket 4 0 | 256GB | SSD,Storage,sabrent,sabrent rocket 4 0,2023,39.99,0.1562109375,$/GB
sabrent rocket 4 0 | 512GB | SSD,Storage,sabrent,sabrent rocket 4 0,2025,64.98,0.1269140625,$/GB
sabrent rocket 4 plus | 1.0TB | SSD,Storage,sabrent,sabrent rocket 4 plus,2023,119.99,0.11999,$/GB
sabrent rocket 4 plus | 1.0TB | SSD,Storage,sabrent,sabrent rocket 4 plus,2025,119.99,0.11999,$/GB
sabrent rocket 4 plus | 2.0TB | SSD,Storage,sabrent,sabrent rocket 4 plus,2023,219.99,0.10999500000000001,$/GB
sabrent rocket 4 plus | 2.0TB | SSD,Storage,sabrent,sabrent rocket 4 plus,2025,219.99,0.10999500000000001,$/GB
sabrent rocket 4 plus | 4.0TB | SSD,Storage,sabrent,sabrent rocket 4 plus,2025,499.99,0.1249975,$/GB
sabrent rocket 4 plus | 8.0TB | SSD,Storage,sabrent,sabrent rocket 4 plus,2025,1058.89,0.13236125,$/GB
sabrent rocket 4 | 1.0TB | SSD,Storage,sabrent,sabrent rocket 4,2023,99.99,0.09999,$/GB
sabrent rocket 4 | 1.0TB | SSD,Storage,sabrent,sabrent rocket 4,2025,99.99,0.09999,$/GB
sabrent rocket 4 | 2.0TB | SSD,Storage,sabrent,sabrent rocket 4,2023,199.99,0.099995,$/GB
sabrent rocket 4 | 2.0TB | SSD,Storage,sabrent,sabrent rocket 4,2025,199.99,0.099995,$/GB
sabrent rocket 4 | 4.0TB | SSD,Storage,sabrent,sabrent rocket 4,2025,341.13,0.0852825,$/GB
sabrent rocket 5 | 1.0TB | SSD,Storage,sabrent,sabrent rocket 5,2025,189.99,0.18999000000000002,$/GB
sabrent rocket 5 | 2.0TB | SSD,Storage,sabrent,sabrent rocket 5,2023,339.99,0.169995,$/GB
sabrent rocket 5 | 2.0TB | SSD,Storage,sabrent,sabrent rocket 5,2025,339.99,0.169995,$/GB
sabrent rocket 5 | 4.0TB | SSD,Storage,sabrent,sabrent rocket 5,2023,729.99,0.1824975,$/GB
sabrent rocket 5 | 4.0TB | SSD,Storage,sabrent,sabrent rocket 5,2025,729.99,0.1824975,$/GB
sabrent rocket nano 2242 | 1.0TB | SSD,Storage,sabrent,sabrent rocket nano 2242,2025,119.99,0.11999,$/GB
sabrent rocket q | 1.0TB | SSD,Storage,sabrent,sabrent rocket q,2025,124.99,0.12498999999999999,$/GB
sabrent rocket q | 2.0TB | SSD,Storage,sabrent,sabrent rocket q,2025,430.85,0.215425,$/GB
sabrent rocket q | 4.0TB | SSD,Storage,sabrent,sabrent rocket q,2025,499.99,0.1249975,$/GB
sabrent rocket q | 500GB | SSD,Storage,sabrent,sabrent rocket q,2025,87.49,0.17498,$/GB
sabrent rocket q4 | 1.0TB | SSD,Storage,sabrent,sabrent rocket q4,2025,150.05,0.15005000000000002,$/GB
sabrent rocket q4 | 2.0TB | SSD,Storage,sabrent,sabrent rocket q4,2025,219.99,0.10999500000000001,$/GB
sabrent rocket | 2.0TB | SSD,Storage,sabrent,sabrent rocket,2025,199.99,0.099995,$/GB
sabrent rocket | 512GB | SSD,Storage,sabrent,sabrent rocket,2023,44.99,0.08787109375,$/GB
sabrent rocket | 512GB | SSD,Storage,sabrent,sabrent rocket,2025,69.98,0.1366796875,$/GB
samsung 830 | 64GB | SSD,Storage,samsung,samsung 830,2025,118.48,1.85125,$/GB
samsung 840 evo | 250GB | SSD,Storage,samsung,samsung 840 evo,2025,151.44,0.60576,$/GB
samsung 840 evo | 500GB | SSD,Storage,samsung,samsung 840 evo,2023,159.99,0.31998000000000004,$/GB
samsung 840 pro | 256GB | SSD,Storage,samsung,samsung 840 pro,2025,240.16,0.938125,$/GB
samsung 850 evo | 1.0TB | SSD,Storage,samsung,samsung 850 evo,2025,195.99,0.19599,$/GB
samsung 850 evo | 2.0TB | SSD,Storage,samsung,samsung 850 evo,2025,299.99,0.14999500000000002,$/GB
samsung 850 pro | 1.0TB | SSD,Storage,samsung,samsung 850 pro,2025,219.99,0.21999000000000002,$/GB
samsung 850 pro | 2.0TB | SSD,Storage,samsung,samsung 850 pro,2025,304.99,0.152495,$/GB
samsung 850 pro | 256GB | SSD,Storage,samsung,samsung 850 pro,2023,155.0,0.60546875,$/GB
samsung 850 pro | 256GB | SSD,Storage,samsung,samsung 850 pro,2025,169.99,0.6640234375,$/GB
samsung 850 pro | 512GB | SSD,Storage,samsung,samsung 850 pro,2023,190.0,0.37109375,$/GB
samsung 850 pro | 512GB | SSD,Storage,samsung,samsung 850 pro,2025,200.87,0.39232421875,$/GB
samsung 860 evo | 1.0TB | SSD,Storage,samsung,samsung 860 evo,2025,179.13,0.17912999999999998,$/GB
samsung 860 evo | 2.0TB | SSD,Storage,samsung,samsung 860 evo,2025,327.56,0.16378,$/GB
samsung 860 evo | 250GB | SSD,Storage,samsung,samsung 860 evo,2025,86.15,0.3446,$/GB
samsung 860 evo | 4.0TB | SSD,Storage,samsung,samsung 860 evo,2025,372.32,0.09308,$/GB
samsung 860 evo | 500GB | SSD,Storage,samsung,samsung 860 evo,2023,89.12,0.17824,$/GB
samsung 860 evo | 500GB | SSD,Storage,samsung,samsung 860 evo,2025,156.13,0.31226,$/GB
samsung 860 pro | 1.0TB | SSD,Storage,samsung,samsung 860 pro,2025,299.99,0.29999000000000003,$/GB
samsung 860 pro | 2.0TB | SSD,Storage,samsung,samsung 860 pro,2025,430.0,0.215,$/GB
samsung 860 pro | 256GB | SSD,Storage,samsung,samsung 860 pro,2025,225.0,0.87890625,$/GB
samsung 860 pro | 4.0TB | SSD,Storage,samsung,samsung 860 pro,2025,924.99,0.2312475,$/GB
samsung 860 pro | 512GB | SSD,Storage,samsung,samsung 860 pro,2025,237.99,0.46482421875,$/GB
samsung 860 qvo | 1.0TB | SSD,Storage,samsung,samsung 860 qvo,2025,109.99,0.10998999999999999,$/GB
samsung 860 qvo | 2.0TB | SSD,Storage,samsung,samsung 860 qvo,2025,255.0,0.1275,$/GB
samsung 860 qvo | 4.0TB | SSD,Storage,samsung,samsung 860 qvo,2025,499.99,0.1249975,$/GB
samsung 870 evo | 1.0TB | SSD,Storage,samsung,samsung 870 evo,2023,103.95,0.10395,$/GB
samsung 870 evo | 1.0TB | SSD,Storage,samsung,samsung 870 evo,2025,92.9,0.09290000000000001,$/GB
samsung 870 evo | 2.0TB | SSD,Storage,samsung,samsung 870 evo,2025,168.74,0.08437,$/GB
samsung 870 evo | 250GB | SSD,Storage,samsung,samsung 870 evo,2023,30.98,0.12392,$/GB
samsung 870 evo | 250GB | SSD,Storage,samsung,samsung 870 evo,2025,54.99,0.21996000000000002,$/GB
samsung 870 evo | 4.0TB | SSD,Storage,samsung,samsung 870 evo,2023,359.49,0.08987250000000001,$/GB
samsung 870 evo | 4.0TB | SSD,Storage,samsung,samsung 870 evo,2025,265.0,0.06625,$/GB
samsung 870 evo | 500GB | SSD,Storage,samsung,samsung 870 evo,2023,74.83,0.14966,$/GB
samsung 870 evo | 500GB | SSD,Storage,samsung,samsung 870 evo,2025,54.99,0.10998000000000001,$/GB
samsung 870 qvo | 1.0TB | SSD,Storage,samsung,samsung 870 qvo,2023,113.1,0.11309999999999999,$/GB
samsung 870 qvo | 1.0TB | SSD,Storage,samsung,samsung 870 qvo,2025,114.5,0.1145,$/GB
samsung 870 qvo | 2.0TB | SSD,Storage,samsung,samsung 870 qvo,2023,165.7,0.08285,$/GB
samsung 870 qvo | 2.0TB | SSD,Storage,samsung,samsung 870 qvo,2025,215.0,0.1075,$/GB
samsung 870 qvo | 4.0TB | SSD,Storage,samsung,samsung 870 qvo,2023,344.99,0.0862475,$/GB
samsung 870 qvo | 4.0TB | SSD,Storage,samsung,samsung 870 qvo,2025,340.0,0.085,$/GB
samsung 870 qvo | 8.0TB | SSD,Storage,samsung,samsung 870 qvo,2023,594.9,0.0743625,$/GB
samsung 870 qvo | 8.0TB | SSD,Storage,samsung,samsung 870 qvo,2025,629.99,0.07874875,$/GB
samsung 9100 pro w heatsink | 1.0TB | SSD,Storage,samsung,samsung 9100 pro w heatsink,2025,164.99,0.16499,$/GB
samsung 9100 pro w heatsink | 2.0TB | SSD,Storage,samsung,samsung 9100 pro w heatsink,2025,249.99,0.12499500000000001,$/GB
samsung 9100 pro w heatsink | 4.0TB | SSD,Storage,samsung,samsung 9100 pro w heatsink,2025,449.99,0.1124975,$/GB
samsung 9100 pro | 1.0TB | SSD,Storage,samsung,samsung 9100 pro,2025,154.99,0.15499000000000002,$/GB
samsung 9100 pro | 2.0TB | SSD,Storage,samsung,samsung 9100 pro,2025,229.99,0.114995,$/GB
samsung 9100 pro | 4.0TB | SSD,Storage,samsung,samsung 9100 pro,2025,429.99,0.1074975,$/GB
samsung 960 evo | 1.0TB | SSD,Storage,samsung,samsung 960 evo,2025,206.11,0.20611000000000002,$/GB
samsung 960 evo | 250GB | SSD,Storage,samsung,samsung 960 evo,2025,87.95,0.3518,$/GB
samsung 960 evo | 500GB | SSD,Storage,samsung,samsung 960 evo,2023,109.99,0.21997999999999998,$/GB
samsung 960 evo | 500GB | SSD,Storage,samsung,samsung 960 evo,2025,146.03,0.29206,$/GB
samsung 960 pro | 1.0TB | SSD,Storage,samsung,samsung 960 pro,2025,399.99,0.39999,$/GB
samsung 960 pro | 2.0TB | SSD,Storage,samsung,samsung 960 pro,2023,689.95,0.34497500000000003,$/GB
samsung 960 pro | 2.0TB | SSD,Storage,samsung,samsung 960 pro,2025,689.95,0.34497500000000003,$/GB
samsung 960 pro | 512GB | SSD,Storage,samsung,samsung 960 pro,2025,195.86,0.3825390625,$/GB
samsung 970 evo plus | 1.0TB | SSD,Storage,samsung,samsung 970 evo plus,2023,97.5,0.0975,$/GB
samsung 970 evo plus | 1.0TB | SSD,Storage,samsung,samsung 970 evo plus,2025,134.0,0.134,$/GB
samsung 970 evo plus | 2.0TB | SSD,Storage,samsung,samsung 970 evo plus,2023,149.99,0.074995,$/GB
samsung 970 evo plus | 2.0TB | SSD,Storage,samsung,samsung 970 evo plus,2025,189.95,0.09497499999999999,$/GB
samsung 970 evo plus | 250GB | SSD,Storage,samsung,samsung 970 evo plus,2023,61.26,0.24503999999999998,$/GB
samsung 970 evo plus | 250GB | SSD,Storage,samsung,samsung 970 evo plus,2025,69.79,0.27916,$/GB
samsung 970 evo plus | 500GB | SSD,Storage,samsung,samsung 970 evo plus,2023,70.59,0.14118,$/GB
samsung 970 evo plus | 500GB | SSD,Storage,samsung,samsung 970 evo plus,2025,79.99,0.15997999999999998,$/GB
samsung 970 evo | 1.0TB | SSD,Storage,samsung,samsung 970 evo,2023,149.5,0.1495,$/GB
samsung 970 evo | 1.0TB | SSD,Storage,samsung,samsung 970 evo,2025,146.13,0.14612999999999998,$/GB
samsung 970 evo | 2.0TB | SSD,Storage,samsung,samsung 970 evo,2025,259.0,0.1295,$/GB
samsung 970 evo | 250GB | SSD,Storage,samsung,samsung 970 evo,2023,99.99,0.39996,$/GB
samsung 970 evo | 500GB | SSD,Storage,samsung,samsung 970 evo,2023,96.03,0.19206,$/GB
samsung 970 evo | 500GB | SSD,Storage,samsung,samsung 970 evo,2025,106.13,0.21226,$/GB
samsung 970 pro | 1.0TB | SSD,Storage,samsung,samsung 970 pro,2023,389.99,0.38999,$/GB
samsung 970 pro | 1.0TB | SSD,Storage,samsung,samsung 970 pro,2025,399.99,0.39999,$/GB
samsung 970 pro | 512GB | SSD,Storage,samsung,samsung 970 pro,2025,239.99,0.46873046875,$/GB
samsung 980 pro w heatsink | 1.0TB | SSD,Storage,samsung,samsung 980 pro w heatsink,2023,119.99,0.11999,$/GB
samsung 980 pro w heatsink | 1.0TB | SSD,Storage,samsung,samsung 980 pro w heatsink,2025,150.99,0.15099,$/GB
samsung 980 pro w heatsink | 2.0TB | SSD,Storage,samsung,samsung 980 pro w heatsink,2023,184.0,0.092,$/GB
samsung 980 pro w heatsink | 2.0TB | SSD,Storage,samsung,samsung 980 pro w heatsink,2025,235.0,0.1175,$/GB
samsung 980 pro | 1.0TB | SSD,Storage,samsung,samsung 980 pro,2023,106.13,0.10613,$/GB
samsung 980 pro | 1.0TB | SSD,Storage,samsung,samsung 980 pro,2025,140.0,0.14,$/GB
samsung 980 pro | 2.0TB | SSD,Storage,samsung,samsung 980 pro,2023,174.5,0.08725,$/GB
samsung 980 pro | 2.0TB | SSD,Storage,samsung,samsung 980 pro,2025,184.95,0.09247499999999999,$/GB
samsung 980 pro | 500GB | SSD,Storage,samsung,samsung 980 pro,2023,89.99,0.17998,$/GB
samsung 980 | 1.0TB | SSD,Storage,samsung,samsung 980,2023,89.99,0.08999,$/GB
samsung 980 | 1.0TB | SSD,Storage,samsung,samsung 980,2025,106.9,0.10690000000000001,$/GB
samsung 980 | 250GB | SSD,Storage,samsung,samsung 980,2025,55.4,0.2216,$/GB
samsung 980 | 500GB | SSD,Storage,samsung,samsung 980,2023,79.99,0.15997999999999998,$/GB
samsung 980 | 500GB | SSD,Storage,samsung,samsung 980,2025,69.99,0.13998,$/GB
samsung 990 evo plus | 1.0TB | SSD,Storage,samsung,samsung 990 evo plus,2025,74.98,0.07498,$/GB
samsung 990 evo plus | 2.0TB | SSD,Storage,samsung,samsung 990 evo plus,2025,129.99,0.06499500000000001,$/GB
samsung 990 evo plus | 4.0TB | SSD,Storage,samsung,samsung 990 evo plus,2025,249.99,0.062497500000000004,$/GB
samsung 990 evo | 1.0TB | SSD,Storage,samsung,samsung 990 evo,2025,74.98,0.07498,$/GB
samsung 990 evo | 2.0TB | SSD,Storage,samsung,samsung 990 evo,2023,149.99,0.074995,$/GB
samsung 990 evo | 2.0TB | SSD,Storage,samsung,samsung 990 evo,2025,129.99,0.06499500000000001,$/GB
samsung 990 pro w heatsink | 1.0TB | SSD,Storage,samsung,samsung 990 pro w heatsink,2023,119.99,0.11999,$/GB
samsung 990 pro w heatsink | 1.0TB | SSD,Storage,samsung,samsung 990 pro w heatsink,2025,109.99,0.10998999999999999,$/GB
samsung 990 pro w heatsink | 2.0TB | SSD,Storage,samsung,samsung 990 pro w heatsink,2023,199.99,0.099995,$/GB
samsung 990 pro w heatsink | 2.0TB | SSD,Storage,samsung,samsung 990 pro w heatsink,2025,159.99,0.07999500000000001,$/GB
samsung 990 pro w heatsink | 4.0TB | SSD,Storage,samsung,samsung 990 pro w heatsink,2023,319.99,0.0799975,$/GB
samsung 990 pro w heatsink | 4.0TB | SSD,Storage,samsung,samsung 990 pro w heatsink,2025,315.05,0.0787625,$/GB
samsung 990 pro | 1.0TB | SSD,Storage,samsung,samsung 990 pro,2023,110.08,0.11008,$/GB
samsung 990 pro | 1.0TB | SSD,Storage,samsung,samsung 990 pro,2025,99.99,0.09999,$/GB
samsung 990 pro | 2.0TB | SSD,Storage,samsung,samsung 990 pro,2023,184.5,0.09225,$/GB
samsung 990 pro | 2.0TB | SSD,Storage,samsung,samsung 990 pro,2025,149.99,0.074995,$/GB
samsung 990 pro | 4.0TB | SSD,Storage,samsung,samsung 990 pro,2023,309.99,0.0774975,$/GB
samsung 990 pro | 4.0TB | SSD,Storage,samsung,samsung 990 pro,2025,299.99,0.07499750000000001,$/GB
samsung data center | 240GB | SSD,Storage,samsung,samsung data center,2023,109.0,0.45416666666666666,$/GB
samsung mz-75e4t0b | 4.0TB | SSD,Storage,samsung,samsung mz-75e4t0b,2025,499.99,0.1249975,$/GB
samsung mzvpv512hdgl-00000 | 512GB | SSD,Storage,samsung,samsung mzvpv512hdgl-00000,2023,204.49,0.39939453125,$/GB
samsung mzvpv512hdgl-00000 | 512GB | SSD,Storage,samsung,samsung mzvpv512hdgl-00000,2025,69.0,0.134765625,$/GB
samsung pm883 | 480GB | SSD,Storage,samsung,samsung pm883,2025,96.0,0.2,$/GB
samsung pm893 | 1.9TB | SSD,Storage,samsung,samsung pm893,2025,290.38,0.15123958333333334,$/GB
samsung pm893 | 240GB | SSD,Storage,samsung,samsung pm893,2023,77.09,0.3212083333333334,$/GB
samsung pm893 | 240GB | SSD,Storage,samsung,samsung pm893,2025,118.95,0.49562500000000004,$/GB
samsung pm893 | 3.8TB | SSD,Storage,samsung,samsung pm893,2023,496.75,0.12936197916666667,$/GB
samsung pm893 | 3.8TB | SSD,Storage,samsung,samsung pm893,2025,500.0,0.13020833333333334,$/GB
samsung pm893 | 480GB | SSD,Storage,samsung,samsung pm893,2025,179.0,0.3729166666666667,$/GB
samsung pm893 | 7.7TB | SSD,Storage,samsung,samsung pm893,2025,899.99,0.11718619791666667,$/GB
samsung pm893 | 960GB | SSD,Storage,samsung,samsung pm893,2023,187.75,0.19557291666666668,$/GB
samsung pm893 | 960GB | SSD,Storage,samsung,samsung pm893,2025,171.69,0.17884375,$/GB
samsung pm961 | 128GB | SSD,Storage,samsung,samsung pm961,2023,74.0,0.578125,$/GB
samsung sm843tn | 480GB | SSD,Storage,samsung,samsung sm843tn,2023,237.0,0.49375,$/GB
samsung sm843tn | 480GB | SSD,Storage,samsung,samsung sm843tn,2025,299.95,0.6248958333333333,$/GB
samsung spinpoint f1 dt | 1.0TB | HDD,Storage,samsung,samsung spinpoint f1 dt,2023,99.99,0.09999,$/GB
samsung spinpoint f1 dt | 640GB | HDD,Storage,samsung,samsung spinpoint f1 dt,2023,69.98,0.10934375,$/GB
samsung spinpoint f1 dt | 640GB | HDD,Storage,samsung,samsung spinpoint f1 dt,2025,72.75,0.113671875,$/GB
samsung spinpoint m | 160GB | HDD,Storage,samsung,samsung spinpoint m,2023,34.95,0.2184375,$/GB
samsung spinpoint m5 | 160GB | HDD,Storage,samsung,samsung spinpoint m5,2025,29.0,0.18125,$/GB
samsung spinpoint m7 | 320GB | HDD,Storage,samsung,samsung spinpoint m7,2023,65.0,0.203125,$/GB
samsung spinpoint m8 | 1.0TB | HDD,Storage,samsung,samsung spinpoint m8,2023,38.36,0.03836,$/GB
samsung spinpoint m8 | 1.0TB | HDD,Storage,samsung,samsung spinpoint m8,2025,49.74,0.04974,$/GB
samsung spinpoint mp4 | 250GB | HDD,Storage,samsung,samsung spinpoint mp4,2025,31.49,0.12596,$/GB
sandisk extreme pro | 1.0TB | SSD,Storage,sandisk,sandisk extreme pro,2025,178.57,0.17857,$/GB
sandisk extreme pro | 480GB | SSD,Storage,sandisk,sandisk extreme pro,2025,199.99,0.4166458333333333,$/GB
sandisk extreme pro | 500GB | SSD,Storage,sandisk,sandisk extreme pro,2025,79.98,0.15996000000000002,$/GB
sandisk extreme pro | 960GB | SSD,Storage,sandisk,sandisk extreme pro,2023,299.99,0.3124895833333333,$/GB
sandisk extreme pro | 960GB | SSD,Storage,sandisk,sandisk extreme pro,2025,299.99,0.3124895833333333,$/GB
sandisk extreme | 1.0TB | SSD,Storage,sandisk,sandisk extreme,2025,79.98,0.07998000000000001,$/GB
sandisk extreme | 120GB | SSD,Storage,sandisk,sandisk extreme,2025,159.99,1.33325,$/GB
sandisk extreme | 2.0TB | SSD,Storage,sandisk,sandisk extreme,2025,124.99,0.062494999999999995,$/GB
sandisk extreme | 480GB | SSD,Storage,sandisk,sandisk extreme,2025,299.99,0.6249791666666666,$/GB
sandisk extreme | 500GB | SSD,Storage,sandisk,sandisk extreme,2025,49.99,0.09998,$/GB
sandisk ssd plus | 1.0TB | SSD,Storage,sandisk,sandisk ssd plus,2023,74.99,0.07499,$/GB
sandisk ssd plus | 1.0TB | SSD,Storage,sandisk,sandisk ssd plus,2025,62.99,0.06299,$/GB
sandisk ssd plus | 120GB | SSD,Storage,sandisk,sandisk ssd plus,2023,64.15,0.5345833333333334,$/GB
sandisk ssd plus | 2.0TB | SSD,Storage,sandisk,sandisk ssd plus,2025,117.49,0.058745,$/GB
sandisk ssd plus | 240GB | SSD,Storage,sandisk,sandisk ssd plus,2025,27.99,0.11662499999999999,$/GB
sandisk ssd plus | 250GB | SSD,Storage,sandisk,sandisk ssd plus,2025,29.99,0.11996,$/GB
sandisk ssd plus | 480GB | SSD,Storage,sandisk,sandisk ssd plus,2025,44.3,0.09229166666666666,$/GB
sandisk ssd plus | 500GB | SSD,Storage,sandisk,sandisk ssd plus,2025,44.99,0.08998,$/GB
sandisk ultra 3d | 250GB | SSD,Storage,sandisk,sandisk ultra 3d,2025,79.99,0.31995999999999997,$/GB
sandisk ultra 3d | 500GB | SSD,Storage,sandisk,sandisk ultra 3d,2025,113.15,0.2263,$/GB
sandisk ultra ii | 480GB | SSD,Storage,sandisk,sandisk ultra ii,2025,199.99,0.4166458333333333,$/GB
sandisk ultra ii | 960GB | SSD,Storage,sandisk,sandisk ultra ii,2023,226.49,0.23592708333333334,$/GB
sandisk x400 | 128GB | SSD,Storage,sandisk,sandisk x400,2023,164.0,1.28125,$/GB
sandisk x400 | 512GB | SSD,Storage,sandisk,sandisk x400,2023,249.0,0.486328125,$/GB
sandisk x400 | 512GB | SSD,Storage,sandisk,sandisk x400,2025,229.99,0.44919921875,$/GB
sandisk z400s | 128GB | SSD,Storage,sandisk,sandisk z400s,2023,181.44,1.4175,$/GB
sandisk z410 | 120GB | SSD,Storage,sandisk,sandisk z410,2025,48.45,0.40375,$/GB
sandisk z410 | 240GB | SSD,Storage,sandisk,sandisk z410,2025,78.14,0.32558333333333334,$/GB
sandisk z410 | 480GB | SSD,Storage,sandisk,sandisk z410,2023,170.9,0.3560416666666667,$/GB
sandisk z410 | 480GB | SSD,Storage,sandisk,sandisk z410,2025,170.9,0.3560416666666667,$/GB
seagate 1200 ssd | 200GB | SSD,Storage,seagate,seagate 1200 ssd,2025,225.0,1.125,$/GB
seagate 600 pro | 240GB | SSD,Storage,seagate,seagate 600 pro,2025,199.0,0.8291666666666667,$/GB
seagate 600 | 120GB | SSD,Storage,seagate,seagate 600,2025,110.58,0.9215,$/GB
seagate 600 | 240GB | SSD,Storage,seagate,seagate 600,2023,135.0,0.5625,$/GB
seagate archive hdd v2 | 5.0TB | HDD,Storage,seagate,seagate archive hdd v2,2025,139.63,0.027926,$/GB
seagate barracuda 120 | 500GB | SSD,Storage,seagate,seagate barracuda 120,2025,129.99,0.25998000000000004,$/GB
seagate barracuda 510 | 1.0TB | SSD,Storage,seagate,seagate barracuda 510,2025,139.99,0.13999,$/GB
seagate barracuda 510 | 500GB | SSD,Storage,seagate,seagate barracuda 510,2023,59.99,0.11998,$/GB
seagate barracuda 7200 9 | 160GB | HDD,Storage,seagate,seagate barracuda 7200 9,2025,70.0,0.4375,$/GB
seagate barracuda compute | 1.0TB | HDD,Storage,seagate,seagate barracuda compute,2025,56.99,0.05699,$/GB
seagate barracuda compute | 2.0TB | HDD,Storage,seagate,seagate barracuda compute,2023,73.24,0.03662,$/GB
seagate barracuda compute | 2.0TB | HDD,Storage,seagate,seagate barracuda compute,2025,78.0,0.039,$/GB
seagate barracuda compute | 3.0TB | HDD,Storage,seagate,seagate barracuda compute,2025,94.94,0.03164666666666666,$/GB
seagate barracuda compute | 4.0TB | HDD,Storage,seagate,seagate barracuda compute,2023,84.99,0.0212475,$/GB
seagate barracuda compute | 4.0TB | HDD,Storage,seagate,seagate barracuda compute,2025,74.98,0.018745,$/GB
seagate barracuda compute | 512GB | SSD,Storage,seagate,seagate barracuda compute,2025,99.99,0.19529296875,$/GB
seagate barracuda compute | 6.0TB | HDD,Storage,seagate,seagate barracuda compute,2025,119.99,0.019998333333333333,$/GB
seagate barracuda compute | 8.0TB | HDD,Storage,seagate,seagate barracuda compute,2023,125.5,0.0156875,$/GB
seagate barracuda compute | 8.0TB | HDD,Storage,seagate,seagate barracuda compute,2025,127.5,0.0159375,$/GB
seagate barracuda es 2 | 250GB | HDD,Storage,seagate,seagate barracuda es 2,2023,79.98,0.31992000000000004,$/GB
seagate barracuda es 2 | 250GB | HDD,Storage,seagate,seagate barracuda es 2,2025,110.5,0.442,$/GB
seagate barracuda es 2 | 750GB | HDD,Storage,seagate,seagate barracuda es 2,2023,76.39,0.10185333333333334,$/GB
seagate barracuda es 2 | 750GB | HDD,Storage,seagate,seagate barracuda es 2,2025,111.5,0.14866666666666667,$/GB
seagate barracuda es | 1.0TB | HDD,Storage,seagate,seagate barracuda es,2025,127.5,0.1275,$/GB
seagate barracuda es | 250GB | HDD,Storage,seagate,seagate barracuda es,2023,45.0,0.18,$/GB
seagate barracuda es | 750GB | HDD,Storage,seagate,seagate barracuda es,2023,58.4,0.07786666666666667,$/GB
seagate barracuda es | 750GB | HDD,Storage,seagate,seagate barracuda es,2025,86.45,0.11526666666666667,$/GB
seagate barracuda green | 1.5TB | HDD,Storage,seagate,seagate barracuda green,2025,245.0,0.16333333333333333,$/GB
seagate barracuda green | 2.0TB | HDD,Storage,seagate,seagate barracuda green,2025,90.67,0.045335,$/GB
seagate barracuda lp | 1.0TB | HDD,Storage,seagate,seagate barracuda lp,2025,135.44,0.13544,$/GB
seagate barracuda lp | 2.0TB | HDD,Storage,seagate,seagate barracuda lp,2023,118.77,0.059385,$/GB
seagate barracuda lp | 2.0TB | HDD,Storage,seagate,seagate barracuda lp,2025,108.98,0.054490000000000004,$/GB
seagate barracuda pro compute | 1.0TB | HDD,Storage,seagate,seagate barracuda pro compute,2023,63.99,0.06399,$/GB
seagate barracuda pro compute | 1.0TB | HDD,Storage,seagate,seagate barracuda pro compute,2025,64.79,0.06479,$/GB
seagate barracuda pro compute | 500GB | HDD,Storage,seagate,seagate barracuda pro compute,2025,56.99,0.11398,$/GB
seagate barracuda pro | 10.0TB | HDD,Storage,seagate,seagate barracuda pro,2023,217.78,0.021778,$/GB
seagate barracuda pro | 10.0TB | HDD,Storage,seagate,seagate barracuda pro,2025,262.38,0.026238,$/GB
seagate barracuda pro | 12.0TB | HDD,Storage,seagate,seagate barracuda pro,2023,350.0,0.029166666666666667,$/GB
seagate barracuda pro | 12.0TB | HDD,Storage,seagate,seagate barracuda pro,2025,324.45,0.0270375,$/GB
seagate barracuda pro | 6.0TB | HDD,Storage,seagate,seagate barracuda pro,2025,185.0,0.030833333333333334,$/GB
seagate barracuda pro | 8.0TB | HDD,Storage,seagate,seagate barracuda pro,2023,263.98,0.0329975,$/GB
seagate barracuda pro | 8.0TB | HDD,Storage,seagate,seagate barracuda pro,2025,241.49,0.03018625,$/GB
seagate barracuda q1 | 480GB | SSD,Storage,seagate,seagate barracuda q1,2025,99.95,0.20822916666666666,$/GB
seagate barracuda q5 | 1.0TB | SSD,Storage,seagate,seagate barracuda q5,2023,63.99,0.06399,$/GB
seagate barracuda q5 | 1.0TB | SSD,Storage,seagate,seagate barracuda q5,2025,69.98,0.06998,$/GB
seagate barracuda q5 | 2.0TB | SSD,Storage,seagate,seagate barracuda q5,2023,123.0,0.0615,$/GB
seagate barracuda q5 | 500GB | SSD,Storage,seagate,seagate barracuda q5,2025,41.99,0.08398,$/GB
seagate barracuda xt | 2.0TB | HDD,Storage,seagate,seagate barracuda xt,2023,170.78,0.08539,$/GB
seagate barracuda xt | 2.0TB | HDD,Storage,seagate,seagate barracuda xt,2025,118.23,0.059115,$/GB
seagate barracuda | 1.0TB | HDD,Storage,seagate,seagate barracuda,2023,45.0,0.045,$/GB
seagate barracuda | 1.0TB | HDD,Storage,seagate,seagate barracuda,2025,56.3,0.056299999999999996,$/GB
seagate barracuda | 160GB | HDD,Storage,seagate,seagate barracuda,2023,64.0,0.4,$/GB
seagate barracuda | 160GB | HDD,Storage,seagate,seagate barracuda,2025,55.95,0.34968750000000004,$/GB
seagate barracuda | 2.0TB | HDD,Storage,seagate,seagate barracuda,2023,72.94,0.036469999999999995,$/GB
seagate barracuda | 2.0TB | HDD,Storage,seagate,seagate barracuda,2025,85.99,0.042995,$/GB
seagate barracuda | 250GB | HDD,Storage,seagate,seagate barracuda,2023,54.9,0.2196,$/GB
seagate barracuda | 250GB | HDD,Storage,seagate,seagate barracuda,2025,71.3,0.2852,$/GB
seagate barracuda | 3.0TB | HDD,Storage,seagate,seagate barracuda,2023,231.58,0.07719333333333334,$/GB
seagate barracuda | 3.0TB | HDD,Storage,seagate,seagate barracuda,2025,249.58,0.08319333333333334,$/GB
seagate barracuda | 320GB | HDD,Storage,seagate,seagate barracuda,2025,59.0,0.184375,$/GB
seagate barracuda | 4.0TB | HDD,Storage,seagate,seagate barracuda,2023,88.89,0.0222225,$/GB
seagate barracuda | 4.0TB | HDD,Storage,seagate,seagate barracuda,2025,127.0,0.03175,$/GB
seagate barracuda | 5.0TB | HDD,Storage,seagate,seagate barracuda,2023,139.96,0.027992000000000003,$/GB
seagate barracuda | 5.0TB | HDD,Storage,seagate,seagate barracuda,2025,175.0,0.035,$/GB
seagate barracuda | 500GB | HDD,Storage,seagate,seagate barracuda,2023,33.5,0.067,$/GB
seagate barracuda | 500GB | HDD,Storage,seagate,seagate barracuda,2025,74.0,0.148,$/GB
seagate barracuda | 6.0TB | HDD,Storage,seagate,seagate barracuda,2023,133.71,0.022285000000000003,$/GB
seagate barracuda | 6.0TB | HDD,Storage,seagate,seagate barracuda,2025,119.99,0.019998333333333333,$/GB
seagate barracuda | 750GB | HDD,Storage,seagate,seagate barracuda,2025,126.0,0.168,$/GB
seagate cheetah 15k 7 | 600GB | HDD,Storage,seagate,seagate cheetah 15k 7,2023,77.0,0.12833333333333333,$/GB
seagate cheetah 15k 7 | 600GB | HDD,Storage,seagate,seagate cheetah 15k 7,2025,98.03,0.16338333333333332,$/GB
seagate constellation 2 | 1.0TB | HDD,Storage,seagate,seagate constellation 2,2025,50.0,0.05,$/GB
seagate constellation 2 | 250GB | HDD,Storage,seagate,seagate constellation 2,2025,49.0,0.196,$/GB
seagate constellation cs | 3.0TB | HDD,Storage,seagate,seagate constellation cs,2023,49.99,0.016663333333333336,$/GB
seagate constellation cs | 3.0TB | HDD,Storage,seagate,seagate constellation cs,2025,145.68,0.04856,$/GB
seagate constellation es 2 | 2.0TB | HDD,Storage,seagate,seagate constellation es 2,2025,262.58,0.13129,$/GB
seagate constellation es 2 | 3.0TB | HDD,Storage,seagate,seagate constellation es 2,2025,85.5,0.0285,$/GB
seagate constellation es 3 | 1.0TB | HDD,Storage,seagate,seagate constellation es 3,2023,25.5,0.0255,$/GB
seagate constellation es 3 | 1.0TB | HDD,Storage,seagate,seagate constellation es 3,2025,108.44,0.10844,$/GB
seagate constellation es 3 | 3.0TB | HDD,Storage,seagate,seagate constellation es 3,2025,124.0,0.04133333333333333,$/GB
seagate constellation es 3 | 4.0TB | HDD,Storage,seagate,seagate constellation es 3,2025,127.99,0.0319975,$/GB
seagate constellation es | 1.0TB | HDD,Storage,seagate,seagate constellation es,2023,75.0,0.075,$/GB
seagate constellation es | 1.0TB | HDD,Storage,seagate,seagate constellation es,2025,53.0,0.053,$/GB
seagate constellation es | 2.0TB | HDD,Storage,seagate,seagate constellation es,2023,54.0,0.027,$/GB
seagate constellation es | 2.0TB | HDD,Storage,seagate,seagate constellation es,2025,70.88,0.03544,$/GB
seagate constellation es | 500GB | HDD,Storage,seagate,seagate constellation es,2023,79.98,0.15996000000000002,$/GB
seagate constellation es | 500GB | HDD,Storage,seagate,seagate constellation es,2025,110.15,0.22030000000000002,$/GB
seagate constellation product series es 3 | 4.0TB | HDD,Storage,seagate,seagate constellation product series es 3,2025,198.0,0.0495,$/GB
seagate constellation | 160GB | HDD,Storage,seagate,seagate constellation,2025,151.44,0.9465,$/GB
seagate ee25 2 | 40GB | HDD,Storage,seagate,seagate ee25 2,2025,22.0,0.55,$/GB
seagate enterprise capacity | 1.0TB | HDD,Storage,seagate,seagate enterprise capacity,2025,69.0,0.069,$/GB
seagate enterprise capacity | 10.0TB | HDD,Storage,seagate,seagate enterprise capacity,2025,274.75,0.027475,$/GB
seagate enterprise capacity | 2.0TB | HDD,Storage,seagate,seagate enterprise capacity,2023,125.0,0.0625,$/GB
seagate enterprise capacity | 2.0TB | HDD,Storage,seagate,seagate enterprise capacity,2025,169.62,0.08481,$/GB
seagate enterprise capacity | 3.0TB | HDD,Storage,seagate,seagate enterprise capacity,2025,69.98,0.02332666666666667,$/GB
seagate enterprise capacity | 4.0TB | HDD,Storage,seagate,seagate enterprise capacity,2025,139.0,0.03475,$/GB
seagate enterprise capacity | 6.0TB | HDD,Storage,seagate,seagate enterprise capacity,2023,195.08,0.03251333333333334,$/GB
seagate enterprise capacity | 6.0TB | HDD,Storage,seagate,seagate enterprise capacity,2025,209.56,0.03492666666666667,$/GB
seagate enterprise capacity | 8.0TB | HDD,Storage,seagate,seagate enterprise capacity,2023,273.48,0.034185,$/GB
seagate enterprise capacity | 8.0TB | HDD,Storage,seagate,seagate enterprise capacity,2025,335.85,0.041981250000000005,$/GB
seagate enterprise nas | 4.0TB | HDD,Storage,seagate,seagate enterprise nas,2025,248.59,0.0621475,$/GB
seagate enterprise nas | 6.0TB | HDD,Storage,seagate,seagate enterprise nas,2023,379.0,0.06316666666666666,$/GB
seagate enterprise nas | 6.0TB | HDD,Storage,seagate,seagate enterprise nas,2025,379.0,0.06316666666666666,$/GB
seagate enterprise performance | 1.2TB | HDD,Storage,seagate,seagate enterprise performance,2025,149.49,0.124575,$/GB
seagate enterprise performance | 1.8TB | HDD,Storage,seagate,seagate enterprise performance,2023,214.24,0.11902222222222222,$/GB
seagate enterprise performance | 1.8TB | HDD,Storage,seagate,seagate enterprise performance,2025,167.0,0.09277777777777778,$/GB
seagate enterprise performance | 2.4TB | HDD,Storage,seagate,seagate enterprise performance,2025,257.82,0.10742499999999999,$/GB
seagate enterprise performance | 300GB | HDD,Storage,seagate,seagate enterprise performance,2025,125.25,0.4175,$/GB
seagate enterprise performance | 600GB | HDD,Storage,seagate,seagate enterprise performance,2025,138.72,0.2312,$/GB
seagate enterprise | 12.0TB | HDD,Storage,seagate,seagate enterprise,2025,399.0,0.03325,$/GB
seagate enterprise | 6.0TB | HDD,Storage,seagate,seagate enterprise,2023,124.08,0.02068,$/GB
seagate enterprise | 6.0TB | HDD,Storage,seagate,seagate enterprise,2025,178.24,0.02970666666666667,$/GB
seagate enterprise | 8.0TB | HDD,Storage,seagate,seagate enterprise,2025,321.2,0.04015,$/GB
seagate exos 7e10 512e 4kn | 10.0TB | HDD,Storage,seagate,seagate exos 7e10 512e 4kn,2025,233.99,0.023399,$/GB
seagate exos 7e10 512e 4kn | 2.0TB | HDD,Storage,seagate,seagate exos 7e10 512e 4kn,2023,99.99,0.049995,$/GB
seagate exos 7e10 512e 4kn | 2.0TB | HDD,Storage,seagate,seagate exos 7e10 512e 4kn,2025,95.0,0.0475,$/GB
seagate exos 7e10 512e 4kn | 4.0TB | HDD,Storage,seagate,seagate exos 7e10 512e 4kn,2023,164.6,0.04115,$/GB
seagate exos 7e10 512e 4kn | 4.0TB | HDD,Storage,seagate,seagate exos 7e10 512e 4kn,2025,176.02,0.044005,$/GB
seagate exos 7e10 512e 4kn | 6.0TB | HDD,Storage,seagate,seagate exos 7e10 512e 4kn,2025,205.99,0.03433166666666667,$/GB
seagate exos 7e10 512e 4kn | 8.0TB | HDD,Storage,seagate,seagate exos 7e10 512e 4kn,2023,169.99,0.02124875,$/GB
seagate exos 7e10 512e 4kn | 8.0TB | HDD,Storage,seagate,seagate exos 7e10 512e 4kn,2025,218.41,0.02730125,$/GB
seagate exos 7e10 512n | 2.0TB | HDD,Storage,seagate,seagate exos 7e10 512n,2025,171.04,0.08552,$/GB
seagate exos 7e10 512n | 4.0TB | HDD,Storage,seagate,seagate exos 7e10 512n,2025,192.87,0.0482175,$/GB
seagate exos 7e10 512n | 6.0TB | HDD,Storage,seagate,seagate exos 7e10 512n,2023,206.11,0.03435166666666667,$/GB
seagate exos 7e10 512n | 6.0TB | HDD,Storage,seagate,seagate exos 7e10 512n,2025,247.34,0.041223333333333334,$/GB
seagate exos 7e8 512e | 8.0TB | HDD,Storage,seagate,seagate exos 7e8 512e,2023,264.5,0.0330625,$/GB
seagate exos 7e8 512e | 8.0TB | HDD,Storage,seagate,seagate exos 7e8 512e,2025,267.29,0.03341125,$/GB
seagate exos 7e8 | 1.0TB | HDD,Storage,seagate,seagate exos 7e8,2025,99.0,0.099,$/GB
seagate exos 7e8 | 2.0TB | HDD,Storage,seagate,seagate exos 7e8,2025,126.97,0.063485,$/GB
seagate exos 7e8 | 3.0TB | HDD,Storage,seagate,seagate exos 7e8,2025,90.96,0.030319999999999996,$/GB
seagate exos 7e8 | 4.0TB | HDD,Storage,seagate,seagate exos 7e8,2025,169.64,0.042409999999999996,$/GB
seagate exos enterprise | 1.0TB | HDD,Storage,seagate,seagate exos enterprise,2025,153.5,0.1535,$/GB
seagate exos enterprise | 14.0TB | HDD,Storage,seagate,seagate exos enterprise,2025,389.99,0.027856428571428574,$/GB
seagate exos enterprise | 16.0TB | HDD,Storage,seagate,seagate exos enterprise,2025,373.72,0.023357500000000003,$/GB
seagate exos enterprise | 2.0TB | HDD,Storage,seagate,seagate exos enterprise,2023,79.0,0.0395,$/GB
seagate exos enterprise | 2.0TB | HDD,Storage,seagate,seagate exos enterprise,2025,197.99,0.098995,$/GB
seagate exos enterprise | 4.0TB | HDD,Storage,seagate,seagate exos enterprise,2023,112.37,0.0280925,$/GB
seagate exos enterprise | 4.0TB | HDD,Storage,seagate,seagate exos enterprise,2025,159.0,0.03975,$/GB
seagate exos enterprise | 6.0TB | HDD,Storage,seagate,seagate exos enterprise,2023,242.4,0.0404,$/GB
seagate exos enterprise | 6.0TB | HDD,Storage,seagate,seagate exos enterprise,2025,271.45,0.045241666666666666,$/GB
seagate exos enterprise | 8.0TB | HDD,Storage,seagate,seagate exos enterprise,2025,216.59,0.02707375,$/GB
seagate exos x10 | 10.0TB | HDD,Storage,seagate,seagate exos x10,2025,1009.0,0.1009,$/GB
seagate exos x14 | 10.0TB | HDD,Storage,seagate,seagate exos x14,2025,245.0,0.0245,$/GB
seagate exos x14 | 12.0TB | HDD,Storage,seagate,seagate exos x14,2023,198.99,0.0165825,$/GB
seagate exos x14 | 12.0TB | HDD,Storage,seagate,seagate exos x14,2025,279.53,0.023294166666666664,$/GB
seagate exos x14 | 14.0TB | HDD,Storage,seagate,seagate exos x14,2025,249.99,0.01785642857142857,$/GB
seagate exos x16 | 14.0TB | HDD,Storage,seagate,seagate exos x16,2023,370.0,0.02642857142857143,$/GB
seagate exos x16 | 14.0TB | HDD,Storage,seagate,seagate exos x16,2025,295.0,0.02107142857142857,$/GB
seagate exos x16 | 16.0TB | HDD,Storage,seagate,seagate exos x16,2025,389.0,0.0243125,$/GB
seagate exos x18 | 10.0TB | HDD,Storage,seagate,seagate exos x18,2025,301.95,0.030195,$/GB
seagate exos x18 | 12.0TB | HDD,Storage,seagate,seagate exos x18,2025,356.46,0.029705,$/GB
seagate exos x18 | 14.0TB | HDD,Storage,seagate,seagate exos x18,2023,490.08,0.035005714285714286,$/GB
seagate exos x18 | 14.0TB | HDD,Storage,seagate,seagate exos x18,2025,332.62,0.023758571428571428,$/GB
seagate exos x18 | 16.0TB | HDD,Storage,seagate,seagate exos x18,2023,284.99,0.017811875,$/GB
seagate exos x18 | 16.0TB | HDD,Storage,seagate,seagate exos x18,2025,402.07,0.025129375,$/GB
seagate exos x18 | 18.0TB | HDD,Storage,seagate,seagate exos x18,2023,336.52,0.018695555555555556,$/GB
seagate exos x18 | 18.0TB | HDD,Storage,seagate,seagate exos x18,2025,434.06,0.024114444444444445,$/GB
seagate exos x20 | 18.0TB | HDD,Storage,seagate,seagate exos x20,2025,379.83,0.021101666666666664,$/GB
seagate exos x20 | 20.0TB | HDD,Storage,seagate,seagate exos x20,2023,379.99,0.0189995,$/GB
seagate exos x20 | 20.0TB | HDD,Storage,seagate,seagate exos x20,2025,349.99,0.0174995,$/GB
seagate exos x22 | 22.0TB | HDD,Storage,seagate,seagate exos x22,2023,479.99,0.021817727272727273,$/GB
seagate exos x22 | 22.0TB | HDD,Storage,seagate,seagate exos x22,2025,742.35,0.03374318181818182,$/GB
seagate exos x24 sed | 24.0TB | HDD,Storage,seagate,seagate exos x24 sed,2025,571.59,0.02381625,$/GB
seagate exos x24 | 12.0TB | HDD,Storage,seagate,seagate exos x24,2025,325.0,0.027083333333333334,$/GB
seagate exos x24 | 16.0TB | HDD,Storage,seagate,seagate exos x24,2025,355.04,0.02219,$/GB
seagate exos x24 | 20.0TB | HDD,Storage,seagate,seagate exos x24,2025,424.99,0.0212495,$/GB
seagate exos x24 | 24.0TB | HDD,Storage,seagate,seagate exos x24,2025,494.99,0.020624583333333335,$/GB
seagate firecuda 510 | 2.0TB | SSD,Storage,seagate,seagate firecuda 510,2023,388.42,0.19421000000000002,$/GB
seagate firecuda 510 | 2.0TB | SSD,Storage,seagate,seagate firecuda 510,2025,395.59,0.197795,$/GB
seagate firecuda 510 | 250GB | SSD,Storage,seagate,seagate firecuda 510,2025,100.87,0.40348,$/GB
seagate firecuda 520 | 1.0TB | SSD,Storage,seagate,seagate firecuda 520,2025,99.9,0.0999,$/GB
seagate firecuda 520 | 2.0TB | SSD,Storage,seagate,seagate firecuda 520,2025,487.71,0.243855,$/GB
seagate firecuda 520 | 500GB | SSD,Storage,seagate,seagate firecuda 520,2025,160.38,0.32076,$/GB
seagate firecuda 520n | 1.0TB | SSD,Storage,seagate,seagate firecuda 520n,2025,107.76,0.10776000000000001,$/GB
seagate firecuda 520n | 2.0TB | SSD,Storage,seagate,seagate firecuda 520n,2023,195.32,0.09766,$/GB
seagate firecuda 520n | 2.0TB | SSD,Storage,seagate,seagate firecuda 520n,2025,159.99,0.07999500000000001,$/GB
seagate firecuda 530 w heatsink | 1.0TB | SSD,Storage,seagate,seagate firecuda 530 w heatsink,2025,179.99,0.17999,$/GB
seagate firecuda 530 w heatsink | 4.0TB | SSD,Storage,seagate,seagate firecuda 530 w heatsink,2025,500.99,0.1252475,$/GB
seagate firecuda 530 w heatsink | 500GB | SSD,Storage,seagate,seagate firecuda 530 w heatsink,2025,99.99,0.19998,$/GB
seagate firecuda 530 | 1.0TB | SSD,Storage,seagate,seagate firecuda 530,2023,115.0,0.115,$/GB
seagate firecuda 530 | 1.0TB | SSD,Storage,seagate,seagate firecuda 530,2025,139.99,0.13999,$/GB
seagate firecuda 530 | 2.0TB | SSD,Storage,seagate,seagate firecuda 530,2025,284.99,0.142495,$/GB
seagate firecuda 530 | 4.0TB | SSD,Storage,seagate,seagate firecuda 530,2023,827.0,0.20675,$/GB
seagate firecuda 530 | 500GB | SSD,Storage,seagate,seagate firecuda 530,2025,109.75,0.2195,$/GB
seagate firecuda 530r w heatsink | 1.0TB | SSD,Storage,seagate,seagate firecuda 530r w heatsink,2025,84.95,0.08495,$/GB
seagate firecuda 530r w heatsink | 2.0TB | SSD,Storage,seagate,seagate firecuda 530r w heatsink,2025,179.99,0.089995,$/GB
seagate firecuda 530r w heatsink | 4.0TB | SSD,Storage,seagate,seagate firecuda 530r w heatsink,2025,354.99,0.0887475,$/GB
seagate firecuda 530r | 1.0TB | SSD,Storage,seagate,seagate firecuda 530r,2025,79.99,0.07998999999999999,$/GB
seagate firecuda 530r | 2.0TB | SSD,Storage,seagate,seagate firecuda 530r,2025,169.99,0.084995,$/GB
seagate firecuda 530r | 4.0TB | SSD,Storage,seagate,seagate firecuda 530r,2025,344.99,0.0862475,$/GB
seagate firecuda 540 | 1.0TB | SSD,Storage,seagate,seagate firecuda 540,2025,174.99,0.17499,$/GB
seagate firecuda 540 | 2.0TB | SSD,Storage,seagate,seagate firecuda 540,2023,307.62,0.15381,$/GB
seagate firecuda 540 | 2.0TB | SSD,Storage,seagate,seagate firecuda 540,2025,378.09,0.189045,$/GB
seagate firecuda | 1.0TB | SSD,Storage,seagate,seagate firecuda,2023,213.25,0.21325,$/GB
seagate firecuda | 1.0TB | SSD,Storage,seagate,seagate firecuda,2025,362.53,0.36252999999999996,$/GB
seagate firecuda | 1.0TB | Unknown,Storage,seagate,seagate firecuda,2025,84.0,0.084,$/GB
seagate firecuda | 2.0TB | Hybrid,Storage,seagate,seagate firecuda,2023,149.0,0.0745,$/GB
seagate firecuda | 2.0TB | SSD,Storage,seagate,seagate firecuda,2025,395.59,0.197795,$/GB
seagate firecuda | 2.0TB | Unknown,Storage,seagate,seagate firecuda,2025,157.99,0.07899500000000001,$/GB
seagate firecuda | 500GB | Unknown,Storage,seagate,seagate firecuda,2025,65.25,0.1305,$/GB
seagate firecuda | 8.0TB | HDD,Storage,seagate,seagate firecuda,2023,235.98,0.0294975,$/GB
seagate game drive | 1.0TB | SSD,Storage,seagate,seagate game drive,2025,130.48,0.13047999999999998,$/GB
seagate game drive | 2.0TB | SSD,Storage,seagate,seagate game drive,2025,420.0,0.21,$/GB
seagate ironwolf 125 | 2.0TB | SSD,Storage,seagate,seagate ironwolf 125,2023,403.39,0.20169499999999999,$/GB
seagate ironwolf nas | 1.0TB | HDD,Storage,seagate,seagate ironwolf nas,2025,216.11,0.21611000000000002,$/GB
seagate ironwolf nas | 10.0TB | HDD,Storage,seagate,seagate ironwolf nas,2023,223.11,0.022311,$/GB
seagate ironwolf nas | 10.0TB | HDD,Storage,seagate,seagate ironwolf nas,2025,262.94,0.026294,$/GB
seagate ironwolf nas | 12.0TB | HDD,Storage,seagate,seagate ironwolf nas,2025,242.65,0.020220833333333334,$/GB
seagate ironwolf nas | 14.0TB | HDD,Storage,seagate,seagate ironwolf nas,2023,228.0,0.016285714285714285,$/GB
seagate ironwolf nas | 14.0TB | HDD,Storage,seagate,seagate ironwolf nas,2025,249.99,0.01785642857142857,$/GB
seagate ironwolf nas | 16.0TB | HDD,Storage,seagate,seagate ironwolf nas,2025,433.1,0.027068750000000003,$/GB
seagate ironwolf nas | 2.0TB | HDD,Storage,seagate,seagate ironwolf nas,2025,126.84,0.06342,$/GB
seagate ironwolf nas | 3.0TB | HDD,Storage,seagate,seagate ironwolf nas,2023,94.99,0.031663333333333335,$/GB
seagate ironwolf nas | 3.0TB | HDD,Storage,seagate,seagate ironwolf nas,2025,200.5,0.06683333333333333,$/GB
seagate ironwolf nas | 3.8TB | SSD,Storage,seagate,seagate ironwolf nas,2025,859.99,0.22395572916666667,$/GB
seagate ironwolf nas | 4.0TB | HDD,Storage,seagate,seagate ironwolf nas,2023,94.99,0.023747499999999998,$/GB
seagate ironwolf nas | 4.0TB | HDD,Storage,seagate,seagate ironwolf nas,2025,127.5,0.031875,$/GB
seagate ironwolf nas | 6.0TB | HDD,Storage,seagate,seagate ironwolf nas,2025,199.99,0.03333166666666667,$/GB
seagate ironwolf nas | 8.0TB | HDD,Storage,seagate,seagate ironwolf nas,2023,175.99,0.02199875,$/GB
seagate ironwolf nas | 8.0TB | HDD,Storage,seagate,seagate ironwolf nas,2025,229.49,0.02868625,$/GB
seagate ironwolf pro nas | 10.0TB | HDD,Storage,seagate,seagate ironwolf pro nas,2025,249.99,0.024999,$/GB
seagate ironwolf pro nas | 12.0TB | HDD,Storage,seagate,seagate ironwolf pro nas,2025,249.99,0.0208325,$/GB
seagate ironwolf pro nas | 14.0TB | HDD,Storage,seagate,seagate ironwolf pro nas,2023,399.99,0.028570714285714286,$/GB
seagate ironwolf pro nas | 14.0TB | HDD,Storage,seagate,seagate ironwolf pro nas,2025,269.99,0.019285,$/GB
seagate ironwolf pro nas | 16.0TB | HDD,Storage,seagate,seagate ironwolf pro nas,2025,329.99,0.020624375,$/GB
seagate ironwolf pro nas | 2.0TB | HDD,Storage,seagate,seagate ironwolf pro nas,2025,94.99,0.047494999999999996,$/GB
seagate ironwolf pro nas | 20.0TB | HDD,Storage,seagate,seagate ironwolf pro nas,2023,409.99,0.0204995,$/GB
seagate ironwolf pro nas | 20.0TB | HDD,Storage,seagate,seagate ironwolf pro nas,2025,419.99,0.0209995,$/GB
seagate ironwolf pro nas | 22.0TB | HDD,Storage,seagate,seagate ironwolf pro nas,2023,439.99,0.019999545454545454,$/GB
seagate ironwolf pro nas | 22.0TB | HDD,Storage,seagate,seagate ironwolf pro nas,2025,595.37,0.027062272727272726,$/GB
seagate ironwolf pro nas | 4.0TB | HDD,Storage,seagate,seagate ironwolf pro nas,2023,154.99,0.038747500000000004,$/GB
seagate ironwolf pro nas | 4.0TB | HDD,Storage,seagate,seagate ironwolf pro nas,2025,129.99,0.032497500000000006,$/GB
seagate ironwolf pro nas | 6.0TB | HDD,Storage,seagate,seagate ironwolf pro nas,2023,210.0,0.035,$/GB
seagate ironwolf pro nas | 6.0TB | HDD,Storage,seagate,seagate ironwolf pro nas,2025,192.0,0.032,$/GB
seagate ironwolf pro nas | 8.0TB | HDD,Storage,seagate,seagate ironwolf pro nas,2023,201.0,0.025125,$/GB
seagate ironwolf pro nas | 8.0TB | HDD,Storage,seagate,seagate ironwolf pro nas,2025,199.99,0.02499875,$/GB
seagate ironwolf pro | 10.0TB | HDD,Storage,seagate,seagate ironwolf pro,2025,254.22,0.025422,$/GB
seagate ironwolf pro | 12.0TB | HDD,Storage,seagate,seagate ironwolf pro,2025,249.99,0.0208325,$/GB
seagate ironwolf pro | 14.0TB | HDD,Storage,seagate,seagate ironwolf pro,2025,237.45,0.016960714285714284,$/GB
seagate ironwolf pro | 16.0TB | HDD,Storage,seagate,seagate ironwolf pro,2025,315.31,0.019706875,$/GB
seagate ironwolf pro | 20.0TB | HDD,Storage,seagate,seagate ironwolf pro,2023,426.39,0.021319499999999998,$/GB
seagate ironwolf pro | 24.0TB | HDD,Storage,seagate,seagate ironwolf pro,2023,479.99,0.019999583333333334,$/GB
seagate ironwolf pro | 24.0TB | HDD,Storage,seagate,seagate ironwolf pro,2025,479.99,0.019999583333333334,$/GB
seagate ironwolf pro | 4.0TB | HDD,Storage,seagate,seagate ironwolf pro,2023,109.99,0.027497499999999998,$/GB
seagate ironwolf pro | 4.0TB | HDD,Storage,seagate,seagate ironwolf pro,2025,152.5,0.038125,$/GB
seagate ironwolf pro | 6.0TB | HDD,Storage,seagate,seagate ironwolf pro,2025,229.45,0.03824166666666667,$/GB
seagate ironwolf pro | 8.0TB | HDD,Storage,seagate,seagate ironwolf pro,2023,275.0,0.034375,$/GB
seagate ironwolf pro | 8.0TB | HDD,Storage,seagate,seagate ironwolf pro,2025,255.0,0.031875,$/GB
seagate ironwolf | 1.0TB | HDD,Storage,seagate,seagate ironwolf,2025,91.13,0.09112999999999999,$/GB
seagate ironwolf | 6.0TB | HDD,Storage,seagate,seagate ironwolf,2025,228.0,0.038,$/GB
seagate lightsaber collection firecuda | 1.0TB | SSD,Storage,seagate,seagate lightsaber collection firecuda,2025,139.99,0.13999,$/GB
seagate momentu | 500GB | HDD,Storage,seagate,seagate momentu,2025,41.99,0.08398,$/GB
seagate momentus 5400 3 | 80GB | HDD,Storage,seagate,seagate momentus 5400 3,2025,59.0,0.7375,$/GB
seagate momentus 5400 6 | 160GB | HDD,Storage,seagate,seagate momentus 5400 6,2025,126.0,0.7875,$/GB
seagate momentus 5400 6 | 250GB | HDD,Storage,seagate,seagate momentus 5400 6,2023,29.99,0.11996,$/GB
seagate momentus 5400 6 | 250GB | HDD,Storage,seagate,seagate momentus 5400 6,2025,44.99,0.17996,$/GB
seagate momentus 5400 6 | 320GB | HDD,Storage,seagate,seagate momentus 5400 6,2023,34.04,0.106375,$/GB
seagate momentus 5400 6 | 320GB | HDD,Storage,seagate,seagate momentus 5400 6,2025,33.0,0.103125,$/GB
seagate momentus 5400 6 | 500GB | HDD,Storage,seagate,seagate momentus 5400 6,2025,51.87,0.10374,$/GB
seagate momentus 7200 4 | 160GB | HDD,Storage,seagate,seagate momentus 7200 4,2023,25.0,0.15625,$/GB
seagate momentus 7200 4 | 160GB | HDD,Storage,seagate,seagate momentus 7200 4,2025,26.47,0.1654375,$/GB
seagate momentus 7200 4 | 320GB | HDD,Storage,seagate,seagate momentus 7200 4,2025,55.0,0.171875,$/GB
seagate momentus 7200 4 | 500GB | HDD,Storage,seagate,seagate momentus 7200 4,2025,45.0,0.09,$/GB
seagate momentus lp | 1.0TB | HDD,Storage,seagate,seagate momentus lp,2025,49.98,0.04998,$/GB
seagate momentus thin | 320GB | HDD,Storage,seagate,seagate momentus thin,2023,29.0,0.090625,$/GB
seagate momentus thin | 320GB | HDD,Storage,seagate,seagate momentus thin,2025,29.0,0.090625,$/GB
seagate momentus thin | 500GB | HDD,Storage,seagate,seagate momentus thin,2025,56.4,0.1128,$/GB
seagate momentus xt | 500GB | HDD,Storage,seagate,seagate momentus xt,2025,187.5,0.375,$/GB
seagate momentus xt | 750GB | HDD,Storage,seagate,seagate momentus xt,2023,55.0,0.07333333333333333,$/GB
seagate momentus xt | 750GB | HDD,Storage,seagate,seagate momentus xt,2025,93.0,0.124,$/GB
seagate momentus | 500GB | HDD,Storage,seagate,seagate momentus,2025,34.99,0.06998,$/GB
seagate momentus | 640GB | HDD,Storage,seagate,seagate momentus,2025,270.0,0.421875,$/GB
seagate nytro enterprise | 1.9TB | SSD,Storage,seagate,seagate nytro enterprise,2025,999.95,0.5208072916666667,$/GB
seagate nytro enterprise | 240GB | SSD,Storage,seagate,seagate nytro enterprise,2025,599.95,2.499791666666667,$/GB
seagate nytro enterprise | 480GB | SSD,Storage,seagate,seagate nytro enterprise,2025,153.79,0.3203958333333333,$/GB
seagate nytro enterprise | 960GB | SSD,Storage,seagate,seagate nytro enterprise,2025,612.0,0.6375,$/GB
seagate savvio 10k 5 | 600GB | HDD,Storage,seagate,seagate savvio 10k 5,2025,420.15,0.7002499999999999,$/GB
seagate savvio 15k 3 | 300GB | HDD,Storage,seagate,seagate savvio 15k 3,2025,151.44,0.5048,$/GB
seagate skyhawk ai | 10.0TB | HDD,Storage,seagate,seagate skyhawk ai,2023,273.14,0.027313999999999998,$/GB
seagate skyhawk ai | 10.0TB | HDD,Storage,seagate,seagate skyhawk ai,2025,239.99,0.023999,$/GB
seagate skyhawk ai | 12.0TB | HDD,Storage,seagate,seagate skyhawk ai,2023,250.0,0.020833333333333332,$/GB
seagate skyhawk ai | 12.0TB | HDD,Storage,seagate,seagate skyhawk ai,2025,269.99,0.022499166666666667,$/GB
seagate skyhawk ai | 14.0TB | HDD,Storage,seagate,seagate skyhawk ai,2025,249.95,0.017853571428571427,$/GB
seagate skyhawk ai | 16.0TB | HDD,Storage,seagate,seagate skyhawk ai,2023,349.99,0.021874375,$/GB
seagate skyhawk ai | 16.0TB | HDD,Storage,seagate,seagate skyhawk ai,2025,309.99,0.019374375,$/GB
seagate skyhawk ai | 20.0TB | HDD,Storage,seagate,seagate skyhawk ai,2023,424.5,0.021225,$/GB
seagate skyhawk ai | 20.0TB | HDD,Storage,seagate,seagate skyhawk ai,2025,349.99,0.0174995,$/GB
seagate skyhawk ai | 24.0TB | HDD,Storage,seagate,seagate skyhawk ai,2025,439.99,0.018332916666666667,$/GB
seagate skyhawk ai | 8.0TB | HDD,Storage,seagate,seagate skyhawk ai,2023,191.56,0.023945,$/GB
seagate skyhawk ai | 8.0TB | HDD,Storage,seagate,seagate skyhawk ai,2025,205.42,0.0256775,$/GB
seagate skyhawk surveillance rescue | 2.0TB | HDD,Storage,seagate,seagate skyhawk surveillance rescue,2023,72.98,0.03649,$/GB
seagate skyhawk surveillance rescue | 2.0TB | HDD,Storage,seagate,seagate skyhawk surveillance rescue,2025,69.06,0.03453,$/GB
seagate skyhawk surveillance rescue | 3.0TB | HDD,Storage,seagate,seagate skyhawk surveillance rescue,2023,111.98,0.03732666666666667,$/GB
seagate skyhawk surveillance rescue | 3.0TB | HDD,Storage,seagate,seagate skyhawk surveillance rescue,2025,118.51,0.039503333333333335,$/GB
seagate skyhawk surveillance rescue | 4.0TB | HDD,Storage,seagate,seagate skyhawk surveillance rescue,2025,121.2,0.0303,$/GB
seagate skyhawk surveillance rescue | 6.0TB | HDD,Storage,seagate,seagate skyhawk surveillance rescue,2025,149.99,0.024998333333333334,$/GB
seagate skyhawk surveillance rescue | 8.0TB | HDD,Storage,seagate,seagate skyhawk surveillance rescue,2023,179.99,0.02249875,$/GB
seagate skyhawk surveillance rescue | 8.0TB | HDD,Storage,seagate,seagate skyhawk surveillance rescue,2025,191.98,0.023997499999999998,$/GB
seagate skyhawk surveillance | 10.0TB | HDD,Storage,seagate,seagate skyhawk surveillance,2025,249.99,0.024999,$/GB
seagate skyhawk surveillance | 2.0TB | HDD,Storage,seagate,seagate skyhawk surveillance,2025,185.99,0.09299500000000001,$/GB
seagate skyhawk surveillance | 6.0TB | HDD,Storage,seagate,seagate skyhawk surveillance,2023,130.0,0.021666666666666667,$/GB
seagate skyhawk surveillance | 6.0TB | HDD,Storage,seagate,seagate skyhawk surveillance,2025,154.36,0.02572666666666667,$/GB
seagate skyhawk surveillance | 8.0TB | HDD,Storage,seagate,seagate skyhawk surveillance,2023,208.0,0.026,$/GB
seagate skyhawk surveillance | 8.0TB | HDD,Storage,seagate,seagate skyhawk surveillance,2025,215.59,0.02694875,$/GB
seagate skyhawk | 10.0TB | HDD,Storage,seagate,seagate skyhawk,2023,244.0,0.0244,$/GB
seagate skyhawk | 10.0TB | HDD,Storage,seagate,seagate skyhawk,2025,239.45,0.023944999999999998,$/GB
seagate skyhawk | 2.0TB | HDD,Storage,seagate,seagate skyhawk,2023,89.0,0.0445,$/GB
seagate skyhawk | 2.0TB | HDD,Storage,seagate,seagate skyhawk,2025,75.98,0.03799,$/GB
seagate skyhawk | 3.0TB | HDD,Storage,seagate,seagate skyhawk,2025,199.0,0.06633333333333333,$/GB
seagate skyhawk | 4.0TB | HDD,Storage,seagate,seagate skyhawk,2025,134.99,0.0337475,$/GB
seagate skyhawk | 6.0TB | HDD,Storage,seagate,seagate skyhawk,2025,221.85,0.036975,$/GB
seagate skyhawk | 8.0TB | HDD,Storage,seagate,seagate skyhawk,2025,200.0,0.025,$/GB
seagate st1000dx001 | 1.0TB | Unknown,Storage,seagate,seagate st1000dx001,2025,80.0,0.08,$/GB
seagate st1000lm014 | 1.0TB | Unknown,Storage,seagate,seagate st1000lm014,2025,51.99,0.05199,$/GB
seagate st1000lm035 | 1.0TB | HDD,Storage,seagate,seagate st1000lm035,2025,44.0,0.044,$/GB
seagate st1000nx0313 | 1.0TB | HDD,Storage,seagate,seagate st1000nx0313,2025,58.44,0.05844,$/GB
seagate st1000nx0333 | 1.0TB | HDD,Storage,seagate,seagate st1000nx0333,2025,75.0,0.075,$/GB
seagate st1000nx0373 | 1.0TB | HDD,Storage,seagate,seagate st1000nx0373,2025,66.0,0.066,$/GB
seagate st2000nm0024 | 2.0TB | HDD,Storage,seagate,seagate st2000nm0024,2025,237.0,0.1185,$/GB
seagate st2000nm0054 | 2.0TB | HDD,Storage,seagate,seagate st2000nm0054,2025,125.0,0.0625,$/GB
seagate st2000nx0253 | 2.0TB | HDD,Storage,seagate,seagate st2000nx0253,2025,146.44,0.07322,$/GB
seagate st2000nx0273 | 2.0TB | HDD,Storage,seagate,seagate st2000nx0273,2025,135.13,0.067565,$/GB
seagate st2000nx0343 | 2.0TB | HDD,Storage,seagate,seagate st2000nx0343,2025,195.0,0.0975,$/GB
seagate st3146356ss-im | 146GB | HDD,Storage,seagate,seagate st3146356ss-im,2025,68.0,0.4657534246575342,$/GB
seagate st320lm010 | 320GB | HDD,Storage,seagate,seagate st320lm010,2025,78.98,0.24681250000000002,$/GB
seagate st4000lm016 | 4.0TB | HDD,Storage,seagate,seagate st4000lm016,2025,155.0,0.03875,$/GB
seagate st4000nc001 | 4.0TB | HDD,Storage,seagate,seagate st4000nc001,2025,126.91,0.0317275,$/GB
seagate st4000nm0024 | 4.0TB | HDD,Storage,seagate,seagate st4000nm0024,2023,80.0,0.02,$/GB
seagate st4000nm0024 | 4.0TB | HDD,Storage,seagate,seagate st4000nm0024,2025,128.49,0.032122500000000005,$/GB
seagate st4000nm0034 | 4.0TB | HDD,Storage,seagate,seagate st4000nm0034,2025,114.0,0.0285,$/GB
seagate st4000vx000 | 4.0TB | HDD,Storage,seagate,seagate st4000vx000,2025,157.99,0.039497500000000005,$/GB
seagate st500lm000 | 500GB | Hybrid,Storage,seagate,seagate st500lm000,2023,22.99,0.04598,$/GB
seagate st500lm000 | 500GB | Unknown,Storage,seagate,seagate st500lm000,2025,39.0,0.078,$/GB
seagate st500lm020 | 500GB | Unknown,Storage,seagate,seagate st500lm020,2025,99.0,0.198,$/GB
seagate st500lm021 | 500GB | HDD,Storage,seagate,seagate st500lm021,2023,25.99,0.05198,$/GB
seagate st500lm021 | 500GB | HDD,Storage,seagate,seagate st500lm021,2025,20.0,0.04,$/GB
seagate st500lt032 | 500GB | HDD,Storage,seagate,seagate st500lt032,2025,55.77,0.11154,$/GB
seagate st500vm000 | 500GB | HDD,Storage,seagate,seagate st500vm000,2025,36.4,0.0728,$/GB
seagate st6000nm0014 | 6.0TB | HDD,Storage,seagate,seagate st6000nm0014,2025,135.0,0.0225,$/GB
seagate st6000nm0024 | 6.0TB | HDD,Storage,seagate,seagate st6000nm0024,2023,118.73,0.019788333333333335,$/GB
seagate st6000nm0024 | 6.0TB | HDD,Storage,seagate,seagate st6000nm0024,2025,148.0,0.024666666666666667,$/GB
seagate st6000nm0104 | 6.0TB | HDD,Storage,seagate,seagate st6000nm0104,2025,185.0,0.030833333333333334,$/GB
seagate st600mm0158 | 600GB | HDD,Storage,seagate,seagate st600mm0158,2025,88.99,0.14831666666666665,$/GB
seagate st900mm0128 | 900GB | HDD,Storage,seagate,seagate st900mm0128,2025,129.0,0.14333333333333334,$/GB
seagate surveillance hdd | 1.0TB | HDD,Storage,seagate,seagate surveillance hdd,2023,72.0,0.072,$/GB
seagate surveillance hdd | 2.0TB | HDD,Storage,seagate,seagate surveillance hdd,2025,99.0,0.0495,$/GB
seagate surveillance hdd | 8.0TB | HDD,Storage,seagate,seagate surveillance hdd,2023,307.37,0.038421250000000004,$/GB
seagate surveillance hdd | 8.0TB | HDD,Storage,seagate,seagate surveillance hdd,2025,290.6,0.036325,$/GB
seagate sv35 5 | 2.0TB | HDD,Storage,seagate,seagate sv35 5,2025,159.26,0.07962999999999999,$/GB
seagate sv35 5 | 500GB | HDD,Storage,seagate,seagate sv35 5,2025,89.95,0.1799,$/GB
seagate sv35 | 3.0TB | HDD,Storage,seagate,seagate sv35,2025,111.01,0.03700333333333333,$/GB
silicon power a55 | 1.0TB | SSD,Storage,silicon power,silicon power a55,2025,45.99,0.04599,$/GB
silicon power a55 | 128GB | SSD,Storage,silicon power,silicon power a55,2025,22.88,0.17875,$/GB
silicon power a55 | 2.0TB | SSD,Storage,silicon power,silicon power a55,2023,97.99,0.048995,$/GB
silicon power a55 | 2.0TB | SSD,Storage,silicon power,silicon power a55,2025,84.99,0.042495,$/GB
silicon power a55 | 256GB | SSD,Storage,silicon power,silicon power a55,2025,23.98,0.093671875,$/GB
silicon power a55 | 512GB | SSD,Storage,silicon power,silicon power a55,2023,32.99,0.06443359375,$/GB
silicon power a55 | 512GB | SSD,Storage,silicon power,silicon power a55,2025,30.48,0.05953125,$/GB
silicon power a58 | 2.0TB | SSD,Storage,silicon power,silicon power a58,2025,92.99,0.046494999999999995,$/GB
silicon power a60 | 1.0TB | SSD,Storage,silicon power,silicon power a60,2023,61.99,0.06199,$/GB
silicon power a60 | 1.0TB | SSD,Storage,silicon power,silicon power a60,2025,54.97,0.05497,$/GB
silicon power a60 | 2.0TB | SSD,Storage,silicon power,silicon power a60,2023,113.99,0.056995,$/GB
silicon power a60 | 2.0TB | SSD,Storage,silicon power,silicon power a60,2025,95.97,0.047985,$/GB
silicon power p34a60 | 1.0TB | SSD,Storage,silicon power,silicon power p34a60,2023,61.99,0.06199,$/GB
silicon power p34a60 | 1.0TB | SSD,Storage,silicon power,silicon power p34a60,2025,54.97,0.05497,$/GB
silicon power p34a60 | 128GB | SSD,Storage,silicon power,silicon power p34a60,2023,23.99,0.187421875,$/GB
silicon power p34a60 | 128GB | SSD,Storage,silicon power,silicon power p34a60,2025,21.99,0.171796875,$/GB
silicon power p34a60 | 256GB | SSD,Storage,silicon power,silicon power p34a60,2023,27.99,0.1093359375,$/GB
silicon power p34a60 | 256GB | SSD,Storage,silicon power,silicon power p34a60,2025,27.15,0.1060546875,$/GB
silicon power p34a60 | 512GB | SSD,Storage,silicon power,silicon power p34a60,2023,37.99,0.07419921875,$/GB
silicon power p34a60 | 512GB | SSD,Storage,silicon power,silicon power p34a60,2025,36.97,0.07220703125,$/GB
silicon power s60 3k p e | 120GB | SSD,Storage,silicon power,silicon power s60 3k p e,2025,84.91,0.7075833333333333,$/GB
silicon power s60 3k p e | 240GB | SSD,Storage,silicon power,silicon power s60 3k p e,2025,79.98,0.33325,$/GB
silicon power silm s55 | 120GB | SSD,Storage,silicon power,silicon power silm s55,2025,16.76,0.1396666666666667,$/GB
silicon power silm s55 | 480GB | SSD,Storage,silicon power,silicon power silm s55,2025,37.31,0.07772916666666667,$/GB
silicon power slim s55 | 240GB | SSD,Storage,silicon power,silicon power slim s55,2025,25.67,0.10695833333333334,$/GB
silicon power su128gbss3a55s25ae | 128GB | SSD,Storage,silicon power,silicon power su128gbss3a55s25ae,2023,20.99,0.163984375,$/GB
silicon power ud90 | 1.0TB | SSD,Storage,silicon power,silicon power ud90,2023,73.48,0.07348,$/GB
silicon power ud90 | 1.0TB | SSD,Storage,silicon power,silicon power ud90,2025,63.48,0.06348,$/GB
silicon power ud90 | 2.0TB | SSD,Storage,silicon power,silicon power ud90,2023,114.97,0.057485,$/GB
silicon power ud90 | 2.0TB | SSD,Storage,silicon power,silicon power ud90,2025,116.48,0.05824,$/GB
silicon power ud90 | 250GB | SSD,Storage,silicon power,silicon power ud90,2025,40.8,0.16319999999999998,$/GB
silicon power ud90 | 4.0TB | SSD,Storage,silicon power,silicon power ud90,2023,219.99,0.054997500000000005,$/GB
silicon power ud90 | 4.0TB | SSD,Storage,silicon power,silicon power ud90,2025,212.99,0.0532475,$/GB
silicon power ud90 | 500GB | SSD,Storage,silicon power,silicon power ud90,2025,51.34,0.10268000000000001,$/GB
silicon power us70 | 1.0TB | SSD,Storage,silicon power,silicon power us70,2023,430.59,0.43059,$/GB
silicon power us75 | 1.0TB | SSD,Storage,silicon power,silicon power us75,2025,62.99,0.06299,$/GB
silicon power us75 | 2.0TB | SSD,Storage,silicon power,silicon power us75,2025,109.97,0.054985,$/GB
silicon power us75 | 4.0TB | SSD,Storage,silicon power,silicon power us75,2025,219.99,0.054997500000000005,$/GB
silicon power xs70 | 1.0TB | SSD,Storage,silicon power,silicon power xs70,2023,89.99,0.08999,$/GB
silicon power xs70 | 1.0TB | SSD,Storage,silicon power,silicon power xs70,2025,107.2,0.1072,$/GB
silicon power xs70 | 2.0TB | SSD,Storage,silicon power,silicon power xs70,2025,218.28,0.10914,$/GB
silicon power xs70 | 4.0TB | SSD,Storage,silicon power,silicon power xs70,2023,269.99,0.0674975,$/GB
silicon power xs70 | 4.0TB | SSD,Storage,silicon power,silicon power xs70,2025,426.8,0.1067,$/GB
sk hynix gold p31 | 1.0TB | SSD,Storage,sk hynix,sk hynix gold p31,2023,94.99,0.09498999999999999,$/GB
sk hynix gold p31 | 2.0TB | SSD,Storage,sk hynix,sk hynix gold p31,2025,229.98,0.11499,$/GB
sk hynix gold p31 | 500GB | SSD,Storage,sk hynix,sk hynix gold p31,2025,44.09,0.08818000000000001,$/GB
sk hynix platinum p41 | 1.0TB | SSD,Storage,sk hynix,sk hynix platinum p41,2023,104.99,0.10499,$/GB
sk hynix platinum p41 | 1.0TB | SSD,Storage,sk hynix,sk hynix platinum p41,2025,79.98,0.07998000000000001,$/GB
sk hynix platinum p41 | 2.0TB | SSD,Storage,sk hynix,sk hynix platinum p41,2025,114.99,0.057495,$/GB
sk hynix platinum p41 | 500GB | SSD,Storage,sk hynix,sk hynix platinum p41,2025,58.09,0.11618,$/GB
sk hynix platinum p51 | 1.0TB | SSD,Storage,sk hynix,sk hynix platinum p51,2025,169.99,0.16999,$/GB
sk hynix platinum p51 | 2.0TB | SSD,Storage,sk hynix,sk hynix platinum p51,2025,269.99,0.134995,$/GB
sk hynix sl308 | 250GB | SSD,Storage,sk hynix,sk hynix sl308,2023,70.0,0.28,$/GB
sk hynix sl308 | 250GB | SSD,Storage,sk hynix,sk hynix sl308,2025,65.0,0.26,$/GB
solidigm p41 plus | 1.0TB | SSD,Storage,solidigm,solidigm p41 plus,2023,69.99,0.06999,$/GB
solidigm p41 plus | 1.0TB | SSD,Storage,solidigm,solidigm p41 plus,2025,119.95,0.11995,$/GB
solidigm p41 plus | 2.0TB | SSD,Storage,solidigm,solidigm p41 plus,2023,117.99,0.058995,$/GB
solidigm p41 plus | 2.0TB | SSD,Storage,solidigm,solidigm p41 plus,2025,141.94,0.07097,$/GB
solidigm p41 plus | 500GB | SSD,Storage,solidigm,solidigm p41 plus,2025,81.17,0.16234,$/GB
solidigm p44 pro | 1.0TB | SSD,Storage,solidigm,solidigm p44 pro,2023,87.99,0.08799,$/GB
solidigm p44 pro | 1.0TB | SSD,Storage,solidigm,solidigm p44 pro,2025,149.85,0.14984999999999998,$/GB
solidigm p44 pro | 2.0TB | SSD,Storage,solidigm,solidigm p44 pro,2023,169.99,0.084995,$/GB
solidigm p44 pro | 2.0TB | SSD,Storage,solidigm,solidigm p44 pro,2025,252.0,0.126,$/GB
solidigm p44 pro | 512GB | SSD,Storage,solidigm,solidigm p44 pro,2023,67.95,0.13271484375,$/GB
solidigm p44 pro | 512GB | SSD,Storage,solidigm,solidigm p44 pro,2025,101.49,0.19822265625,$/GB
sony optiarc | 240GB | SSD,Storage,sony,sony optiarc,2025,32.99,0.13745833333333335,$/GB
sony optiarc | 480GB | SSD,Storage,sony,sony optiarc,2023,59.95,0.12489583333333334,$/GB
sony optiarc | 480GB | SSD,Storage,sony,sony optiarc,2025,55.99,0.11664583333333334,$/GB
teamgroup a440 lite | 1.0TB | SSD,Storage,teamgroup,teamgroup a440 lite,2025,70.98,0.07098,$/GB
teamgroup a440 lite | 2.0TB | SSD,Storage,teamgroup,teamgroup a440 lite,2025,114.99,0.057495,$/GB
teamgroup a440 lite | 512GB | SSD,Storage,teamgroup,teamgroup a440 lite,2025,49.99,0.09763671875,$/GB
teamgroup ax2 | 1.0TB | SSD,Storage,teamgroup,teamgroup ax2,2025,48.99,0.04899,$/GB
teamgroup ax2 | 2.0TB | SSD,Storage,teamgroup,teamgroup ax2,2025,90.99,0.045495,$/GB
teamgroup ax2 | 256GB | SSD,Storage,teamgroup,teamgroup ax2,2025,18.98,0.074140625,$/GB
teamgroup ax2 | 512GB | SSD,Storage,teamgroup,teamgroup ax2,2023,32.99,0.06443359375,$/GB
teamgroup ax2 | 512GB | SSD,Storage,teamgroup,teamgroup ax2,2025,30.99,0.06052734375,$/GB
teamgroup cardea a440 | 1.0TB | SSD,Storage,teamgroup,teamgroup cardea a440,2025,79.98,0.07998000000000001,$/GB
teamgroup cardea a440 | 2.0TB | SSD,Storage,teamgroup,teamgroup cardea a440,2025,128.99,0.06449500000000001,$/GB
teamgroup cx1 | 240GB | SSD,Storage,teamgroup,teamgroup cx1,2025,21.99,0.091625,$/GB
teamgroup cx1 | 480GB | SSD,Storage,teamgroup,teamgroup cx1,2025,32.99,0.06872916666666667,$/GB
teamgroup cx2 | 1.0TB | SSD,Storage,teamgroup,teamgroup cx2,2025,48.99,0.04899,$/GB
teamgroup cx2 | 2.0TB | SSD,Storage,teamgroup,teamgroup cx2,2023,102.99,0.051495,$/GB
teamgroup cx2 | 2.0TB | SSD,Storage,teamgroup,teamgroup cx2,2025,90.99,0.045495,$/GB
teamgroup cx2 | 256GB | SSD,Storage,teamgroup,teamgroup cx2,2025,19.99,0.0780859375,$/GB
teamgroup cx2 | 512GB | SSD,Storage,teamgroup,teamgroup cx2,2025,30.99,0.06052734375,$/GB
teamgroup gx1 | 120GB | SSD,Storage,teamgroup,teamgroup gx1,2025,28.0,0.23333333333333334,$/GB
teamgroup gx1 | 240GB | SSD,Storage,teamgroup,teamgroup gx1,2023,42.99,0.179125,$/GB
teamgroup gx1 | 240GB | SSD,Storage,teamgroup,teamgroup gx1,2025,42.99,0.179125,$/GB
teamgroup gx1 | 480GB | SSD,Storage,teamgroup,teamgroup gx1,2023,77.98,0.16245833333333334,$/GB
teamgroup gx1 | 480GB | SSD,Storage,teamgroup,teamgroup gx1,2025,79.52,0.16566666666666666,$/GB
teamgroup gx2 | 1.0TB | SSD,Storage,teamgroup,teamgroup gx2,2023,61.99,0.06199,$/GB
teamgroup gx2 | 1.0TB | SSD,Storage,teamgroup,teamgroup gx2,2025,50.99,0.05099,$/GB
teamgroup gx2 | 2.0TB | SSD,Storage,teamgroup,teamgroup gx2,2025,97.99,0.048995,$/GB
teamgroup gx2 | 256GB | SSD,Storage,teamgroup,teamgroup gx2,2025,62.22,0.243046875,$/GB
teamgroup gx2 | 512GB | SSD,Storage,teamgroup,teamgroup gx2,2025,32.99,0.06443359375,$/GB
teamgroup mp33 pro | 1.0TB | SSD,Storage,teamgroup,teamgroup mp33 pro,2025,54.99,0.054990000000000004,$/GB
teamgroup mp33 pro | 2.0TB | SSD,Storage,teamgroup,teamgroup mp33 pro,2025,108.99,0.054494999999999995,$/GB
teamgroup mp33 pro | 512GB | SSD,Storage,teamgroup,teamgroup mp33 pro,2025,40.99,0.08005859375,$/GB
teamgroup mp33 | 1.0TB | SSD,Storage,teamgroup,teamgroup mp33,2023,61.99,0.06199,$/GB
teamgroup mp33 | 1.0TB | SSD,Storage,teamgroup,teamgroup mp33,2025,54.99,0.054990000000000004,$/GB
teamgroup mp33 | 2.0TB | SSD,Storage,teamgroup,teamgroup mp33,2023,105.99,0.052995,$/GB
teamgroup mp33 | 2.0TB | SSD,Storage,teamgroup,teamgroup mp33,2025,103.99,0.051995,$/GB
teamgroup mp33 | 256GB | SSD,Storage,teamgroup,teamgroup mp33,2023,25.99,0.1015234375,$/GB
teamgroup mp33 | 256GB | SSD,Storage,teamgroup,teamgroup mp33,2025,23.99,0.0937109375,$/GB
teamgroup mp33 | 512GB | SSD,Storage,teamgroup,teamgroup mp33,2023,36.99,0.07224609375,$/GB
teamgroup mp33 | 512GB | SSD,Storage,teamgroup,teamgroup mp33,2025,34.99,0.06833984375,$/GB
teamgroup mp34 | 4.0TB | SSD,Storage,teamgroup,teamgroup mp34,2023,225.99,0.0564975,$/GB
teamgroup mp44 | 1.0TB | SSD,Storage,teamgroup,teamgroup mp44,2025,69.99,0.06999,$/GB
teamgroup mp44 | 2.0TB | SSD,Storage,teamgroup,teamgroup mp44,2023,123.99,0.061994999999999995,$/GB
teamgroup mp44 | 2.0TB | SSD,Storage,teamgroup,teamgroup mp44,2025,120.99,0.060495,$/GB
teamgroup mp44 | 4.0TB | SSD,Storage,teamgroup,teamgroup mp44,2023,259.99,0.0649975,$/GB
teamgroup mp44 | 4.0TB | SSD,Storage,teamgroup,teamgroup mp44,2025,240.99,0.0602475,$/GB
teamgroup mp44 | 512GB | SSD,Storage,teamgroup,teamgroup mp44,2023,58.86,0.1149609375,$/GB
teamgroup mp44 | 8.0TB | SSD,Storage,teamgroup,teamgroup mp44,2025,724.99,0.09062375,$/GB
teamgroup mp44l | 1.0TB | SSD,Storage,teamgroup,teamgroup mp44l,2023,64.98,0.06498000000000001,$/GB
teamgroup mp44l | 1.0TB | SSD,Storage,teamgroup,teamgroup mp44l,2025,57.99,0.05799,$/GB
teamgroup mp44l | 2.0TB | SSD,Storage,teamgroup,teamgroup mp44l,2023,112.99,0.056495,$/GB
teamgroup mp44l | 2.0TB | SSD,Storage,teamgroup,teamgroup mp44l,2025,105.99,0.052995,$/GB
teamgroup mp44l | 500GB | SSD,Storage,teamgroup,teamgroup mp44l,2025,34.99,0.06998,$/GB
teamgroup mp44q | 1.0TB | SSD,Storage,teamgroup,teamgroup mp44q,2025,59.99,0.05999,$/GB
teamgroup mp44q | 2.0TB | SSD,Storage,teamgroup,teamgroup mp44q,2025,108.99,0.054494999999999995,$/GB
teamgroup mp44q | 4.0TB | SSD,Storage,teamgroup,teamgroup mp44q,2025,219.99,0.054997500000000005,$/GB
teamgroup mp44s | 1.0TB | SSD,Storage,teamgroup,teamgroup mp44s,2025,69.99,0.06999,$/GB
teamgroup mp44s | 2.0TB | SSD,Storage,teamgroup,teamgroup mp44s,2025,136.99,0.068495,$/GB
teamgroup ms30 | 1.0TB | SSD,Storage,teamgroup,teamgroup ms30,2023,58.99,0.05899,$/GB
teamgroup ms30 | 1.0TB | SSD,Storage,teamgroup,teamgroup ms30,2025,50.99,0.05099,$/GB
teamgroup ms30 | 2.0TB | SSD,Storage,teamgroup,teamgroup ms30,2025,88.99,0.044495,$/GB
teamgroup ms30 | 256GB | SSD,Storage,teamgroup,teamgroup ms30,2025,21.99,0.0858984375,$/GB
teamgroup ms30 | 512GB | SSD,Storage,teamgroup,teamgroup ms30,2023,33.99,0.06638671875,$/GB
teamgroup ms30 | 512GB | SSD,Storage,teamgroup,teamgroup ms30,2025,30.99,0.06052734375,$/GB
teamgroup qx | 1.0TB | SSD,Storage,teamgroup,teamgroup qx,2023,55.99,0.055990000000000005,$/GB
teamgroup qx | 1.0TB | SSD,Storage,teamgroup,teamgroup qx,2025,48.49,0.048490000000000005,$/GB
teamgroup qx | 2.0TB | SSD,Storage,teamgroup,teamgroup qx,2025,85.99,0.042995,$/GB
teamgroup qx | 4.0TB | SSD,Storage,teamgroup,teamgroup qx,2025,182.99,0.0457475,$/GB
teamgroup qx | 512GB | SSD,Storage,teamgroup,teamgroup qx,2023,31.99,0.06248046875,$/GB
teamgroup qx | 512GB | SSD,Storage,teamgroup,teamgroup qx,2025,32.99,0.06443359375,$/GB
teamgroup t-create classic c47 | 1.0TB | SSD,Storage,teamgroup,teamgroup t-create classic c47,2025,74.98,0.07498,$/GB
teamgroup t-create classic c47 | 2.0TB | SSD,Storage,teamgroup,teamgroup t-create classic c47,2025,119.99,0.059995,$/GB
teamgroup t-create classic c47 | 4.0TB | SSD,Storage,teamgroup,teamgroup t-create classic c47,2025,259.99,0.0649975,$/GB
teamgroup t-create classic dl | 1.0TB | SSD,Storage,teamgroup,teamgroup t-create classic dl,2023,68.98,0.06898,$/GB
teamgroup t-create classic dl | 1.0TB | SSD,Storage,teamgroup,teamgroup t-create classic dl,2025,69.98,0.06998,$/GB
teamgroup t-create classic dl | 2.0TB | SSD,Storage,teamgroup,teamgroup t-create classic dl,2025,119.99,0.059995,$/GB
teamgroup t-create classic | 2.0TB | SSD,Storage,teamgroup,teamgroup t-create classic,2023,111.99,0.055994999999999996,$/GB
teamgroup t-force cardea z44l | 250GB | SSD,Storage,teamgroup,teamgroup t-force cardea z44l,2023,35.99,0.14396,$/GB
teamgroup t-force cardea z540 | 1.0TB | SSD,Storage,teamgroup,teamgroup t-force cardea z540,2025,139.99,0.13999,$/GB
teamgroup t-force cardea z540 | 2.0TB | SSD,Storage,teamgroup,teamgroup t-force cardea z540,2025,219.99,0.10999500000000001,$/GB
teamgroup t-force cardea z540 | 4.0TB | SSD,Storage,teamgroup,teamgroup t-force cardea z540,2025,443.99,0.1109975,$/GB
teamgroup t-force delta max rgb lite | 1.0TB | SSD,Storage,teamgroup,teamgroup t-force delta max rgb lite,2025,58.99,0.05899,$/GB
teamgroup t-force delta max white rgb lite | 1.0TB | SSD,Storage,teamgroup,teamgroup t-force delta max white rgb lite,2025,58.99,0.05899,$/GB
teamgroup t-force g50 | 1.0TB | SSD,Storage,teamgroup,teamgroup t-force g50,2025,57.99,0.05799,$/GB
teamgroup t-force g50 | 2.0TB | SSD,Storage,teamgroup,teamgroup t-force g50,2025,104.99,0.052495,$/GB
teamgroup t-force g50 | 4.0TB | SSD,Storage,teamgroup,teamgroup t-force g50,2025,218.99,0.054747500000000004,$/GB
teamgroup t-force g50 | 512GB | SSD,Storage,teamgroup,teamgroup t-force g50,2025,49.99,0.09763671875,$/GB
teamgroup t-force g70 pro aluminum | 1.0TB | SSD,Storage,teamgroup,teamgroup t-force g70 pro aluminum,2025,79.98,0.07998000000000001,$/GB
teamgroup t-force g70 pro aluminum | 2.0TB | SSD,Storage,teamgroup,teamgroup t-force g70 pro aluminum,2025,124.99,0.062494999999999995,$/GB
teamgroup t-force g70 pro aluminum | 4.0TB | SSD,Storage,teamgroup,teamgroup t-force g70 pro aluminum,2025,284.99,0.0712475,$/GB
teamgroup t-force g70 pro graphene | 1.0TB | SSD,Storage,teamgroup,teamgroup t-force g70 pro graphene,2025,74.98,0.07498,$/GB
teamgroup t-force g70 pro graphene | 2.0TB | SSD,Storage,teamgroup,teamgroup t-force g70 pro graphene,2023,145.99,0.072995,$/GB
teamgroup t-force g70 pro graphene | 2.0TB | SSD,Storage,teamgroup,teamgroup t-force g70 pro graphene,2025,122.99,0.061494999999999994,$/GB
teamgroup t-force g70 pro graphene | 4.0TB | SSD,Storage,teamgroup,teamgroup t-force g70 pro graphene,2025,279.99,0.0699975,$/GB
teamgroup t-force ga pro | 1.0TB | SSD,Storage,teamgroup,teamgroup t-force ga pro,2025,89.99,0.08999,$/GB
teamgroup t-force gc pro | 2.0TB | SSD,Storage,teamgroup,teamgroup t-force gc pro,2025,199.99,0.099995,$/GB
teamgroup t-force gc pro | 4.0TB | SSD,Storage,teamgroup,teamgroup t-force gc pro,2025,379.99,0.0949975,$/GB
teamgroup t-force ge pro airflow | 2.0TB | SSD,Storage,teamgroup,teamgroup t-force ge pro airflow,2025,218.99,0.10949500000000001,$/GB
teamgroup t-force ge pro airflow | 4.0TB | SSD,Storage,teamgroup,teamgroup t-force ge pro airflow,2025,399.99,0.0999975,$/GB
teamgroup t-force ge pro | 2.0TB | SSD,Storage,teamgroup,teamgroup t-force ge pro,2023,259.99,0.129995,$/GB
teamgroup t-force vulcan z | 1.0TB | SSD,Storage,teamgroup,teamgroup t-force vulcan z,2023,54.99,0.054990000000000004,$/GB
teamgroup t-force vulcan z | 1.0TB | SSD,Storage,teamgroup,teamgroup t-force vulcan z,2025,47.99,0.047990000000000005,$/GB
teamgroup t-force vulcan z | 2.0TB | SSD,Storage,teamgroup,teamgroup t-force vulcan z,2023,96.99,0.048494999999999996,$/GB
teamgroup t-force vulcan z | 2.0TB | SSD,Storage,teamgroup,teamgroup t-force vulcan z,2025,90.99,0.045495,$/GB
teamgroup t-force vulcan z | 240GB | SSD,Storage,teamgroup,teamgroup t-force vulcan z,2023,17.98,0.07491666666666667,$/GB
teamgroup t-force vulcan z | 256GB | SSD,Storage,teamgroup,teamgroup t-force vulcan z,2023,20.99,0.0819921875,$/GB
teamgroup t-force vulcan z | 256GB | SSD,Storage,teamgroup,teamgroup t-force vulcan z,2025,19.98,0.078046875,$/GB
teamgroup t-force vulcan z | 4.0TB | SSD,Storage,teamgroup,teamgroup t-force vulcan z,2023,206.99,0.0517475,$/GB
teamgroup t-force vulcan z | 4.0TB | SSD,Storage,teamgroup,teamgroup t-force vulcan z,2025,189.99,0.047497500000000005,$/GB
teamgroup t-force vulcan z | 480GB | SSD,Storage,teamgroup,teamgroup t-force vulcan z,2023,27.99,0.058312499999999996,$/GB
teamgroup t-force vulcan z | 512GB | SSD,Storage,teamgroup,teamgroup t-force vulcan z,2023,30.99,0.06052734375,$/GB
teamgroup t-force vulcan z | 512GB | SSD,Storage,teamgroup,teamgroup t-force vulcan z,2025,31.99,0.06248046875,$/GB
teamgroup z440 lite | 1.0TB | SSD,Storage,teamgroup,teamgroup z440 lite,2025,61.99,0.06199,$/GB
teamgroup z440 lite | 500GB | SSD,Storage,teamgroup,teamgroup z440 lite,2025,45.99,0.09198,$/GB
timetec 30tt253x2 | 1.0TB | SSD,Storage,timetec,timetec 30tt253x2,2025,46.99,0.046990000000000004,$/GB
timetec 30tt253x2 | 512GB | SSD,Storage,timetec,timetec 30tt253x2,2025,27.99,0.05466796875,$/GB
timetec 30ttqns3sata-1tb | 1.0TB | SSD,Storage,timetec,timetec 30ttqns3sata-1tb,2025,47.99,0.047990000000000005,$/GB
timetec 30ttqns3sata-2tb | 2.0TB | SSD,Storage,timetec,timetec 30ttqns3sata-2tb,2025,93.99,0.046994999999999995,$/GB
timetec 35ttfp6pcie | 1.0TB | SSD,Storage,timetec,timetec 35ttfp6pcie,2025,52.99,0.05299,$/GB
timetec 35ttfp6pcie | 512GB | SSD,Storage,timetec,timetec 35ttfp6pcie,2023,37.99,0.07419921875,$/GB
timetec 35ttfp6pcie | 512GB | SSD,Storage,timetec,timetec 35ttfp6pcie,2025,32.99,0.06443359375,$/GB
timetec 35ttqnm2sata | 1.0TB | SSD,Storage,timetec,timetec 35ttqnm2sata,2023,62.55,0.06255,$/GB
timetec 35ttqnm2sata | 1.0TB | SSD,Storage,timetec,timetec 35ttqnm2sata,2025,48.99,0.04899,$/GB
timetec 35ttqnm2sata | 2.0TB | SSD,Storage,timetec,timetec 35ttqnm2sata,2023,107.99,0.053994999999999994,$/GB
timetec 35ttqnm2sata | 2.0TB | SSD,Storage,timetec,timetec 35ttqnm2sata,2025,103.99,0.051995,$/GB
timetec 35ttqnm2sata | 512GB | SSD,Storage,timetec,timetec 35ttqnm2sata,2023,38.66,0.0755078125,$/GB
timetec pinnacle sd1-index | 1.0TB | SSD,Storage,timetec,timetec pinnacle sd1-index,2025,65.99,0.06599,$/GB
timetec pinnacle sd1-index | 2.0TB | SSD,Storage,timetec,timetec pinnacle sd1-index,2025,124.99,0.062494999999999995,$/GB
titanium micro pd560 | 500GB | SSD,Storage,titanium micro,titanium micro pd560,2025,34.99,0.06998,$/GB
titanium micro th2000 | 512GB | SSD,Storage,titanium micro,titanium micro th2000,2025,35.99,0.07029296875,$/GB
titanium micro th3500 | 500GB | SSD,Storage,titanium micro,titanium micro th3500,2023,49.99,0.09998,$/GB
titanium micro th4985 | 2.0TB | SSD,Storage,titanium micro,titanium micro th4985,2023,118.99,0.059495,$/GB
titanium micro th7175 | 1.0TB | SSD,Storage,titanium micro,titanium micro th7175,2023,89.99,0.08999,$/GB
titanium micro th7175 | 1.0TB | SSD,Storage,titanium micro,titanium micro th7175,2025,93.99,0.09398999999999999,$/GB
titanium micro th7175 | 2.0TB | SSD,Storage,titanium micro,titanium micro th7175,2025,149.99,0.074995,$/GB
titanium micro th7175 | 4.0TB | SSD,Storage,titanium micro,titanium micro th7175,2025,285.99,0.0714975,$/GB
toshiba al13seb600 | 600GB | HDD,Storage,toshiba,toshiba al13seb600,2025,40.71,0.06785000000000001,$/GB
toshiba dt01aca050 | 500GB | HDD,Storage,toshiba,toshiba dt01aca050,2023,33.72,0.06744,$/GB
toshiba dt01aca050 | 500GB | HDD,Storage,toshiba,toshiba dt01aca050,2025,33.97,0.06794,$/GB
toshiba hdkbb96 | 1.0TB | HDD,Storage,toshiba,toshiba hdkbb96,2025,29.95,0.02995,$/GB
toshiba hdkcc00 | 500GB | HDD,Storage,toshiba,toshiba hdkcc00,2025,25.0,0.05,$/GB
toshiba l200 | 1.0TB | HDD,Storage,toshiba,toshiba l200,2025,63.8,0.0638,$/GB
toshiba l200 | 2.0TB | HDD,Storage,toshiba,toshiba l200,2023,59.99,0.029995,$/GB
toshiba l200 | 2.0TB | HDD,Storage,toshiba,toshiba l200,2025,85.19,0.042595,$/GB
toshiba l200 | 500GB | HDD,Storage,toshiba,toshiba l200,2025,65.99,0.13198,$/GB
toshiba md04aca600 | 6.0TB | HDD,Storage,toshiba,toshiba md04aca600,2025,453.27,0.075545,$/GB
toshiba mg03sca | 1.0TB | HDD,Storage,toshiba,toshiba mg03sca,2025,30.0,0.03,$/GB
toshiba mg04aca100n | 1.0TB | HDD,Storage,toshiba,toshiba mg04aca100n,2023,84.53,0.08453000000000001,$/GB
toshiba mg04aca100n | 1.0TB | HDD,Storage,toshiba,toshiba mg04aca100n,2025,110.7,0.1107,$/GB
toshiba mg04aca200e | 2.0TB | HDD,Storage,toshiba,toshiba mg04aca200e,2025,147.75,0.073875,$/GB
toshiba mg04aca400n | 4.0TB | HDD,Storage,toshiba,toshiba mg04aca400n,2025,110.0,0.0275,$/GB
toshiba mg04aca600e | 6.0TB | HDD,Storage,toshiba,toshiba mg04aca600e,2023,211.0,0.035166666666666666,$/GB
toshiba mg04aca600e | 6.0TB | HDD,Storage,toshiba,toshiba mg04aca600e,2025,150.0,0.025,$/GB
toshiba mg05aca800e | 8.0TB | HDD,Storage,toshiba,toshiba mg05aca800e,2025,519.92,0.06498999999999999,$/GB
toshiba mg06aca600e | 6.0TB | HDD,Storage,toshiba,toshiba mg06aca600e,2025,270.47,0.04507833333333334,$/GB
toshiba mg06aca800e | 8.0TB | HDD,Storage,toshiba,toshiba mg06aca800e,2025,279.99,0.03499875,$/GB
toshiba mg07aca12te | 12.0TB | HDD,Storage,toshiba,toshiba mg07aca12te,2025,299.0,0.024916666666666667,$/GB
toshiba mg07aca14te | 14.0TB | HDD,Storage,toshiba,toshiba mg07aca14te,2025,299.0,0.021357142857142856,$/GB
toshiba mg08 | 16.0TB | HDD,Storage,toshiba,toshiba mg08,2025,299.0,0.0186875,$/GB
toshiba mg08ada400e | 4.0TB | HDD,Storage,toshiba,toshiba mg08ada400e,2023,179.99,0.0449975,$/GB
toshiba mg08ada600e | 6.0TB | HDD,Storage,toshiba,toshiba mg08ada600e,2023,169.99,0.028331666666666668,$/GB
toshiba mg08ada600e | 6.0TB | HDD,Storage,toshiba,toshiba mg08ada600e,2025,200.0,0.03333333333333333,$/GB
toshiba mg08ada800e | 8.0TB | HDD,Storage,toshiba,toshiba mg08ada800e,2025,248.66,0.0310825,$/GB
toshiba mg09 4kn | 18.0TB | HDD,Storage,toshiba,toshiba mg09 4kn,2025,399.0,0.022166666666666668,$/GB
toshiba mg09 512e | 10.0TB | HDD,Storage,toshiba,toshiba mg09 512e,2025,263.95,0.026395,$/GB
toshiba mg09 512e | 12.0TB | HDD,Storage,toshiba,toshiba mg09 512e,2025,289.99,0.024165833333333334,$/GB
toshiba mg09 512e | 16.0TB | HDD,Storage,toshiba,toshiba mg09 512e,2025,316.99,0.019811875,$/GB
toshiba mg09 512e | 18.0TB | HDD,Storage,toshiba,toshiba mg09 512e,2023,319.99,0.017777222222222222,$/GB
toshiba mg09 512e | 18.0TB | HDD,Storage,toshiba,toshiba mg09 512e,2025,275.0,0.015277777777777777,$/GB
toshiba mg10 512e | 20.0TB | HDD,Storage,toshiba,toshiba mg10 512e,2023,339.0,0.01695,$/GB
toshiba mg10 512e | 20.0TB | HDD,Storage,toshiba,toshiba mg10 512e,2025,349.99,0.0174995,$/GB
toshiba mk1059gsm | 1.0TB | HDD,Storage,toshiba,toshiba mk1059gsm,2023,210.0,0.21,$/GB
toshiba mk2576gsx | 250GB | HDD,Storage,toshiba,toshiba mk2576gsx,2023,37.0,0.148,$/GB
toshiba mk2576gsx | 250GB | HDD,Storage,toshiba,toshiba mk2576gsx,2025,25.74,0.10296,$/GB
toshiba mk3276gsx | 320GB | HDD,Storage,toshiba,toshiba mk3276gsx,2023,12.99,0.04059375,$/GB
toshiba mk3276gsx | 320GB | HDD,Storage,toshiba,toshiba mk3276gsx,2025,13.98,0.043687500000000004,$/GB
toshiba mk5061gsyn | 500GB | HDD,Storage,toshiba,toshiba mk5061gsyn,2023,64.87,0.12974000000000002,$/GB
toshiba mk5061gsyn | 500GB | HDD,Storage,toshiba,toshiba mk5061gsyn,2025,58.0,0.116,$/GB
toshiba mk6465gsx | 640GB | HDD,Storage,toshiba,toshiba mk6465gsx,2023,39.0,0.0609375,$/GB
toshiba mk7559gsxp | 750GB | HDD,Storage,toshiba,toshiba mk7559gsxp,2025,62.5,0.08333333333333333,$/GB
toshiba mkx001grzb | 100GB | SSD,Storage,toshiba,toshiba mkx001grzb,2025,385.0,3.85,$/GB
toshiba mq01abd-v | 1.0TB | HDD,Storage,toshiba,toshiba mq01abd-v,2023,33.89,0.03389,$/GB
toshiba mq01abd-v | 1.0TB | HDD,Storage,toshiba,toshiba mq01abd-v,2025,33.86,0.03386,$/GB
toshiba mq01abd032 | 320GB | HDD,Storage,toshiba,toshiba mq01abd032,2025,13.99,0.04371875,$/GB
toshiba mq01abd050 | 500GB | HDD,Storage,toshiba,toshiba mq01abd050,2025,18.19,0.03638,$/GB
toshiba mq04abd200 | 2.0TB | HDD,Storage,toshiba,toshiba mq04abd200,2023,74.87,0.037435,$/GB
toshiba mq04abd200 | 2.0TB | HDD,Storage,toshiba,toshiba mq04abd200,2025,74.99,0.037495,$/GB
toshiba mq04abf100 | 1.0TB | HDD,Storage,toshiba,toshiba mq04abf100,2025,49.0,0.049,$/GB
toshiba n300 nas | 10.0TB | HDD,Storage,toshiba,toshiba n300 nas,2025,194.99,0.019499000000000002,$/GB
toshiba n300 nas | 12.0TB | HDD,Storage,toshiba,toshiba n300 nas,2025,218.99,0.018249166666666667,$/GB
toshiba n300 nas | 16.0TB | HDD,Storage,toshiba,toshiba n300 nas,2025,284.99,0.017811875,$/GB
toshiba n300 nas | 20.0TB | HDD,Storage,toshiba,toshiba n300 nas,2025,349.0,0.01745,$/GB
toshiba n300 nas | 4.0TB | HDD,Storage,toshiba,toshiba n300 nas,2025,124.99,0.031247499999999997,$/GB
toshiba n300 nas | 6.0TB | HDD,Storage,toshiba,toshiba n300 nas,2025,158.15,0.026358333333333334,$/GB
toshiba n300 nas | 8.0TB | HDD,Storage,toshiba,toshiba n300 nas,2025,172.99,0.02162375,$/GB
toshiba n300 pro | 12.0TB | HDD,Storage,toshiba,toshiba n300 pro,2023,254.99,0.021249166666666666,$/GB
toshiba n300 pro | 12.0TB | HDD,Storage,toshiba,toshiba n300 pro,2025,268.99,0.022415833333333333,$/GB
toshiba n300 pro | 14.0TB | HDD,Storage,toshiba,toshiba n300 pro,2023,288.99,0.02064214285714286,$/GB
toshiba n300 pro | 14.0TB | HDD,Storage,toshiba,toshiba n300 pro,2025,294.99,0.021070714285714286,$/GB
toshiba n300 pro | 16.0TB | HDD,Storage,toshiba,toshiba n300 pro,2023,308.99,0.019311875,$/GB
toshiba n300 pro | 16.0TB | HDD,Storage,toshiba,toshiba n300 pro,2025,294.99,0.018436875000000002,$/GB
toshiba n300 pro | 18.0TB | HDD,Storage,toshiba,toshiba n300 pro,2025,348.99,0.019388333333333334,$/GB
toshiba n300 pro | 4.0TB | HDD,Storage,toshiba,toshiba n300 pro,2023,128.9,0.032225000000000004,$/GB
toshiba n300 | 10.0TB | HDD,Storage,toshiba,toshiba n300,2023,308.87,0.030887,$/GB
toshiba n300 | 10.0TB | HDD,Storage,toshiba,toshiba n300,2025,329.99,0.032999,$/GB
toshiba n300 | 12.0TB | HDD,Storage,toshiba,toshiba n300,2023,232.9,0.019408333333333333,$/GB
toshiba n300 | 12.0TB | HDD,Storage,toshiba,toshiba n300,2025,379.99,0.03166583333333334,$/GB
toshiba n300 | 14.0TB | HDD,Storage,toshiba,toshiba n300,2023,395.13,0.028223571428571428,$/GB
toshiba n300 | 14.0TB | HDD,Storage,toshiba,toshiba n300,2025,406.39,0.029027857142857143,$/GB
toshiba n300 | 16.0TB | HDD,Storage,toshiba,toshiba n300,2023,380.42,0.023776250000000002,$/GB
toshiba n300 | 16.0TB | HDD,Storage,toshiba,toshiba n300,2025,489.99,0.030624375000000002,$/GB
toshiba n300 | 18.0TB | HDD,Storage,toshiba,toshiba n300,2025,324.99,0.018055,$/GB
toshiba n300 | 4.0TB | HDD,Storage,toshiba,toshiba n300,2023,139.49,0.0348725,$/GB
toshiba n300 | 4.0TB | HDD,Storage,toshiba,toshiba n300,2025,176.35,0.0440875,$/GB
toshiba n300 | 6.0TB | HDD,Storage,toshiba,toshiba n300,2023,214.68,0.03578,$/GB
toshiba n300 | 6.0TB | HDD,Storage,toshiba,toshiba n300,2025,264.5,0.044083333333333335,$/GB
toshiba n300 | 8.0TB | HDD,Storage,toshiba,toshiba n300,2025,232.49,0.02906125,$/GB
toshiba ocz tr200 | 240GB | SSD,Storage,toshiba,toshiba ocz tr200,2025,25.99,0.10829166666666666,$/GB
toshiba p300 | 2.0TB | HDD,Storage,toshiba,toshiba p300,2023,73.86,0.03693,$/GB
toshiba p300 | 2.0TB | HDD,Storage,toshiba,toshiba p300,2025,85.5,0.04275,$/GB
toshiba p300 | 3.0TB | HDD,Storage,toshiba,toshiba p300,2023,99.45,0.03315,$/GB
toshiba p300 | 3.0TB | HDD,Storage,toshiba,toshiba p300,2025,157.75,0.052583333333333336,$/GB
toshiba p300 | 4.0TB | HDD,Storage,toshiba,toshiba p300,2023,110.07,0.027517499999999997,$/GB
toshiba p300 | 4.0TB | HDD,Storage,toshiba,toshiba p300,2025,120.3,0.030074999999999998,$/GB
toshiba p300 | 500GB | HDD,Storage,toshiba,toshiba p300,2025,68.31,0.13662,$/GB
toshiba p300 | 6.0TB | HDD,Storage,toshiba,toshiba p300,2023,154.17,0.025695,$/GB
toshiba p300 | 6.0TB | HDD,Storage,toshiba,toshiba p300,2025,171.9,0.028650000000000002,$/GB
toshiba ph2100u-1i54 | 1.0TB | HDD,Storage,toshiba,toshiba ph2100u-1i54,2023,85.99,0.08599,$/GB
toshiba ph3300u-1i72 | 3.0TB | HDD,Storage,toshiba,toshiba ph3300u-1i72,2023,129.99,0.04333,$/GB
toshiba ph3300u-1i72 | 3.0TB | HDD,Storage,toshiba,toshiba ph3300u-1i72,2025,159.0,0.053,$/GB
toshiba ph3400u-1i72 | 4.0TB | HDD,Storage,toshiba,toshiba ph3400u-1i72,2025,159.0,0.03975,$/GB
toshiba ph3500u-1i72 | 5.0TB | HDD,Storage,toshiba,toshiba ph3500u-1i72,2023,169.0,0.0338,$/GB
toshiba ph3500u-1i72 | 5.0TB | HDD,Storage,toshiba,toshiba ph3500u-1i72,2025,179.0,0.0358,$/GB
toshiba q series pro | 256GB | SSD,Storage,toshiba,toshiba q series pro,2025,293.66,1.147109375,$/GB
toshiba s300 pro | 10.0TB | HDD,Storage,toshiba,toshiba s300 pro,2023,229.99,0.022999000000000002,$/GB
toshiba s300 pro | 10.0TB | HDD,Storage,toshiba,toshiba s300 pro,2025,279.95,0.027995,$/GB
toshiba s300 pro | 6.0TB | HDD,Storage,toshiba,toshiba s300 pro,2023,149.69,0.024948333333333333,$/GB
toshiba s300 pro | 6.0TB | HDD,Storage,toshiba,toshiba s300 pro,2025,217.95,0.036324999999999996,$/GB
toshiba s300 pro | 8.0TB | HDD,Storage,toshiba,toshiba s300 pro,2025,279.75,0.03496875,$/GB
toshiba s300 | 2.0TB | HDD,Storage,toshiba,toshiba s300,2025,83.51,0.041755,$/GB
toshiba s300 | 4.0TB | HDD,Storage,toshiba,toshiba s300,2023,126.87,0.0317175,$/GB
toshiba s300 | 4.0TB | HDD,Storage,toshiba,toshiba s300,2025,114.28,0.02857,$/GB
toshiba s300 | 6.0TB | HDD,Storage,toshiba,toshiba s300,2023,201.75,0.033625,$/GB
toshiba s300 | 6.0TB | HDD,Storage,toshiba,toshiba s300,2025,168.26,0.028043333333333333,$/GB
toshiba vx500 | 128GB | SSD,Storage,toshiba,toshiba vx500,2025,128.03,1.000234375,$/GB
toshiba x300 pro | 10.0TB | HDD,Storage,toshiba,toshiba x300 pro,2025,355.3,0.03553,$/GB
toshiba x300 pro | 12.0TB | HDD,Storage,toshiba,toshiba x300 pro,2025,274.99,0.022915833333333333,$/GB
toshiba x300 pro | 14.0TB | HDD,Storage,toshiba,toshiba x300 pro,2025,294.99,0.021070714285714286,$/GB
toshiba x300 pro | 16.0TB | HDD,Storage,toshiba,toshiba x300 pro,2025,324.44,0.0202775,$/GB
toshiba x300 pro | 18.0TB | HDD,Storage,toshiba,toshiba x300 pro,2025,358.99,0.01994388888888889,$/GB
toshiba x300 | 10.0TB | HDD,Storage,toshiba,toshiba x300,2023,199.0,0.0199,$/GB
toshiba x300 | 10.0TB | HDD,Storage,toshiba,toshiba x300,2025,335.0,0.0335,$/GB
toshiba x300 | 12.0TB | HDD,Storage,toshiba,toshiba x300,2023,245.99,0.02049916666666667,$/GB
toshiba x300 | 12.0TB | HDD,Storage,toshiba,toshiba x300,2025,299.0,0.024916666666666667,$/GB
toshiba x300 | 16.0TB | HDD,Storage,toshiba,toshiba x300,2025,459.7,0.02873125,$/GB
toshiba x300 | 4.0TB | HDD,Storage,toshiba,toshiba x300,2023,150.57,0.037642499999999995,$/GB
toshiba x300 | 4.0TB | HDD,Storage,toshiba,toshiba x300,2025,174.5,0.043625,$/GB
toshiba x300 | 6.0TB | HDD,Storage,toshiba,toshiba x300,2023,141.99,0.023665000000000002,$/GB
toshiba x300 | 6.0TB | HDD,Storage,toshiba,toshiba x300,2025,238.47,0.039745,$/GB
toshiba x300 | 8.0TB | HDD,Storage,toshiba,toshiba x300,2023,299.51,0.03743875,$/GB
toshiba x300 | 8.0TB | HDD,Storage,toshiba,toshiba x300,2025,392.38,0.0490475,$/GB
toshiba xg3 | 512GB | SSD,Storage,toshiba,toshiba xg3,2023,149.99,0.29294921875,$/GB
toshiba xg6 | 512GB | SSD,Storage,toshiba,toshiba xg6,2025,39.79,0.07771484375,$/GB
transcend 110s | 1.0TB | SSD,Storage,transcend,transcend 110s,2023,99.99,0.09999,$/GB
transcend 110s | 1.0TB | SSD,Storage,transcend,transcend 110s,2025,82.23,0.08223,$/GB
transcend 110s | 128GB | SSD,Storage,transcend,transcend 110s,2023,24.99,0.195234375,$/GB
transcend 110s | 128GB | SSD,Storage,transcend,transcend 110s,2025,20.99,0.163984375,$/GB
transcend 110s | 256GB | SSD,Storage,transcend,transcend 110s,2025,28.18,0.110078125,$/GB
transcend 110s | 512GB | SSD,Storage,transcend,transcend 110s,2025,49.99,0.09763671875,$/GB
transcend 220s | 1.0TB | SSD,Storage,transcend,transcend 220s,2025,92.68,0.09268000000000001,$/GB
transcend 220s | 2.0TB | SSD,Storage,transcend,transcend 220s,2025,157.76,0.07887999999999999,$/GB
transcend 220s | 256GB | SSD,Storage,transcend,transcend 220s,2025,37.18,0.145234375,$/GB
transcend 220s | 512GB | SSD,Storage,transcend,transcend 220s,2025,56.72,0.11078125,$/GB
transcend 250h | 1.0TB | SSD,Storage,transcend,transcend 250h,2025,83.12,0.08312,$/GB
transcend 250h | 2.0TB | SSD,Storage,transcend,transcend 250h,2023,218.02,0.10901000000000001,$/GB
transcend 250h | 2.0TB | SSD,Storage,transcend,transcend 250h,2025,199.99,0.099995,$/GB
transcend 250h | 4.0TB | SSD,Storage,transcend,transcend 250h,2025,371.06,0.092765,$/GB
transcend 250s | 1.0TB | SSD,Storage,transcend,transcend 250s,2023,69.79,0.06979,$/GB
transcend 250s | 1.0TB | SSD,Storage,transcend,transcend 250s,2025,119.99,0.11999,$/GB
transcend 250s | 2.0TB | SSD,Storage,transcend,transcend 250s,2025,187.92,0.09395999999999999,$/GB
transcend 250s | 4.0TB | SSD,Storage,transcend,transcend 250s,2023,356.09,0.08902249999999999,$/GB
transcend 250s | 4.0TB | SSD,Storage,transcend,transcend 250s,2025,355.06,0.088765,$/GB
transcend 720 msata | 128GB | SSD,Storage,transcend,transcend 720 msata,2025,173.46,1.35515625,$/GB
transcend 830s | 1.0TB | SSD,Storage,transcend,transcend 830s,2023,109.99,0.10998999999999999,$/GB
transcend 830s | 1.0TB | SSD,Storage,transcend,transcend 830s,2025,79.99,0.07998999999999999,$/GB
transcend 830s | 128GB | SSD,Storage,transcend,transcend 830s,2025,24.99,0.195234375,$/GB
transcend 830s | 2.0TB | SSD,Storage,transcend,transcend 830s,2025,169.0,0.0845,$/GB
transcend 830s | 256GB | SSD,Storage,transcend,transcend 830s,2023,39.99,0.1562109375,$/GB
transcend 830s | 256GB | SSD,Storage,transcend,transcend 830s,2025,36.76,0.14359375,$/GB
transcend 830s | 4.0TB | SSD,Storage,transcend,transcend 830s,2025,323.9,0.08097499999999999,$/GB
transcend 830s | 512GB | SSD,Storage,transcend,transcend 830s,2025,55.19,0.10779296875,$/GB
transcend mte240s | 1.0TB | SSD,Storage,transcend,transcend mte240s,2025,103.23,0.10323,$/GB
transcend mte240s | 500GB | SSD,Storage,transcend,transcend mte240s,2023,57.45,0.1149,$/GB
transcend mte240s | 500GB | SSD,Storage,transcend,transcend mte240s,2025,56.47,0.11294,$/GB
transcend mte245s | 1.0TB | SSD,Storage,transcend,transcend mte245s,2023,76.78,0.07678,$/GB
transcend mte245s | 1.0TB | SSD,Storage,transcend,transcend mte245s,2025,61.36,0.06136,$/GB
transcend mte245s | 2.0TB | SSD,Storage,transcend,transcend mte245s,2025,131.9,0.06595000000000001,$/GB
transcend mte245s | 4.0TB | SSD,Storage,transcend,transcend mte245s,2025,299.0,0.07475,$/GB
transcend mte245s | 500GB | SSD,Storage,transcend,transcend mte245s,2023,59.68,0.11936,$/GB
transcend mte245s | 500GB | SSD,Storage,transcend,transcend mte245s,2025,59.99,0.11998,$/GB
transcend mte255s | 1.0TB | SSD,Storage,transcend,transcend mte255s,2025,77.9,0.07790000000000001,$/GB
transcend mte255s | 2.0TB | SSD,Storage,transcend,transcend mte255s,2025,128.15,0.06407500000000001,$/GB
transcend mte410s | 1.0TB | SSD,Storage,transcend,transcend mte410s,2025,99.9,0.0999,$/GB
transcend mte410s | 2.0TB | SSD,Storage,transcend,transcend mte410s,2025,169.9,0.08495,$/GB
transcend mte410s | 256GB | SSD,Storage,transcend,transcend mte410s,2025,47.21,0.1844140625,$/GB
transcend mte410s | 512GB | SSD,Storage,transcend,transcend mte410s,2025,71.28,0.13921875,$/GB
transcend mts400 | 128GB | SSD,Storage,transcend,transcend mts400,2025,91.33,0.713515625,$/GB
transcend mts400 | 256GB | SSD,Storage,transcend,transcend mts400,2023,143.91,0.5621484375,$/GB
transcend mts400 | 256GB | SSD,Storage,transcend,transcend mts400,2025,152.74,0.596640625,$/GB
transcend mts400 | 32GB | SSD,Storage,transcend,transcend mts400,2025,49.38,1.543125,$/GB
transcend mts800 | 256GB | SSD,Storage,transcend,transcend mts800,2025,145.97,0.5701953125,$/GB
transcend mts800 | 32GB | SSD,Storage,transcend,transcend mts800,2025,50.67,1.5834375,$/GB
transcend mts800 | 512GB | SSD,Storage,transcend,transcend mts800,2023,264.56,0.51671875,$/GB
transcend mts800 | 512GB | SSD,Storage,transcend,transcend mts800,2025,281.44,0.5496875,$/GB
transcend mts800 | 64GB | SSD,Storage,transcend,transcend mts800,2023,49.58,0.7746875,$/GB
transcend mts800 | 64GB | SSD,Storage,transcend,transcend mts800,2025,49.99,0.78109375,$/GB
transcend ssd230s | 1.0TB | SSD,Storage,transcend,transcend ssd230s,2023,99.55,0.09955,$/GB
transcend ssd230s | 1.0TB | SSD,Storage,transcend,transcend ssd230s,2025,81.5,0.0815,$/GB
transcend ssd230s | 128GB | SSD,Storage,transcend,transcend ssd230s,2023,29.99,0.234296875,$/GB
transcend ssd230s | 128GB | SSD,Storage,transcend,transcend ssd230s,2025,29.99,0.234296875,$/GB
transcend ssd230s | 2.0TB | SSD,Storage,transcend,transcend ssd230s,2025,179.99,0.089995,$/GB
transcend ssd230s | 256GB | SSD,Storage,transcend,transcend ssd230s,2023,39.99,0.1562109375,$/GB
transcend ssd230s | 256GB | SSD,Storage,transcend,transcend ssd230s,2025,35.04,0.136875,$/GB
transcend ssd230s | 4.0TB | SSD,Storage,transcend,transcend ssd230s,2025,339.99,0.0849975,$/GB
transcend ssd230s | 512GB | SSD,Storage,transcend,transcend ssd230s,2023,59.99,0.11716796875,$/GB
transcend ssd230s | 512GB | SSD,Storage,transcend,transcend ssd230s,2025,56.12,0.109609375,$/GB
transcend ssd370 | 512GB | SSD,Storage,transcend,transcend ssd370,2023,173.18,0.3382421875,$/GB
transcend ts120gssd220s | 120GB | SSD,Storage,transcend,transcend ts120gssd220s,2023,22.59,0.18825,$/GB
transcend ts120gssd220s | 120GB | SSD,Storage,transcend,transcend ts120gssd220s,2025,23.99,0.19991666666666666,$/GB
transcend ts128gssd370s | 128GB | SSD,Storage,transcend,transcend ts128gssd370s,2025,33.95,0.265234375,$/GB
transcend ts1tssd370s | 1.0TB | SSD,Storage,transcend,transcend ts1tssd370s,2023,450.1,0.4501,$/GB
transcend ts1tssd370s | 1.0TB | SSD,Storage,transcend,transcend ts1tssd370s,2025,402.37,0.40237,$/GB
transcend ts240gssd220s | 240GB | SSD,Storage,transcend,transcend ts240gssd220s,2023,35.46,0.14775,$/GB
transcend ts240gssd220s | 240GB | SSD,Storage,transcend,transcend ts240gssd220s,2025,29.45,0.12270833333333334,$/GB
transcend ts256gssd370s | 256GB | SSD,Storage,transcend,transcend ts256gssd370s,2025,110.66,0.432265625,$/GB
transcend ts32gssd370s | 32GB | SSD,Storage,transcend,transcend ts32gssd370s,2025,33.97,1.0615625,$/GB
transcend ts480gssd220s | 480GB | SSD,Storage,transcend,transcend ts480gssd220s,2023,52.22,0.10879166666666666,$/GB
transcend ts480gssd220s | 480GB | SSD,Storage,transcend,transcend ts480gssd220s,2025,46.06,0.09595833333333334,$/GB
transcend ts512gmsa370 | 512GB | SSD,Storage,transcend,transcend ts512gmsa370,2025,324.85,0.63447265625,$/GB
transcend ts512gssd370s | 512GB | SSD,Storage,transcend,transcend ts512gssd370s,2025,213.11,0.41623046875,$/GB
transcend ts64gmsa370 | 64GB | SSD,Storage,transcend,transcend ts64gmsa370,2025,154.0,2.40625,$/GB
transcend ts64gssd370s | 64GB | SSD,Storage,transcend,transcend ts64gssd370s,2025,49.99,0.78109375,$/GB
transcend ts960gssd220s | 960GB | SSD,Storage,transcend,transcend ts960gssd220s,2025,103.11,0.10740625,$/GB
v7 v7ssd128gbnv3u | 128GB | SSD,Storage,v7,v7 v7ssd128gbnv3u,2023,31.99,0.249921875,$/GB
v7 v7ssd1tbnv3u | 1.0TB | SSD,Storage,v7,v7 v7ssd1tbnv3u,2023,98.99,0.09899,$/GB
v7 v7ssd1tbs25u | 1.0TB | SSD,Storage,v7,v7 v7ssd1tbs25u,2023,85.37,0.08537,$/GB
v7 v7ssd480gbs25u | 480GB | SSD,Storage,v7,v7 v7ssd480gbs25u,2025,35.33,0.07360416666666666,$/GB
v7 v7ssd512gbnv3u | 512GB | SSD,Storage,v7,v7 v7ssd512gbnv3u,2023,53.99,0.10544921875,$/GB
v7 v7ssd512gbs25u | 512GB | SSD,Storage,v7,v7 v7ssd512gbs25u,2023,51.97,0.10150390625,$/GB
verbatim verbatim sata ii | 128GB | SSD,Storage,verbatim,verbatim verbatim sata ii,2025,134.4,1.05,$/GB
verbatim verbatim sata ii | 64GB | SSD,Storage,verbatim,verbatim verbatim sata ii,2025,93.15,1.45546875,$/GB
verbatim vi3000 | 1.0TB | SSD,Storage,verbatim,verbatim vi3000,2025,70.99,0.07099,$/GB
verbatim vi3000 | 2.0TB | SSD,Storage,verbatim,verbatim vi3000,2025,116.81,0.058405,$/GB
verbatim vi3000 | 256GB | SSD,Storage,verbatim,verbatim vi3000,2023,27.99,0.1093359375,$/GB
verbatim vi3000 | 256GB | SSD,Storage,verbatim,verbatim vi3000,2025,27.99,0.1093359375,$/GB
verbatim vi3000 | 512GB | SSD,Storage,verbatim,verbatim vi3000,2025,57.28,0.111875,$/GB
verbatim vi5000 | 1.0TB | SSD,Storage,verbatim,verbatim vi5000,2023,78.5,0.0785,$/GB
verbatim vi5000 | 1.0TB | SSD,Storage,verbatim,verbatim vi5000,2025,82.49,0.08249,$/GB
verbatim vi5000 | 2.0TB | SSD,Storage,verbatim,verbatim vi5000,2023,134.44,0.06722,$/GB
verbatim vi5000 | 2.0TB | SSD,Storage,verbatim,verbatim vi5000,2025,127.59,0.063795,$/GB
verbatim vi5000 | 512GB | SSD,Storage,verbatim,verbatim vi5000,2025,49.99,0.09763671875,$/GB
verbatim vi550 | 128GB | SSD,Storage,verbatim,verbatim vi550,2025,14.99,0.117109375,$/GB
verbatim vi550 | 256GB | SSD,Storage,verbatim,verbatim vi550,2025,20.99,0.0819921875,$/GB
verbatim vi550 | 512GB | SSD,Storage,verbatim,verbatim vi550,2025,37.99,0.07419921875,$/GB
verbatim vi560 | 256GB | SSD,Storage,verbatim,verbatim vi560,2023,60.0,0.234375,$/GB
verbatim vi560 | 256GB | SSD,Storage,verbatim,verbatim vi560,2025,98.53,0.3848828125,$/GB
verbatim vi560 | 512GB | SSD,Storage,verbatim,verbatim vi560,2023,57.07,0.11146484375,$/GB
verbatim vi560 | 512GB | SSD,Storage,verbatim,verbatim vi560,2025,62.96,0.12296875,$/GB
verbatim vi7000g | 1.0TB | SSD,Storage,verbatim,verbatim vi7000g,2023,79.98,0.07998000000000001,$/GB
verbatim vi7000g | 1.0TB | SSD,Storage,verbatim,verbatim vi7000g,2025,105.49,0.10549,$/GB
verbatim vi7000g | 2.0TB | SSD,Storage,verbatim,verbatim vi7000g,2023,129.99,0.06499500000000001,$/GB
verbatim vi7000g | 2.0TB | SSD,Storage,verbatim,verbatim vi7000g,2025,148.99,0.074495,$/GB
verbatim vi7000g | 4.0TB | SSD,Storage,verbatim,verbatim vi7000g,2025,248.99,0.062247500000000004,$/GB
visiontek 900982 | 2.0TB | SSD,Storage,visiontek,visiontek 900982,2023,288.64,0.14432,$/GB
visiontek dlx3 | 1.0TB | SSD,Storage,visiontek,visiontek dlx3,2023,75.0,0.075,$/GB
visiontek dlx3 | 1.0TB | SSD,Storage,visiontek,visiontek dlx3,2025,114.99,0.11499,$/GB
visiontek dlx3 | 2.0TB | SSD,Storage,visiontek,visiontek dlx3,2025,209.22,0.10461,$/GB
visiontek dlx3 | 256GB | SSD,Storage,visiontek,visiontek dlx3,2023,35.17,0.1373828125,$/GB
visiontek dlx3 | 256GB | SSD,Storage,visiontek,visiontek dlx3,2025,39.93,0.1559765625,$/GB
visiontek dlx3 | 512GB | SSD,Storage,visiontek,visiontek dlx3,2023,49.96,0.097578125,$/GB
visiontek dlx3 | 512GB | SSD,Storage,visiontek,visiontek dlx3,2025,61.99,0.12107421875,$/GB
visiontek dlx4 pro | 1.0TB | SSD,Storage,visiontek,visiontek dlx4 pro,2023,79.0,0.079,$/GB
visiontek dlx4 pro | 1.0TB | SSD,Storage,visiontek,visiontek dlx4 pro,2025,116.78,0.11678,$/GB
visiontek dlx4 pro | 2.0TB | SSD,Storage,visiontek,visiontek dlx4 pro,2025,223.04,0.11152,$/GB
visiontek dlx4 pro | 4.0TB | SSD,Storage,visiontek,visiontek dlx4 pro,2025,448.31,0.1120775,$/GB
visiontek dlx4 pro | 512GB | SSD,Storage,visiontek,visiontek dlx4 pro,2023,65.0,0.126953125,$/GB
visiontek dlx4 pro | 512GB | SSD,Storage,visiontek,visiontek dlx4 pro,2025,71.59,0.13982421875,$/GB
visiontek dlx4 | 1.0TB | SSD,Storage,visiontek,visiontek dlx4,2023,100.49,0.10049,$/GB
visiontek dlx4 | 1.0TB | SSD,Storage,visiontek,visiontek dlx4,2025,113.33,0.11333,$/GB
visiontek dlx4 | 2.0TB | SSD,Storage,visiontek,visiontek dlx4,2023,188.14,0.09406999999999999,$/GB
visiontek dlx4 | 2.0TB | SSD,Storage,visiontek,visiontek dlx4,2025,207.48,0.10374,$/GB
visiontek dlx4 | 512GB | SSD,Storage,visiontek,visiontek dlx4,2025,66.98,0.1308203125,$/GB
visiontek go drive | 1.0TB | SSD,Storage,visiontek,visiontek go drive,2025,99.99,0.09999,$/GB
visiontek godrive | 480GB | SSD,Storage,visiontek,visiontek godrive,2025,48.73,0.10152083333333332,$/GB
visiontek msata | 240GB | SSD,Storage,visiontek,visiontek msata,2023,71.98,0.29991666666666666,$/GB
visiontek pro ecs | 2.0TB | SSD,Storage,visiontek,visiontek pro ecs,2023,347.34,0.17367,$/GB
visiontek pro ecs | 2.0TB | SSD,Storage,visiontek,visiontek pro ecs,2025,347.95,0.173975,$/GB
visiontek pro hxs | 1.0TB | SSD,Storage,visiontek,visiontek pro hxs,2025,153.49,0.15349000000000002,$/GB
visiontek pro hxs | 120GB | SSD,Storage,visiontek,visiontek pro hxs,2025,39.99,0.33325,$/GB
visiontek pro hxs | 2.0TB | SSD,Storage,visiontek,visiontek pro hxs,2025,189.99,0.09499500000000001,$/GB
visiontek pro hxs | 250GB | SSD,Storage,visiontek,visiontek pro hxs,2025,84.99,0.33996,$/GB
visiontek pro hxs | 500GB | SSD,Storage,visiontek,visiontek pro hxs,2023,89.99,0.17998,$/GB
visiontek pro hxs | 512GB | SSD,Storage,visiontek,visiontek pro hxs,2025,79.98,0.1562109375,$/GB
visiontek pro xmn | 256GB | SSD,Storage,visiontek,visiontek pro xmn,2025,159.13,0.6216015625,$/GB
visiontek pro xpn | 1.0TB | SSD,Storage,visiontek,visiontek pro xpn,2023,205.15,0.20515,$/GB
visiontek pro xpn | 512GB | SSD,Storage,visiontek,visiontek pro xpn,2023,108.99,0.21287109375,$/GB
visiontek pro | 1.0TB | SSD,Storage,visiontek,visiontek pro,2023,228.49,0.22849,$/GB
visiontek pro | 1.0TB | SSD,Storage,visiontek,visiontek pro,2025,153.7,0.15369999999999998,$/GB
visiontek pro | 2.0TB | SSD,Storage,visiontek,visiontek pro,2025,279.99,0.139995,$/GB
visiontek pro | 250GB | SSD,Storage,visiontek,visiontek pro,2023,49.99,0.19996,$/GB
visiontek pro | 480GB | SSD,Storage,visiontek,visiontek pro,2025,86.63,0.18047916666666666,$/GB
visiontek pro | 500GB | SSD,Storage,visiontek,visiontek pro,2025,101.08,0.20216,$/GB
western digital ae | 6.0TB | HDD,Storage,western digital,western digital ae,2023,139.99,0.023331666666666667,$/GB
western digital av | 160GB | HDD,Storage,western digital,western digital av,2025,71.63,0.44768749999999996,$/GB
western digital av | 320GB | HDD,Storage,western digital,western digital av,2025,177.0,0.553125,$/GB
western digital av-25 | 1.0TB | HDD,Storage,western digital,western digital av-25,2023,32.47,0.03247,$/GB
western digital av-25 | 1.0TB | HDD,Storage,western digital,western digital av-25,2025,34.99,0.03499,$/GB
western digital av-25 | 250GB | HDD,Storage,western digital,western digital av-25,2025,95.0,0.38,$/GB
western digital av-25 | 320GB | HDD,Storage,western digital,western digital av-25,2023,22.4,0.06999999999999999,$/GB
western digital av-25 | 320GB | HDD,Storage,western digital,western digital av-25,2025,39.64,0.123875,$/GB
western digital av-gp | 1.0TB | HDD,Storage,western digital,western digital av-gp,2023,53.6,0.0536,$/GB
western digital av-gp | 1.0TB | HDD,Storage,western digital,western digital av-gp,2025,34.99,0.03499,$/GB
western digital av-gp | 1.5TB | HDD,Storage,western digital,western digital av-gp,2025,49.0,0.03266666666666666,$/GB
western digital av-gp | 160GB | HDD,Storage,western digital,western digital av-gp,2023,49.95,0.3121875,$/GB
western digital av-gp | 160GB | HDD,Storage,western digital,western digital av-gp,2025,37.98,0.23737499999999997,$/GB
western digital av-gp | 2.0TB | HDD,Storage,western digital,western digital av-gp,2023,117.45,0.058725,$/GB
western digital av-gp | 2.0TB | HDD,Storage,western digital,western digital av-gp,2025,40.59,0.020295,$/GB
western digital av-gp | 250GB | HDD,Storage,western digital,western digital av-gp,2025,31.42,0.12568000000000001,$/GB
western digital av-gp | 3.0TB | HDD,Storage,western digital,western digital av-gp,2025,144.99,0.048330000000000005,$/GB
western digital av-gp | 320GB | HDD,Storage,western digital,western digital av-gp,2023,29.87,0.09334375,$/GB
western digital av-gp | 320GB | HDD,Storage,western digital,western digital av-gp,2025,16.94,0.052937500000000005,$/GB
western digital black an1500 | 2.0TB | SSD,Storage,western digital,western digital black an1500,2023,200.0,0.1,$/GB
western digital black an1500 | 2.0TB | SSD,Storage,western digital,western digital black an1500,2025,887.71,0.443855,$/GB
western digital black pcie | 256GB | SSD,Storage,western digital,western digital black pcie,2025,277.04,1.0821875,$/GB
western digital black sn750 rev2 | 2.0TB | SSD,Storage,western digital,western digital black sn750 rev2,2023,429.0,0.2145,$/GB
western digital black sn750 rev2 | 2.0TB | SSD,Storage,western digital,western digital black sn750 rev2,2025,239.5,0.11975,$/GB
western digital black sn750 rev2 | 500GB | SSD,Storage,western digital,western digital black sn750 rev2,2025,115.7,0.2314,$/GB
western digital black sn750 se | 250GB | SSD,Storage,western digital,western digital black sn750 se,2023,45.0,0.18,$/GB
western digital black sn750 se | 500GB | SSD,Storage,western digital,western digital black sn750 se,2025,61.97,0.12394,$/GB
western digital black sn750 | 1.0TB | SSD,Storage,western digital,western digital black sn750,2023,76.98,0.07698,$/GB
western digital black sn750 | 1.0TB | SSD,Storage,western digital,western digital black sn750,2025,119.0,0.119,$/GB
western digital black sn750 | 2.0TB | SSD,Storage,western digital,western digital black sn750,2025,278.74,0.13937,$/GB
western digital black sn750 | 4.0TB | SSD,Storage,western digital,western digital black sn750,2023,646.48,0.16162,$/GB
western digital black sn750 | 4.0TB | SSD,Storage,western digital,western digital black sn750,2025,459.99,0.1149975,$/GB
western digital black sn750 | 500GB | SSD,Storage,western digital,western digital black sn750,2025,115.7,0.2314,$/GB
western digital black sn770 | 1.0TB | SSD,Storage,western digital,western digital black sn770,2025,77.98,0.07798000000000001,$/GB
western digital black sn770 | 2.0TB | SSD,Storage,western digital,western digital black sn770,2023,137.46,0.06873,$/GB
western digital black sn770 | 2.0TB | SSD,Storage,western digital,western digital black sn770,2025,124.99,0.062494999999999995,$/GB
western digital black sn770 | 250GB | SSD,Storage,western digital,western digital black sn770,2023,49.99,0.19996,$/GB
western digital black sn770 | 250GB | SSD,Storage,western digital,western digital black sn770,2025,54.39,0.21756,$/GB
western digital black sn770 | 500GB | SSD,Storage,western digital,western digital black sn770,2025,56.99,0.11398,$/GB
western digital black sn850 call of duty edition | 1.0TB | SSD,Storage,western digital,western digital black sn850 call of duty edition,2025,217.0,0.217,$/GB
western digital black sn850 w heatsink | 2.0TB | SSD,Storage,western digital,western digital black sn850 w heatsink,2023,265.0,0.1325,$/GB
western digital black sn850 w heatsink | 2.0TB | SSD,Storage,western digital,western digital black sn850 w heatsink,2025,233.99,0.116995,$/GB
western digital black sn850 | 1.0TB | SSD,Storage,western digital,western digital black sn850,2025,119.99,0.11999,$/GB
western digital black sn850 | 2.0TB | SSD,Storage,western digital,western digital black sn850,2023,220.11,0.110055,$/GB
western digital black sn850 | 2.0TB | SSD,Storage,western digital,western digital black sn850,2025,222.99,0.11149500000000001,$/GB
western digital black sn850 | 500GB | SSD,Storage,western digital,western digital black sn850,2025,118.33,0.23666,$/GB
western digital black sn850x w heatsink | 2.0TB | SSD,Storage,western digital,western digital black sn850x w heatsink,2023,149.99,0.074995,$/GB
western digital black sn850x | 1.0TB | SSD,Storage,western digital,western digital black sn850x,2023,91.92,0.09192,$/GB
western digital black sn850x | 2.0TB | SSD,Storage,western digital,western digital black sn850x,2023,154.5,0.07725,$/GB
western digital black sn850x | 4.0TB | SSD,Storage,western digital,western digital black sn850x,2023,314.0,0.0785,$/GB
western digital black | 1.0TB | HDD,Storage,western digital,western digital black,2025,57.49,0.05749,$/GB
western digital black | 320GB | HDD,Storage,western digital,western digital black,2023,55.0,0.171875,$/GB
western digital black | 320GB | HDD,Storage,western digital,western digital black,2025,59.99,0.18746875000000002,$/GB
western digital black | 4.0TB | HDD,Storage,western digital,western digital black,2023,254.13,0.0635325,$/GB
western digital black | 4.0TB | HDD,Storage,western digital,western digital black,2025,150.99,0.0377475,$/GB
western digital black | 500GB | HDD,Storage,western digital,western digital black,2025,49.99,0.09998,$/GB
western digital black | 512GB | SSD,Storage,western digital,western digital black,2025,199.95,0.39052734375,$/GB
western digital black | 6.0TB | HDD,Storage,western digital,western digital black,2023,235.48,0.039246666666666666,$/GB
western digital black | 6.0TB | HDD,Storage,western digital,western digital black,2025,278.49,0.046415000000000005,$/GB
western digital black | 750GB | HDD,Storage,western digital,western digital black,2025,65.0,0.08666666666666667,$/GB
western digital black2 | 1.0TB | Unknown,Storage,western digital,western digital black2,2025,249.99,0.24999000000000002,$/GB
western digital blue mobile | 1.0TB | HDD,Storage,western digital,western digital blue mobile,2025,49.5,0.0495,$/GB
western digital blue mobile | 2.0TB | HDD,Storage,western digital,western digital blue mobile,2025,71.23,0.035615,$/GB
western digital blue mobile | 500GB | HDD,Storage,western digital,western digital blue mobile,2023,76.75,0.1535,$/GB
western digital blue mobile | 500GB | HDD,Storage,western digital,western digital blue mobile,2025,37.75,0.0755,$/GB
western digital blue sa510 | 1.0TB | SSD,Storage,western digital,western digital blue sa510,2025,67.44,0.06744,$/GB
western digital blue sa510 | 2.0TB | SSD,Storage,western digital,western digital blue sa510,2025,115.19,0.057595,$/GB
western digital blue sa510 | 250GB | SSD,Storage,western digital,western digital blue sa510,2025,29.99,0.11996,$/GB
western digital blue sa510 | 4.0TB | SSD,Storage,western digital,western digital blue sa510,2025,239.99,0.0599975,$/GB
western digital blue sa510 | 500GB | SSD,Storage,western digital,western digital blue sa510,2023,56.99,0.11398,$/GB
western digital blue sa510 | 500GB | SSD,Storage,western digital,western digital blue sa510,2025,42.99,0.08598,$/GB
western digital blue sn550 | 1.0TB | SSD,Storage,western digital,western digital blue sn550,2023,133.0,0.133,$/GB
western digital blue sn550 | 1.0TB | SSD,Storage,western digital,western digital blue sn550,2025,117.42,0.11742,$/GB
western digital blue sn550 | 2.0TB | SSD,Storage,western digital,western digital blue sn550,2025,249.99,0.12499500000000001,$/GB
western digital blue sn550 | 250GB | SSD,Storage,western digital,western digital blue sn550,2025,44.99,0.17996,$/GB
western digital blue sn550 | 500GB | SSD,Storage,western digital,western digital blue sn550,2023,92.98,0.18596000000000001,$/GB
western digital blue sn550 | 500GB | SSD,Storage,western digital,western digital blue sn550,2025,114.48,0.22896,$/GB
western digital blue sn570 | 1.0TB | SSD,Storage,western digital,western digital blue sn570,2023,69.99,0.06999,$/GB
western digital blue sn570 | 1.0TB | SSD,Storage,western digital,western digital blue sn570,2025,122.79,0.12279000000000001,$/GB
western digital blue sn570 | 2.0TB | SSD,Storage,western digital,western digital blue sn570,2025,239.99,0.119995,$/GB
western digital blue sn570 | 250GB | SSD,Storage,western digital,western digital blue sn570,2025,39.99,0.15996000000000002,$/GB
western digital blue sn570 | 500GB | SSD,Storage,western digital,western digital blue sn570,2023,43.98,0.08796,$/GB
western digital blue sn570 | 500GB | SSD,Storage,western digital,western digital blue sn570,2025,109.99,0.21997999999999998,$/GB
western digital blue sn580 | 1.0TB | SSD,Storage,western digital,western digital blue sn580,2023,71.0,0.071,$/GB
western digital blue sn580 | 1.0TB | SSD,Storage,western digital,western digital blue sn580,2025,64.99,0.06498999999999999,$/GB
western digital blue sn580 | 2.0TB | SSD,Storage,western digital,western digital blue sn580,2023,114.9,0.05745,$/GB
western digital blue sn580 | 2.0TB | SSD,Storage,western digital,western digital blue sn580,2025,114.99,0.057495,$/GB
western digital blue sn580 | 250GB | SSD,Storage,western digital,western digital blue sn580,2023,46.99,0.18796000000000002,$/GB
western digital blue sn580 | 250GB | SSD,Storage,western digital,western digital blue sn580,2025,54.99,0.21996000000000002,$/GB
western digital blue sn580 | 500GB | SSD,Storage,western digital,western digital blue sn580,2025,44.99,0.08998,$/GB
western digital blue | 1.0TB | HDD,Storage,western digital,western digital blue,2023,43.11,0.04311,$/GB
western digital blue | 1.0TB | HDD,Storage,western digital,western digital blue,2025,37.99,0.03799,$/GB
western digital blue | 1.0TB | SSD,Storage,western digital,western digital blue,2023,122.0,0.122,$/GB
western digital blue | 1.0TB | SSD,Storage,western digital,western digital blue,2025,118.0,0.118,$/GB
western digital blue | 2.0TB | HDD,Storage,western digital,western digital blue,2023,74.98,0.03749,$/GB
western digital blue | 2.0TB | HDD,Storage,western digital,western digital blue,2025,83.99,0.041995,$/GB
western digital blue | 2.0TB | SSD,Storage,western digital,western digital blue,2023,184.44,0.09222,$/GB
western digital blue | 2.0TB | SSD,Storage,western digital,western digital blue,2025,213.5,0.10675,$/GB
western digital blue | 250GB | HDD,Storage,western digital,western digital blue,2025,91.75,0.367,$/GB
western digital blue | 250GB | SSD,Storage,western digital,western digital blue,2023,71.49,0.28596,$/GB
western digital blue | 250GB | SSD,Storage,western digital,western digital blue,2025,49.0,0.196,$/GB
western digital blue | 3.0TB | HDD,Storage,western digital,western digital blue,2023,79.98,0.02666,$/GB
western digital blue | 3.0TB | HDD,Storage,western digital,western digital blue,2025,77.36,0.025786666666666666,$/GB
western digital blue | 4.0TB | HDD,Storage,western digital,western digital blue,2023,72.99,0.0182475,$/GB
western digital blue | 4.0TB | HDD,Storage,western digital,western digital blue,2025,84.99,0.0212475,$/GB
western digital blue | 4.0TB | SSD,Storage,western digital,western digital blue,2023,468.57,0.1171425,$/GB
western digital blue | 4.0TB | SSD,Storage,western digital,western digital blue,2025,309.99,0.0774975,$/GB
western digital blue | 500GB | HDD,Storage,western digital,western digital blue,2025,35.48,0.07096,$/GB
western digital blue | 500GB | SSD,Storage,western digital,western digital blue,2023,83.94,0.16788,$/GB
western digital blue | 500GB | SSD,Storage,western digital,western digital blue,2025,93.98,0.18796000000000002,$/GB
western digital blue | 6.0TB | HDD,Storage,western digital,western digital blue,2025,143.0,0.023833333333333335,$/GB
western digital blue | 750GB | HDD,Storage,western digital,western digital blue,2025,129.32,0.17242666666666664,$/GB
western digital blue | 8.0TB | HDD,Storage,western digital,western digital blue,2023,124.95,0.01561875,$/GB
western digital blue | 8.0TB | HDD,Storage,western digital,western digital blue,2025,149.99,0.01874875,$/GB
western digital caviar black | 1.0TB | HDD,Storage,western digital,western digital caviar black,2025,78.95,0.07895,$/GB
western digital caviar black | 1.5TB | HDD,Storage,western digital,western digital caviar black,2025,146.27,0.09751333333333334,$/GB
western digital caviar black | 2.0TB | HDD,Storage,western digital,western digital caviar black,2025,151.46,0.07573,$/GB
western digital caviar black | 4.0TB | HDD,Storage,western digital,western digital caviar black,2023,197.98,0.049495,$/GB
western digital caviar black | 500GB | HDD,Storage,western digital,western digital caviar black,2023,79.95,0.15990000000000001,$/GB
western digital caviar black | 500GB | HDD,Storage,western digital,western digital caviar black,2025,155.54,0.31107999999999997,$/GB
western digital caviar blue | 1.0TB | HDD,Storage,western digital,western digital caviar blue,2023,69.46,0.06946,$/GB
western digital caviar blue | 1.0TB | HDD,Storage,western digital,western digital caviar blue,2025,98.72,0.09872,$/GB
western digital caviar blue | 250GB | HDD,Storage,western digital,western digital caviar blue,2025,55.3,0.22119999999999998,$/GB
western digital caviar blue | 320GB | HDD,Storage,western digital,western digital caviar blue,2023,95.45,0.29828125,$/GB
western digital caviar blue | 320GB | HDD,Storage,western digital,western digital caviar blue,2025,67.47,0.21084375,$/GB
western digital caviar blue | 500GB | HDD,Storage,western digital,western digital caviar blue,2023,72.31,0.14462,$/GB
western digital caviar blue | 500GB | HDD,Storage,western digital,western digital caviar blue,2025,29.99,0.05998,$/GB
western digital caviar blue | 640GB | HDD,Storage,western digital,western digital caviar blue,2025,58.99,0.092171875,$/GB
western digital caviar blue | 750GB | HDD,Storage,western digital,western digital caviar blue,2023,79.0,0.10533333333333333,$/GB
western digital caviar blue | 750GB | HDD,Storage,western digital,western digital caviar blue,2025,79.0,0.10533333333333333,$/GB
western digital caviar green | 1.0TB | HDD,Storage,western digital,western digital caviar green,2023,52.99,0.05299,$/GB
western digital caviar green | 1.0TB | HDD,Storage,western digital,western digital caviar green,2025,80.5,0.0805,$/GB
western digital caviar green | 1.5TB | HDD,Storage,western digital,western digital caviar green,2025,179.95,0.11996666666666667,$/GB
western digital caviar green | 2.0TB | HDD,Storage,western digital,western digital caviar green,2025,90.98,0.04549,$/GB
western digital caviar green | 3.0TB | HDD,Storage,western digital,western digital caviar green,2023,229.0,0.07633333333333334,$/GB
western digital caviar green | 3.0TB | HDD,Storage,western digital,western digital caviar green,2025,189.47,0.06315666666666667,$/GB
western digital caviar green | 500GB | HDD,Storage,western digital,western digital caviar green,2025,96.97,0.19394,$/GB
western digital caviar green | 750GB | HDD,Storage,western digital,western digital caviar green,2023,138.63,0.18484,$/GB
western digital caviar green | 750GB | HDD,Storage,western digital,western digital caviar green,2025,124.44,0.16591999999999998,$/GB
western digital caviar se16 | 320GB | HDD,Storage,western digital,western digital caviar se16,2023,79.98,0.2499375,$/GB
western digital dc hc530 | 14.0TB | HDD,Storage,western digital,western digital dc hc530,2025,219.99,0.01571357142857143,$/GB
western digital gold | 1.0TB | HDD,Storage,western digital,western digital gold,2025,91.79,0.09179000000000001,$/GB
western digital gold | 10.0TB | HDD,Storage,western digital,western digital gold,2023,246.99,0.024699000000000002,$/GB
western digital gold | 10.0TB | HDD,Storage,western digital,western digital gold,2025,312.85,0.031285,$/GB
western digital gold | 12.0TB | HDD,Storage,western digital,western digital gold,2025,279.99,0.0233325,$/GB
western digital gold | 14.0TB | HDD,Storage,western digital,western digital gold,2023,319.99,0.022856428571428573,$/GB
western digital gold | 14.0TB | HDD,Storage,western digital,western digital gold,2025,299.99,0.021427857142857144,$/GB
western digital gold | 16.0TB | HDD,Storage,western digital,western digital gold,2023,349.99,0.021874375,$/GB
western digital gold | 16.0TB | HDD,Storage,western digital,western digital gold,2025,349.99,0.021874375,$/GB
western digital gold | 18.0TB | HDD,Storage,western digital,western digital gold,2023,379.99,0.021110555555555556,$/GB
western digital gold | 18.0TB | HDD,Storage,western digital,western digital gold,2025,319.99,0.017777222222222222,$/GB
western digital gold | 2.0TB | HDD,Storage,western digital,western digital gold,2025,97.69,0.048845,$/GB
western digital gold | 20.0TB | HDD,Storage,western digital,western digital gold,2023,419.99,0.0209995,$/GB
western digital gold | 20.0TB | HDD,Storage,western digital,western digital gold,2025,489.99,0.0244995,$/GB
western digital gold | 22.0TB | HDD,Storage,western digital,western digital gold,2023,459.99,0.020908636363636365,$/GB
western digital gold | 22.0TB | HDD,Storage,western digital,western digital gold,2025,449.99,0.020454090909090908,$/GB
western digital gold | 24.0TB | HDD,Storage,western digital,western digital gold,2023,599.99,0.024999583333333332,$/GB
western digital gold | 24.0TB | HDD,Storage,western digital,western digital gold,2025,499.99,0.020832916666666666,$/GB
western digital gold | 4.0TB | HDD,Storage,western digital,western digital gold,2023,180.0,0.045,$/GB
western digital gold | 4.0TB | HDD,Storage,western digital,western digital gold,2025,202.72,0.05068,$/GB
western digital gold | 6.0TB | HDD,Storage,western digital,western digital gold,2025,282.7,0.04711666666666667,$/GB
western digital gold | 8.0TB | HDD,Storage,western digital,western digital gold,2023,234.45,0.02930625,$/GB
western digital gold | 8.0TB | HDD,Storage,western digital,western digital gold,2025,297.5,0.0371875,$/GB
western digital green sn350 | 1.0TB | SSD,Storage,western digital,western digital green sn350,2023,67.79,0.06779,$/GB
western digital green sn350 | 1.0TB | SSD,Storage,western digital,western digital green sn350,2025,55.56,0.055560000000000005,$/GB
western digital green sn350 | 2.0TB | SSD,Storage,western digital,western digital green sn350,2025,104.49,0.052245,$/GB
western digital green sn350 | 240GB | SSD,Storage,western digital,western digital green sn350,2025,144.53,0.6022083333333333,$/GB
western digital green sn350 | 480GB | SSD,Storage,western digital,western digital green sn350,2023,39.99,0.0833125,$/GB
western digital green sn350 | 480GB | SSD,Storage,western digital,western digital green sn350,2025,175.53,0.3656875,$/GB
western digital green sn350 | 960GB | SSD,Storage,western digital,western digital green sn350,2023,59.99,0.062489583333333334,$/GB
western digital green | 1.0TB | HDD,Storage,western digital,western digital green,2023,81.0,0.081,$/GB
western digital green | 1.0TB | HDD,Storage,western digital,western digital green,2025,80.0,0.08,$/GB
western digital green | 1.0TB | SSD,Storage,western digital,western digital green,2025,76.29,0.07629000000000001,$/GB
western digital green | 120GB | SSD,Storage,western digital,western digital green,2023,47.0,0.39166666666666666,$/GB
western digital green | 120GB | SSD,Storage,western digital,western digital green,2025,46.0,0.38333333333333336,$/GB
western digital green | 2.0TB | HDD,Storage,western digital,western digital green,2025,115.24,0.05762,$/GB
western digital green | 2.0TB | SSD,Storage,western digital,western digital green,2025,99.99,0.049995,$/GB
western digital green | 240GB | SSD,Storage,western digital,western digital green,2025,50.5,0.21041666666666667,$/GB
western digital green | 480GB | SSD,Storage,western digital,western digital green,2025,78.5,0.16354166666666667,$/GB
western digital green | 6.0TB | HDD,Storage,western digital,western digital green,2025,238.64,0.039773333333333334,$/GB
western digital pc sn730 | 256GB | SSD,Storage,western digital,western digital pc sn730,2025,47.5,0.185546875,$/GB
western digital pc sn730 | 512GB | SSD,Storage,western digital,western digital pc sn730,2023,39.0,0.076171875,$/GB
western digital pc sn730 | 512GB | SSD,Storage,western digital,western digital pc sn730,2025,94.9,0.1853515625,$/GB
western digital purple nv | 6.0TB | HDD,Storage,western digital,western digital purple nv,2025,155.0,0.025833333333333333,$/GB
western digital purple pro | 10.0TB | HDD,Storage,western digital,western digital purple pro,2025,253.94,0.025394,$/GB
western digital purple pro | 12.0TB | HDD,Storage,western digital,western digital purple pro,2023,259.99,0.021665833333333336,$/GB
western digital purple pro | 12.0TB | HDD,Storage,western digital,western digital purple pro,2025,294.0,0.0245,$/GB
western digital purple pro | 14.0TB | HDD,Storage,western digital,western digital purple pro,2023,304.76,0.02176857142857143,$/GB
western digital purple pro | 14.0TB | HDD,Storage,western digital,western digital purple pro,2025,324.95,0.023210714285714286,$/GB
western digital purple pro | 18.0TB | HDD,Storage,western digital,western digital purple pro,2025,377.99,0.020999444444444446,$/GB
western digital purple pro | 22.0TB | HDD,Storage,western digital,western digital purple pro,2025,449.99,0.020454090909090908,$/GB
western digital purple pro | 24.0TB | HDD,Storage,western digital,western digital purple pro,2025,499.99,0.020832916666666666,$/GB
western digital purple pro | 8.0TB | HDD,Storage,western digital,western digital purple pro,2025,239.98,0.0299975,$/GB
western digital purple surveillance | 3.0TB | HDD,Storage,western digital,western digital purple surveillance,2025,89.99,0.029996666666666665,$/GB
western digital purple surveillance | 6.0TB | HDD,Storage,western digital,western digital purple surveillance,2025,127.83,0.021305,$/GB
western digital purple | 1.0TB | HDD,Storage,western digital,western digital purple,2025,59.68,0.05968,$/GB
western digital purple | 10.0TB | HDD,Storage,western digital,western digital purple,2023,258.02,0.025802,$/GB
western digital purple | 10.0TB | HDD,Storage,western digital,western digital purple,2025,259.0,0.0259,$/GB
western digital purple | 12.0TB | HDD,Storage,western digital,western digital purple,2025,299.0,0.024916666666666667,$/GB
western digital purple | 14.0TB | HDD,Storage,western digital,western digital purple,2025,336.0,0.024,$/GB
western digital purple | 18.0TB | HDD,Storage,western digital,western digital purple,2023,408.0,0.02266666666666667,$/GB
western digital purple | 18.0TB | HDD,Storage,western digital,western digital purple,2025,494.45,0.027469444444444442,$/GB
western digital purple | 2.0TB | HDD,Storage,western digital,western digital purple,2023,72.28,0.03614,$/GB
western digital purple | 2.0TB | HDD,Storage,western digital,western digital purple,2025,75.97,0.037985,$/GB
western digital purple | 3.0TB | HDD,Storage,western digital,western digital purple,2023,90.0,0.03,$/GB
western digital purple | 3.0TB | HDD,Storage,western digital,western digital purple,2025,93.0,0.031,$/GB
western digital purple | 4.0TB | HDD,Storage,western digital,western digital purple,2023,112.0,0.028,$/GB
western digital purple | 4.0TB | HDD,Storage,western digital,western digital purple,2025,95.99,0.023997499999999998,$/GB
western digital purple | 500GB | HDD,Storage,western digital,western digital purple,2025,55.0,0.11,$/GB
western digital purple | 6.0TB | HDD,Storage,western digital,western digital purple,2023,159.0,0.0265,$/GB
western digital purple | 6.0TB | HDD,Storage,western digital,western digital purple,2025,140.0,0.023333333333333334,$/GB
western digital purple | 8.0TB | HDD,Storage,western digital,western digital purple,2023,234.42,0.0293025,$/GB
western digital purple | 8.0TB | HDD,Storage,western digital,western digital purple,2025,223.89,0.027986249999999997,$/GB
western digital re | 1.0TB | HDD,Storage,western digital,western digital re,2023,65.19,0.06519,$/GB
western digital re | 1.0TB | HDD,Storage,western digital,western digital re,2025,57.49,0.05749,$/GB
western digital re | 2.0TB | HDD,Storage,western digital,western digital re,2025,71.37,0.035685,$/GB
western digital re | 250GB | HDD,Storage,western digital,western digital re,2025,40.0,0.16,$/GB
western digital re | 3.0TB | HDD,Storage,western digital,western digital re,2025,104.99,0.03499666666666666,$/GB
western digital re | 5.0TB | HDD,Storage,western digital,western digital re,2025,145.0,0.029,$/GB
western digital re | 500GB | HDD,Storage,western digital,western digital re,2023,62.99,0.12598,$/GB
western digital re | 500GB | HDD,Storage,western digital,western digital re,2025,39.0,0.078,$/GB
western digital re | 6.0TB | HDD,Storage,western digital,western digital re,2023,254.45,0.04240833333333333,$/GB
western digital re | 6.0TB | HDD,Storage,western digital,western digital re,2025,280.66,0.04677666666666667,$/GB
western digital re2 | 750GB | HDD,Storage,western digital,western digital re2,2023,98.95,0.13193333333333335,$/GB
western digital re2 | 750GB | HDD,Storage,western digital,western digital re2,2025,97.95,0.1306,$/GB
western digital re2-gp | 1.0TB | HDD,Storage,western digital,western digital re2-gp,2023,58.28,0.05828,$/GB
western digital re2-gp | 1.0TB | HDD,Storage,western digital,western digital re2-gp,2025,55.37,0.055369999999999996,$/GB
western digital re2-gp | 750GB | HDD,Storage,western digital,western digital re2-gp,2025,149.94,0.19992,$/GB
western digital re3 | 250GB | HDD,Storage,western digital,western digital re3,2023,24.99,0.09996,$/GB
western digital re3 | 250GB | HDD,Storage,western digital,western digital re3,2025,24.99,0.09996,$/GB
western digital re3 | 500GB | HDD,Storage,western digital,western digital re3,2023,53.23,0.10646,$/GB
western digital re3 | 500GB | HDD,Storage,western digital,western digital re3,2025,50.7,0.1014,$/GB
western digital re4 | 1.0TB | HDD,Storage,western digital,western digital re4,2025,65.0,0.065,$/GB
western digital re4 | 500GB | HDD,Storage,western digital,western digital re4,2023,30.0,0.06,$/GB
western digital re4 | 500GB | HDD,Storage,western digital,western digital re4,2025,34.39,0.06878000000000001,$/GB
western digital re4-gp | 2.0TB | HDD,Storage,western digital,western digital re4-gp,2023,226.43,0.11321500000000001,$/GB
western digital red plus | 10.0TB | HDD,Storage,western digital,western digital red plus,2025,179.99,0.017999,$/GB
western digital red plus | 12.0TB | HDD,Storage,western digital,western digital red plus,2023,239.99,0.01999916666666667,$/GB
western digital red plus | 12.0TB | HDD,Storage,western digital,western digital red plus,2025,269.99,0.022499166666666667,$/GB
western digital red plus | 14.0TB | HDD,Storage,western digital,western digital red plus,2025,459.99,0.03285642857142857,$/GB
western digital red plus | 2.0TB | HDD,Storage,western digital,western digital red plus,2023,72.99,0.036495,$/GB
western digital red plus | 2.0TB | HDD,Storage,western digital,western digital red plus,2025,92.99,0.046494999999999995,$/GB
western digital red plus | 3.0TB | HDD,Storage,western digital,western digital red plus,2025,112.49,0.037496666666666664,$/GB
western digital red plus | 4.0TB | HDD,Storage,western digital,western digital red plus,2023,147.98,0.036995,$/GB
western digital red plus | 4.0TB | HDD,Storage,western digital,western digital red plus,2025,117.5,0.029375,$/GB
western digital red plus | 6.0TB | HDD,Storage,western digital,western digital red plus,2023,127.61,0.021268333333333334,$/GB
western digital red plus | 6.0TB | HDD,Storage,western digital,western digital red plus,2025,167.0,0.027833333333333335,$/GB
western digital red plus | 8.0TB | HDD,Storage,western digital,western digital red plus,2023,219.99,0.027498750000000002,$/GB
western digital red plus | 8.0TB | HDD,Storage,western digital,western digital red plus,2025,260.0,0.0325,$/GB
western digital red pro | 10.0TB | HDD,Storage,western digital,western digital red pro,2023,466.79,0.046679000000000005,$/GB
western digital red pro | 14.0TB | HDD,Storage,western digital,western digital red pro,2023,299.99,0.021427857142857144,$/GB
western digital red pro | 16.0TB | HDD,Storage,western digital,western digital red pro,2023,303.99,0.018999375,$/GB
western digital red pro | 2.0TB | HDD,Storage,western digital,western digital red pro,2023,219.45,0.10972499999999999,$/GB
western digital red pro | 22.0TB | HDD,Storage,western digital,western digital red pro,2023,418.99,0.019045,$/GB
western digital red pro | 3.0TB | HDD,Storage,western digital,western digital red pro,2023,216.98,0.07232666666666666,$/GB
western digital red pro | 4.0TB | HDD,Storage,western digital,western digital red pro,2023,192.22,0.048055,$/GB
western digital red pro | 6.0TB | HDD,Storage,western digital,western digital red pro,2023,234.86,0.039143333333333336,$/GB
western digital red sa500 | 1.0TB | SSD,Storage,western digital,western digital red sa500,2023,89.99,0.08999,$/GB
western digital red sa500 | 1.0TB | SSD,Storage,western digital,western digital red sa500,2025,103.51,0.10351,$/GB
western digital red sa500 | 2.0TB | SSD,Storage,western digital,western digital red sa500,2025,200.68,0.10034,$/GB
western digital red sa500 | 4.0TB | SSD,Storage,western digital,western digital red sa500,2025,314.99,0.0787475,$/GB
western digital red sa500 | 500GB | SSD,Storage,western digital,western digital red sa500,2023,69.98,0.13996,$/GB
western digital red sa500 | 500GB | SSD,Storage,western digital,western digital red sa500,2025,72.98,0.14596,$/GB
western digital red sn700 | 1.0TB | SSD,Storage,western digital,western digital red sn700,2025,100.0,0.1,$/GB
western digital red sn700 | 2.0TB | SSD,Storage,western digital,western digital red sn700,2023,311.0,0.1555,$/GB
western digital red sn700 | 2.0TB | SSD,Storage,western digital,western digital red sn700,2025,169.99,0.084995,$/GB
western digital red sn700 | 250GB | SSD,Storage,western digital,western digital red sn700,2025,52.99,0.21196,$/GB
western digital red sn700 | 4.0TB | SSD,Storage,western digital,western digital red sn700,2023,329.99,0.0824975,$/GB
western digital red sn700 | 4.0TB | SSD,Storage,western digital,western digital red sn700,2025,369.99,0.0924975,$/GB
western digital red sn700 | 500GB | SSD,Storage,western digital,western digital red sn700,2025,64.59,0.12918000000000002,$/GB
western digital red | 1.0TB | HDD,Storage,western digital,western digital red,2023,157.5,0.1575,$/GB
western digital red | 1.0TB | HDD,Storage,western digital,western digital red,2025,124.79,0.12479000000000001,$/GB
western digital red | 10.0TB | HDD,Storage,western digital,western digital red,2025,304.43,0.030443,$/GB
western digital red | 12.0TB | HDD,Storage,western digital,western digital red,2025,299.0,0.024916666666666667,$/GB
western digital red | 14.0TB | HDD,Storage,western digital,western digital red,2025,469.99,0.03357071428571429,$/GB
western digital red | 2.0TB | HDD,Storage,western digital,western digital red,2023,123.0,0.0615,$/GB
western digital red | 2.0TB | HDD,Storage,western digital,western digital red,2025,123.0,0.0615,$/GB
western digital red | 3.0TB | HDD,Storage,western digital,western digital red,2025,124.5,0.0415,$/GB
western digital red | 4.0TB | HDD,Storage,western digital,western digital red,2023,89.99,0.0224975,$/GB
western digital red | 4.0TB | HDD,Storage,western digital,western digital red,2025,141.94,0.035485,$/GB
western digital red | 5.0TB | HDD,Storage,western digital,western digital red,2023,185.0,0.037,$/GB
western digital red | 6.0TB | HDD,Storage,western digital,western digital red,2025,179.0,0.029833333333333333,$/GB
western digital red | 8.0TB | HDD,Storage,western digital,western digital red,2023,238.38,0.0297975,$/GB
western digital red | 8.0TB | HDD,Storage,western digital,western digital red,2025,262.75,0.03284375,$/GB
western digital scorpio black | 160GB | HDD,Storage,western digital,western digital scorpio black,2025,39.95,0.2496875,$/GB
western digital scorpio black | 250GB | HDD,Storage,western digital,western digital scorpio black,2023,55.0,0.22,$/GB
western digital scorpio black | 250GB | HDD,Storage,western digital,western digital scorpio black,2025,53.45,0.21380000000000002,$/GB
western digital scorpio black | 320GB | HDD,Storage,western digital,western digital scorpio black,2025,40.75,0.12734375,$/GB
western digital scorpio black | 500GB | HDD,Storage,western digital,western digital scorpio black,2023,80.0,0.16,$/GB
western digital scorpio black | 500GB | HDD,Storage,western digital,western digital scorpio black,2025,80.0,0.16,$/GB
western digital scorpio blue | 160GB | HDD,Storage,western digital,western digital scorpio blue,2025,52.64,0.329,$/GB
western digital scorpio blue | 250GB | HDD,Storage,western digital,western digital scorpio blue,2023,31.48,0.12592,$/GB
western digital scorpio blue | 250GB | HDD,Storage,western digital,western digital scorpio blue,2025,78.95,0.3158,$/GB
western digital scorpio blue | 320GB | HDD,Storage,western digital,western digital scorpio blue,2023,29.95,0.09359375,$/GB
western digital scorpio blue | 640GB | HDD,Storage,western digital,western digital scorpio blue,2025,152.03,0.237546875,$/GB
western digital scorpio blue | 750GB | HDD,Storage,western digital,western digital scorpio blue,2023,55.0,0.07333333333333333,$/GB
western digital scorpio blue | 750GB | HDD,Storage,western digital,western digital scorpio blue,2025,54.0,0.072,$/GB
western digital scorpio blue | 80GB | HDD,Storage,western digital,western digital scorpio blue,2023,89.0,1.1125,$/GB
western digital scorpio blue | 80GB | HDD,Storage,western digital,western digital scorpio blue,2025,57.9,0.72375,$/GB
western digital se | 1.0TB | HDD,Storage,western digital,western digital se,2023,104.0,0.104,$/GB
western digital se | 1.0TB | HDD,Storage,western digital,western digital se,2025,103.0,0.103,$/GB
western digital se | 2.0TB | HDD,Storage,western digital,western digital se,2025,42.48,0.02124,$/GB
western digital se | 3.0TB | HDD,Storage,western digital,western digital se,2025,135.0,0.045,$/GB
western digital se | 4.0TB | HDD,Storage,western digital,western digital se,2023,176.79,0.0441975,$/GB
western digital se | 4.0TB | HDD,Storage,western digital,western digital se,2025,149.0,0.03725,$/GB
western digital sn520 | 512GB | SSD,Storage,western digital,western digital sn520,2023,189.88,0.370859375,$/GB
western digital sn530 | 1.0TB | SSD,Storage,western digital,western digital sn530,2023,323.03,0.315458984375,$/GB
western digital sn530 | 256GB | SSD,Storage,western digital,western digital sn530,2023,32.0,0.125,$/GB
western digital sn530 | 256GB | SSD,Storage,western digital,western digital sn530,2025,38.88,0.151875,$/GB
western digital sn530 | 512GB | SSD,Storage,western digital,western digital sn530,2023,59.64,0.116484375,$/GB
western digital sn530 | 512GB | SSD,Storage,western digital,western digital sn530,2025,59.48,0.116171875,$/GB
western digital ultrastar dc hc330 | 10.0TB | HDD,Storage,western digital,western digital ultrastar dc hc330,2025,269.99,0.026999000000000002,$/GB
western digital ultrastar dc hc520 | 12.0TB | HDD,Storage,western digital,western digital ultrastar dc hc520,2023,274.85,0.02290416666666667,$/GB
western digital ultrastar dc hc520 | 12.0TB | HDD,Storage,western digital,western digital ultrastar dc hc520,2025,195.0,0.01625,$/GB
western digital ultrastar dc hc550 | 14.0TB | HDD,Storage,western digital,western digital ultrastar dc hc550,2025,385.65,0.02754642857142857,$/GB
western digital ultrastar dc hc550 | 16.0TB | HDD,Storage,western digital,western digital ultrastar dc hc550,2023,219.99,0.013749375000000001,$/GB
western digital ultrastar dc hc550 | 16.0TB | HDD,Storage,western digital,western digital ultrastar dc hc550,2025,343.24,0.0214525,$/GB
western digital ultrastar dc hc550 | 18.0TB | HDD,Storage,western digital,western digital ultrastar dc hc550,2025,482.44,0.026802222222222224,$/GB
western digital ultrastar dc hc560 | 22.0TB | HDD,Storage,western digital,western digital ultrastar dc hc560,2025,479.65,0.021802272727272726,$/GB
western digital ultrastar | 240GB | SSD,Storage,western digital,western digital ultrastar,2025,92.0,0.38333333333333336,$/GB
western digital ultrastar | 8.0TB | HDD,Storage,western digital,western digital ultrastar,2025,239.99,0.02999875,$/GB
western digital velociraptor | 1.0TB | HDD,Storage,western digital,western digital velociraptor,2023,197.26,0.19726,$/GB
western digital velociraptor | 1.0TB | HDD,Storage,western digital,western digital velociraptor,2025,48.97,0.04897,$/GB
western digital velociraptor | 150GB | HDD,Storage,western digital,western digital velociraptor,2023,204.62,1.3641333333333334,$/GB
western digital velociraptor | 150GB | HDD,Storage,western digital,western digital velociraptor,2025,197.0,1.3133333333333332,$/GB
western digital velociraptor | 300GB | HDD,Storage,western digital,western digital velociraptor,2023,149.94,0.49979999999999997,$/GB
western digital velociraptor | 300GB | HDD,Storage,western digital,western digital velociraptor,2025,169.44,0.5648,$/GB
western digital velociraptor | 500GB | HDD,Storage,western digital,western digital velociraptor,2025,78.56,0.15712,$/GB
western digital velociraptor | 600GB | HDD,Storage,western digital,western digital velociraptor,2025,148.44,0.2474,$/GB
western digital wd blue sn5000 | 1.0TB | SSD,Storage,western digital,western digital wd blue sn5000,2025,59.79,0.059789999999999996,$/GB
western digital wd blue sn5000 | 2.0TB | SSD,Storage,western digital,western digital wd blue sn5000,2025,113.99,0.056995,$/GB
western digital wd blue sn5000 | 4.0TB | SSD,Storage,western digital,western digital wd blue sn5000,2025,230.39,0.057597499999999996,$/GB
western digital wd blue sn5000 | 500GB | SSD,Storage,western digital,western digital wd blue sn5000,2025,44.75,0.0895,$/GB
western digital wd blue | 1.0TB | HDD,Storage,western digital,western digital wd blue,2025,44.99,0.04499,$/GB
western digital wd blue | 2.0TB | HDD,Storage,western digital,western digital wd blue,2025,59.99,0.029995,$/GB
western digital wd blue | 2.0TB | SSD,Storage,western digital,western digital wd blue,2025,236.98,0.11849,$/GB
western digital wd blue | 250GB | SSD,Storage,western digital,western digital wd blue,2025,109.0,0.436,$/GB
western digital wd blue | 4.0TB | HDD,Storage,western digital,western digital wd blue,2025,80.73,0.020182500000000003,$/GB
western digital wd blue | 500GB | SSD,Storage,western digital,western digital wd blue,2025,59.99,0.11998,$/GB
western digital wd blue | 6.0TB | HDD,Storage,western digital,western digital wd blue,2025,104.99,0.01749833333333333,$/GB
western digital wd blue | 8.0TB | HDD,Storage,western digital,western digital wd blue,2025,131.51,0.01643875,$/GB
western digital wd green sn3000 | 1.0TB | SSD,Storage,western digital,western digital wd green sn3000,2025,67.99,0.06799,$/GB
western digital wd green sn3000 | 2.0TB | SSD,Storage,western digital,western digital wd green sn3000,2025,119.99,0.059995,$/GB
western digital wd green sn3000 | 500GB | SSD,Storage,western digital,western digital wd green sn3000,2025,44.99,0.08998,$/GB
western digital wd green | 120GB | SSD,Storage,western digital,western digital wd green,2023,47.0,0.39166666666666666,$/GB
western digital wd green | 120GB | SSD,Storage,western digital,western digital wd green,2025,47.0,0.39166666666666666,$/GB
western digital wd green | 240GB | SSD,Storage,western digital,western digital wd green,2023,29.99,0.12495833333333332,$/GB
western digital wd green | 240GB | SSD,Storage,western digital,western digital wd green,2025,27.99,0.11662499999999999,$/GB
western digital wd green | 480GB | SSD,Storage,western digital,western digital wd green,2023,49.97,0.10410416666666666,$/GB
western digital wd green | 480GB | SSD,Storage,western digital,western digital wd green,2025,42.98,0.08954166666666666,$/GB
western digital wd red pro | 10.0TB | HDD,Storage,western digital,western digital wd red pro,2025,310.0,0.031,$/GB
western digital wd red pro | 12.0TB | HDD,Storage,western digital,western digital wd red pro,2025,269.36,0.022446666666666667,$/GB
western digital wd red pro | 14.0TB | HDD,Storage,western digital,western digital wd red pro,2025,312.49,0.022320714285714287,$/GB
western digital wd red pro | 16.0TB | HDD,Storage,western digital,western digital wd red pro,2025,313.41,0.019588125,$/GB
western digital wd red pro | 18.0TB | HDD,Storage,western digital,western digital wd red pro,2025,319.99,0.017777222222222222,$/GB
western digital wd red pro | 2.0TB | HDD,Storage,western digital,western digital wd red pro,2025,113.5,0.05675,$/GB
western digital wd red pro | 20.0TB | HDD,Storage,western digital,western digital wd red pro,2025,419.89,0.0209945,$/GB
western digital wd red pro | 22.0TB | HDD,Storage,western digital,western digital wd red pro,2025,449.0,0.020409090909090908,$/GB
western digital wd red pro | 24.0TB | HDD,Storage,western digital,western digital wd red pro,2025,474.99,0.01979125,$/GB
western digital wd red pro | 26.0TB | HDD,Storage,western digital,western digital wd red pro,2025,479.99,0.018461153846153846,$/GB
western digital wd red pro | 4.0TB | HDD,Storage,western digital,western digital wd red pro,2025,177.99,0.0444975,$/GB
western digital wd red pro | 6.0TB | HDD,Storage,western digital,western digital wd red pro,2025,238.99,0.03983166666666667,$/GB
western digital wd red pro | 8.0TB | HDD,Storage,western digital,western digital wd red pro,2025,227.22,0.0284025,$/GB
western digital wd_black sn7100 | 1.0TB | SSD,Storage,western digital,western digital wd_black sn7100,2025,73.0,0.073,$/GB
western digital wd_black sn7100 | 2.0TB | SSD,Storage,western digital,western digital wd_black sn7100,2025,129.99,0.06499500000000001,$/GB
western digital wd_black sn7100 | 4.0TB | SSD,Storage,western digital,western digital wd_black sn7100,2025,239.99,0.0599975,$/GB
western digital wd_black sn7100 | 500GB | SSD,Storage,western digital,western digital wd_black sn7100,2025,49.99,0.09998,$/GB
western digital wd_black sn770m | 1.0TB | SSD,Storage,western digital,western digital wd_black sn770m,2025,89.52,0.08952,$/GB
western digital wd_black sn770m | 2.0TB | SSD,Storage,western digital,western digital wd_black sn770m,2025,169.99,0.084995,$/GB
western digital wd_black sn770m | 500GB | SSD,Storage,western digital,western digital wd_black sn770m,2025,79.98,0.15996000000000002,$/GB
western digital wd_black sn8100 | 1.0TB | SSD,Storage,western digital,western digital wd_black sn8100,2025,169.99,0.16999,$/GB
western digital wd_black sn8100 | 2.0TB | SSD,Storage,western digital,western digital wd_black sn8100,2025,224.99,0.112495,$/GB
western digital wd_black sn8100 | 4.0TB | SSD,Storage,western digital,western digital wd_black sn8100,2025,464.99,0.1162475,$/GB
western digital wd_black sn850p for ps5 | 1.0TB | SSD,Storage,western digital,western digital wd_black sn850p for ps5,2025,104.27,0.10427,$/GB
western digital wd_black sn850p for ps5 | 2.0TB | SSD,Storage,western digital,western digital wd_black sn850p for ps5,2025,199.99,0.099995,$/GB
western digital wd_black sn850p for ps5 | 4.0TB | SSD,Storage,western digital,western digital wd_black sn850p for ps5,2023,347.99,0.0869975,$/GB
western digital wd_black sn850p for ps5 | 4.0TB | SSD,Storage,western digital,western digital wd_black sn850p for ps5,2025,349.99,0.0874975,$/GB
western digital wd_black sn850x w heatsink | 1.0TB | SSD,Storage,western digital,western digital wd_black sn850x w heatsink,2025,103.0,0.103,$/GB
western digital wd_black sn850x w heatsink | 2.0TB | SSD,Storage,western digital,western digital wd_black sn850x w heatsink,2025,174.99,0.087495,$/GB
western digital wd_black sn850x w heatsink | 4.0TB | SSD,Storage,western digital,western digital wd_black sn850x w heatsink,2025,309.99,0.0774975,$/GB
western digital wd_black sn850x w heatsink | 8.0TB | SSD,Storage,western digital,western digital wd_black sn850x w heatsink,2025,639.99,0.07999875000000001,$/GB
western digital wd_black sn850x | 1.0TB | SSD,Storage,western digital,western digital wd_black sn850x,2025,91.69,0.09169,$/GB
western digital wd_black sn850x | 2.0TB | SSD,Storage,western digital,western digital wd_black sn850x,2025,154.54,0.07726999999999999,$/GB
western digital wd_black sn850x | 4.0TB | SSD,Storage,western digital,western digital wd_black sn850x,2025,268.35,0.06708750000000001,$/GB
western digital wd_black sn850x | 8.0TB | SSD,Storage,western digital,western digital wd_black sn850x,2025,599.5,0.0749375,$/GB
western digital wd_black | 10.0TB | HDD,Storage,western digital,western digital wd_black,2025,282.78,0.028277999999999998,$/GB
western digital wd_black | 2.0TB | HDD,Storage,western digital,western digital wd_black,2023,99.99,0.049995,$/GB
western digital wd_black | 2.0TB | HDD,Storage,western digital,western digital wd_black,2025,78.01,0.039005000000000005,$/GB
western digital wd_black | 4.0TB | HDD,Storage,western digital,western digital wd_black,2023,139.99,0.0349975,$/GB
western digital wd_black | 4.0TB | HDD,Storage,western digital,western digital wd_black,2025,154.94,0.038735,$/GB
western digital wd_black | 500GB | HDD,Storage,western digital,western digital wd_black,2025,46.99,0.09398000000000001,$/GB
western digital wd_black | 6.0TB | HDD,Storage,western digital,western digital wd_black,2025,149.99,0.024998333333333334,$/GB
western digital wd_black | 8.0TB | HDD,Storage,western digital,western digital wd_black,2025,271.66,0.0339575,$/GB
western digital wdbh2d5000enc-nrsn | 500GB | HDD,Storage,western digital,western digital wdbh2d5000enc-nrsn,2025,35.0,0.07,$/GB
western digital wdbmma0010hnc-nrsn | 1.0TB | HDD,Storage,western digital,western digital wdbmma0010hnc-nrsn,2025,49.0,0.049,$/GB
western digital wdbmma0020hnc-nrsn | 2.0TB | HDD,Storage,western digital,western digital wdbmma0020hnc-nrsn,2023,59.0,0.0295,$/GB
western digital wdbmma0030hnc-nrsn | 3.0TB | HDD,Storage,western digital,western digital wdbmma0030hnc-nrsn,2025,69.98,0.02332666666666667,$/GB
western digital wdbmyh0010bnc-nrsn | 1.0TB | HDD,Storage,western digital,western digital wdbmyh0010bnc-nrsn,2025,49.49,0.04949,$/GB
western digital wdbsla0010hnc-nrsn | 1.0TB | HDD,Storage,western digital,western digital wdbsla0010hnc-nrsn,2023,63.99,0.06399,$/GB
western digital wdbsla0010hnc-nrsn | 1.0TB | HDD,Storage,western digital,western digital wdbsla0010hnc-nrsn,2025,39.99,0.039990000000000005,$/GB
western digital wdbsla0020hnc-nrsn | 2.0TB | HDD,Storage,western digital,western digital wdbsla0020hnc-nrsn,2025,65.83,0.032915,$/GB
western digital wdbsla0040hnc-nrsn | 4.0TB | HDD,Storage,western digital,western digital wdbsla0040hnc-nrsn,2025,119.0,0.02975,$/GB
western digital wds100t1xhe w heatsink | 1.0TB | SSD,Storage,western digital,western digital wds100t1xhe w heatsink,2025,139.5,0.1395,$/GB
xoc g300 | 512GB | SSD,Storage,xoc,xoc g300,2025,37.79,0.07380859375,$/GB
xoc nitro | 1.0TB | SSD,Storage,xoc,xoc nitro,2025,56.97,0.05697,$/GB
xoc nitro | 512GB | SSD,Storage,xoc,xoc nitro,2025,27.33,0.05337890625,$/GB
xoc sp900 | 1.0TB | SSD,Storage,xoc,xoc sp900,2025,71.0,0.071,$/GB
